date,train_number,train_name,station_code,delay_minutes,month,day_of_week,is_weekend,is_monsoon,is_fog_season,is_festival_season,stop_sequence,total_stops
2026-03-12,12951,Mumbai Rajdhani,MMCT,4.5,3,3,False,False,False,True,1,5
2026-03-12,12951,Mumbai Rajdhani,BRC,13.7,3,3,False,False,False,True,2,5
2026-03-12,12951,Mumbai Rajdhani,KOTA,22.7,3,3,False,False,False,True,3,5
2026-03-12,12951,Mumbai Rajdhani,SWM,31.4,3,3,False,False,False,True,4,5
2026-03-12,12951,Mumbai Rajdhani,NDLS,29.2,3,3,False,False,False,True,5,5
2026-03-12,12953,August Kranti Rajdhani,MMCT,3.1,3,3,False,False,False,True,1,6
2026-03-12,12953,August Kranti Rajdhani,ST,0.0,3,3,False,False,False,True,2,6
2026-03-12,12953,August Kranti Rajdhani,BRC,9.5,3,3,False,False,False,True,3,6
2026-03-12,12953,August Kranti Rajdhani,RTM,6.3,3,3,False,False,False,True,4,6
2026-03-12,12953,August Kranti Rajdhani,KOTA,11.3,3,3,False,False,False,True,5,6
2026-03-12,12953,August Kranti Rajdhani,NDLS,24.3,3,3,False,False,False,True,6,6
2026-03-12,12267,Mumbai Duronto,MMCT,2.2,3,3,False,False,False,True,1,2
2026-03-12,12267,Mumbai Duronto,NDLS,3.6,3,3,False,False,False,True,2,2
2026-03-12,12903,Golden Temple Mail,MMCT,0.0,3,3,False,False,False,True,1,10
2026-03-12,12903,Golden Temple Mail,BVI,1.2,3,3,False,False,False,True,2,10
2026-03-12,12903,Golden Temple Mail,BL,0.0,3,3,False,False,False,True,3,10
2026-03-12,12903,Golden Temple Mail,ST,0.0,3,3,False,False,False,True,4,10
2026-03-12,12903,Golden Temple Mail,BRC,2.4,3,3,False,False,False,True,5,10
2026-03-12,12903,Golden Temple Mail,RTM,11.0,3,3,False,False,False,True,6,10
2026-03-12,12903,Golden Temple Mail,KOTA,9.7,3,3,False,False,False,True,7,10
2026-03-12,12903,Golden Temple Mail,SWM,4.7,3,3,False,False,False,True,8,10
2026-03-12,12903,Golden Temple Mail,MTJ,24.0,3,3,False,False,False,True,9,10
2026-03-12,12903,Golden Temple Mail,NDLS,38.7,3,3,False,False,False,True,10,10
2026-03-12,12925,Paschim Express,MMCT,4.9,3,3,False,False,False,True,1,9
2026-03-12,12925,Paschim Express,BVI,1.8,3,3,False,False,False,True,2,9
2026-03-12,12925,Paschim Express,ST,0.0,3,3,False,False,False,True,3,9
2026-03-12,12925,Paschim Express,BRC,8.6,3,3,False,False,False,True,4,9
2026-03-12,12925,Paschim Express,RTM,6.2,3,3,False,False,False,True,5,9
2026-03-12,12925,Paschim Express,KOTA,9.3,3,3,False,False,False,True,6,9
2026-03-12,12925,Paschim Express,SWM,10.6,3,3,False,False,False,True,7,9
2026-03-12,12925,Paschim Express,MTJ,5.7,3,3,False,False,False,True,8,9
2026-03-12,12925,Paschim Express,NDLS,19.2,3,3,False,False,False,True,9,9
2026-03-12,12909,Garib Rath,MMCT,1.8,3,3,False,False,False,True,1,6
2026-03-12,12909,Garib Rath,BVI,10.5,3,3,False,False,False,True,2,6
2026-03-12,12909,Garib Rath,ST,5.5,3,3,False,False,False,True,3,6
2026-03-12,12909,Garib Rath,BRC,17.6,3,3,False,False,False,True,4,6
2026-03-12,12909,Garib Rath,KOTA,19.2,3,3,False,False,False,True,5,6
2026-03-12,12909,Garib Rath,NDLS,19.2,3,3,False,False,False,True,6,6
2026-03-12,12137,Punjab Mail,CSMT,14.4,3,3,False,False,False,True,1,12
2026-03-12,12137,Punjab Mail,KYN,8.3,3,3,False,False,False,True,2,12
2026-03-12,12137,Punjab Mail,NMD,26.6,3,3,False,False,False,True,3,12
2026-03-12,12137,Punjab Mail,MMR,39.0,3,3,False,False,False,True,4,12
2026-03-12,12137,Punjab Mail,BSL,34.1,3,3,False,False,False,True,5,12
2026-03-12,12137,Punjab Mail,ET,47.6,3,3,False,False,False,True,6,12
2026-03-12,12137,Punjab Mail,BPL,54.6,3,3,False,False,False,True,7,12
2026-03-12,12137,Punjab Mail,JHS,60.4,3,3,False,False,False,True,8,12
2026-03-12,12137,Punjab Mail,GWL,73.9,3,3,False,False,False,True,9,12
2026-03-12,12137,Punjab Mail,AGC,80.4,3,3,False,False,False,True,10,12
2026-03-12,12137,Punjab Mail,MTJ,89.5,3,3,False,False,False,True,11,12
2026-03-12,12137,Punjab Mail,NDLS,85.8,3,3,False,False,False,True,12,12
2026-03-12,12621,Tamil Nadu Express,CSMT,2.9,3,3,False,False,False,True,1,9
2026-03-12,12621,Tamil Nadu Express,KYN,19.7,3,3,False,False,False,True,2,9
2026-03-12,12621,Tamil Nadu Express,MMR,26.9,3,3,False,False,False,True,3,9
2026-03-12,12621,Tamil Nadu Express,BSL,35.1,3,3,False,False,False,True,4,9
2026-03-12,12621,Tamil Nadu Express,ET,31.4,3,3,False,False,False,True,5,9
2026-03-12,12621,Tamil Nadu Express,BPL,29.0,3,3,False,False,False,True,6,9
2026-03-12,12621,Tamil Nadu Express,JHS,49.2,3,3,False,False,False,True,7,9
2026-03-12,12621,Tamil Nadu Express,AGC,47.1,3,3,False,False,False,True,8,9
2026-03-12,12621,Tamil Nadu Express,NDLS,50.0,3,3,False,False,False,True,9,9
2026-03-12,12261,Mumbai Duronto Central,CSMT,0.0,3,3,False,False,False,True,1,2
2026-03-12,12261,Mumbai Duronto Central,NDLS,6.1,3,3,False,False,False,True,2,2
2026-03-12,12187,Mumbai Garib Rath,CSMT,2.7,3,3,False,False,False,True,1,7
2026-03-12,12187,Mumbai Garib Rath,KYN,20.2,3,3,False,False,False,True,2,7
2026-03-12,12187,Mumbai Garib Rath,BSL,22.9,3,3,False,False,False,True,3,7
2026-03-12,12187,Mumbai Garib Rath,BPL,17.9,3,3,False,False,False,True,4,7
2026-03-12,12187,Mumbai Garib Rath,JHS,21.1,3,3,False,False,False,True,5,7
2026-03-12,12187,Mumbai Garib Rath,GWL,23.7,3,3,False,False,False,True,6,7
2026-03-12,12187,Mumbai Garib Rath,NDLS,25.5,3,3,False,False,False,True,7,7
2026-03-11,12951,Mumbai Rajdhani,MMCT,0.0,3,2,False,False,False,True,1,5
2026-03-11,12951,Mumbai Rajdhani,BRC,3.2,3,2,False,False,False,True,2,5
2026-03-11,12951,Mumbai Rajdhani,KOTA,7.4,3,2,False,False,False,True,3,5
2026-03-11,12951,Mumbai Rajdhani,SWM,7.4,3,2,False,False,False,True,4,5
2026-03-11,12951,Mumbai Rajdhani,NDLS,18.0,3,2,False,False,False,True,5,5
2026-03-11,12953,August Kranti Rajdhani,MMCT,6.5,3,2,False,False,False,True,1,6
2026-03-11,12953,August Kranti Rajdhani,ST,12.6,3,2,False,False,False,True,2,6
2026-03-11,12953,August Kranti Rajdhani,BRC,29.0,3,2,False,False,False,True,3,6
2026-03-11,12953,August Kranti Rajdhani,RTM,24.2,3,2,False,False,False,True,4,6
2026-03-11,12953,August Kranti Rajdhani,KOTA,25.5,3,2,False,False,False,True,5,6
2026-03-11,12953,August Kranti Rajdhani,NDLS,25.7,3,2,False,False,False,True,6,6
2026-03-11,12267,Mumbai Duronto,MMCT,1.3,3,2,False,False,False,True,1,2
2026-03-11,12267,Mumbai Duronto,NDLS,6.2,3,2,False,False,False,True,2,2
2026-03-11,12903,Golden Temple Mail,MMCT,1.3,3,2,False,False,False,True,1,10
2026-03-11,12903,Golden Temple Mail,BVI,16.0,3,2,False,False,False,True,2,10
2026-03-11,12903,Golden Temple Mail,BL,11.0,3,2,False,False,False,True,3,10
2026-03-11,12903,Golden Temple Mail,ST,23.0,3,2,False,False,False,True,4,10
2026-03-11,12903,Golden Temple Mail,BRC,45.7,3,2,False,False,False,True,5,10
2026-03-11,12903,Golden Temple Mail,RTM,50.9,3,2,False,False,False,True,6,10
2026-03-11,12903,Golden Temple Mail,KOTA,60.3,3,2,False,False,False,True,7,10
2026-03-11,12903,Golden Temple Mail,SWM,65.5,3,2,False,False,False,True,8,10
2026-03-11,12903,Golden Temple Mail,MTJ,79.8,3,2,False,False,False,True,9,10
2026-03-11,12903,Golden Temple Mail,NDLS,86.3,3,2,False,False,False,True,10,10
2026-03-11,12925,Paschim Express,MMCT,7.3,3,2,False,False,False,True,1,9
2026-03-11,12925,Paschim Express,BVI,3.0,3,2,False,False,False,True,2,9
2026-03-11,12925,Paschim Express,ST,0.0,3,2,False,False,False,True,3,9
2026-03-11,12925,Paschim Express,BRC,7.9,3,2,False,False,False,True,4,9
2026-03-11,12925,Paschim Express,RTM,8.2,3,2,False,False,False,True,5,9
2026-03-11,12925,Paschim Express,KOTA,16.0,3,2,False,False,False,True,6,9
2026-03-11,12925,Paschim Express,SWM,11.0,3,2,False,False,False,True,7,9
2026-03-11,12925,Paschim Express,MTJ,26.1,3,2,False,False,False,True,8,9
2026-03-11,12925,Paschim Express,NDLS,30.6,3,2,False,False,False,True,9,9
2026-03-11,12909,Garib Rath,MMCT,3.7,3,2,False,False,False,True,1,6
2026-03-11,12909,Garib Rath,BVI,0.0,3,2,False,False,False,True,2,6
2026-03-11,12909,Garib Rath,ST,9.5,3,2,False,False,False,True,3,6
2026-03-11,12909,Garib Rath,BRC,15.1,3,2,False,False,False,True,4,6
2026-03-11,12909,Garib Rath,KOTA,21.9,3,2,False,False,False,True,5,6
2026-03-11,12909,Garib Rath,NDLS,39.4,3,2,False,False,False,True,6,6
2026-03-11,12137,Punjab Mail,CSMT,0.0,3,2,False,False,False,True,1,12
2026-03-11,12137,Punjab Mail,KYN,18.7,3,2,False,False,False,True,2,12
2026-03-11,12137,Punjab Mail,NMD,18.4,3,2,False,False,False,True,3,12
2026-03-11,12137,Punjab Mail,MMR,42.0,3,2,False,False,False,True,4,12
2026-03-11,12137,Punjab Mail,BSL,46.5,3,2,False,False,False,True,5,12
2026-03-11,12137,Punjab Mail,ET,43.4,3,2,False,False,False,True,6,12
2026-03-11,12137,Punjab Mail,BPL,45.8,3,2,False,False,False,True,7,12
2026-03-11,12137,Punjab Mail,JHS,54.6,3,2,False,False,False,True,8,12
2026-03-11,12137,Punjab Mail,GWL,60.3,3,2,False,False,False,True,9,12
2026-03-11,12137,Punjab Mail,AGC,75.1,3,2,False,False,False,True,10,12
2026-03-11,12137,Punjab Mail,MTJ,100.7,3,2,False,False,False,True,11,12
2026-03-11,12137,Punjab Mail,NDLS,96.4,3,2,False,False,False,True,12,12
2026-03-11,12621,Tamil Nadu Express,CSMT,9.3,3,2,False,False,False,True,1,9
2026-03-11,12621,Tamil Nadu Express,KYN,17.1,3,2,False,False,False,True,2,9
2026-03-11,12621,Tamil Nadu Express,MMR,20.3,3,2,False,False,False,True,3,9
2026-03-11,12621,Tamil Nadu Express,BSL,23.6,3,2,False,False,False,True,4,9
2026-03-11,12621,Tamil Nadu Express,ET,38.2,3,2,False,False,False,True,5,9
2026-03-11,12621,Tamil Nadu Express,BPL,71.5,3,2,False,False,False,True,6,9
2026-03-11,12621,Tamil Nadu Express,JHS,92.6,3,2,False,False,False,True,7,9
2026-03-11,12621,Tamil Nadu Express,AGC,102.9,3,2,False,False,False,True,8,9
2026-03-11,12621,Tamil Nadu Express,NDLS,105.2,3,2,False,False,False,True,9,9
2026-03-11,12261,Mumbai Duronto Central,CSMT,4.3,3,2,False,False,False,True,1,2
2026-03-11,12261,Mumbai Duronto Central,NDLS,3.8,3,2,False,False,False,True,2,2
2026-03-11,12187,Mumbai Garib Rath,CSMT,0.0,3,2,False,False,False,True,1,7
2026-03-11,12187,Mumbai Garib Rath,KYN,0.0,3,2,False,False,False,True,2,7
2026-03-11,12187,Mumbai Garib Rath,BSL,13.2,3,2,False,False,False,True,3,7
2026-03-11,12187,Mumbai Garib Rath,BPL,8.3,3,2,False,False,False,True,4,7
2026-03-11,12187,Mumbai Garib Rath,JHS,19.4,3,2,False,False,False,True,5,7
2026-03-11,12187,Mumbai Garib Rath,GWL,39.3,3,2,False,False,False,True,6,7
2026-03-11,12187,Mumbai Garib Rath,NDLS,59.9,3,2,False,False,False,True,7,7
2026-03-10,12951,Mumbai Rajdhani,MMCT,0.0,3,1,False,False,False,True,1,5
2026-03-10,12951,Mumbai Rajdhani,BRC,11.2,3,1,False,False,False,True,2,5
2026-03-10,12951,Mumbai Rajdhani,KOTA,9.7,3,1,False,False,False,True,3,5
2026-03-10,12951,Mumbai Rajdhani,SWM,4.7,3,1,False,False,False,True,4,5
2026-03-10,12951,Mumbai Rajdhani,NDLS,13.1,3,1,False,False,False,True,5,5
2026-03-10,12953,August Kranti Rajdhani,MMCT,4.7,3,1,False,False,False,True,1,6
2026-03-10,12953,August Kranti Rajdhani,ST,2.7,3,1,False,False,False,True,2,6
2026-03-10,12953,August Kranti Rajdhani,BRC,4.0,3,1,False,False,False,True,3,6
2026-03-10,12953,August Kranti Rajdhani,RTM,14.5,3,1,False,False,False,True,4,6
2026-03-10,12953,August Kranti Rajdhani,KOTA,28.7,3,1,False,False,False,True,5,6
2026-03-10,12953,August Kranti Rajdhani,NDLS,48.6,3,1,False,False,False,True,6,6
2026-03-10,12267,Mumbai Duronto,MMCT,6.4,3,1,False,False,False,True,1,2
2026-03-10,12267,Mumbai Duronto,NDLS,0.0,3,1,False,False,False,True,2,2
2026-03-10,12903,Golden Temple Mail,MMCT,13.3,3,1,False,False,False,True,1,10
2026-03-10,12903,Golden Temple Mail,BVI,2.5,3,1,False,False,False,True,2,10
2026-03-10,12903,Golden Temple Mail,BL,0.0,3,1,False,False,False,True,3,10
2026-03-10,12903,Golden Temple Mail,ST,14.3,3,1,False,False,False,True,4,10
2026-03-10,12903,Golden Temple Mail,BRC,27.1,3,1,False,False,False,True,5,10
2026-03-10,12903,Golden Temple Mail,RTM,44.1,3,1,False,False,False,True,6,10
2026-03-10,12903,Golden Temple Mail,KOTA,48.8,3,1,False,False,False,True,7,10
2026-03-10,12903,Golden Temple Mail,SWM,43.8,3,1,False,False,False,True,8,10
2026-03-10,12903,Golden Temple Mail,MTJ,49.8,3,1,False,False,False,True,9,10
2026-03-10,12903,Golden Temple Mail,NDLS,54.5,3,1,False,False,False,True,10,10
2026-03-10,12925,Paschim Express,MMCT,17.3,3,1,False,False,False,True,1,9
2026-03-10,12925,Paschim Express,BVI,24.2,3,1,False,False,False,True,2,9
2026-03-10,12925,Paschim Express,ST,22.8,3,1,False,False,False,True,3,9
2026-03-10,12925,Paschim Express,BRC,39.3,3,1,False,False,False,True,4,9
2026-03-10,12925,Paschim Express,RTM,64.6,3,1,False,False,False,True,5,9
2026-03-10,12925,Paschim Express,KOTA,71.1,3,1,False,False,False,True,6,9
2026-03-10,12925,Paschim Express,SWM,81.2,3,1,False,False,False,True,7,9
2026-03-10,12925,Paschim Express,MTJ,85.6,3,1,False,False,False,True,8,9
2026-03-10,12925,Paschim Express,NDLS,106.9,3,1,False,False,False,True,9,9
2026-03-10,12909,Garib Rath,MMCT,9.2,3,1,False,False,False,True,1,6
2026-03-10,12909,Garib Rath,BVI,9.3,3,1,False,False,False,True,2,6
2026-03-10,12909,Garib Rath,ST,16.2,3,1,False,False,False,True,3,6
2026-03-10,12909,Garib Rath,BRC,21.3,3,1,False,False,False,True,4,6
2026-03-10,12909,Garib Rath,KOTA,26.1,3,1,False,False,False,True,5,6
2026-03-10,12909,Garib Rath,NDLS,37.1,3,1,False,False,False,True,6,6
2026-03-10,12137,Punjab Mail,CSMT,1.8,3,1,False,False,False,True,1,12
2026-03-10,12137,Punjab Mail,KYN,17.2,3,1,False,False,False,True,2,12
2026-03-10,12137,Punjab Mail,NMD,15.3,3,1,False,False,False,True,3,12
2026-03-10,12137,Punjab Mail,MMR,30.5,3,1,False,False,False,True,4,12
2026-03-10,12137,Punjab Mail,BSL,44.3,3,1,False,False,False,True,5,12
2026-03-10,12137,Punjab Mail,ET,57.2,3,1,False,False,False,True,6,12
2026-03-10,12137,Punjab Mail,BPL,61.2,3,1,False,False,False,True,7,12
2026-03-10,12137,Punjab Mail,JHS,76.6,3,1,False,False,False,True,8,12
2026-03-10,12137,Punjab Mail,GWL,93.4,3,1,False,False,False,True,9,12
2026-03-10,12137,Punjab Mail,AGC,103.3,3,1,False,False,False,True,10,12
2026-03-10,12137,Punjab Mail,MTJ,100.3,3,1,False,False,False,True,11,12
2026-03-10,12137,Punjab Mail,NDLS,103.7,3,1,False,False,False,True,12,12
2026-03-10,12621,Tamil Nadu Express,CSMT,5.6,3,1,False,False,False,True,1,9
2026-03-10,12621,Tamil Nadu Express,KYN,8.5,3,1,False,False,False,True,2,9
2026-03-10,12621,Tamil Nadu Express,MMR,23.0,3,1,False,False,False,True,3,9
2026-03-10,12621,Tamil Nadu Express,BSL,27.0,3,1,False,False,False,True,4,9
2026-03-10,12621,Tamil Nadu Express,ET,39.7,3,1,False,False,False,True,5,9
2026-03-10,12621,Tamil Nadu Express,BPL,39.7,3,1,False,False,False,True,6,9
2026-03-10,12621,Tamil Nadu Express,JHS,49.4,3,1,False,False,False,True,7,9
2026-03-10,12621,Tamil Nadu Express,AGC,55.6,3,1,False,False,False,True,8,9
2026-03-10,12621,Tamil Nadu Express,NDLS,56.9,3,1,False,False,False,True,9,9
2026-03-10,12261,Mumbai Duronto Central,CSMT,19.6,3,1,False,False,False,True,1,2
2026-03-10,12261,Mumbai Duronto Central,NDLS,33.2,3,1,False,False,False,True,2,2
2026-03-10,12187,Mumbai Garib Rath,CSMT,18.8,3,1,False,False,False,True,1,7
2026-03-10,12187,Mumbai Garib Rath,KYN,12.3,3,1,False,False,False,True,2,7
2026-03-10,12187,Mumbai Garib Rath,BSL,25.3,3,1,False,False,False,True,3,7
2026-03-10,12187,Mumbai Garib Rath,BPL,42.7,3,1,False,False,False,True,4,7
2026-03-10,12187,Mumbai Garib Rath,JHS,52.6,3,1,False,False,False,True,5,7
2026-03-10,12187,Mumbai Garib Rath,GWL,60.8,3,1,False,False,False,True,6,7
2026-03-10,12187,Mumbai Garib Rath,NDLS,74.5,3,1,False,False,False,True,7,7
2026-03-09,12951,Mumbai Rajdhani,MMCT,1.7,3,0,False,False,False,True,1,5
2026-03-09,12951,Mumbai Rajdhani,BRC,1.9,3,0,False,False,False,True,2,5
2026-03-09,12951,Mumbai Rajdhani,KOTA,8.2,3,0,False,False,False,True,3,5
2026-03-09,12951,Mumbai Rajdhani,SWM,9.0,3,0,False,False,False,True,4,5
2026-03-09,12951,Mumbai Rajdhani,NDLS,15.8,3,0,False,False,False,True,5,5
2026-03-09,12953,August Kranti Rajdhani,MMCT,4.0,3,0,False,False,False,True,1,6
2026-03-09,12953,August Kranti Rajdhani,ST,3.5,3,0,False,False,False,True,2,6
2026-03-09,12953,August Kranti Rajdhani,BRC,39.2,3,0,False,False,False,True,3,6
2026-03-09,12953,August Kranti Rajdhani,RTM,60.4,3,0,False,False,False,True,4,6
2026-03-09,12953,August Kranti Rajdhani,KOTA,60.9,3,0,False,False,False,True,5,6
2026-03-09,12953,August Kranti Rajdhani,NDLS,78.5,3,0,False,False,False,True,6,6
2026-03-09,12267,Mumbai Duronto,MMCT,9.4,3,0,False,False,False,True,1,2
2026-03-09,12267,Mumbai Duronto,NDLS,6.2,3,0,False,False,False,True,2,2
2026-03-09,12903,Golden Temple Mail,MMCT,6.5,3,0,False,False,False,True,1,10
2026-03-09,12903,Golden Temple Mail,BVI,0.0,3,0,False,False,False,True,2,10
2026-03-09,12903,Golden Temple Mail,BL,0.0,3,0,False,False,False,True,3,10
2026-03-09,12903,Golden Temple Mail,ST,0.0,3,0,False,False,False,True,4,10
2026-03-09,12903,Golden Temple Mail,BRC,12.1,3,0,False,False,False,True,5,10
2026-03-09,12903,Golden Temple Mail,RTM,19.2,3,0,False,False,False,True,6,10
2026-03-09,12903,Golden Temple Mail,KOTA,32.6,3,0,False,False,False,True,7,10
2026-03-09,12903,Golden Temple Mail,SWM,27.6,3,0,False,False,False,True,8,10
2026-03-09,12903,Golden Temple Mail,MTJ,56.6,3,0,False,False,False,True,9,10
2026-03-09,12903,Golden Temple Mail,NDLS,65.2,3,0,False,False,False,True,10,10
2026-03-09,12925,Paschim Express,MMCT,20.5,3,0,False,False,False,True,1,9
2026-03-09,12925,Paschim Express,BVI,14.8,3,0,False,False,False,True,2,9
2026-03-09,12925,Paschim Express,ST,36.6,3,0,False,False,False,True,3,9
2026-03-09,12925,Paschim Express,BRC,53.0,3,0,False,False,False,True,4,9
2026-03-09,12925,Paschim Express,RTM,68.8,3,0,False,False,False,True,5,9
2026-03-09,12925,Paschim Express,KOTA,89.0,3,0,False,False,False,True,6,9
2026-03-09,12925,Paschim Express,SWM,99.5,3,0,False,False,False,True,7,9
2026-03-09,12925,Paschim Express,MTJ,117.8,3,0,False,False,False,True,8,9
2026-03-09,12925,Paschim Express,NDLS,143.7,3,0,False,False,False,True,9,9
2026-03-09,12909,Garib Rath,MMCT,2.3,3,0,False,False,False,True,1,6
2026-03-09,12909,Garib Rath,BVI,18.1,3,0,False,False,False,True,2,6
2026-03-09,12909,Garib Rath,ST,13.1,3,0,False,False,False,True,3,6
2026-03-09,12909,Garib Rath,BRC,26.8,3,0,False,False,False,True,4,6
2026-03-09,12909,Garib Rath,KOTA,22.4,3,0,False,False,False,True,5,6
2026-03-09,12909,Garib Rath,NDLS,42.0,3,0,False,False,False,True,6,6
2026-03-09,12137,Punjab Mail,CSMT,10.7,3,0,False,False,False,True,1,12
2026-03-09,12137,Punjab Mail,KYN,6.9,3,0,False,False,False,True,2,12
2026-03-09,12137,Punjab Mail,NMD,17.5,3,0,False,False,False,True,3,12
2026-03-09,12137,Punjab Mail,MMR,23.8,3,0,False,False,False,True,4,12
2026-03-09,12137,Punjab Mail,BSL,37.5,3,0,False,False,False,True,5,12
2026-03-09,12137,Punjab Mail,ET,52.0,3,0,False,False,False,True,6,12
2026-03-09,12137,Punjab Mail,BPL,62.8,3,0,False,False,False,True,7,12
2026-03-09,12137,Punjab Mail,JHS,60.3,3,0,False,False,False,True,8,12
2026-03-09,12137,Punjab Mail,GWL,69.8,3,0,False,False,False,True,9,12
2026-03-09,12137,Punjab Mail,AGC,71.1,3,0,False,False,False,True,10,12
2026-03-09,12137,Punjab Mail,MTJ,82.7,3,0,False,False,False,True,11,12
2026-03-09,12137,Punjab Mail,NDLS,80.3,3,0,False,False,False,True,12,12
2026-03-09,12621,Tamil Nadu Express,CSMT,6.4,3,0,False,False,False,True,1,9
2026-03-09,12621,Tamil Nadu Express,KYN,11.1,3,0,False,False,False,True,2,9
2026-03-09,12621,Tamil Nadu Express,MMR,20.8,3,0,False,False,False,True,3,9
2026-03-09,12621,Tamil Nadu Express,BSL,25.8,3,0,False,False,False,True,4,9
2026-03-09,12621,Tamil Nadu Express,ET,21.2,3,0,False,False,False,True,5,9
2026-03-09,12621,Tamil Nadu Express,BPL,29.8,3,0,False,False,False,True,6,9
2026-03-09,12621,Tamil Nadu Express,JHS,27.0,3,0,False,False,False,True,7,9
2026-03-09,12621,Tamil Nadu Express,AGC,34.1,3,0,False,False,False,True,8,9
2026-03-09,12621,Tamil Nadu Express,NDLS,42.4,3,0,False,False,False,True,9,9
2026-03-09,12261,Mumbai Duronto Central,CSMT,5.5,3,0,False,False,False,True,1,2
2026-03-09,12261,Mumbai Duronto Central,NDLS,0.0,3,0,False,False,False,True,2,2
2026-03-09,12187,Mumbai Garib Rath,CSMT,0.0,3,0,False,False,False,True,1,7
2026-03-09,12187,Mumbai Garib Rath,KYN,0.0,3,0,False,False,False,True,2,7
2026-03-09,12187,Mumbai Garib Rath,BSL,0.9,3,0,False,False,False,True,3,7
2026-03-09,12187,Mumbai Garib Rath,BPL,0.0,3,0,False,False,False,True,4,7
2026-03-09,12187,Mumbai Garib Rath,JHS,12.3,3,0,False,False,False,True,5,7
2026-03-09,12187,Mumbai Garib Rath,GWL,19.4,3,0,False,False,False,True,6,7
2026-03-09,12187,Mumbai Garib Rath,NDLS,21.7,3,0,False,False,False,True,7,7
2026-03-08,12951,Mumbai Rajdhani,MMCT,0.0,3,6,True,False,False,True,1,5
2026-03-08,12951,Mumbai Rajdhani,BRC,0.0,3,6,True,False,False,True,2,5
2026-03-08,12951,Mumbai Rajdhani,KOTA,2.1,3,6,True,False,False,True,3,5
2026-03-08,12951,Mumbai Rajdhani,SWM,0.0,3,6,True,False,False,True,4,5
2026-03-08,12951,Mumbai Rajdhani,NDLS,8.4,3,6,True,False,False,True,5,5
2026-03-08,12953,August Kranti Rajdhani,MMCT,3.0,3,6,True,False,False,True,1,6
2026-03-08,12953,August Kranti Rajdhani,ST,12.9,3,6,True,False,False,True,2,6
2026-03-08,12953,August Kranti Rajdhani,BRC,9.3,3,6,True,False,False,True,3,6
2026-03-08,12953,August Kranti Rajdhani,RTM,4.4,3,6,True,False,False,True,4,6
2026-03-08,12953,August Kranti Rajdhani,KOTA,1.3,3,6,True,False,False,True,5,6
2026-03-08,12953,August Kranti Rajdhani,NDLS,0.0,3,6,True,False,False,True,6,6
2026-03-08,12267,Mumbai Duronto,MMCT,4.9,3,6,True,False,False,True,1,2
2026-03-08,12267,Mumbai Duronto,NDLS,17.1,3,6,True,False,False,True,2,2
2026-03-08,12903,Golden Temple Mail,MMCT,3.8,3,6,True,False,False,True,1,10
2026-03-08,12903,Golden Temple Mail,BVI,15.3,3,6,True,False,False,True,2,10
2026-03-08,12903,Golden Temple Mail,BL,19.9,3,6,True,False,False,True,3,10
2026-03-08,12903,Golden Temple Mail,ST,17.0,3,6,True,False,False,True,4,10
2026-03-08,12903,Golden Temple Mail,BRC,14.3,3,6,True,False,False,True,5,10
2026-03-08,12903,Golden Temple Mail,RTM,24.2,3,6,True,False,False,True,6,10
2026-03-08,12903,Golden Temple Mail,KOTA,61.2,3,6,True,False,False,True,7,10
2026-03-08,12903,Golden Temple Mail,SWM,56.2,3,6,True,False,False,True,8,10
2026-03-08,12903,Golden Temple Mail,MTJ,61.5,3,6,True,False,False,True,9,10
2026-03-08,12903,Golden Temple Mail,NDLS,59.0,3,6,True,False,False,True,10,10
2026-03-08,12925,Paschim Express,MMCT,0.0,3,6,True,False,False,True,1,9
2026-03-08,12925,Paschim Express,BVI,3.6,3,6,True,False,False,True,2,9
2026-03-08,12925,Paschim Express,ST,0.0,3,6,True,False,False,True,3,9
2026-03-08,12925,Paschim Express,BRC,13.7,3,6,True,False,False,True,4,9
2026-03-08,12925,Paschim Express,RTM,22.1,3,6,True,False,False,True,5,9
2026-03-08,12925,Paschim Express,KOTA,22.6,3,6,True,False,False,True,6,9
2026-03-08,12925,Paschim Express,SWM,18.9,3,6,True,False,False,True,7,9
2026-03-08,12925,Paschim Express,MTJ,24.5,3,6,True,False,False,True,8,9
2026-03-08,12925,Paschim Express,NDLS,32.7,3,6,True,False,False,True,9,9
2026-03-08,12909,Garib Rath,MMCT,2.0,3,6,True,False,False,True,1,6
2026-03-08,12909,Garib Rath,BVI,0.0,3,6,True,False,False,True,2,6
2026-03-08,12909,Garib Rath,ST,0.0,3,6,True,False,False,True,3,6
2026-03-08,12909,Garib Rath,BRC,5.2,3,6,True,False,False,True,4,6
2026-03-08,12909,Garib Rath,KOTA,14.0,3,6,True,False,False,True,5,6
2026-03-08,12909,Garib Rath,NDLS,12.3,3,6,True,False,False,True,6,6
2026-03-08,12137,Punjab Mail,CSMT,0.0,3,6,True,False,False,True,1,12
2026-03-08,12137,Punjab Mail,KYN,0.0,3,6,True,False,False,True,2,12
2026-03-08,12137,Punjab Mail,NMD,0.0,3,6,True,False,False,True,3,12
2026-03-08,12137,Punjab Mail,MMR,13.6,3,6,True,False,False,True,4,12
2026-03-08,12137,Punjab Mail,BSL,22.9,3,6,True,False,False,True,5,12
2026-03-08,12137,Punjab Mail,ET,38.9,3,6,True,False,False,True,6,12
2026-03-08,12137,Punjab Mail,BPL,45.3,3,6,True,False,False,True,7,12
2026-03-08,12137,Punjab Mail,JHS,54.4,3,6,True,False,False,True,8,12
2026-03-08,12137,Punjab Mail,GWL,57.6,3,6,True,False,False,True,9,12
2026-03-08,12137,Punjab Mail,AGC,60.1,3,6,True,False,False,True,10,12
2026-03-08,12137,Punjab Mail,MTJ,75.1,3,6,True,False,False,True,11,12
2026-03-08,12137,Punjab Mail,NDLS,90.3,3,6,True,False,False,True,12,12
2026-03-08,12621,Tamil Nadu Express,CSMT,6.6,3,6,True,False,False,True,1,9
2026-03-08,12621,Tamil Nadu Express,KYN,10.0,3,6,True,False,False,True,2,9
2026-03-08,12621,Tamil Nadu Express,MMR,18.6,3,6,True,False,False,True,3,9
2026-03-08,12621,Tamil Nadu Express,BSL,49.8,3,6,True,False,False,True,4,9
2026-03-08,12621,Tamil Nadu Express,ET,66.3,3,6,True,False,False,True,5,9
2026-03-08,12621,Tamil Nadu Express,BPL,67.2,3,6,True,False,False,True,6,9
2026-03-08,12621,Tamil Nadu Express,JHS,67.6,3,6,True,False,False,True,7,9
2026-03-08,12621,Tamil Nadu Express,AGC,62.6,3,6,True,False,False,True,8,9
2026-03-08,12621,Tamil Nadu Express,NDLS,68.2,3,6,True,False,False,True,9,9
2026-03-08,12261,Mumbai Duronto Central,CSMT,18.2,3,6,True,False,False,True,1,2
2026-03-08,12261,Mumbai Duronto Central,NDLS,17.0,3,6,True,False,False,True,2,2
2026-03-08,12187,Mumbai Garib Rath,CSMT,1.1,3,6,True,False,False,True,1,7
2026-03-08,12187,Mumbai Garib Rath,KYN,0.0,3,6,True,False,False,True,2,7
2026-03-08,12187,Mumbai Garib Rath,BSL,17.4,3,6,True,False,False,True,3,7
2026-03-08,12187,Mumbai Garib Rath,BPL,22.8,3,6,True,False,False,True,4,7
2026-03-08,12187,Mumbai Garib Rath,JHS,52.5,3,6,True,False,False,True,5,7
2026-03-08,12187,Mumbai Garib Rath,GWL,48.9,3,6,True,False,False,True,6,7
2026-03-08,12187,Mumbai Garib Rath,NDLS,54.3,3,6,True,False,False,True,7,7
2026-03-07,12951,Mumbai Rajdhani,MMCT,1.1,3,5,True,False,False,True,1,5
2026-03-07,12951,Mumbai Rajdhani,BRC,3.7,3,5,True,False,False,True,2,5
2026-03-07,12951,Mumbai Rajdhani,KOTA,9.9,3,5,True,False,False,True,3,5
2026-03-07,12951,Mumbai Rajdhani,SWM,16.9,3,5,True,False,False,True,4,5
2026-03-07,12951,Mumbai Rajdhani,NDLS,23.1,3,5,True,False,False,True,5,5
2026-03-07,12953,August Kranti Rajdhani,MMCT,0.0,3,5,True,False,False,True,1,6
2026-03-07,12953,August Kranti Rajdhani,ST,7.9,3,5,True,False,False,True,2,6
2026-03-07,12953,August Kranti Rajdhani,BRC,20.9,3,5,True,False,False,True,3,6
2026-03-07,12953,August Kranti Rajdhani,RTM,25.9,3,5,True,False,False,True,4,6
2026-03-07,12953,August Kranti Rajdhani,KOTA,43.2,3,5,True,False,False,True,5,6
2026-03-07,12953,August Kranti Rajdhani,NDLS,41.3,3,5,True,False,False,True,6,6
2026-03-07,12267,Mumbai Duronto,MMCT,18.9,3,5,True,False,False,True,1,2
2026-03-07,12267,Mumbai Duronto,NDLS,11.9,3,5,True,False,False,True,2,2
2026-03-07,12903,Golden Temple Mail,MMCT,13.3,3,5,True,False,False,True,1,10
2026-03-07,12903,Golden Temple Mail,BVI,6.9,3,5,True,False,False,True,2,10
2026-03-07,12903,Golden Temple Mail,BL,12.8,3,5,True,False,False,True,3,10
2026-03-07,12903,Golden Temple Mail,ST,14.6,3,5,True,False,False,True,4,10
2026-03-07,12903,Golden Temple Mail,BRC,19.0,3,5,True,False,False,True,5,10
2026-03-07,12903,Golden Temple Mail,RTM,36.9,3,5,True,False,False,True,6,10
2026-03-07,12903,Golden Temple Mail,KOTA,54.4,3,5,True,False,False,True,7,10
2026-03-07,12903,Golden Temple Mail,SWM,49.4,3,5,True,False,False,True,8,10
2026-03-07,12903,Golden Temple Mail,MTJ,69.4,3,5,True,False,False,True,9,10
2026-03-07,12903,Golden Temple Mail,NDLS,92.3,3,5,True,False,False,True,10,10
2026-03-07,12925,Paschim Express,MMCT,2.9,3,5,True,False,False,True,1,9
2026-03-07,12925,Paschim Express,BVI,0.0,3,5,True,False,False,True,2,9
2026-03-07,12925,Paschim Express,ST,0.0,3,5,True,False,False,True,3,9
2026-03-07,12925,Paschim Express,BRC,0.4,3,5,True,False,False,True,4,9
2026-03-07,12925,Paschim Express,RTM,12.3,3,5,True,False,False,True,5,9
2026-03-07,12925,Paschim Express,KOTA,10.3,3,5,True,False,False,True,6,9
2026-03-07,12925,Paschim Express,SWM,8.4,3,5,True,False,False,True,7,9
2026-03-07,12925,Paschim Express,MTJ,10.0,3,5,True,False,False,True,8,9
2026-03-07,12925,Paschim Express,NDLS,10.7,3,5,True,False,False,True,9,9
2026-03-07,12909,Garib Rath,MMCT,19.7,3,5,True,False,False,True,1,6
2026-03-07,12909,Garib Rath,BVI,14.3,3,5,True,False,False,True,2,6
2026-03-07,12909,Garib Rath,ST,11.4,3,5,True,False,False,True,3,6
2026-03-07,12909,Garib Rath,BRC,37.0,3,5,True,False,False,True,4,6
2026-03-07,12909,Garib Rath,KOTA,40.5,3,5,True,False,False,True,5,6
2026-03-07,12909,Garib Rath,NDLS,65.8,3,5,True,False,False,True,6,6
2026-03-07,12137,Punjab Mail,CSMT,4.3,3,5,True,False,False,True,1,12
2026-03-07,12137,Punjab Mail,KYN,3.1,3,5,True,False,False,True,2,12
2026-03-07,12137,Punjab Mail,NMD,4.3,3,5,True,False,False,True,3,12
2026-03-07,12137,Punjab Mail,MMR,8.7,3,5,True,False,False,True,4,12
2026-03-07,12137,Punjab Mail,BSL,14.7,3,5,True,False,False,True,5,12
2026-03-07,12137,Punjab Mail,ET,12.8,3,5,True,False,False,True,6,12
2026-03-07,12137,Punjab Mail,BPL,12.9,3,5,True,False,False,True,7,12
2026-03-07,12137,Punjab Mail,JHS,30.8,3,5,True,False,False,True,8,12
2026-03-07,12137,Punjab Mail,GWL,25.8,3,5,True,False,False,True,9,12
2026-03-07,12137,Punjab Mail,AGC,20.8,3,5,True,False,False,True,10,12
2026-03-07,12137,Punjab Mail,MTJ,16.8,3,5,True,False,False,True,11,12
2026-03-07,12137,Punjab Mail,NDLS,30.4,3,5,True,False,False,True,12,12
2026-03-07,12621,Tamil Nadu Express,CSMT,20.4,3,5,True,False,False,True,1,9
2026-03-07,12621,Tamil Nadu Express,KYN,0.1,3,5,True,False,False,True,2,9
2026-03-07,12621,Tamil Nadu Express,MMR,15.9,3,5,True,False,False,True,3,9
2026-03-07,12621,Tamil Nadu Express,BSL,35.4,3,5,True,False,False,True,4,9
2026-03-07,12621,Tamil Nadu Express,ET,49.4,3,5,True,False,False,True,5,9
2026-03-07,12621,Tamil Nadu Express,BPL,48.5,3,5,True,False,False,True,6,9
2026-03-07,12621,Tamil Nadu Express,JHS,58.3,3,5,True,False,False,True,7,9
2026-03-07,12621,Tamil Nadu Express,AGC,65.4,3,5,True,False,False,True,8,9
2026-03-07,12621,Tamil Nadu Express,NDLS,64.3,3,5,True,False,False,True,9,9
2026-03-07,12261,Mumbai Duronto Central,CSMT,4.9,3,5,True,False,False,True,1,2
2026-03-07,12261,Mumbai Duronto Central,NDLS,5.1,3,5,True,False,False,True,2,2
2026-03-07,12187,Mumbai Garib Rath,CSMT,5.6,3,5,True,False,False,True,1,7
2026-03-07,12187,Mumbai Garib Rath,KYN,7.0,3,5,True,False,False,True,2,7
2026-03-07,12187,Mumbai Garib Rath,BSL,7.2,3,5,True,False,False,True,3,7
2026-03-07,12187,Mumbai Garib Rath,BPL,12.0,3,5,True,False,False,True,4,7
2026-03-07,12187,Mumbai Garib Rath,JHS,9.7,3,5,True,False,False,True,5,7
2026-03-07,12187,Mumbai Garib Rath,GWL,4.7,3,5,True,False,False,True,6,7
2026-03-07,12187,Mumbai Garib Rath,NDLS,2.7,3,5,True,False,False,True,7,7
2026-03-06,12951,Mumbai Rajdhani,MMCT,0.0,3,4,False,False,False,True,1,5
2026-03-06,12951,Mumbai Rajdhani,BRC,19.0,3,4,False,False,False,True,2,5
2026-03-06,12951,Mumbai Rajdhani,KOTA,28.8,3,4,False,False,False,True,3,5
2026-03-06,12951,Mumbai Rajdhani,SWM,25.3,3,4,False,False,False,True,4,5
2026-03-06,12951,Mumbai Rajdhani,NDLS,32.0,3,4,False,False,False,True,5,5
2026-03-06,12953,August Kranti Rajdhani,MMCT,3.7,3,4,False,False,False,True,1,6
2026-03-06,12953,August Kranti Rajdhani,ST,0.0,3,4,False,False,False,True,2,6
2026-03-06,12953,August Kranti Rajdhani,BRC,11.8,3,4,False,False,False,True,3,6
2026-03-06,12953,August Kranti Rajdhani,RTM,20.1,3,4,False,False,False,True,4,6
2026-03-06,12953,August Kranti Rajdhani,KOTA,16.6,3,4,False,False,False,True,5,6
2026-03-06,12953,August Kranti Rajdhani,NDLS,39.6,3,4,False,False,False,True,6,6
2026-03-06,12267,Mumbai Duronto,MMCT,2.0,3,4,False,False,False,True,1,2
2026-03-06,12267,Mumbai Duronto,NDLS,0.0,3,4,False,False,False,True,2,2
2026-03-06,12903,Golden Temple Mail,MMCT,9.7,3,4,False,False,False,True,1,10
2026-03-06,12903,Golden Temple Mail,BVI,10.1,3,4,False,False,False,True,2,10
2026-03-06,12903,Golden Temple Mail,BL,21.5,3,4,False,False,False,True,3,10
2026-03-06,12903,Golden Temple Mail,ST,16.9,3,4,False,False,False,True,4,10
2026-03-06,12903,Golden Temple Mail,BRC,36.8,3,4,False,False,False,True,5,10
2026-03-06,12903,Golden Temple Mail,RTM,35.5,3,4,False,False,False,True,6,10
2026-03-06,12903,Golden Temple Mail,KOTA,30.7,3,4,False,False,False,True,7,10
2026-03-06,12903,Golden Temple Mail,SWM,38.3,3,4,False,False,False,True,8,10
2026-03-06,12903,Golden Temple Mail,MTJ,36.4,3,4,False,False,False,True,9,10
2026-03-06,12903,Golden Temple Mail,NDLS,33.9,3,4,False,False,False,True,10,10
2026-03-06,12925,Paschim Express,MMCT,4.8,3,4,False,False,False,True,1,9
2026-03-06,12925,Paschim Express,BVI,0.0,3,4,False,False,False,True,2,9
2026-03-06,12925,Paschim Express,ST,9.4,3,4,False,False,False,True,3,9
2026-03-06,12925,Paschim Express,BRC,40.8,3,4,False,False,False,True,4,9
2026-03-06,12925,Paschim Express,RTM,45.9,3,4,False,False,False,True,5,9
2026-03-06,12925,Paschim Express,KOTA,51.9,3,4,False,False,False,True,6,9
2026-03-06,12925,Paschim Express,SWM,46.9,3,4,False,False,False,True,7,9
2026-03-06,12925,Paschim Express,MTJ,70.4,3,4,False,False,False,True,8,9
2026-03-06,12925,Paschim Express,NDLS,77.9,3,4,False,False,False,True,9,9
2026-03-06,12909,Garib Rath,MMCT,0.2,3,4,False,False,False,True,1,6
2026-03-06,12909,Garib Rath,BVI,20.2,3,4,False,False,False,True,2,6
2026-03-06,12909,Garib Rath,ST,15.2,3,4,False,False,False,True,3,6
2026-03-06,12909,Garib Rath,BRC,20.8,3,4,False,False,False,True,4,6
2026-03-06,12909,Garib Rath,KOTA,27.6,3,4,False,False,False,True,5,6
2026-03-06,12909,Garib Rath,NDLS,40.1,3,4,False,False,False,True,6,6
2026-03-06,12137,Punjab Mail,CSMT,1.8,3,4,False,False,False,True,1,12
2026-03-06,12137,Punjab Mail,KYN,7.1,3,4,False,False,False,True,2,12
2026-03-06,12137,Punjab Mail,NMD,16.7,3,4,False,False,False,True,3,12
2026-03-06,12137,Punjab Mail,MMR,25.3,3,4,False,False,False,True,4,12
2026-03-06,12137,Punjab Mail,BSL,36.8,3,4,False,False,False,True,5,12
2026-03-06,12137,Punjab Mail,ET,56.0,3,4,False,False,False,True,6,12
2026-03-06,12137,Punjab Mail,BPL,56.5,3,4,False,False,False,True,7,12
2026-03-06,12137,Punjab Mail,JHS,52.8,3,4,False,False,False,True,8,12
2026-03-06,12137,Punjab Mail,GWL,60.4,3,4,False,False,False,True,9,12
2026-03-06,12137,Punjab Mail,AGC,62.6,3,4,False,False,False,True,10,12
2026-03-06,12137,Punjab Mail,MTJ,85.0,3,4,False,False,False,True,11,12
2026-03-06,12137,Punjab Mail,NDLS,98.8,3,4,False,False,False,True,12,12
2026-03-06,12621,Tamil Nadu Express,CSMT,2.0,3,4,False,False,False,True,1,9
2026-03-06,12621,Tamil Nadu Express,KYN,18.1,3,4,False,False,False,True,2,9
2026-03-06,12621,Tamil Nadu Express,MMR,22.3,3,4,False,False,False,True,3,9
2026-03-06,12621,Tamil Nadu Express,BSL,21.4,3,4,False,False,False,True,4,9
2026-03-06,12621,Tamil Nadu Express,ET,27.4,3,4,False,False,False,True,5,9
2026-03-06,12621,Tamil Nadu Express,BPL,25.7,3,4,False,False,False,True,6,9
2026-03-06,12621,Tamil Nadu Express,JHS,27.7,3,4,False,False,False,True,7,9
2026-03-06,12621,Tamil Nadu Express,AGC,30.9,3,4,False,False,False,True,8,9
2026-03-06,12621,Tamil Nadu Express,NDLS,46.6,3,4,False,False,False,True,9,9
2026-03-06,12261,Mumbai Duronto Central,CSMT,6.1,3,4,False,False,False,True,1,2
2026-03-06,12261,Mumbai Duronto Central,NDLS,0.0,3,4,False,False,False,True,2,2
2026-03-06,12187,Mumbai Garib Rath,CSMT,10.4,3,4,False,False,False,True,1,7
2026-03-06,12187,Mumbai Garib Rath,KYN,18.4,3,4,False,False,False,True,2,7
2026-03-06,12187,Mumbai Garib Rath,BSL,38.6,3,4,False,False,False,True,3,7
2026-03-06,12187,Mumbai Garib Rath,BPL,38.2,3,4,False,False,False,True,4,7
2026-03-06,12187,Mumbai Garib Rath,JHS,56.4,3,4,False,False,False,True,5,7
2026-03-06,12187,Mumbai Garib Rath,GWL,67.5,3,4,False,False,False,True,6,7
2026-03-06,12187,Mumbai Garib Rath,NDLS,94.4,3,4,False,False,False,True,7,7
2026-03-05,12951,Mumbai Rajdhani,MMCT,11.1,3,3,False,False,False,True,1,5
2026-03-05,12951,Mumbai Rajdhani,BRC,0.0,3,3,False,False,False,True,2,5
2026-03-05,12951,Mumbai Rajdhani,KOTA,0.9,3,3,False,False,False,True,3,5
2026-03-05,12951,Mumbai Rajdhani,SWM,0.0,3,3,False,False,False,True,4,5
2026-03-05,12951,Mumbai Rajdhani,NDLS,0.0,3,3,False,False,False,True,5,5
2026-03-05,12953,August Kranti Rajdhani,MMCT,0.0,3,3,False,False,False,True,1,6
2026-03-05,12953,August Kranti Rajdhani,ST,0.0,3,3,False,False,False,True,2,6
2026-03-05,12953,August Kranti Rajdhani,BRC,0.7,3,3,False,False,False,True,3,6
2026-03-05,12953,August Kranti Rajdhani,RTM,23.1,3,3,False,False,False,True,4,6
2026-03-05,12953,August Kranti Rajdhani,KOTA,24.5,3,3,False,False,False,True,5,6
2026-03-05,12953,August Kranti Rajdhani,NDLS,43.2,3,3,False,False,False,True,6,6
2026-03-05,12267,Mumbai Duronto,MMCT,3.3,3,3,False,False,False,True,1,2
2026-03-05,12267,Mumbai Duronto,NDLS,13.6,3,3,False,False,False,True,2,2
2026-03-05,12903,Golden Temple Mail,MMCT,9.4,3,3,False,False,False,True,1,10
2026-03-05,12903,Golden Temple Mail,BVI,3.2,3,3,False,False,False,True,2,10
2026-03-05,12903,Golden Temple Mail,BL,0.0,3,3,False,False,False,True,3,10
2026-03-05,12903,Golden Temple Mail,ST,0.0,3,3,False,False,False,True,4,10
2026-03-05,12903,Golden Temple Mail,BRC,16.7,3,3,False,False,False,True,5,10
2026-03-05,12903,Golden Temple Mail,RTM,34.7,3,3,False,False,False,True,6,10
2026-03-05,12903,Golden Temple Mail,KOTA,31.6,3,3,False,False,False,True,7,10
2026-03-05,12903,Golden Temple Mail,SWM,27.9,3,3,False,False,False,True,8,10
2026-03-05,12903,Golden Temple Mail,MTJ,34.9,3,3,False,False,False,True,9,10
2026-03-05,12903,Golden Temple Mail,NDLS,58.7,3,3,False,False,False,True,10,10
2026-03-05,12925,Paschim Express,MMCT,5.3,3,3,False,False,False,True,1,9
2026-03-05,12925,Paschim Express,BVI,6.4,3,3,False,False,False,True,2,9
2026-03-05,12925,Paschim Express,ST,3.6,3,3,False,False,False,True,3,9
2026-03-05,12925,Paschim Express,BRC,12.3,3,3,False,False,False,True,4,9
2026-03-05,12925,Paschim Express,RTM,21.7,3,3,False,False,False,True,5,9
2026-03-05,12925,Paschim Express,KOTA,18.2,3,3,False,False,False,True,6,9
2026-03-05,12925,Paschim Express,SWM,13.2,3,3,False,False,False,True,7,9
2026-03-05,12925,Paschim Express,MTJ,13.7,3,3,False,False,False,True,8,9
2026-03-05,12925,Paschim Express,NDLS,29.6,3,3,False,False,False,True,9,9
2026-03-05,12909,Garib Rath,MMCT,4.2,3,3,False,False,False,True,1,6
2026-03-05,12909,Garib Rath,BVI,14.9,3,3,False,False,False,True,2,6
2026-03-05,12909,Garib Rath,ST,26.7,3,3,False,False,False,True,3,6
2026-03-05,12909,Garib Rath,BRC,33.8,3,3,False,False,False,True,4,6
2026-03-05,12909,Garib Rath,KOTA,42.9,3,3,False,False,False,True,5,6
2026-03-05,12909,Garib Rath,NDLS,70.4,3,3,False,False,False,True,6,6
2026-03-05,12137,Punjab Mail,CSMT,14.0,3,3,False,False,False,True,1,12
2026-03-05,12137,Punjab Mail,KYN,15.0,3,3,False,False,False,True,2,12
2026-03-05,12137,Punjab Mail,NMD,28.0,3,3,False,False,False,True,3,12
2026-03-05,12137,Punjab Mail,MMR,52.2,3,3,False,False,False,True,4,12
2026-03-05,12137,Punjab Mail,BSL,57.9,3,3,False,False,False,True,5,12
2026-03-05,12137,Punjab Mail,ET,70.9,3,3,False,False,False,True,6,12
2026-03-05,12137,Punjab Mail,BPL,78.8,3,3,False,False,False,True,7,12
2026-03-05,12137,Punjab Mail,JHS,89.5,3,3,False,False,False,True,8,12
2026-03-05,12137,Punjab Mail,GWL,92.7,3,3,False,False,False,True,9,12
2026-03-05,12137,Punjab Mail,AGC,97.7,3,3,False,False,False,True,10,12
2026-03-05,12137,Punjab Mail,MTJ,129.0,3,3,False,False,False,True,11,12
2026-03-05,12137,Punjab Mail,NDLS,129.0,3,3,False,False,False,True,12,12
2026-03-05,12621,Tamil Nadu Express,CSMT,9.3,3,3,False,False,False,True,1,9
2026-03-05,12621,Tamil Nadu Express,KYN,3.2,3,3,False,False,False,True,2,9
2026-03-05,12621,Tamil Nadu Express,MMR,22.6,3,3,False,False,False,True,3,9
2026-03-05,12621,Tamil Nadu Express,BSL,38.2,3,3,False,False,False,True,4,9
2026-03-05,12621,Tamil Nadu Express,ET,44.6,3,3,False,False,False,True,5,9
2026-03-05,12621,Tamil Nadu Express,BPL,47.0,3,3,False,False,False,True,6,9
2026-03-05,12621,Tamil Nadu Express,JHS,49.7,3,3,False,False,False,True,7,9
2026-03-05,12621,Tamil Nadu Express,AGC,53.9,3,3,False,False,False,True,8,9
2026-03-05,12621,Tamil Nadu Express,NDLS,63.7,3,3,False,False,False,True,9,9
2026-03-05,12261,Mumbai Duronto Central,CSMT,0.0,3,3,False,False,False,True,1,2
2026-03-05,12261,Mumbai Duronto Central,NDLS,8.3,3,3,False,False,False,True,2,2
2026-03-05,12187,Mumbai Garib Rath,CSMT,20.0,3,3,False,False,False,True,1,7
2026-03-05,12187,Mumbai Garib Rath,KYN,12.3,3,3,False,False,False,True,2,7
2026-03-05,12187,Mumbai Garib Rath,BSL,25.2,3,3,False,False,False,True,3,7
2026-03-05,12187,Mumbai Garib Rath,BPL,47.4,3,3,False,False,False,True,4,7
2026-03-05,12187,Mumbai Garib Rath,JHS,62.3,3,3,False,False,False,True,5,7
2026-03-05,12187,Mumbai Garib Rath,GWL,58.4,3,3,False,False,False,True,6,7
2026-03-05,12187,Mumbai Garib Rath,NDLS,94.1,3,3,False,False,False,True,7,7
2026-03-04,12951,Mumbai Rajdhani,MMCT,3.4,3,2,False,False,False,True,1,5
2026-03-04,12951,Mumbai Rajdhani,BRC,2.5,3,2,False,False,False,True,2,5
2026-03-04,12951,Mumbai Rajdhani,KOTA,13.7,3,2,False,False,False,True,3,5
2026-03-04,12951,Mumbai Rajdhani,SWM,24.8,3,2,False,False,False,True,4,5
2026-03-04,12951,Mumbai Rajdhani,NDLS,33.3,3,2,False,False,False,True,5,5
2026-03-04,12953,August Kranti Rajdhani,MMCT,1.7,3,2,False,False,False,True,1,6
2026-03-04,12953,August Kranti Rajdhani,ST,8.3,3,2,False,False,False,True,2,6
2026-03-04,12953,August Kranti Rajdhani,BRC,9.0,3,2,False,False,False,True,3,6
2026-03-04,12953,August Kranti Rajdhani,RTM,14.0,3,2,False,False,False,True,4,6
2026-03-04,12953,August Kranti Rajdhani,KOTA,29.9,3,2,False,False,False,True,5,6
2026-03-04,12953,August Kranti Rajdhani,NDLS,41.1,3,2,False,False,False,True,6,6
2026-03-04,12267,Mumbai Duronto,MMCT,11.5,3,2,False,False,False,True,1,2
2026-03-04,12267,Mumbai Duronto,NDLS,0.0,3,2,False,False,False,True,2,2
2026-03-04,12903,Golden Temple Mail,MMCT,17.1,3,2,False,False,False,True,1,10
2026-03-04,12903,Golden Temple Mail,BVI,7.7,3,2,False,False,False,True,2,10
2026-03-04,12903,Golden Temple Mail,BL,27.0,3,2,False,False,False,True,3,10
2026-03-04,12903,Golden Temple Mail,ST,37.7,3,2,False,False,False,True,4,10
2026-03-04,12903,Golden Temple Mail,BRC,42.2,3,2,False,False,False,True,5,10
2026-03-04,12903,Golden Temple Mail,RTM,50.0,3,2,False,False,False,True,6,10
2026-03-04,12903,Golden Temple Mail,KOTA,50.7,3,2,False,False,False,True,7,10
2026-03-04,12903,Golden Temple Mail,SWM,65.2,3,2,False,False,False,True,8,10
2026-03-04,12903,Golden Temple Mail,MTJ,69.6,3,2,False,False,False,True,9,10
2026-03-04,12903,Golden Temple Mail,NDLS,75.5,3,2,False,False,False,True,10,10
2026-03-04,12925,Paschim Express,MMCT,2.8,3,2,False,False,False,True,1,9
2026-03-04,12925,Paschim Express,BVI,0.9,3,2,False,False,False,True,2,9
2026-03-04,12925,Paschim Express,ST,8.5,3,2,False,False,False,True,3,9
2026-03-04,12925,Paschim Express,BRC,13.1,3,2,False,False,False,True,4,9
2026-03-04,12925,Paschim Express,RTM,21.6,3,2,False,False,False,True,5,9
2026-03-04,12925,Paschim Express,KOTA,42.6,3,2,False,False,False,True,6,9
2026-03-04,12925,Paschim Express,SWM,40.8,3,2,False,False,False,True,7,9
2026-03-04,12925,Paschim Express,MTJ,47.0,3,2,False,False,False,True,8,9
2026-03-04,12925,Paschim Express,NDLS,48.1,3,2,False,False,False,True,9,9
2026-03-04,12909,Garib Rath,MMCT,4.0,3,2,False,False,False,True,1,6
2026-03-04,12909,Garib Rath,BVI,0.0,3,2,False,False,False,True,2,6
2026-03-04,12909,Garib Rath,ST,0.0,3,2,False,False,False,True,3,6
2026-03-04,12909,Garib Rath,BRC,1.2,3,2,False,False,False,True,4,6
2026-03-04,12909,Garib Rath,KOTA,0.4,3,2,False,False,False,True,5,6
2026-03-04,12909,Garib Rath,NDLS,5.5,3,2,False,False,False,True,6,6
2026-03-04,12137,Punjab Mail,CSMT,15.3,3,2,False,False,False,True,1,12
2026-03-04,12137,Punjab Mail,KYN,11.7,3,2,False,False,False,True,2,12
2026-03-04,12137,Punjab Mail,NMD,30.4,3,2,False,False,False,True,3,12
2026-03-04,12137,Punjab Mail,MMR,47.6,3,2,False,False,False,True,4,12
2026-03-04,12137,Punjab Mail,BSL,61.0,3,2,False,False,False,True,5,12
2026-03-04,12137,Punjab Mail,ET,78.7,3,2,False,False,False,True,6,12
2026-03-04,12137,Punjab Mail,BPL,93.3,3,2,False,False,False,True,7,12
2026-03-04,12137,Punjab Mail,JHS,102.1,3,2,False,False,False,True,8,12
2026-03-04,12137,Punjab Mail,GWL,109.4,3,2,False,False,False,True,9,12
2026-03-04,12137,Punjab Mail,AGC,131.1,3,2,False,False,False,True,10,12
2026-03-04,12137,Punjab Mail,MTJ,132.6,3,2,False,False,False,True,11,12
2026-03-04,12137,Punjab Mail,NDLS,139.8,3,2,False,False,False,True,12,12
2026-03-04,12621,Tamil Nadu Express,CSMT,0.0,3,2,False,False,False,True,1,9
2026-03-04,12621,Tamil Nadu Express,KYN,4.1,3,2,False,False,False,True,2,9
2026-03-04,12621,Tamil Nadu Express,MMR,8.6,3,2,False,False,False,True,3,9
2026-03-04,12621,Tamil Nadu Express,BSL,32.7,3,2,False,False,False,True,4,9
2026-03-04,12621,Tamil Nadu Express,ET,34.7,3,2,False,False,False,True,5,9
2026-03-04,12621,Tamil Nadu Express,BPL,36.2,3,2,False,False,False,True,6,9
2026-03-04,12621,Tamil Nadu Express,JHS,32.9,3,2,False,False,False,True,7,9
2026-03-04,12621,Tamil Nadu Express,AGC,35.2,3,2,False,False,False,True,8,9
2026-03-04,12621,Tamil Nadu Express,NDLS,43.9,3,2,False,False,False,True,9,9
2026-03-04,12261,Mumbai Duronto Central,CSMT,0.0,3,2,False,False,False,True,1,2
2026-03-04,12261,Mumbai Duronto Central,NDLS,0.0,3,2,False,False,False,True,2,2
2026-03-04,12187,Mumbai Garib Rath,CSMT,11.6,3,2,False,False,False,True,1,7
2026-03-04,12187,Mumbai Garib Rath,KYN,12.8,3,2,False,False,False,True,2,7
2026-03-04,12187,Mumbai Garib Rath,BSL,35.7,3,2,False,False,False,True,3,7
2026-03-04,12187,Mumbai Garib Rath,BPL,52.4,3,2,False,False,False,True,4,7
2026-03-04,12187,Mumbai Garib Rath,JHS,71.7,3,2,False,False,False,True,5,7
2026-03-04,12187,Mumbai Garib Rath,GWL,66.7,3,2,False,False,False,True,6,7
2026-03-04,12187,Mumbai Garib Rath,NDLS,74.6,3,2,False,False,False,True,7,7
2026-03-03,12951,Mumbai Rajdhani,MMCT,12.2,3,1,False,False,False,True,1,5
2026-03-03,12951,Mumbai Rajdhani,BRC,20.1,3,1,False,False,False,True,2,5
2026-03-03,12951,Mumbai Rajdhani,KOTA,37.7,3,1,False,False,False,True,3,5
2026-03-03,12951,Mumbai Rajdhani,SWM,34.6,3,1,False,False,False,True,4,5
2026-03-03,12951,Mumbai Rajdhani,NDLS,50.4,3,1,False,False,False,True,5,5
2026-03-03,12953,August Kranti Rajdhani,MMCT,0.0,3,1,False,False,False,True,1,6
2026-03-03,12953,August Kranti Rajdhani,ST,0.0,3,1,False,False,False,True,2,6
2026-03-03,12953,August Kranti Rajdhani,BRC,10.1,3,1,False,False,False,True,3,6
2026-03-03,12953,August Kranti Rajdhani,RTM,18.7,3,1,False,False,False,True,4,6
2026-03-03,12953,August Kranti Rajdhani,KOTA,18.2,3,1,False,False,False,True,5,6
2026-03-03,12953,August Kranti Rajdhani,NDLS,33.0,3,1,False,False,False,True,6,6
2026-03-03,12267,Mumbai Duronto,MMCT,0.0,3,1,False,False,False,True,1,2
2026-03-03,12267,Mumbai Duronto,NDLS,10.3,3,1,False,False,False,True,2,2
2026-03-03,12903,Golden Temple Mail,MMCT,16.6,3,1,False,False,False,True,1,10
2026-03-03,12903,Golden Temple Mail,BVI,12.7,3,1,False,False,False,True,2,10
2026-03-03,12903,Golden Temple Mail,BL,12.5,3,1,False,False,False,True,3,10
2026-03-03,12903,Golden Temple Mail,ST,20.5,3,1,False,False,False,True,4,10
2026-03-03,12903,Golden Temple Mail,BRC,41.8,3,1,False,False,False,True,5,10
2026-03-03,12903,Golden Temple Mail,RTM,64.8,3,1,False,False,False,True,6,10
2026-03-03,12903,Golden Temple Mail,KOTA,82.6,3,1,False,False,False,True,7,10
2026-03-03,12903,Golden Temple Mail,SWM,90.0,3,1,False,False,False,True,8,10
2026-03-03,12903,Golden Temple Mail,MTJ,126.0,3,1,False,False,False,True,9,10
2026-03-03,12903,Golden Temple Mail,NDLS,149.1,3,1,False,False,False,True,10,10
2026-03-03,12925,Paschim Express,MMCT,7.6,3,1,False,False,False,True,1,9
2026-03-03,12925,Paschim Express,BVI,3.8,3,1,False,False,False,True,2,9
2026-03-03,12925,Paschim Express,ST,4.1,3,1,False,False,False,True,3,9
2026-03-03,12925,Paschim Express,BRC,17.2,3,1,False,False,False,True,4,9
2026-03-03,12925,Paschim Express,RTM,14.1,3,1,False,False,False,True,5,9
2026-03-03,12925,Paschim Express,KOTA,10.7,3,1,False,False,False,True,6,9
2026-03-03,12925,Paschim Express,SWM,11.4,3,1,False,False,False,True,7,9
2026-03-03,12925,Paschim Express,MTJ,22.3,3,1,False,False,False,True,8,9
2026-03-03,12925,Paschim Express,NDLS,29.3,3,1,False,False,False,True,9,9
2026-03-03,12909,Garib Rath,MMCT,8.8,3,1,False,False,False,True,1,6
2026-03-03,12909,Garib Rath,BVI,0.0,3,1,False,False,False,True,2,6
2026-03-03,12909,Garib Rath,ST,3.8,3,1,False,False,False,True,3,6
2026-03-03,12909,Garib Rath,BRC,3.2,3,1,False,False,False,True,4,6
2026-03-03,12909,Garib Rath,KOTA,9.1,3,1,False,False,False,True,5,6
2026-03-03,12909,Garib Rath,NDLS,21.6,3,1,False,False,False,True,6,6
2026-03-03,12137,Punjab Mail,CSMT,30.2,3,1,False,False,False,True,1,12
2026-03-03,12137,Punjab Mail,KYN,18.8,3,1,False,False,False,True,2,12
2026-03-03,12137,Punjab Mail,NMD,24.3,3,1,False,False,False,True,3,12
2026-03-03,12137,Punjab Mail,MMR,47.3,3,1,False,False,False,True,4,12
2026-03-03,12137,Punjab Mail,BSL,66.4,3,1,False,False,False,True,5,12
2026-03-03,12137,Punjab Mail,ET,90.4,3,1,False,False,False,True,6,12
2026-03-03,12137,Punjab Mail,BPL,112.5,3,1,False,False,False,True,7,12
2026-03-03,12137,Punjab Mail,JHS,113.0,3,1,False,False,False,True,8,12
2026-03-03,12137,Punjab Mail,GWL,130.1,3,1,False,False,False,True,9,12
2026-03-03,12137,Punjab Mail,AGC,137.2,3,1,False,False,False,True,10,12
2026-03-03,12137,Punjab Mail,MTJ,155.7,3,1,False,False,False,True,11,12
2026-03-03,12137,Punjab Mail,NDLS,186.8,3,1,False,False,False,True,12,12
2026-03-03,12621,Tamil Nadu Express,CSMT,8.1,3,1,False,False,False,True,1,9
2026-03-03,12621,Tamil Nadu Express,KYN,13.2,3,1,False,False,False,True,2,9
2026-03-03,12621,Tamil Nadu Express,MMR,20.7,3,1,False,False,False,True,3,9
2026-03-03,12621,Tamil Nadu Express,BSL,33.8,3,1,False,False,False,True,4,9
2026-03-03,12621,Tamil Nadu Express,ET,35.7,3,1,False,False,False,True,5,9
2026-03-03,12621,Tamil Nadu Express,BPL,37.3,3,1,False,False,False,True,6,9
2026-03-03,12621,Tamil Nadu Express,JHS,38.2,3,1,False,False,False,True,7,9
2026-03-03,12621,Tamil Nadu Express,AGC,33.2,3,1,False,False,False,True,8,9
2026-03-03,12621,Tamil Nadu Express,NDLS,29.6,3,1,False,False,False,True,9,9
2026-03-03,12261,Mumbai Duronto Central,CSMT,0.0,3,1,False,False,False,True,1,2
2026-03-03,12261,Mumbai Duronto Central,NDLS,7.8,3,1,False,False,False,True,2,2
2026-03-03,12187,Mumbai Garib Rath,CSMT,0.8,3,1,False,False,False,True,1,7
2026-03-03,12187,Mumbai Garib Rath,KYN,13.7,3,1,False,False,False,True,2,7
2026-03-03,12187,Mumbai Garib Rath,BSL,16.5,3,1,False,False,False,True,3,7
2026-03-03,12187,Mumbai Garib Rath,BPL,11.5,3,1,False,False,False,True,4,7
2026-03-03,12187,Mumbai Garib Rath,JHS,10.8,3,1,False,False,False,True,5,7
2026-03-03,12187,Mumbai Garib Rath,GWL,31.6,3,1,False,False,False,True,6,7
2026-03-03,12187,Mumbai Garib Rath,NDLS,46.8,3,1,False,False,False,True,7,7
2026-03-02,12951,Mumbai Rajdhani,MMCT,7.9,3,0,False,False,False,True,1,5
2026-03-02,12951,Mumbai Rajdhani,BRC,5.7,3,0,False,False,False,True,2,5
2026-03-02,12951,Mumbai Rajdhani,KOTA,6.8,3,0,False,False,False,True,3,5
2026-03-02,12951,Mumbai Rajdhani,SWM,13.2,3,0,False,False,False,True,4,5
2026-03-02,12951,Mumbai Rajdhani,NDLS,9.9,3,0,False,False,False,True,5,5
2026-03-02,12953,August Kranti Rajdhani,MMCT,0.4,3,0,False,False,False,True,1,6
2026-03-02,12953,August Kranti Rajdhani,ST,0.0,3,0,False,False,False,True,2,6
2026-03-02,12953,August Kranti Rajdhani,BRC,8.4,3,0,False,False,False,True,3,6
2026-03-02,12953,August Kranti Rajdhani,RTM,6.0,3,0,False,False,False,True,4,6
2026-03-02,12953,August Kranti Rajdhani,KOTA,14.7,3,0,False,False,False,True,5,6
2026-03-02,12953,August Kranti Rajdhani,NDLS,20.5,3,0,False,False,False,True,6,6
2026-03-02,12267,Mumbai Duronto,MMCT,0.0,3,0,False,False,False,True,1,2
2026-03-02,12267,Mumbai Duronto,NDLS,4.6,3,0,False,False,False,True,2,2
2026-03-02,12903,Golden Temple Mail,MMCT,14.5,3,0,False,False,False,True,1,10
2026-03-02,12903,Golden Temple Mail,BVI,11.6,3,0,False,False,False,True,2,10
2026-03-02,12903,Golden Temple Mail,BL,32.1,3,0,False,False,False,True,3,10
2026-03-02,12903,Golden Temple Mail,ST,45.4,3,0,False,False,False,True,4,10
2026-03-02,12903,Golden Temple Mail,BRC,60.7,3,0,False,False,False,True,5,10
2026-03-02,12903,Golden Temple Mail,RTM,72.0,3,0,False,False,False,True,6,10
2026-03-02,12903,Golden Temple Mail,KOTA,83.1,3,0,False,False,False,True,7,10
2026-03-02,12903,Golden Temple Mail,SWM,81.4,3,0,False,False,False,True,8,10
2026-03-02,12903,Golden Temple Mail,MTJ,114.1,3,0,False,False,False,True,9,10
2026-03-02,12903,Golden Temple Mail,NDLS,122.9,3,0,False,False,False,True,10,10
2026-03-02,12925,Paschim Express,MMCT,11.8,3,0,False,False,False,True,1,9
2026-03-02,12925,Paschim Express,BVI,7.2,3,0,False,False,False,True,2,9
2026-03-02,12925,Paschim Express,ST,21.2,3,0,False,False,False,True,3,9
2026-03-02,12925,Paschim Express,BRC,30.2,3,0,False,False,False,True,4,9
2026-03-02,12925,Paschim Express,RTM,32.4,3,0,False,False,False,True,5,9
2026-03-02,12925,Paschim Express,KOTA,50.5,3,0,False,False,False,True,6,9
2026-03-02,12925,Paschim Express,SWM,48.7,3,0,False,False,False,True,7,9
2026-03-02,12925,Paschim Express,MTJ,51.3,3,0,False,False,False,True,8,9
2026-03-02,12925,Paschim Express,NDLS,59.5,3,0,False,False,False,True,9,9
2026-03-02,12909,Garib Rath,MMCT,1.5,3,0,False,False,False,True,1,6
2026-03-02,12909,Garib Rath,BVI,0.0,3,0,False,False,False,True,2,6
2026-03-02,12909,Garib Rath,ST,4.7,3,0,False,False,False,True,3,6
2026-03-02,12909,Garib Rath,BRC,7.5,3,0,False,False,False,True,4,6
2026-03-02,12909,Garib Rath,KOTA,6.0,3,0,False,False,False,True,5,6
2026-03-02,12909,Garib Rath,NDLS,27.6,3,0,False,False,False,True,6,6
2026-03-02,12137,Punjab Mail,CSMT,11.1,3,0,False,False,False,True,1,12
2026-03-02,12137,Punjab Mail,KYN,18.8,3,0,False,False,False,True,2,12
2026-03-02,12137,Punjab Mail,NMD,14.1,3,0,False,False,False,True,3,12
2026-03-02,12137,Punjab Mail,MMR,14.7,3,0,False,False,False,True,4,12
2026-03-02,12137,Punjab Mail,BSL,19.5,3,0,False,False,False,True,5,12
2026-03-02,12137,Punjab Mail,ET,25.5,3,0,False,False,False,True,6,12
2026-03-02,12137,Punjab Mail,BPL,31.5,3,0,False,False,False,True,7,12
2026-03-02,12137,Punjab Mail,JHS,37.1,3,0,False,False,False,True,8,12
2026-03-02,12137,Punjab Mail,GWL,44.9,3,0,False,False,False,True,9,12
2026-03-02,12137,Punjab Mail,AGC,66.0,3,0,False,False,False,True,10,12
2026-03-02,12137,Punjab Mail,MTJ,66.5,3,0,False,False,False,True,11,12
2026-03-02,12137,Punjab Mail,NDLS,87.2,3,0,False,False,False,True,12,12
2026-03-02,12621,Tamil Nadu Express,CSMT,5.2,3,0,False,False,False,True,1,9
2026-03-02,12621,Tamil Nadu Express,KYN,17.4,3,0,False,False,False,True,2,9
2026-03-02,12621,Tamil Nadu Express,MMR,26.0,3,0,False,False,False,True,3,9
2026-03-02,12621,Tamil Nadu Express,BSL,35.8,3,0,False,False,False,True,4,9
2026-03-02,12621,Tamil Nadu Express,ET,40.9,3,0,False,False,False,True,5,9
2026-03-02,12621,Tamil Nadu Express,BPL,35.9,3,0,False,False,False,True,6,9
2026-03-02,12621,Tamil Nadu Express,JHS,53.9,3,0,False,False,False,True,7,9
2026-03-02,12621,Tamil Nadu Express,AGC,54.7,3,0,False,False,False,True,8,9
2026-03-02,12621,Tamil Nadu Express,NDLS,79.8,3,0,False,False,False,True,9,9
2026-03-02,12261,Mumbai Duronto Central,CSMT,4.2,3,0,False,False,False,True,1,2
2026-03-02,12261,Mumbai Duronto Central,NDLS,10.4,3,0,False,False,False,True,2,2
2026-03-02,12187,Mumbai Garib Rath,CSMT,7.4,3,0,False,False,False,True,1,7
2026-03-02,12187,Mumbai Garib Rath,KYN,4.0,3,0,False,False,False,True,2,7
2026-03-02,12187,Mumbai Garib Rath,BSL,12.0,3,0,False,False,False,True,3,7
2026-03-02,12187,Mumbai Garib Rath,BPL,19.4,3,0,False,False,False,True,4,7
2026-03-02,12187,Mumbai Garib Rath,JHS,28.9,3,0,False,False,False,True,5,7
2026-03-02,12187,Mumbai Garib Rath,GWL,23.9,3,0,False,False,False,True,6,7
2026-03-02,12187,Mumbai Garib Rath,NDLS,21.2,3,0,False,False,False,True,7,7
2026-03-01,12951,Mumbai Rajdhani,MMCT,0.0,3,6,True,False,False,True,1,5
2026-03-01,12951,Mumbai Rajdhani,BRC,6.7,3,6,True,False,False,True,2,5
2026-03-01,12951,Mumbai Rajdhani,KOTA,27.7,3,6,True,False,False,True,3,5
2026-03-01,12951,Mumbai Rajdhani,SWM,22.7,3,6,True,False,False,True,4,5
2026-03-01,12951,Mumbai Rajdhani,NDLS,47.0,3,6,True,False,False,True,5,5
2026-03-01,12953,August Kranti Rajdhani,MMCT,8.0,3,6,True,False,False,True,1,6
2026-03-01,12953,August Kranti Rajdhani,ST,0.0,3,6,True,False,False,True,2,6
2026-03-01,12953,August Kranti Rajdhani,BRC,21.7,3,6,True,False,False,True,3,6
2026-03-01,12953,August Kranti Rajdhani,RTM,33.6,3,6,True,False,False,True,4,6
2026-03-01,12953,August Kranti Rajdhani,KOTA,39.9,3,6,True,False,False,True,5,6
2026-03-01,12953,August Kranti Rajdhani,NDLS,41.3,3,6,True,False,False,True,6,6
2026-03-01,12267,Mumbai Duronto,MMCT,1.2,3,6,True,False,False,True,1,2
2026-03-01,12267,Mumbai Duronto,NDLS,11.6,3,6,True,False,False,True,2,2
2026-03-01,12903,Golden Temple Mail,MMCT,1.8,3,6,True,False,False,True,1,10
2026-03-01,12903,Golden Temple Mail,BVI,4.9,3,6,True,False,False,True,2,10
2026-03-01,12903,Golden Temple Mail,BL,12.0,3,6,True,False,False,True,3,10
2026-03-01,12903,Golden Temple Mail,ST,7.2,3,6,True,False,False,True,4,10
2026-03-01,12903,Golden Temple Mail,BRC,15.4,3,6,True,False,False,True,5,10
2026-03-01,12903,Golden Temple Mail,RTM,12.7,3,6,True,False,False,True,6,10
2026-03-01,12903,Golden Temple Mail,KOTA,11.1,3,6,True,False,False,True,7,10
2026-03-01,12903,Golden Temple Mail,SWM,12.0,3,6,True,False,False,True,8,10
2026-03-01,12903,Golden Temple Mail,MTJ,33.6,3,6,True,False,False,True,9,10
2026-03-01,12903,Golden Temple Mail,NDLS,32.2,3,6,True,False,False,True,10,10
2026-03-01,12925,Paschim Express,MMCT,0.0,3,6,True,False,False,True,1,9
2026-03-01,12925,Paschim Express,BVI,0.0,3,6,True,False,False,True,2,9
2026-03-01,12925,Paschim Express,ST,6.2,3,6,True,False,False,True,3,9
2026-03-01,12925,Paschim Express,BRC,1.5,3,6,True,False,False,True,4,9
2026-03-01,12925,Paschim Express,RTM,13.9,3,6,True,False,False,True,5,9
2026-03-01,12925,Paschim Express,KOTA,36.2,3,6,True,False,False,True,6,9
2026-03-01,12925,Paschim Express,SWM,37.1,3,6,True,False,False,True,7,9
2026-03-01,12925,Paschim Express,MTJ,60.3,3,6,True,False,False,True,8,9
2026-03-01,12925,Paschim Express,NDLS,60.4,3,6,True,False,False,True,9,9
2026-03-01,12909,Garib Rath,MMCT,0.0,3,6,True,False,False,True,1,6
2026-03-01,12909,Garib Rath,BVI,3.8,3,6,True,False,False,True,2,6
2026-03-01,12909,Garib Rath,ST,4.2,3,6,True,False,False,True,3,6
2026-03-01,12909,Garib Rath,BRC,27.7,3,6,True,False,False,True,4,6
2026-03-01,12909,Garib Rath,KOTA,33.4,3,6,True,False,False,True,5,6
2026-03-01,12909,Garib Rath,NDLS,48.1,3,6,True,False,False,True,6,6
2026-03-01,12137,Punjab Mail,CSMT,0.0,3,6,True,False,False,True,1,12
2026-03-01,12137,Punjab Mail,KYN,2.6,3,6,True,False,False,True,2,12
2026-03-01,12137,Punjab Mail,NMD,14.4,3,6,True,False,False,True,3,12
2026-03-01,12137,Punjab Mail,MMR,20.6,3,6,True,False,False,True,4,12
2026-03-01,12137,Punjab Mail,BSL,18.2,3,6,True,False,False,True,5,12
2026-03-01,12137,Punjab Mail,ET,14.7,3,6,True,False,False,True,6,12
2026-03-01,12137,Punjab Mail,BPL,12.5,3,6,True,False,False,True,7,12
2026-03-01,12137,Punjab Mail,JHS,21.6,3,6,True,False,False,True,8,12
2026-03-01,12137,Punjab Mail,GWL,16.6,3,6,True,False,False,True,9,12
2026-03-01,12137,Punjab Mail,AGC,18.5,3,6,True,False,False,True,10,12
2026-03-01,12137,Punjab Mail,MTJ,22.8,3,6,True,False,False,True,11,12
2026-03-01,12137,Punjab Mail,NDLS,41.9,3,6,True,False,False,True,12,12
2026-03-01,12621,Tamil Nadu Express,CSMT,9.2,3,6,True,False,False,True,1,9
2026-03-01,12621,Tamil Nadu Express,KYN,0.0,3,6,True,False,False,True,2,9
2026-03-01,12621,Tamil Nadu Express,MMR,0.0,3,6,True,False,False,True,3,9
2026-03-01,12621,Tamil Nadu Express,BSL,2.7,3,6,True,False,False,True,4,9
2026-03-01,12621,Tamil Nadu Express,ET,4.8,3,6,True,False,False,True,5,9
2026-03-01,12621,Tamil Nadu Express,BPL,14.8,3,6,True,False,False,True,6,9
2026-03-01,12621,Tamil Nadu Express,JHS,19.0,3,6,True,False,False,True,7,9
2026-03-01,12621,Tamil Nadu Express,AGC,17.5,3,6,True,False,False,True,8,9
2026-03-01,12621,Tamil Nadu Express,NDLS,41.8,3,6,True,False,False,True,9,9
2026-03-01,12261,Mumbai Duronto Central,CSMT,7.7,3,6,True,False,False,True,1,2
2026-03-01,12261,Mumbai Duronto Central,NDLS,3.9,3,6,True,False,False,True,2,2
2026-03-01,12187,Mumbai Garib Rath,CSMT,1.6,3,6,True,False,False,True,1,7
2026-03-01,12187,Mumbai Garib Rath,KYN,16.7,3,6,True,False,False,True,2,7
2026-03-01,12187,Mumbai Garib Rath,BSL,18.7,3,6,True,False,False,True,3,7
2026-03-01,12187,Mumbai Garib Rath,BPL,16.1,3,6,True,False,False,True,4,7
2026-03-01,12187,Mumbai Garib Rath,JHS,18.4,3,6,True,False,False,True,5,7
2026-03-01,12187,Mumbai Garib Rath,GWL,13.4,3,6,True,False,False,True,6,7
2026-03-01,12187,Mumbai Garib Rath,NDLS,25.9,3,6,True,False,False,True,7,7
2026-02-28,12951,Mumbai Rajdhani,MMCT,4.0,2,5,True,False,False,False,1,5
2026-02-28,12951,Mumbai Rajdhani,BRC,10.6,2,5,True,False,False,False,2,5
2026-02-28,12951,Mumbai Rajdhani,KOTA,22.0,2,5,True,False,False,False,3,5
2026-02-28,12951,Mumbai Rajdhani,SWM,28.0,2,5,True,False,False,False,4,5
2026-02-28,12951,Mumbai Rajdhani,NDLS,35.6,2,5,True,False,False,False,5,5
2026-02-28,12953,August Kranti Rajdhani,MMCT,6.9,2,5,True,False,False,False,1,6
2026-02-28,12953,August Kranti Rajdhani,ST,2.4,2,5,True,False,False,False,2,6
2026-02-28,12953,August Kranti Rajdhani,BRC,4.9,2,5,True,False,False,False,3,6
2026-02-28,12953,August Kranti Rajdhani,RTM,8.9,2,5,True,False,False,False,4,6
2026-02-28,12953,August Kranti Rajdhani,KOTA,43.7,2,5,True,False,False,False,5,6
2026-02-28,12953,August Kranti Rajdhani,NDLS,58.3,2,5,True,False,False,False,6,6
2026-02-28,12267,Mumbai Duronto,MMCT,7.4,2,5,True,False,False,False,1,2
2026-02-28,12267,Mumbai Duronto,NDLS,22.0,2,5,True,False,False,False,2,2
2026-02-28,12903,Golden Temple Mail,MMCT,6.7,2,5,True,False,False,False,1,10
2026-02-28,12903,Golden Temple Mail,BVI,12.3,2,5,True,False,False,False,2,10
2026-02-28,12903,Golden Temple Mail,BL,7.7,2,5,True,False,False,False,3,10
2026-02-28,12903,Golden Temple Mail,ST,5.0,2,5,True,False,False,False,4,10
2026-02-28,12903,Golden Temple Mail,BRC,2.8,2,5,True,False,False,False,5,10
2026-02-28,12903,Golden Temple Mail,RTM,35.7,2,5,True,False,False,False,6,10
2026-02-28,12903,Golden Temple Mail,KOTA,32.1,2,5,True,False,False,False,7,10
2026-02-28,12903,Golden Temple Mail,SWM,32.4,2,5,True,False,False,False,8,10
2026-02-28,12903,Golden Temple Mail,MTJ,43.2,2,5,True,False,False,False,9,10
2026-02-28,12903,Golden Temple Mail,NDLS,46.6,2,5,True,False,False,False,10,10
2026-02-28,12925,Paschim Express,MMCT,12.3,2,5,True,False,False,False,1,9
2026-02-28,12925,Paschim Express,BVI,13.6,2,5,True,False,False,False,2,9
2026-02-28,12925,Paschim Express,ST,11.0,2,5,True,False,False,False,3,9
2026-02-28,12925,Paschim Express,BRC,26.3,2,5,True,False,False,False,4,9
2026-02-28,12925,Paschim Express,RTM,41.3,2,5,True,False,False,False,5,9
2026-02-28,12925,Paschim Express,KOTA,67.5,2,5,True,False,False,False,6,9
2026-02-28,12925,Paschim Express,SWM,62.5,2,5,True,False,False,False,7,9
2026-02-28,12925,Paschim Express,MTJ,72.1,2,5,True,False,False,False,8,9
2026-02-28,12925,Paschim Express,NDLS,83.8,2,5,True,False,False,False,9,9
2026-02-28,12909,Garib Rath,MMCT,6.9,2,5,True,False,False,False,1,6
2026-02-28,12909,Garib Rath,BVI,7.1,2,5,True,False,False,False,2,6
2026-02-28,12909,Garib Rath,ST,25.9,2,5,True,False,False,False,3,6
2026-02-28,12909,Garib Rath,BRC,38.4,2,5,True,False,False,False,4,6
2026-02-28,12909,Garib Rath,KOTA,49.1,2,5,True,False,False,False,5,6
2026-02-28,12909,Garib Rath,NDLS,54.5,2,5,True,False,False,False,6,6
2026-02-28,12137,Punjab Mail,CSMT,0.8,2,5,True,False,False,False,1,12
2026-02-28,12137,Punjab Mail,KYN,8.9,2,5,True,False,False,False,2,12
2026-02-28,12137,Punjab Mail,NMD,9.2,2,5,True,False,False,False,3,12
2026-02-28,12137,Punjab Mail,MMR,12.4,2,5,True,False,False,False,4,12
2026-02-28,12137,Punjab Mail,BSL,23.1,2,5,True,False,False,False,5,12
2026-02-28,12137,Punjab Mail,ET,22.9,2,5,True,False,False,False,6,12
2026-02-28,12137,Punjab Mail,BPL,20.7,2,5,True,False,False,False,7,12
2026-02-28,12137,Punjab Mail,JHS,23.4,2,5,True,False,False,False,8,12
2026-02-28,12137,Punjab Mail,GWL,24.3,2,5,True,False,False,False,9,12
2026-02-28,12137,Punjab Mail,AGC,26.4,2,5,True,False,False,False,10,12
2026-02-28,12137,Punjab Mail,MTJ,37.9,2,5,True,False,False,False,11,12
2026-02-28,12137,Punjab Mail,NDLS,47.4,2,5,True,False,False,False,12,12
2026-02-28,12621,Tamil Nadu Express,CSMT,0.0,2,5,True,False,False,False,1,9
2026-02-28,12621,Tamil Nadu Express,KYN,5.5,2,5,True,False,False,False,2,9
2026-02-28,12621,Tamil Nadu Express,MMR,30.9,2,5,True,False,False,False,3,9
2026-02-28,12621,Tamil Nadu Express,BSL,33.0,2,5,True,False,False,False,4,9
2026-02-28,12621,Tamil Nadu Express,ET,33.9,2,5,True,False,False,False,5,9
2026-02-28,12621,Tamil Nadu Express,BPL,28.9,2,5,True,False,False,False,6,9
2026-02-28,12621,Tamil Nadu Express,JHS,39.5,2,5,True,False,False,False,7,9
2026-02-28,12621,Tamil Nadu Express,AGC,35.7,2,5,True,False,False,False,8,9
2026-02-28,12621,Tamil Nadu Express,NDLS,37.2,2,5,True,False,False,False,9,9
2026-02-28,12261,Mumbai Duronto Central,CSMT,13.0,2,5,True,False,False,False,1,2
2026-02-28,12261,Mumbai Duronto Central,NDLS,16.5,2,5,True,False,False,False,2,2
2026-02-28,12187,Mumbai Garib Rath,CSMT,12.8,2,5,True,False,False,False,1,7
2026-02-28,12187,Mumbai Garib Rath,KYN,11.2,2,5,True,False,False,False,2,7
2026-02-28,12187,Mumbai Garib Rath,BSL,26.0,2,5,True,False,False,False,3,7
2026-02-28,12187,Mumbai Garib Rath,BPL,21.0,2,5,True,False,False,False,4,7
2026-02-28,12187,Mumbai Garib Rath,JHS,22.7,2,5,True,False,False,False,5,7
2026-02-28,12187,Mumbai Garib Rath,GWL,33.0,2,5,True,False,False,False,6,7
2026-02-28,12187,Mumbai Garib Rath,NDLS,35.3,2,5,True,False,False,False,7,7
2026-02-27,12951,Mumbai Rajdhani,MMCT,0.0,2,4,False,False,False,False,1,5
2026-02-27,12951,Mumbai Rajdhani,BRC,8.4,2,4,False,False,False,False,2,5
2026-02-27,12951,Mumbai Rajdhani,KOTA,4.3,2,4,False,False,False,False,3,5
2026-02-27,12951,Mumbai Rajdhani,SWM,0.0,2,4,False,False,False,False,4,5
2026-02-27,12951,Mumbai Rajdhani,NDLS,11.7,2,4,False,False,False,False,5,5
2026-02-27,12953,August Kranti Rajdhani,MMCT,2.8,2,4,False,False,False,False,1,6
2026-02-27,12953,August Kranti Rajdhani,ST,6.3,2,4,False,False,False,False,2,6
2026-02-27,12953,August Kranti Rajdhani,BRC,18.5,2,4,False,False,False,False,3,6
2026-02-27,12953,August Kranti Rajdhani,RTM,33.7,2,4,False,False,False,False,4,6
2026-02-27,12953,August Kranti Rajdhani,KOTA,45.8,2,4,False,False,False,False,5,6
2026-02-27,12953,August Kranti Rajdhani,NDLS,51.8,2,4,False,False,False,False,6,6
2026-02-27,12267,Mumbai Duronto,MMCT,8.1,2,4,False,False,False,False,1,2
2026-02-27,12267,Mumbai Duronto,NDLS,0.0,2,4,False,False,False,False,2,2
2026-02-27,12903,Golden Temple Mail,MMCT,0.0,2,4,False,False,False,False,1,10
2026-02-27,12903,Golden Temple Mail,BVI,3.0,2,4,False,False,False,False,2,10
2026-02-27,12903,Golden Temple Mail,BL,0.0,2,4,False,False,False,False,3,10
2026-02-27,12903,Golden Temple Mail,ST,8.3,2,4,False,False,False,False,4,10
2026-02-27,12903,Golden Temple Mail,BRC,16.0,2,4,False,False,False,False,5,10
2026-02-27,12903,Golden Temple Mail,RTM,23.3,2,4,False,False,False,False,6,10
2026-02-27,12903,Golden Temple Mail,KOTA,22.3,2,4,False,False,False,False,7,10
2026-02-27,12903,Golden Temple Mail,SWM,22.2,2,4,False,False,False,False,8,10
2026-02-27,12903,Golden Temple Mail,MTJ,39.3,2,4,False,False,False,False,9,10
2026-02-27,12903,Golden Temple Mail,NDLS,47.4,2,4,False,False,False,False,10,10
2026-02-27,12925,Paschim Express,MMCT,7.6,2,4,False,False,False,False,1,9
2026-02-27,12925,Paschim Express,BVI,10.3,2,4,False,False,False,False,2,9
2026-02-27,12925,Paschim Express,ST,7.6,2,4,False,False,False,False,3,9
2026-02-27,12925,Paschim Express,BRC,10.2,2,4,False,False,False,False,4,9
2026-02-27,12925,Paschim Express,RTM,11.8,2,4,False,False,False,False,5,9
2026-02-27,12925,Paschim Express,KOTA,13.4,2,4,False,False,False,False,6,9
2026-02-27,12925,Paschim Express,SWM,18.2,2,4,False,False,False,False,7,9
2026-02-27,12925,Paschim Express,MTJ,25.1,2,4,False,False,False,False,8,9
2026-02-27,12925,Paschim Express,NDLS,39.8,2,4,False,False,False,False,9,9
2026-02-27,12909,Garib Rath,MMCT,0.0,2,4,False,False,False,False,1,6
2026-02-27,12909,Garib Rath,BVI,10.2,2,4,False,False,False,False,2,6
2026-02-27,12909,Garib Rath,ST,13.2,2,4,False,False,False,False,3,6
2026-02-27,12909,Garib Rath,BRC,19.0,2,4,False,False,False,False,4,6
2026-02-27,12909,Garib Rath,KOTA,20.6,2,4,False,False,False,False,5,6
2026-02-27,12909,Garib Rath,NDLS,37.2,2,4,False,False,False,False,6,6
2026-02-27,12137,Punjab Mail,CSMT,0.0,2,4,False,False,False,False,1,12
2026-02-27,12137,Punjab Mail,KYN,9.3,2,4,False,False,False,False,2,12
2026-02-27,12137,Punjab Mail,NMD,13.6,2,4,False,False,False,False,3,12
2026-02-27,12137,Punjab Mail,MMR,18.6,2,4,False,False,False,False,4,12
2026-02-27,12137,Punjab Mail,BSL,14.4,2,4,False,False,False,False,5,12
2026-02-27,12137,Punjab Mail,ET,13.7,2,4,False,False,False,False,6,12
2026-02-27,12137,Punjab Mail,BPL,19.4,2,4,False,False,False,False,7,12
2026-02-27,12137,Punjab Mail,JHS,20.5,2,4,False,False,False,False,8,12
2026-02-27,12137,Punjab Mail,GWL,15.5,2,4,False,False,False,False,9,12
2026-02-27,12137,Punjab Mail,AGC,16.5,2,4,False,False,False,False,10,12
2026-02-27,12137,Punjab Mail,MTJ,20.9,2,4,False,False,False,False,11,12
2026-02-27,12137,Punjab Mail,NDLS,33.2,2,4,False,False,False,False,12,12
2026-02-27,12621,Tamil Nadu Express,CSMT,2.6,2,4,False,False,False,False,1,9
2026-02-27,12621,Tamil Nadu Express,KYN,0.0,2,4,False,False,False,False,2,9
2026-02-27,12621,Tamil Nadu Express,MMR,8.1,2,4,False,False,False,False,3,9
2026-02-27,12621,Tamil Nadu Express,BSL,19.5,2,4,False,False,False,False,4,9
2026-02-27,12621,Tamil Nadu Express,ET,26.3,2,4,False,False,False,False,5,9
2026-02-27,12621,Tamil Nadu Express,BPL,44.3,2,4,False,False,False,False,6,9
2026-02-27,12621,Tamil Nadu Express,JHS,60.1,2,4,False,False,False,False,7,9
2026-02-27,12621,Tamil Nadu Express,AGC,62.1,2,4,False,False,False,False,8,9
2026-02-27,12621,Tamil Nadu Express,NDLS,59.4,2,4,False,False,False,False,9,9
2026-02-27,12261,Mumbai Duronto Central,CSMT,0.0,2,4,False,False,False,False,1,2
2026-02-27,12261,Mumbai Duronto Central,NDLS,2.7,2,4,False,False,False,False,2,2
2026-02-27,12187,Mumbai Garib Rath,CSMT,14.4,2,4,False,False,False,False,1,7
2026-02-27,12187,Mumbai Garib Rath,KYN,21.8,2,4,False,False,False,False,2,7
2026-02-27,12187,Mumbai Garib Rath,BSL,24.2,2,4,False,False,False,False,3,7
2026-02-27,12187,Mumbai Garib Rath,BPL,34.4,2,4,False,False,False,False,4,7
2026-02-27,12187,Mumbai Garib Rath,JHS,40.8,2,4,False,False,False,False,5,7
2026-02-27,12187,Mumbai Garib Rath,GWL,36.2,2,4,False,False,False,False,6,7
2026-02-27,12187,Mumbai Garib Rath,NDLS,44.6,2,4,False,False,False,False,7,7
2026-02-26,12951,Mumbai Rajdhani,MMCT,9.1,2,3,False,False,False,False,1,5
2026-02-26,12951,Mumbai Rajdhani,BRC,13.4,2,3,False,False,False,False,2,5
2026-02-26,12951,Mumbai Rajdhani,KOTA,17.3,2,3,False,False,False,False,3,5
2026-02-26,12951,Mumbai Rajdhani,SWM,12.3,2,3,False,False,False,False,4,5
2026-02-26,12951,Mumbai Rajdhani,NDLS,21.6,2,3,False,False,False,False,5,5
2026-02-26,12953,August Kranti Rajdhani,MMCT,9.2,2,3,False,False,False,False,1,6
2026-02-26,12953,August Kranti Rajdhani,ST,7.3,2,3,False,False,False,False,2,6
2026-02-26,12953,August Kranti Rajdhani,BRC,10.8,2,3,False,False,False,False,3,6
2026-02-26,12953,August Kranti Rajdhani,RTM,23.8,2,3,False,False,False,False,4,6
2026-02-26,12953,August Kranti Rajdhani,KOTA,20.7,2,3,False,False,False,False,5,6
2026-02-26,12953,August Kranti Rajdhani,NDLS,20.2,2,3,False,False,False,False,6,6
2026-02-26,12267,Mumbai Duronto,MMCT,4.7,2,3,False,False,False,False,1,2
2026-02-26,12267,Mumbai Duronto,NDLS,0.0,2,3,False,False,False,False,2,2
2026-02-26,12903,Golden Temple Mail,MMCT,5.8,2,3,False,False,False,False,1,10
2026-02-26,12903,Golden Temple Mail,BVI,19.1,2,3,False,False,False,False,2,10
2026-02-26,12903,Golden Temple Mail,BL,32.3,2,3,False,False,False,False,3,10
2026-02-26,12903,Golden Temple Mail,ST,36.3,2,3,False,False,False,False,4,10
2026-02-26,12903,Golden Temple Mail,BRC,43.3,2,3,False,False,False,False,5,10
2026-02-26,12903,Golden Temple Mail,RTM,49.0,2,3,False,False,False,False,6,10
2026-02-26,12903,Golden Temple Mail,KOTA,57.1,2,3,False,False,False,False,7,10
2026-02-26,12903,Golden Temple Mail,SWM,68.4,2,3,False,False,False,False,8,10
2026-02-26,12903,Golden Temple Mail,MTJ,97.3,2,3,False,False,False,False,9,10
2026-02-26,12903,Golden Temple Mail,NDLS,102.5,2,3,False,False,False,False,10,10
2026-02-26,12925,Paschim Express,MMCT,9.6,2,3,False,False,False,False,1,9
2026-02-26,12925,Paschim Express,BVI,19.7,2,3,False,False,False,False,2,9
2026-02-26,12925,Paschim Express,ST,25.8,2,3,False,False,False,False,3,9
2026-02-26,12925,Paschim Express,BRC,42.8,2,3,False,False,False,False,4,9
2026-02-26,12925,Paschim Express,RTM,47.4,2,3,False,False,False,False,5,9
2026-02-26,12925,Paschim Express,KOTA,63.1,2,3,False,False,False,False,6,9
2026-02-26,12925,Paschim Express,SWM,66.3,2,3,False,False,False,False,7,9
2026-02-26,12925,Paschim Express,MTJ,82.7,2,3,False,False,False,False,8,9
2026-02-26,12925,Paschim Express,NDLS,79.9,2,3,False,False,False,False,9,9
2026-02-26,12909,Garib Rath,MMCT,0.0,2,3,False,False,False,False,1,6
2026-02-26,12909,Garib Rath,BVI,0.0,2,3,False,False,False,False,2,6
2026-02-26,12909,Garib Rath,ST,6.5,2,3,False,False,False,False,3,6
2026-02-26,12909,Garib Rath,BRC,21.8,2,3,False,False,False,False,4,6
2026-02-26,12909,Garib Rath,KOTA,33.4,2,3,False,False,False,False,5,6
2026-02-26,12909,Garib Rath,NDLS,49.7,2,3,False,False,False,False,6,6
2026-02-26,12137,Punjab Mail,CSMT,5.8,2,3,False,False,False,False,1,12
2026-02-26,12137,Punjab Mail,KYN,0.0,2,3,False,False,False,False,2,12
2026-02-26,12137,Punjab Mail,NMD,0.0,2,3,False,False,False,False,3,12
2026-02-26,12137,Punjab Mail,MMR,4.5,2,3,False,False,False,False,4,12
2026-02-26,12137,Punjab Mail,BSL,12.3,2,3,False,False,False,False,5,12
2026-02-26,12137,Punjab Mail,ET,20.1,2,3,False,False,False,False,6,12
2026-02-26,12137,Punjab Mail,BPL,33.1,2,3,False,False,False,False,7,12
2026-02-26,12137,Punjab Mail,JHS,46.8,2,3,False,False,False,False,8,12
2026-02-26,12137,Punjab Mail,GWL,41.8,2,3,False,False,False,False,9,12
2026-02-26,12137,Punjab Mail,AGC,38.3,2,3,False,False,False,False,10,12
2026-02-26,12137,Punjab Mail,MTJ,54.6,2,3,False,False,False,False,11,12
2026-02-26,12137,Punjab Mail,NDLS,65.3,2,3,False,False,False,False,12,12
2026-02-26,12621,Tamil Nadu Express,CSMT,0.0,2,3,False,False,False,False,1,9
2026-02-26,12621,Tamil Nadu Express,KYN,21.6,2,3,False,False,False,False,2,9
2026-02-26,12621,Tamil Nadu Express,MMR,30.6,2,3,False,False,False,False,3,9
2026-02-26,12621,Tamil Nadu Express,BSL,51.8,2,3,False,False,False,False,4,9
2026-02-26,12621,Tamil Nadu Express,ET,67.6,2,3,False,False,False,False,5,9
2026-02-26,12621,Tamil Nadu Express,BPL,69.7,2,3,False,False,False,False,6,9
2026-02-26,12621,Tamil Nadu Express,JHS,75.3,2,3,False,False,False,False,7,9
2026-02-26,12621,Tamil Nadu Express,AGC,77.8,2,3,False,False,False,False,8,9
2026-02-26,12621,Tamil Nadu Express,NDLS,83.3,2,3,False,False,False,False,9,9
2026-02-26,12261,Mumbai Duronto Central,CSMT,7.1,2,3,False,False,False,False,1,2
2026-02-26,12261,Mumbai Duronto Central,NDLS,11.2,2,3,False,False,False,False,2,2
2026-02-26,12187,Mumbai Garib Rath,CSMT,5.1,2,3,False,False,False,False,1,7
2026-02-26,12187,Mumbai Garib Rath,KYN,9.6,2,3,False,False,False,False,2,7
2026-02-26,12187,Mumbai Garib Rath,BSL,34.6,2,3,False,False,False,False,3,7
2026-02-26,12187,Mumbai Garib Rath,BPL,30.8,2,3,False,False,False,False,4,7
2026-02-26,12187,Mumbai Garib Rath,JHS,51.9,2,3,False,False,False,False,5,7
2026-02-26,12187,Mumbai Garib Rath,GWL,60.8,2,3,False,False,False,False,6,7
2026-02-26,12187,Mumbai Garib Rath,NDLS,62.0,2,3,False,False,False,False,7,7
2026-02-25,12951,Mumbai Rajdhani,MMCT,0.0,2,2,False,False,False,False,1,5
2026-02-25,12951,Mumbai Rajdhani,BRC,3.0,2,2,False,False,False,False,2,5
2026-02-25,12951,Mumbai Rajdhani,KOTA,5.6,2,2,False,False,False,False,3,5
2026-02-25,12951,Mumbai Rajdhani,SWM,4.1,2,2,False,False,False,False,4,5
2026-02-25,12951,Mumbai Rajdhani,NDLS,0.9,2,2,False,False,False,False,5,5
2026-02-25,12953,August Kranti Rajdhani,MMCT,5.9,2,2,False,False,False,False,1,6
2026-02-25,12953,August Kranti Rajdhani,ST,4.4,2,2,False,False,False,False,2,6
2026-02-25,12953,August Kranti Rajdhani,BRC,17.2,2,2,False,False,False,False,3,6
2026-02-25,12953,August Kranti Rajdhani,RTM,25.3,2,2,False,False,False,False,4,6
2026-02-25,12953,August Kranti Rajdhani,KOTA,25.1,2,2,False,False,False,False,5,6
2026-02-25,12953,August Kranti Rajdhani,NDLS,27.0,2,2,False,False,False,False,6,6
2026-02-25,12267,Mumbai Duronto,MMCT,11.1,2,2,False,False,False,False,1,2
2026-02-25,12267,Mumbai Duronto,NDLS,0.0,2,2,False,False,False,False,2,2
2026-02-25,12903,Golden Temple Mail,MMCT,10.6,2,2,False,False,False,False,1,10
2026-02-25,12903,Golden Temple Mail,BVI,23.0,2,2,False,False,False,False,2,10
2026-02-25,12903,Golden Temple Mail,BL,31.7,2,2,False,False,False,False,3,10
2026-02-25,12903,Golden Temple Mail,ST,41.7,2,2,False,False,False,False,4,10
2026-02-25,12903,Golden Temple Mail,BRC,70.7,2,2,False,False,False,False,5,10
2026-02-25,12903,Golden Temple Mail,RTM,77.5,2,2,False,False,False,False,6,10
2026-02-25,12903,Golden Temple Mail,KOTA,77.2,2,2,False,False,False,False,7,10
2026-02-25,12903,Golden Temple Mail,SWM,80.7,2,2,False,False,False,False,8,10
2026-02-25,12903,Golden Temple Mail,MTJ,97.7,2,2,False,False,False,False,9,10
2026-02-25,12903,Golden Temple Mail,NDLS,118.2,2,2,False,False,False,False,10,10
2026-02-25,12925,Paschim Express,MMCT,9.8,2,2,False,False,False,False,1,9
2026-02-25,12925,Paschim Express,BVI,0.0,2,2,False,False,False,False,2,9
2026-02-25,12925,Paschim Express,ST,0.8,2,2,False,False,False,False,3,9
2026-02-25,12925,Paschim Express,BRC,33.7,2,2,False,False,False,False,4,9
2026-02-25,12925,Paschim Express,RTM,37.4,2,2,False,False,False,False,5,9
2026-02-25,12925,Paschim Express,KOTA,43.3,2,2,False,False,False,False,6,9
2026-02-25,12925,Paschim Express,SWM,57.4,2,2,False,False,False,False,7,9
2026-02-25,12925,Paschim Express,MTJ,59.3,2,2,False,False,False,False,8,9
2026-02-25,12925,Paschim Express,NDLS,61.6,2,2,False,False,False,False,9,9
2026-02-25,12909,Garib Rath,MMCT,0.0,2,2,False,False,False,False,1,6
2026-02-25,12909,Garib Rath,BVI,12.8,2,2,False,False,False,False,2,6
2026-02-25,12909,Garib Rath,ST,11.1,2,2,False,False,False,False,3,6
2026-02-25,12909,Garib Rath,BRC,7.2,2,2,False,False,False,False,4,6
2026-02-25,12909,Garib Rath,KOTA,3.4,2,2,False,False,False,False,5,6
2026-02-25,12909,Garib Rath,NDLS,13.1,2,2,False,False,False,False,6,6
2026-02-25,12137,Punjab Mail,CSMT,5.4,2,2,False,False,False,False,1,12
2026-02-25,12137,Punjab Mail,KYN,0.0,2,2,False,False,False,False,2,12
2026-02-25,12137,Punjab Mail,NMD,0.0,2,2,False,False,False,False,3,12
2026-02-25,12137,Punjab Mail,MMR,14.4,2,2,False,False,False,False,4,12
2026-02-25,12137,Punjab Mail,BSL,14.2,2,2,False,False,False,False,5,12
2026-02-25,12137,Punjab Mail,ET,13.2,2,2,False,False,False,False,6,12
2026-02-25,12137,Punjab Mail,BPL,14.1,2,2,False,False,False,False,7,12
2026-02-25,12137,Punjab Mail,JHS,19.4,2,2,False,False,False,False,8,12
2026-02-25,12137,Punjab Mail,GWL,34.6,2,2,False,False,False,False,9,12
2026-02-25,12137,Punjab Mail,AGC,34.2,2,2,False,False,False,False,10,12
2026-02-25,12137,Punjab Mail,MTJ,31.9,2,2,False,False,False,False,11,12
2026-02-25,12137,Punjab Mail,NDLS,29.6,2,2,False,False,False,False,12,12
2026-02-25,12621,Tamil Nadu Express,CSMT,13.1,2,2,False,False,False,False,1,9
2026-02-25,12621,Tamil Nadu Express,KYN,18.7,2,2,False,False,False,False,2,9
2026-02-25,12621,Tamil Nadu Express,MMR,21.0,2,2,False,False,False,False,3,9
2026-02-25,12621,Tamil Nadu Express,BSL,27.1,2,2,False,False,False,False,4,9
2026-02-25,12621,Tamil Nadu Express,ET,45.3,2,2,False,False,False,False,5,9
2026-02-25,12621,Tamil Nadu Express,BPL,57.1,2,2,False,False,False,False,6,9
2026-02-25,12621,Tamil Nadu Express,JHS,57.4,2,2,False,False,False,False,7,9
2026-02-25,12621,Tamil Nadu Express,AGC,52.4,2,2,False,False,False,False,8,9
2026-02-25,12621,Tamil Nadu Express,NDLS,62.3,2,2,False,False,False,False,9,9
2026-02-25,12261,Mumbai Duronto Central,CSMT,0.0,2,2,False,False,False,False,1,2
2026-02-25,12261,Mumbai Duronto Central,NDLS,12.5,2,2,False,False,False,False,2,2
2026-02-25,12187,Mumbai Garib Rath,CSMT,0.1,2,2,False,False,False,False,1,7
2026-02-25,12187,Mumbai Garib Rath,KYN,0.0,2,2,False,False,False,False,2,7
2026-02-25,12187,Mumbai Garib Rath,BSL,13.0,2,2,False,False,False,False,3,7
2026-02-25,12187,Mumbai Garib Rath,BPL,20.3,2,2,False,False,False,False,4,7
2026-02-25,12187,Mumbai Garib Rath,JHS,28.6,2,2,False,False,False,False,5,7
2026-02-25,12187,Mumbai Garib Rath,GWL,33.3,2,2,False,False,False,False,6,7
2026-02-25,12187,Mumbai Garib Rath,NDLS,40.7,2,2,False,False,False,False,7,7
2026-02-24,12951,Mumbai Rajdhani,MMCT,3.8,2,1,False,False,False,False,1,5
2026-02-24,12951,Mumbai Rajdhani,BRC,0.0,2,1,False,False,False,False,2,5
2026-02-24,12951,Mumbai Rajdhani,KOTA,3.2,2,1,False,False,False,False,3,5
2026-02-24,12951,Mumbai Rajdhani,SWM,3.3,2,1,False,False,False,False,4,5
2026-02-24,12951,Mumbai Rajdhani,NDLS,26.7,2,1,False,False,False,False,5,5
2026-02-24,12953,August Kranti Rajdhani,MMCT,0.0,2,1,False,False,False,False,1,6
2026-02-24,12953,August Kranti Rajdhani,ST,0.0,2,1,False,False,False,False,2,6
2026-02-24,12953,August Kranti Rajdhani,BRC,12.5,2,1,False,False,False,False,3,6
2026-02-24,12953,August Kranti Rajdhani,RTM,26.2,2,1,False,False,False,False,4,6
2026-02-24,12953,August Kranti Rajdhani,KOTA,32.6,2,1,False,False,False,False,5,6
2026-02-24,12953,August Kranti Rajdhani,NDLS,29.4,2,1,False,False,False,False,6,6
2026-02-24,12267,Mumbai Duronto,MMCT,9.3,2,1,False,False,False,False,1,2
2026-02-24,12267,Mumbai Duronto,NDLS,22.1,2,1,False,False,False,False,2,2
2026-02-24,12903,Golden Temple Mail,MMCT,6.4,2,1,False,False,False,False,1,10
2026-02-24,12903,Golden Temple Mail,BVI,4.6,2,1,False,False,False,False,2,10
2026-02-24,12903,Golden Temple Mail,BL,14.9,2,1,False,False,False,False,3,10
2026-02-24,12903,Golden Temple Mail,ST,9.9,2,1,False,False,False,False,4,10
2026-02-24,12903,Golden Temple Mail,BRC,27.7,2,1,False,False,False,False,5,10
2026-02-24,12903,Golden Temple Mail,RTM,42.1,2,1,False,False,False,False,6,10
2026-02-24,12903,Golden Temple Mail,KOTA,55.8,2,1,False,False,False,False,7,10
2026-02-24,12903,Golden Temple Mail,SWM,50.8,2,1,False,False,False,False,8,10
2026-02-24,12903,Golden Temple Mail,MTJ,64.0,2,1,False,False,False,False,9,10
2026-02-24,12903,Golden Temple Mail,NDLS,60.2,2,1,False,False,False,False,10,10
2026-02-24,12925,Paschim Express,MMCT,1.9,2,1,False,False,False,False,1,9
2026-02-24,12925,Paschim Express,BVI,0.0,2,1,False,False,False,False,2,9
2026-02-24,12925,Paschim Express,ST,11.7,2,1,False,False,False,False,3,9
2026-02-24,12925,Paschim Express,BRC,12.4,2,1,False,False,False,False,4,9
2026-02-24,12925,Paschim Express,RTM,12.6,2,1,False,False,False,False,5,9
2026-02-24,12925,Paschim Express,KOTA,29.7,2,1,False,False,False,False,6,9
2026-02-24,12925,Paschim Express,SWM,27.0,2,1,False,False,False,False,7,9
2026-02-24,12925,Paschim Express,MTJ,44.9,2,1,False,False,False,False,8,9
2026-02-24,12925,Paschim Express,NDLS,46.6,2,1,False,False,False,False,9,9
2026-02-24,12909,Garib Rath,MMCT,2.8,2,1,False,False,False,False,1,6
2026-02-24,12909,Garib Rath,BVI,2.5,2,1,False,False,False,False,2,6
2026-02-24,12909,Garib Rath,ST,0.0,2,1,False,False,False,False,3,6
2026-02-24,12909,Garib Rath,BRC,0.0,2,1,False,False,False,False,4,6
2026-02-24,12909,Garib Rath,KOTA,0.0,2,1,False,False,False,False,5,6
2026-02-24,12909,Garib Rath,NDLS,24.3,2,1,False,False,False,False,6,6
2026-02-24,12137,Punjab Mail,CSMT,0.0,2,1,False,False,False,False,1,12
2026-02-24,12137,Punjab Mail,KYN,13.0,2,1,False,False,False,False,2,12
2026-02-24,12137,Punjab Mail,NMD,22.7,2,1,False,False,False,False,3,12
2026-02-24,12137,Punjab Mail,MMR,46.5,2,1,False,False,False,False,4,12
2026-02-24,12137,Punjab Mail,BSL,43.6,2,1,False,False,False,False,5,12
2026-02-24,12137,Punjab Mail,ET,42.5,2,1,False,False,False,False,6,12
2026-02-24,12137,Punjab Mail,BPL,44.2,2,1,False,False,False,False,7,12
2026-02-24,12137,Punjab Mail,JHS,43.1,2,1,False,False,False,False,8,12
2026-02-24,12137,Punjab Mail,GWL,48.5,2,1,False,False,False,False,9,12
2026-02-24,12137,Punjab Mail,AGC,52.7,2,1,False,False,False,False,10,12
2026-02-24,12137,Punjab Mail,MTJ,49.2,2,1,False,False,False,False,11,12
2026-02-24,12137,Punjab Mail,NDLS,46.2,2,1,False,False,False,False,12,12
2026-02-24,12621,Tamil Nadu Express,CSMT,0.0,2,1,False,False,False,False,1,9
2026-02-24,12621,Tamil Nadu Express,KYN,12.0,2,1,False,False,False,False,2,9
2026-02-24,12621,Tamil Nadu Express,MMR,11.3,2,1,False,False,False,False,3,9
2026-02-24,12621,Tamil Nadu Express,BSL,18.2,2,1,False,False,False,False,4,9
2026-02-24,12621,Tamil Nadu Express,ET,38.2,2,1,False,False,False,False,5,9
2026-02-24,12621,Tamil Nadu Express,BPL,33.2,2,1,False,False,False,False,6,9
2026-02-24,12621,Tamil Nadu Express,JHS,39.9,2,1,False,False,False,False,7,9
2026-02-24,12621,Tamil Nadu Express,AGC,47.2,2,1,False,False,False,False,8,9
2026-02-24,12621,Tamil Nadu Express,NDLS,44.7,2,1,False,False,False,False,9,9
2026-02-24,12261,Mumbai Duronto Central,CSMT,2.6,2,1,False,False,False,False,1,2
2026-02-24,12261,Mumbai Duronto Central,NDLS,22.5,2,1,False,False,False,False,2,2
2026-02-24,12187,Mumbai Garib Rath,CSMT,2.5,2,1,False,False,False,False,1,7
2026-02-24,12187,Mumbai Garib Rath,KYN,10.8,2,1,False,False,False,False,2,7
2026-02-24,12187,Mumbai Garib Rath,BSL,29.8,2,1,False,False,False,False,3,7
2026-02-24,12187,Mumbai Garib Rath,BPL,37.2,2,1,False,False,False,False,4,7
2026-02-24,12187,Mumbai Garib Rath,JHS,39.7,2,1,False,False,False,False,5,7
2026-02-24,12187,Mumbai Garib Rath,GWL,39.4,2,1,False,False,False,False,6,7
2026-02-24,12187,Mumbai Garib Rath,NDLS,61.8,2,1,False,False,False,False,7,7
2026-02-23,12951,Mumbai Rajdhani,MMCT,3.7,2,0,False,False,False,False,1,5
2026-02-23,12951,Mumbai Rajdhani,BRC,14.8,2,0,False,False,False,False,2,5
2026-02-23,12951,Mumbai Rajdhani,KOTA,30.4,2,0,False,False,False,False,3,5
2026-02-23,12951,Mumbai Rajdhani,SWM,32.2,2,0,False,False,False,False,4,5
2026-02-23,12951,Mumbai Rajdhani,NDLS,28.3,2,0,False,False,False,False,5,5
2026-02-23,12953,August Kranti Rajdhani,MMCT,0.0,2,0,False,False,False,False,1,6
2026-02-23,12953,August Kranti Rajdhani,ST,3.0,2,0,False,False,False,False,2,6
2026-02-23,12953,August Kranti Rajdhani,BRC,1.4,2,0,False,False,False,False,3,6
2026-02-23,12953,August Kranti Rajdhani,RTM,30.7,2,0,False,False,False,False,4,6
2026-02-23,12953,August Kranti Rajdhani,KOTA,36.1,2,0,False,False,False,False,5,6
2026-02-23,12953,August Kranti Rajdhani,NDLS,45.6,2,0,False,False,False,False,6,6
2026-02-23,12267,Mumbai Duronto,MMCT,12.6,2,0,False,False,False,False,1,2
2026-02-23,12267,Mumbai Duronto,NDLS,12.7,2,0,False,False,False,False,2,2
2026-02-23,12903,Golden Temple Mail,MMCT,1.5,2,0,False,False,False,False,1,10
2026-02-23,12903,Golden Temple Mail,BVI,10.8,2,0,False,False,False,False,2,10
2026-02-23,12903,Golden Temple Mail,BL,5.8,2,0,False,False,False,False,3,10
2026-02-23,12903,Golden Temple Mail,ST,22.6,2,0,False,False,False,False,4,10
2026-02-23,12903,Golden Temple Mail,BRC,28.2,2,0,False,False,False,False,5,10
2026-02-23,12903,Golden Temple Mail,RTM,25.0,2,0,False,False,False,False,6,10
2026-02-23,12903,Golden Temple Mail,KOTA,31.6,2,0,False,False,False,False,7,10
2026-02-23,12903,Golden Temple Mail,SWM,27.7,2,0,False,False,False,False,8,10
2026-02-23,12903,Golden Temple Mail,MTJ,36.9,2,0,False,False,False,False,9,10
2026-02-23,12903,Golden Temple Mail,NDLS,33.8,2,0,False,False,False,False,10,10
2026-02-23,12925,Paschim Express,MMCT,9.5,2,0,False,False,False,False,1,9
2026-02-23,12925,Paschim Express,BVI,7.5,2,0,False,False,False,False,2,9
2026-02-23,12925,Paschim Express,ST,15.8,2,0,False,False,False,False,3,9
2026-02-23,12925,Paschim Express,BRC,30.2,2,0,False,False,False,False,4,9
2026-02-23,12925,Paschim Express,RTM,46.1,2,0,False,False,False,False,5,9
2026-02-23,12925,Paschim Express,KOTA,52.0,2,0,False,False,False,False,6,9
2026-02-23,12925,Paschim Express,SWM,63.2,2,0,False,False,False,False,7,9
2026-02-23,12925,Paschim Express,MTJ,61.9,2,0,False,False,False,False,8,9
2026-02-23,12925,Paschim Express,NDLS,66.9,2,0,False,False,False,False,9,9
2026-02-23,12909,Garib Rath,MMCT,0.0,2,0,False,False,False,False,1,6
2026-02-23,12909,Garib Rath,BVI,5.9,2,0,False,False,False,False,2,6
2026-02-23,12909,Garib Rath,ST,6.2,2,0,False,False,False,False,3,6
2026-02-23,12909,Garib Rath,BRC,13.0,2,0,False,False,False,False,4,6
2026-02-23,12909,Garib Rath,KOTA,21.0,2,0,False,False,False,False,5,6
2026-02-23,12909,Garib Rath,NDLS,22.2,2,0,False,False,False,False,6,6
2026-02-23,12137,Punjab Mail,CSMT,0.0,2,0,False,False,False,False,1,12
2026-02-23,12137,Punjab Mail,KYN,0.0,2,0,False,False,False,False,2,12
2026-02-23,12137,Punjab Mail,NMD,0.0,2,0,False,False,False,False,3,12
2026-02-23,12137,Punjab Mail,MMR,3.1,2,0,False,False,False,False,4,12
2026-02-23,12137,Punjab Mail,BSL,13.8,2,0,False,False,False,False,5,12
2026-02-23,12137,Punjab Mail,ET,21.5,2,0,False,False,False,False,6,12
2026-02-23,12137,Punjab Mail,BPL,16.5,2,0,False,False,False,False,7,12
2026-02-23,12137,Punjab Mail,JHS,20.6,2,0,False,False,False,False,8,12
2026-02-23,12137,Punjab Mail,GWL,21.2,2,0,False,False,False,False,9,12
2026-02-23,12137,Punjab Mail,AGC,23.5,2,0,False,False,False,False,10,12
2026-02-23,12137,Punjab Mail,MTJ,35.2,2,0,False,False,False,False,11,12
2026-02-23,12137,Punjab Mail,NDLS,41.1,2,0,False,False,False,False,12,12
2026-02-23,12621,Tamil Nadu Express,CSMT,13.7,2,0,False,False,False,False,1,9
2026-02-23,12621,Tamil Nadu Express,KYN,0.0,2,0,False,False,False,False,2,9
2026-02-23,12621,Tamil Nadu Express,MMR,4.4,2,0,False,False,False,False,3,9
2026-02-23,12621,Tamil Nadu Express,BSL,8.1,2,0,False,False,False,False,4,9
2026-02-23,12621,Tamil Nadu Express,ET,17.3,2,0,False,False,False,False,5,9
2026-02-23,12621,Tamil Nadu Express,BPL,22.7,2,0,False,False,False,False,6,9
2026-02-23,12621,Tamil Nadu Express,JHS,25.2,2,0,False,False,False,False,7,9
2026-02-23,12621,Tamil Nadu Express,AGC,27.1,2,0,False,False,False,False,8,9
2026-02-23,12621,Tamil Nadu Express,NDLS,29.9,2,0,False,False,False,False,9,9
2026-02-23,12261,Mumbai Duronto Central,CSMT,0.0,2,0,False,False,False,False,1,2
2026-02-23,12261,Mumbai Duronto Central,NDLS,2.9,2,0,False,False,False,False,2,2
2026-02-23,12187,Mumbai Garib Rath,CSMT,1.9,2,0,False,False,False,False,1,7
2026-02-23,12187,Mumbai Garib Rath,KYN,0.8,2,0,False,False,False,False,2,7
2026-02-23,12187,Mumbai Garib Rath,BSL,2.9,2,0,False,False,False,False,3,7
2026-02-23,12187,Mumbai Garib Rath,BPL,0.9,2,0,False,False,False,False,4,7
2026-02-23,12187,Mumbai Garib Rath,JHS,11.8,2,0,False,False,False,False,5,7
2026-02-23,12187,Mumbai Garib Rath,GWL,6.8,2,0,False,False,False,False,6,7
2026-02-23,12187,Mumbai Garib Rath,NDLS,17.0,2,0,False,False,False,False,7,7
2026-02-22,12951,Mumbai Rajdhani,MMCT,4.3,2,6,True,False,False,False,1,5
2026-02-22,12951,Mumbai Rajdhani,BRC,0.0,2,6,True,False,False,False,2,5
2026-02-22,12951,Mumbai Rajdhani,KOTA,5.3,2,6,True,False,False,False,3,5
2026-02-22,12951,Mumbai Rajdhani,SWM,7.2,2,6,True,False,False,False,4,5
2026-02-22,12951,Mumbai Rajdhani,NDLS,22.3,2,6,True,False,False,False,5,5
2026-02-22,12953,August Kranti Rajdhani,MMCT,3.9,2,6,True,False,False,False,1,6
2026-02-22,12953,August Kranti Rajdhani,ST,0.0,2,6,True,False,False,False,2,6
2026-02-22,12953,August Kranti Rajdhani,BRC,18.4,2,6,True,False,False,False,3,6
2026-02-22,12953,August Kranti Rajdhani,RTM,29.8,2,6,True,False,False,False,4,6
2026-02-22,12953,August Kranti Rajdhani,KOTA,38.2,2,6,True,False,False,False,5,6
2026-02-22,12953,August Kranti Rajdhani,NDLS,63.0,2,6,True,False,False,False,6,6
2026-02-22,12267,Mumbai Duronto,MMCT,10.5,2,6,True,False,False,False,1,2
2026-02-22,12267,Mumbai Duronto,NDLS,4.6,2,6,True,False,False,False,2,2
2026-02-22,12903,Golden Temple Mail,MMCT,1.4,2,6,True,False,False,False,1,10
2026-02-22,12903,Golden Temple Mail,BVI,5.4,2,6,True,False,False,False,2,10
2026-02-22,12903,Golden Temple Mail,BL,15.2,2,6,True,False,False,False,3,10
2026-02-22,12903,Golden Temple Mail,ST,18.7,2,6,True,False,False,False,4,10
2026-02-22,12903,Golden Temple Mail,BRC,21.4,2,6,True,False,False,False,5,10
2026-02-22,12903,Golden Temple Mail,RTM,17.6,2,6,True,False,False,False,6,10
2026-02-22,12903,Golden Temple Mail,KOTA,14.9,2,6,True,False,False,False,7,10
2026-02-22,12903,Golden Temple Mail,SWM,11.0,2,6,True,False,False,False,8,10
2026-02-22,12903,Golden Temple Mail,MTJ,17.4,2,6,True,False,False,False,9,10
2026-02-22,12903,Golden Temple Mail,NDLS,37.0,2,6,True,False,False,False,10,10
2026-02-22,12925,Paschim Express,MMCT,0.0,2,6,True,False,False,False,1,9
2026-02-22,12925,Paschim Express,BVI,8.1,2,6,True,False,False,False,2,9
2026-02-22,12925,Paschim Express,ST,25.4,2,6,True,False,False,False,3,9
2026-02-22,12925,Paschim Express,BRC,35.9,2,6,True,False,False,False,4,9
2026-02-22,12925,Paschim Express,RTM,32.7,2,6,True,False,False,False,5,9
2026-02-22,12925,Paschim Express,KOTA,42.8,2,6,True,False,False,False,6,9
2026-02-22,12925,Paschim Express,SWM,37.8,2,6,True,False,False,False,7,9
2026-02-22,12925,Paschim Express,MTJ,49.4,2,6,True,False,False,False,8,9
2026-02-22,12925,Paschim Express,NDLS,50.7,2,6,True,False,False,False,9,9
2026-02-22,12909,Garib Rath,MMCT,0.0,2,6,True,False,False,False,1,6
2026-02-22,12909,Garib Rath,BVI,7.5,2,6,True,False,False,False,2,6
2026-02-22,12909,Garib Rath,ST,2.5,2,6,True,False,False,False,3,6
2026-02-22,12909,Garib Rath,BRC,12.8,2,6,True,False,False,False,4,6
2026-02-22,12909,Garib Rath,KOTA,14.7,2,6,True,False,False,False,5,6
2026-02-22,12909,Garib Rath,NDLS,12.2,2,6,True,False,False,False,6,6
2026-02-22,12137,Punjab Mail,CSMT,2.6,2,6,True,False,False,False,1,12
2026-02-22,12137,Punjab Mail,KYN,4.7,2,6,True,False,False,False,2,12
2026-02-22,12137,Punjab Mail,NMD,6.4,2,6,True,False,False,False,3,12
2026-02-22,12137,Punjab Mail,MMR,17.9,2,6,True,False,False,False,4,12
2026-02-22,12137,Punjab Mail,BSL,35.2,2,6,True,False,False,False,5,12
2026-02-22,12137,Punjab Mail,ET,34.6,2,6,True,False,False,False,6,12
2026-02-22,12137,Punjab Mail,BPL,34.1,2,6,True,False,False,False,7,12
2026-02-22,12137,Punjab Mail,JHS,38.7,2,6,True,False,False,False,8,12
2026-02-22,12137,Punjab Mail,GWL,41.0,2,6,True,False,False,False,9,12
2026-02-22,12137,Punjab Mail,AGC,54.9,2,6,True,False,False,False,10,12
2026-02-22,12137,Punjab Mail,MTJ,49.9,2,6,True,False,False,False,11,12
2026-02-22,12137,Punjab Mail,NDLS,46.7,2,6,True,False,False,False,12,12
2026-02-22,12621,Tamil Nadu Express,CSMT,7.4,2,6,True,False,False,False,1,9
2026-02-22,12621,Tamil Nadu Express,KYN,10.5,2,6,True,False,False,False,2,9
2026-02-22,12621,Tamil Nadu Express,MMR,5.8,2,6,True,False,False,False,3,9
2026-02-22,12621,Tamil Nadu Express,BSL,2.5,2,6,True,False,False,False,4,9
2026-02-22,12621,Tamil Nadu Express,ET,10.6,2,6,True,False,False,False,5,9
2026-02-22,12621,Tamil Nadu Express,BPL,5.6,2,6,True,False,False,False,6,9
2026-02-22,12621,Tamil Nadu Express,JHS,17.9,2,6,True,False,False,False,7,9
2026-02-22,12621,Tamil Nadu Express,AGC,19.6,2,6,True,False,False,False,8,9
2026-02-22,12621,Tamil Nadu Express,NDLS,38.3,2,6,True,False,False,False,9,9
2026-02-22,12261,Mumbai Duronto Central,CSMT,1.4,2,6,True,False,False,False,1,2
2026-02-22,12261,Mumbai Duronto Central,NDLS,0.0,2,6,True,False,False,False,2,2
2026-02-22,12187,Mumbai Garib Rath,CSMT,0.0,2,6,True,False,False,False,1,7
2026-02-22,12187,Mumbai Garib Rath,KYN,14.8,2,6,True,False,False,False,2,7
2026-02-22,12187,Mumbai Garib Rath,BSL,20.3,2,6,True,False,False,False,3,7
2026-02-22,12187,Mumbai Garib Rath,BPL,24.5,2,6,True,False,False,False,4,7
2026-02-22,12187,Mumbai Garib Rath,JHS,36.3,2,6,True,False,False,False,5,7
2026-02-22,12187,Mumbai Garib Rath,GWL,31.3,2,6,True,False,False,False,6,7
2026-02-22,12187,Mumbai Garib Rath,NDLS,40.4,2,6,True,False,False,False,7,7
2026-02-21,12951,Mumbai Rajdhani,MMCT,2.4,2,5,True,False,False,False,1,5
2026-02-21,12951,Mumbai Rajdhani,BRC,6.0,2,5,True,False,False,False,2,5
2026-02-21,12951,Mumbai Rajdhani,KOTA,6.2,2,5,True,False,False,False,3,5
2026-02-21,12951,Mumbai Rajdhani,SWM,9.2,2,5,True,False,False,False,4,5
2026-02-21,12951,Mumbai Rajdhani,NDLS,20.1,2,5,True,False,False,False,5,5
2026-02-21,12953,August Kranti Rajdhani,MMCT,0.4,2,5,True,False,False,False,1,6
2026-02-21,12953,August Kranti Rajdhani,ST,0.6,2,5,True,False,False,False,2,6
2026-02-21,12953,August Kranti Rajdhani,BRC,1.3,2,5,True,False,False,False,3,6
2026-02-21,12953,August Kranti Rajdhani,RTM,8.6,2,5,True,False,False,False,4,6
2026-02-21,12953,August Kranti Rajdhani,KOTA,9.3,2,5,True,False,False,False,5,6
2026-02-21,12953,August Kranti Rajdhani,NDLS,4.6,2,5,True,False,False,False,6,6
2026-02-21,12267,Mumbai Duronto,MMCT,8.2,2,5,True,False,False,False,1,2
2026-02-21,12267,Mumbai Duronto,NDLS,0.0,2,5,True,False,False,False,2,2
2026-02-21,12903,Golden Temple Mail,MMCT,5.9,2,5,True,False,False,False,1,10
2026-02-21,12903,Golden Temple Mail,BVI,16.4,2,5,True,False,False,False,2,10
2026-02-21,12903,Golden Temple Mail,BL,24.7,2,5,True,False,False,False,3,10
2026-02-21,12903,Golden Temple Mail,ST,28.7,2,5,True,False,False,False,4,10
2026-02-21,12903,Golden Temple Mail,BRC,36.5,2,5,True,False,False,False,5,10
2026-02-21,12903,Golden Temple Mail,RTM,56.7,2,5,True,False,False,False,6,10
2026-02-21,12903,Golden Temple Mail,KOTA,56.5,2,5,True,False,False,False,7,10
2026-02-21,12903,Golden Temple Mail,SWM,63.5,2,5,True,False,False,False,8,10
2026-02-21,12903,Golden Temple Mail,MTJ,74.4,2,5,True,False,False,False,9,10
2026-02-21,12903,Golden Temple Mail,NDLS,83.7,2,5,True,False,False,False,10,10
2026-02-21,12925,Paschim Express,MMCT,0.0,2,5,True,False,False,False,1,9
2026-02-21,12925,Paschim Express,BVI,12.6,2,5,True,False,False,False,2,9
2026-02-21,12925,Paschim Express,ST,22.5,2,5,True,False,False,False,3,9
2026-02-21,12925,Paschim Express,BRC,38.4,2,5,True,False,False,False,4,9
2026-02-21,12925,Paschim Express,RTM,41.9,2,5,True,False,False,False,5,9
2026-02-21,12925,Paschim Express,KOTA,38.8,2,5,True,False,False,False,6,9
2026-02-21,12925,Paschim Express,SWM,44.2,2,5,True,False,False,False,7,9
2026-02-21,12925,Paschim Express,MTJ,49.0,2,5,True,False,False,False,8,9
2026-02-21,12925,Paschim Express,NDLS,58.1,2,5,True,False,False,False,9,9
2026-02-21,12909,Garib Rath,MMCT,10.6,2,5,True,False,False,False,1,6
2026-02-21,12909,Garib Rath,BVI,0.0,2,5,True,False,False,False,2,6
2026-02-21,12909,Garib Rath,ST,0.0,2,5,True,False,False,False,3,6
2026-02-21,12909,Garib Rath,BRC,7.6,2,5,True,False,False,False,4,6
2026-02-21,12909,Garib Rath,KOTA,5.1,2,5,True,False,False,False,5,6
2026-02-21,12909,Garib Rath,NDLS,22.7,2,5,True,False,False,False,6,6
2026-02-21,12137,Punjab Mail,CSMT,10.3,2,5,True,False,False,False,1,12
2026-02-21,12137,Punjab Mail,KYN,11.8,2,5,True,False,False,False,2,12
2026-02-21,12137,Punjab Mail,NMD,11.2,2,5,True,False,False,False,3,12
2026-02-21,12137,Punjab Mail,MMR,26.6,2,5,True,False,False,False,4,12
2026-02-21,12137,Punjab Mail,BSL,43.9,2,5,True,False,False,False,5,12
2026-02-21,12137,Punjab Mail,ET,39.9,2,5,True,False,False,False,6,12
2026-02-21,12137,Punjab Mail,BPL,34.9,2,5,True,False,False,False,7,12
2026-02-21,12137,Punjab Mail,JHS,40.3,2,5,True,False,False,False,8,12
2026-02-21,12137,Punjab Mail,GWL,41.9,2,5,True,False,False,False,9,12
2026-02-21,12137,Punjab Mail,AGC,52.3,2,5,True,False,False,False,10,12
2026-02-21,12137,Punjab Mail,MTJ,60.9,2,5,True,False,False,False,11,12
2026-02-21,12137,Punjab Mail,NDLS,74.8,2,5,True,False,False,False,12,12
2026-02-21,12621,Tamil Nadu Express,CSMT,0.0,2,5,True,False,False,False,1,9
2026-02-21,12621,Tamil Nadu Express,KYN,11.3,2,5,True,False,False,False,2,9
2026-02-21,12621,Tamil Nadu Express,MMR,18.7,2,5,True,False,False,False,3,9
2026-02-21,12621,Tamil Nadu Express,BSL,30.8,2,5,True,False,False,False,4,9
2026-02-21,12621,Tamil Nadu Express,ET,30.2,2,5,True,False,False,False,5,9
2026-02-21,12621,Tamil Nadu Express,BPL,31.6,2,5,True,False,False,False,6,9
2026-02-21,12621,Tamil Nadu Express,JHS,38.2,2,5,True,False,False,False,7,9
2026-02-21,12621,Tamil Nadu Express,AGC,33.2,2,5,True,False,False,False,8,9
2026-02-21,12621,Tamil Nadu Express,NDLS,36.6,2,5,True,False,False,False,9,9
2026-02-21,12261,Mumbai Duronto Central,CSMT,6.4,2,5,True,False,False,False,1,2
2026-02-21,12261,Mumbai Duronto Central,NDLS,20.0,2,5,True,False,False,False,2,2
2026-02-21,12187,Mumbai Garib Rath,CSMT,0.0,2,5,True,False,False,False,1,7
2026-02-21,12187,Mumbai Garib Rath,KYN,0.0,2,5,True,False,False,False,2,7
2026-02-21,12187,Mumbai Garib Rath,BSL,4.3,2,5,True,False,False,False,3,7
2026-02-21,12187,Mumbai Garib Rath,BPL,8.7,2,5,True,False,False,False,4,7
2026-02-21,12187,Mumbai Garib Rath,JHS,6.4,2,5,True,False,False,False,5,7
2026-02-21,12187,Mumbai Garib Rath,GWL,13.5,2,5,True,False,False,False,6,7
2026-02-21,12187,Mumbai Garib Rath,NDLS,8.8,2,5,True,False,False,False,7,7
2026-02-20,12951,Mumbai Rajdhani,MMCT,1.8,2,4,False,False,False,False,1,5
2026-02-20,12951,Mumbai Rajdhani,BRC,0.0,2,4,False,False,False,False,2,5
2026-02-20,12951,Mumbai Rajdhani,KOTA,14.9,2,4,False,False,False,False,3,5
2026-02-20,12951,Mumbai Rajdhani,SWM,9.9,2,4,False,False,False,False,4,5
2026-02-20,12951,Mumbai Rajdhani,NDLS,12.4,2,4,False,False,False,False,5,5
2026-02-20,12953,August Kranti Rajdhani,MMCT,6.3,2,4,False,False,False,False,1,6
2026-02-20,12953,August Kranti Rajdhani,ST,7.2,2,4,False,False,False,False,2,6
2026-02-20,12953,August Kranti Rajdhani,BRC,13.1,2,4,False,False,False,False,3,6
2026-02-20,12953,August Kranti Rajdhani,RTM,27.9,2,4,False,False,False,False,4,6
2026-02-20,12953,August Kranti Rajdhani,KOTA,47.2,2,4,False,False,False,False,5,6
2026-02-20,12953,August Kranti Rajdhani,NDLS,47.1,2,4,False,False,False,False,6,6
2026-02-20,12267,Mumbai Duronto,MMCT,10.4,2,4,False,False,False,False,1,2
2026-02-20,12267,Mumbai Duronto,NDLS,8.5,2,4,False,False,False,False,2,2
2026-02-20,12903,Golden Temple Mail,MMCT,0.0,2,4,False,False,False,False,1,10
2026-02-20,12903,Golden Temple Mail,BVI,18.9,2,4,False,False,False,False,2,10
2026-02-20,12903,Golden Temple Mail,BL,30.5,2,4,False,False,False,False,3,10
2026-02-20,12903,Golden Temple Mail,ST,25.5,2,4,False,False,False,False,4,10
2026-02-20,12903,Golden Temple Mail,BRC,38.4,2,4,False,False,False,False,5,10
2026-02-20,12903,Golden Temple Mail,RTM,39.3,2,4,False,False,False,False,6,10
2026-02-20,12903,Golden Temple Mail,KOTA,45.3,2,4,False,False,False,False,7,10
2026-02-20,12903,Golden Temple Mail,SWM,50.5,2,4,False,False,False,False,8,10
2026-02-20,12903,Golden Temple Mail,MTJ,58.1,2,4,False,False,False,False,9,10
2026-02-20,12903,Golden Temple Mail,NDLS,70.3,2,4,False,False,False,False,10,10
2026-02-20,12925,Paschim Express,MMCT,14.9,2,4,False,False,False,False,1,9
2026-02-20,12925,Paschim Express,BVI,23.5,2,4,False,False,False,False,2,9
2026-02-20,12925,Paschim Express,ST,35.9,2,4,False,False,False,False,3,9
2026-02-20,12925,Paschim Express,BRC,48.6,2,4,False,False,False,False,4,9
2026-02-20,12925,Paschim Express,RTM,50.8,2,4,False,False,False,False,5,9
2026-02-20,12925,Paschim Express,KOTA,65.7,2,4,False,False,False,False,6,9
2026-02-20,12925,Paschim Express,SWM,76.9,2,4,False,False,False,False,7,9
2026-02-20,12925,Paschim Express,MTJ,90.3,2,4,False,False,False,False,8,9
2026-02-20,12925,Paschim Express,NDLS,98.4,2,4,False,False,False,False,9,9
2026-02-20,12909,Garib Rath,MMCT,4.0,2,4,False,False,False,False,1,6
2026-02-20,12909,Garib Rath,BVI,9.5,2,4,False,False,False,False,2,6
2026-02-20,12909,Garib Rath,ST,9.3,2,4,False,False,False,False,3,6
2026-02-20,12909,Garib Rath,BRC,14.5,2,4,False,False,False,False,4,6
2026-02-20,12909,Garib Rath,KOTA,25.9,2,4,False,False,False,False,5,6
2026-02-20,12909,Garib Rath,NDLS,47.8,2,4,False,False,False,False,6,6
2026-02-20,12137,Punjab Mail,CSMT,9.3,2,4,False,False,False,False,1,12
2026-02-20,12137,Punjab Mail,KYN,10.3,2,4,False,False,False,False,2,12
2026-02-20,12137,Punjab Mail,NMD,14.4,2,4,False,False,False,False,3,12
2026-02-20,12137,Punjab Mail,MMR,14.3,2,4,False,False,False,False,4,12
2026-02-20,12137,Punjab Mail,BSL,19.3,2,4,False,False,False,False,5,12
2026-02-20,12137,Punjab Mail,ET,18.0,2,4,False,False,False,False,6,12
2026-02-20,12137,Punjab Mail,BPL,13.0,2,4,False,False,False,False,7,12
2026-02-20,12137,Punjab Mail,JHS,18.3,2,4,False,False,False,False,8,12
2026-02-20,12137,Punjab Mail,GWL,26.9,2,4,False,False,False,False,9,12
2026-02-20,12137,Punjab Mail,AGC,31.9,2,4,False,False,False,False,10,12
2026-02-20,12137,Punjab Mail,MTJ,41.7,2,4,False,False,False,False,11,12
2026-02-20,12137,Punjab Mail,NDLS,45.7,2,4,False,False,False,False,12,12
2026-02-20,12621,Tamil Nadu Express,CSMT,9.6,2,4,False,False,False,False,1,9
2026-02-20,12621,Tamil Nadu Express,KYN,1.2,2,4,False,False,False,False,2,9
2026-02-20,12621,Tamil Nadu Express,MMR,2.4,2,4,False,False,False,False,3,9
2026-02-20,12621,Tamil Nadu Express,BSL,0.0,2,4,False,False,False,False,4,9
2026-02-20,12621,Tamil Nadu Express,ET,0.0,2,4,False,False,False,False,5,9
2026-02-20,12621,Tamil Nadu Express,BPL,16.9,2,4,False,False,False,False,6,9
2026-02-20,12621,Tamil Nadu Express,JHS,18.7,2,4,False,False,False,False,7,9
2026-02-20,12621,Tamil Nadu Express,AGC,30.8,2,4,False,False,False,False,8,9
2026-02-20,12621,Tamil Nadu Express,NDLS,26.7,2,4,False,False,False,False,9,9
2026-02-20,12261,Mumbai Duronto Central,CSMT,7.6,2,4,False,False,False,False,1,2
2026-02-20,12261,Mumbai Duronto Central,NDLS,7.5,2,4,False,False,False,False,2,2
2026-02-20,12187,Mumbai Garib Rath,CSMT,5.5,2,4,False,False,False,False,1,7
2026-02-20,12187,Mumbai Garib Rath,KYN,5.6,2,4,False,False,False,False,2,7
2026-02-20,12187,Mumbai Garib Rath,BSL,1.1,2,4,False,False,False,False,3,7
2026-02-20,12187,Mumbai Garib Rath,BPL,0.0,2,4,False,False,False,False,4,7
2026-02-20,12187,Mumbai Garib Rath,JHS,0.0,2,4,False,False,False,False,5,7
2026-02-20,12187,Mumbai Garib Rath,GWL,0.0,2,4,False,False,False,False,6,7
2026-02-20,12187,Mumbai Garib Rath,NDLS,19.8,2,4,False,False,False,False,7,7
2026-02-19,12951,Mumbai Rajdhani,MMCT,7.7,2,3,False,False,False,False,1,5
2026-02-19,12951,Mumbai Rajdhani,BRC,1.3,2,3,False,False,False,False,2,5
2026-02-19,12951,Mumbai Rajdhani,KOTA,0.0,2,3,False,False,False,False,3,5
2026-02-19,12951,Mumbai Rajdhani,SWM,0.0,2,3,False,False,False,False,4,5
2026-02-19,12951,Mumbai Rajdhani,NDLS,0.0,2,3,False,False,False,False,5,5
2026-02-19,12953,August Kranti Rajdhani,MMCT,0.0,2,3,False,False,False,False,1,6
2026-02-19,12953,August Kranti Rajdhani,ST,7.8,2,3,False,False,False,False,2,6
2026-02-19,12953,August Kranti Rajdhani,BRC,20.1,2,3,False,False,False,False,3,6
2026-02-19,12953,August Kranti Rajdhani,RTM,15.5,2,3,False,False,False,False,4,6
2026-02-19,12953,August Kranti Rajdhani,KOTA,32.3,2,3,False,False,False,False,5,6
2026-02-19,12953,August Kranti Rajdhani,NDLS,32.7,2,3,False,False,False,False,6,6
2026-02-19,12267,Mumbai Duronto,MMCT,1.6,2,3,False,False,False,False,1,2
2026-02-19,12267,Mumbai Duronto,NDLS,0.0,2,3,False,False,False,False,2,2
2026-02-19,12903,Golden Temple Mail,MMCT,17.2,2,3,False,False,False,False,1,10
2026-02-19,12903,Golden Temple Mail,BVI,19.2,2,3,False,False,False,False,2,10
2026-02-19,12903,Golden Temple Mail,BL,16.5,2,3,False,False,False,False,3,10
2026-02-19,12903,Golden Temple Mail,ST,11.5,2,3,False,False,False,False,4,10
2026-02-19,12903,Golden Temple Mail,BRC,27.0,2,3,False,False,False,False,5,10
2026-02-19,12903,Golden Temple Mail,RTM,56.4,2,3,False,False,False,False,6,10
2026-02-19,12903,Golden Temple Mail,KOTA,65.7,2,3,False,False,False,False,7,10
2026-02-19,12903,Golden Temple Mail,SWM,76.6,2,3,False,False,False,False,8,10
2026-02-19,12903,Golden Temple Mail,MTJ,87.0,2,3,False,False,False,False,9,10
2026-02-19,12903,Golden Temple Mail,NDLS,112.5,2,3,False,False,False,False,10,10
2026-02-19,12925,Paschim Express,MMCT,5.7,2,3,False,False,False,False,1,9
2026-02-19,12925,Paschim Express,BVI,2.8,2,3,False,False,False,False,2,9
2026-02-19,12925,Paschim Express,ST,1.8,2,3,False,False,False,False,3,9
2026-02-19,12925,Paschim Express,BRC,10.0,2,3,False,False,False,False,4,9
2026-02-19,12925,Paschim Express,RTM,19.6,2,3,False,False,False,False,5,9
2026-02-19,12925,Paschim Express,KOTA,44.0,2,3,False,False,False,False,6,9
2026-02-19,12925,Paschim Express,SWM,39.0,2,3,False,False,False,False,7,9
2026-02-19,12925,Paschim Express,MTJ,40.9,2,3,False,False,False,False,8,9
2026-02-19,12925,Paschim Express,NDLS,53.1,2,3,False,False,False,False,9,9
2026-02-19,12909,Garib Rath,MMCT,0.0,2,3,False,False,False,False,1,6
2026-02-19,12909,Garib Rath,BVI,1.4,2,3,False,False,False,False,2,6
2026-02-19,12909,Garib Rath,ST,2.4,2,3,False,False,False,False,3,6
2026-02-19,12909,Garib Rath,BRC,7.3,2,3,False,False,False,False,4,6
2026-02-19,12909,Garib Rath,KOTA,8.6,2,3,False,False,False,False,5,6
2026-02-19,12909,Garib Rath,NDLS,15.4,2,3,False,False,False,False,6,6
2026-02-19,12137,Punjab Mail,CSMT,2.7,2,3,False,False,False,False,1,12
2026-02-19,12137,Punjab Mail,KYN,5.0,2,3,False,False,False,False,2,12
2026-02-19,12137,Punjab Mail,NMD,0.0,2,3,False,False,False,False,3,12
2026-02-19,12137,Punjab Mail,MMR,0.0,2,3,False,False,False,False,4,12
2026-02-19,12137,Punjab Mail,BSL,18.7,2,3,False,False,False,False,5,12
2026-02-19,12137,Punjab Mail,ET,22.4,2,3,False,False,False,False,6,12
2026-02-19,12137,Punjab Mail,BPL,26.1,2,3,False,False,False,False,7,12
2026-02-19,12137,Punjab Mail,JHS,38.8,2,3,False,False,False,False,8,12
2026-02-19,12137,Punjab Mail,GWL,39.8,2,3,False,False,False,False,9,12
2026-02-19,12137,Punjab Mail,AGC,46.2,2,3,False,False,False,False,10,12
2026-02-19,12137,Punjab Mail,MTJ,57.3,2,3,False,False,False,False,11,12
2026-02-19,12137,Punjab Mail,NDLS,59.0,2,3,False,False,False,False,12,12
2026-02-19,12621,Tamil Nadu Express,CSMT,1.9,2,3,False,False,False,False,1,9
2026-02-19,12621,Tamil Nadu Express,KYN,9.2,2,3,False,False,False,False,2,9
2026-02-19,12621,Tamil Nadu Express,MMR,20.7,2,3,False,False,False,False,3,9
2026-02-19,12621,Tamil Nadu Express,BSL,43.4,2,3,False,False,False,False,4,9
2026-02-19,12621,Tamil Nadu Express,ET,55.0,2,3,False,False,False,False,5,9
2026-02-19,12621,Tamil Nadu Express,BPL,62.2,2,3,False,False,False,False,6,9
2026-02-19,12621,Tamil Nadu Express,JHS,82.2,2,3,False,False,False,False,7,9
2026-02-19,12621,Tamil Nadu Express,AGC,77.6,2,3,False,False,False,False,8,9
2026-02-19,12621,Tamil Nadu Express,NDLS,77.1,2,3,False,False,False,False,9,9
2026-02-19,12261,Mumbai Duronto Central,CSMT,11.7,2,3,False,False,False,False,1,2
2026-02-19,12261,Mumbai Duronto Central,NDLS,0.1,2,3,False,False,False,False,2,2
2026-02-19,12187,Mumbai Garib Rath,CSMT,4.4,2,3,False,False,False,False,1,7
2026-02-19,12187,Mumbai Garib Rath,KYN,0.5,2,3,False,False,False,False,2,7
2026-02-19,12187,Mumbai Garib Rath,BSL,0.0,2,3,False,False,False,False,3,7
2026-02-19,12187,Mumbai Garib Rath,BPL,0.0,2,3,False,False,False,False,4,7
2026-02-19,12187,Mumbai Garib Rath,JHS,16.9,2,3,False,False,False,False,5,7
2026-02-19,12187,Mumbai Garib Rath,GWL,11.9,2,3,False,False,False,False,6,7
2026-02-19,12187,Mumbai Garib Rath,NDLS,8.9,2,3,False,False,False,False,7,7
2026-02-18,12951,Mumbai Rajdhani,MMCT,2.8,2,2,False,False,False,False,1,5
2026-02-18,12951,Mumbai Rajdhani,BRC,5.7,2,2,False,False,False,False,2,5
2026-02-18,12951,Mumbai Rajdhani,KOTA,10.9,2,2,False,False,False,False,3,5
2026-02-18,12951,Mumbai Rajdhani,SWM,18.7,2,2,False,False,False,False,4,5
2026-02-18,12951,Mumbai Rajdhani,NDLS,15.1,2,2,False,False,False,False,5,5
2026-02-18,12953,August Kranti Rajdhani,MMCT,0.0,2,2,False,False,False,False,1,6
2026-02-18,12953,August Kranti Rajdhani,ST,0.0,2,2,False,False,False,False,2,6
2026-02-18,12953,August Kranti Rajdhani,BRC,7.0,2,2,False,False,False,False,3,6
2026-02-18,12953,August Kranti Rajdhani,RTM,13.2,2,2,False,False,False,False,4,6
2026-02-18,12953,August Kranti Rajdhani,KOTA,30.4,2,2,False,False,False,False,5,6
2026-02-18,12953,August Kranti Rajdhani,NDLS,32.1,2,2,False,False,False,False,6,6
2026-02-18,12267,Mumbai Duronto,MMCT,3.8,2,2,False,False,False,False,1,2
2026-02-18,12267,Mumbai Duronto,NDLS,3.2,2,2,False,False,False,False,2,2
2026-02-18,12903,Golden Temple Mail,MMCT,0.0,2,2,False,False,False,False,1,10
2026-02-18,12903,Golden Temple Mail,BVI,10.0,2,2,False,False,False,False,2,10
2026-02-18,12903,Golden Temple Mail,BL,8.8,2,2,False,False,False,False,3,10
2026-02-18,12903,Golden Temple Mail,ST,11.6,2,2,False,False,False,False,4,10
2026-02-18,12903,Golden Temple Mail,BRC,21.2,2,2,False,False,False,False,5,10
2026-02-18,12903,Golden Temple Mail,RTM,39.8,2,2,False,False,False,False,6,10
2026-02-18,12903,Golden Temple Mail,KOTA,40.4,2,2,False,False,False,False,7,10
2026-02-18,12903,Golden Temple Mail,SWM,46.2,2,2,False,False,False,False,8,10
2026-02-18,12903,Golden Temple Mail,MTJ,42.6,2,2,False,False,False,False,9,10
2026-02-18,12903,Golden Temple Mail,NDLS,45.7,2,2,False,False,False,False,10,10
2026-02-18,12925,Paschim Express,MMCT,9.1,2,2,False,False,False,False,1,9
2026-02-18,12925,Paschim Express,BVI,0.1,2,2,False,False,False,False,2,9
2026-02-18,12925,Paschim Express,ST,3.7,2,2,False,False,False,False,3,9
2026-02-18,12925,Paschim Express,BRC,5.8,2,2,False,False,False,False,4,9
2026-02-18,12925,Paschim Express,RTM,8.2,2,2,False,False,False,False,5,9
2026-02-18,12925,Paschim Express,KOTA,4.4,2,2,False,False,False,False,6,9
2026-02-18,12925,Paschim Express,SWM,0.0,2,2,False,False,False,False,7,9
2026-02-18,12925,Paschim Express,MTJ,5.2,2,2,False,False,False,False,8,9
2026-02-18,12925,Paschim Express,NDLS,11.6,2,2,False,False,False,False,9,9
2026-02-18,12909,Garib Rath,MMCT,11.0,2,2,False,False,False,False,1,6
2026-02-18,12909,Garib Rath,BVI,10.0,2,2,False,False,False,False,2,6
2026-02-18,12909,Garib Rath,ST,10.9,2,2,False,False,False,False,3,6
2026-02-18,12909,Garib Rath,BRC,8.5,2,2,False,False,False,False,4,6
2026-02-18,12909,Garib Rath,KOTA,15.8,2,2,False,False,False,False,5,6
2026-02-18,12909,Garib Rath,NDLS,24.6,2,2,False,False,False,False,6,6
2026-02-18,12137,Punjab Mail,CSMT,2.0,2,2,False,False,False,False,1,12
2026-02-18,12137,Punjab Mail,KYN,0.0,2,2,False,False,False,False,2,12
2026-02-18,12137,Punjab Mail,NMD,0.0,2,2,False,False,False,False,3,12
2026-02-18,12137,Punjab Mail,MMR,9.5,2,2,False,False,False,False,4,12
2026-02-18,12137,Punjab Mail,BSL,13.8,2,2,False,False,False,False,5,12
2026-02-18,12137,Punjab Mail,ET,19.8,2,2,False,False,False,False,6,12
2026-02-18,12137,Punjab Mail,BPL,21.2,2,2,False,False,False,False,7,12
2026-02-18,12137,Punjab Mail,JHS,21.0,2,2,False,False,False,False,8,12
2026-02-18,12137,Punjab Mail,GWL,34.5,2,2,False,False,False,False,9,12
2026-02-18,12137,Punjab Mail,AGC,44.3,2,2,False,False,False,False,10,12
2026-02-18,12137,Punjab Mail,MTJ,57.4,2,2,False,False,False,False,11,12
2026-02-18,12137,Punjab Mail,NDLS,81.9,2,2,False,False,False,False,12,12
2026-02-18,12621,Tamil Nadu Express,CSMT,0.0,2,2,False,False,False,False,1,9
2026-02-18,12621,Tamil Nadu Express,KYN,10.0,2,2,False,False,False,False,2,9
2026-02-18,12621,Tamil Nadu Express,MMR,14.6,2,2,False,False,False,False,3,9
2026-02-18,12621,Tamil Nadu Express,BSL,27.3,2,2,False,False,False,False,4,9
2026-02-18,12621,Tamil Nadu Express,ET,27.0,2,2,False,False,False,False,5,9
2026-02-18,12621,Tamil Nadu Express,BPL,30.1,2,2,False,False,False,False,6,9
2026-02-18,12621,Tamil Nadu Express,JHS,35.4,2,2,False,False,False,False,7,9
2026-02-18,12621,Tamil Nadu Express,AGC,46.5,2,2,False,False,False,False,8,9
2026-02-18,12621,Tamil Nadu Express,NDLS,47.7,2,2,False,False,False,False,9,9
2026-02-18,12261,Mumbai Duronto Central,CSMT,5.9,2,2,False,False,False,False,1,2
2026-02-18,12261,Mumbai Duronto Central,NDLS,0.0,2,2,False,False,False,False,2,2
2026-02-18,12187,Mumbai Garib Rath,CSMT,4.4,2,2,False,False,False,False,1,7
2026-02-18,12187,Mumbai Garib Rath,KYN,0.0,2,2,False,False,False,False,2,7
2026-02-18,12187,Mumbai Garib Rath,BSL,2.3,2,2,False,False,False,False,3,7
2026-02-18,12187,Mumbai Garib Rath,BPL,10.1,2,2,False,False,False,False,4,7
2026-02-18,12187,Mumbai Garib Rath,JHS,27.1,2,2,False,False,False,False,5,7
2026-02-18,12187,Mumbai Garib Rath,GWL,26.1,2,2,False,False,False,False,6,7
2026-02-18,12187,Mumbai Garib Rath,NDLS,43.7,2,2,False,False,False,False,7,7
2026-02-17,12951,Mumbai Rajdhani,MMCT,3.8,2,1,False,False,False,False,1,5
2026-02-17,12951,Mumbai Rajdhani,BRC,13.7,2,1,False,False,False,False,2,5
2026-02-17,12951,Mumbai Rajdhani,KOTA,26.2,2,1,False,False,False,False,3,5
2026-02-17,12951,Mumbai Rajdhani,SWM,39.0,2,1,False,False,False,False,4,5
2026-02-17,12951,Mumbai Rajdhani,NDLS,49.9,2,1,False,False,False,False,5,5
2026-02-17,12953,August Kranti Rajdhani,MMCT,3.3,2,1,False,False,False,False,1,6
2026-02-17,12953,August Kranti Rajdhani,ST,8.7,2,1,False,False,False,False,2,6
2026-02-17,12953,August Kranti Rajdhani,BRC,27.8,2,1,False,False,False,False,3,6
2026-02-17,12953,August Kranti Rajdhani,RTM,35.4,2,1,False,False,False,False,4,6
2026-02-17,12953,August Kranti Rajdhani,KOTA,38.6,2,1,False,False,False,False,5,6
2026-02-17,12953,August Kranti Rajdhani,NDLS,44.9,2,1,False,False,False,False,6,6
2026-02-17,12267,Mumbai Duronto,MMCT,4.7,2,1,False,False,False,False,1,2
2026-02-17,12267,Mumbai Duronto,NDLS,8.1,2,1,False,False,False,False,2,2
2026-02-17,12903,Golden Temple Mail,MMCT,5.4,2,1,False,False,False,False,1,10
2026-02-17,12903,Golden Temple Mail,BVI,16.4,2,1,False,False,False,False,2,10
2026-02-17,12903,Golden Temple Mail,BL,15.0,2,1,False,False,False,False,3,10
2026-02-17,12903,Golden Temple Mail,ST,10.3,2,1,False,False,False,False,4,10
2026-02-17,12903,Golden Temple Mail,BRC,6.6,2,1,False,False,False,False,5,10
2026-02-17,12903,Golden Temple Mail,RTM,15.9,2,1,False,False,False,False,6,10
2026-02-17,12903,Golden Temple Mail,KOTA,14.5,2,1,False,False,False,False,7,10
2026-02-17,12903,Golden Temple Mail,SWM,9.5,2,1,False,False,False,False,8,10
2026-02-17,12903,Golden Temple Mail,MTJ,30.6,2,1,False,False,False,False,9,10
2026-02-17,12903,Golden Temple Mail,NDLS,41.4,2,1,False,False,False,False,10,10
2026-02-17,12925,Paschim Express,MMCT,7.6,2,1,False,False,False,False,1,9
2026-02-17,12925,Paschim Express,BVI,8.1,2,1,False,False,False,False,2,9
2026-02-17,12925,Paschim Express,ST,10.0,2,1,False,False,False,False,3,9
2026-02-17,12925,Paschim Express,BRC,6.1,2,1,False,False,False,False,4,9
2026-02-17,12925,Paschim Express,RTM,7.1,2,1,False,False,False,False,5,9
2026-02-17,12925,Paschim Express,KOTA,14.7,2,1,False,False,False,False,6,9
2026-02-17,12925,Paschim Express,SWM,9.7,2,1,False,False,False,False,7,9
2026-02-17,12925,Paschim Express,MTJ,27.9,2,1,False,False,False,False,8,9
2026-02-17,12925,Paschim Express,NDLS,41.6,2,1,False,False,False,False,9,9
2026-02-17,12909,Garib Rath,MMCT,1.9,2,1,False,False,False,False,1,6
2026-02-17,12909,Garib Rath,BVI,0.0,2,1,False,False,False,False,2,6
2026-02-17,12909,Garib Rath,ST,0.0,2,1,False,False,False,False,3,6
2026-02-17,12909,Garib Rath,BRC,1.3,2,1,False,False,False,False,4,6
2026-02-17,12909,Garib Rath,KOTA,4.6,2,1,False,False,False,False,5,6
2026-02-17,12909,Garib Rath,NDLS,5.1,2,1,False,False,False,False,6,6
2026-02-17,12137,Punjab Mail,CSMT,4.9,2,1,False,False,False,False,1,12
2026-02-17,12137,Punjab Mail,KYN,26.2,2,1,False,False,False,False,2,12
2026-02-17,12137,Punjab Mail,NMD,29.7,2,1,False,False,False,False,3,12
2026-02-17,12137,Punjab Mail,MMR,34.4,2,1,False,False,False,False,4,12
2026-02-17,12137,Punjab Mail,BSL,30.0,2,1,False,False,False,False,5,12
2026-02-17,12137,Punjab Mail,ET,65.8,2,1,False,False,False,False,6,12
2026-02-17,12137,Punjab Mail,BPL,75.8,2,1,False,False,False,False,7,12
2026-02-17,12137,Punjab Mail,JHS,79.1,2,1,False,False,False,False,8,12
2026-02-17,12137,Punjab Mail,GWL,74.1,2,1,False,False,False,False,9,12
2026-02-17,12137,Punjab Mail,AGC,72.9,2,1,False,False,False,False,10,12
2026-02-17,12137,Punjab Mail,MTJ,81.0,2,1,False,False,False,False,11,12
2026-02-17,12137,Punjab Mail,NDLS,84.8,2,1,False,False,False,False,12,12
2026-02-17,12621,Tamil Nadu Express,CSMT,0.0,2,1,False,False,False,False,1,9
2026-02-17,12621,Tamil Nadu Express,KYN,6.3,2,1,False,False,False,False,2,9
2026-02-17,12621,Tamil Nadu Express,MMR,19.2,2,1,False,False,False,False,3,9
2026-02-17,12621,Tamil Nadu Express,BSL,30.8,2,1,False,False,False,False,4,9
2026-02-17,12621,Tamil Nadu Express,ET,38.8,2,1,False,False,False,False,5,9
2026-02-17,12621,Tamil Nadu Express,BPL,48.2,2,1,False,False,False,False,6,9
2026-02-17,12621,Tamil Nadu Express,JHS,61.1,2,1,False,False,False,False,7,9
2026-02-17,12621,Tamil Nadu Express,AGC,64.5,2,1,False,False,False,False,8,9
2026-02-17,12621,Tamil Nadu Express,NDLS,73.4,2,1,False,False,False,False,9,9
2026-02-17,12261,Mumbai Duronto Central,CSMT,1.9,2,1,False,False,False,False,1,2
2026-02-17,12261,Mumbai Duronto Central,NDLS,0.0,2,1,False,False,False,False,2,2
2026-02-17,12187,Mumbai Garib Rath,CSMT,10.4,2,1,False,False,False,False,1,7
2026-02-17,12187,Mumbai Garib Rath,KYN,5.5,2,1,False,False,False,False,2,7
2026-02-17,12187,Mumbai Garib Rath,BSL,27.7,2,1,False,False,False,False,3,7
2026-02-17,12187,Mumbai Garib Rath,BPL,34.0,2,1,False,False,False,False,4,7
2026-02-17,12187,Mumbai Garib Rath,JHS,47.0,2,1,False,False,False,False,5,7
2026-02-17,12187,Mumbai Garib Rath,GWL,47.8,2,1,False,False,False,False,6,7
2026-02-17,12187,Mumbai Garib Rath,NDLS,49.6,2,1,False,False,False,False,7,7
2026-02-16,12951,Mumbai Rajdhani,MMCT,4.5,2,0,False,False,False,False,1,5
2026-02-16,12951,Mumbai Rajdhani,BRC,0.5,2,0,False,False,False,False,2,5
2026-02-16,12951,Mumbai Rajdhani,KOTA,23.0,2,0,False,False,False,False,3,5
2026-02-16,12951,Mumbai Rajdhani,SWM,23.9,2,0,False,False,False,False,4,5
2026-02-16,12951,Mumbai Rajdhani,NDLS,19.7,2,0,False,False,False,False,5,5
2026-02-16,12953,August Kranti Rajdhani,MMCT,5.9,2,0,False,False,False,False,1,6
2026-02-16,12953,August Kranti Rajdhani,ST,0.0,2,0,False,False,False,False,2,6
2026-02-16,12953,August Kranti Rajdhani,BRC,9.9,2,0,False,False,False,False,3,6
2026-02-16,12953,August Kranti Rajdhani,RTM,35.6,2,0,False,False,False,False,4,6
2026-02-16,12953,August Kranti Rajdhani,KOTA,33.0,2,0,False,False,False,False,5,6
2026-02-16,12953,August Kranti Rajdhani,NDLS,55.3,2,0,False,False,False,False,6,6
2026-02-16,12267,Mumbai Duronto,MMCT,9.1,2,0,False,False,False,False,1,2
2026-02-16,12267,Mumbai Duronto,NDLS,6.1,2,0,False,False,False,False,2,2
2026-02-16,12903,Golden Temple Mail,MMCT,4.8,2,0,False,False,False,False,1,10
2026-02-16,12903,Golden Temple Mail,BVI,4.6,2,0,False,False,False,False,2,10
2026-02-16,12903,Golden Temple Mail,BL,0.0,2,0,False,False,False,False,3,10
2026-02-16,12903,Golden Temple Mail,ST,2.2,2,0,False,False,False,False,4,10
2026-02-16,12903,Golden Temple Mail,BRC,13.8,2,0,False,False,False,False,5,10
2026-02-16,12903,Golden Temple Mail,RTM,11.3,2,0,False,False,False,False,6,10
2026-02-16,12903,Golden Temple Mail,KOTA,13.8,2,0,False,False,False,False,7,10
2026-02-16,12903,Golden Temple Mail,SWM,16.4,2,0,False,False,False,False,8,10
2026-02-16,12903,Golden Temple Mail,MTJ,22.0,2,0,False,False,False,False,9,10
2026-02-16,12903,Golden Temple Mail,NDLS,26.9,2,0,False,False,False,False,10,10
2026-02-16,12925,Paschim Express,MMCT,11.7,2,0,False,False,False,False,1,9
2026-02-16,12925,Paschim Express,BVI,9.2,2,0,False,False,False,False,2,9
2026-02-16,12925,Paschim Express,ST,14.8,2,0,False,False,False,False,3,9
2026-02-16,12925,Paschim Express,BRC,55.3,2,0,False,False,False,False,4,9
2026-02-16,12925,Paschim Express,RTM,54.3,2,0,False,False,False,False,5,9
2026-02-16,12925,Paschim Express,KOTA,78.3,2,0,False,False,False,False,6,9
2026-02-16,12925,Paschim Express,SWM,88.7,2,0,False,False,False,False,7,9
2026-02-16,12925,Paschim Express,MTJ,102.5,2,0,False,False,False,False,8,9
2026-02-16,12925,Paschim Express,NDLS,107.4,2,0,False,False,False,False,9,9
2026-02-16,12909,Garib Rath,MMCT,0.0,2,0,False,False,False,False,1,6
2026-02-16,12909,Garib Rath,BVI,0.0,2,0,False,False,False,False,2,6
2026-02-16,12909,Garib Rath,ST,0.0,2,0,False,False,False,False,3,6
2026-02-16,12909,Garib Rath,BRC,0.0,2,0,False,False,False,False,4,6
2026-02-16,12909,Garib Rath,KOTA,0.0,2,0,False,False,False,False,5,6
2026-02-16,12909,Garib Rath,NDLS,0.0,2,0,False,False,False,False,6,6
2026-02-16,12137,Punjab Mail,CSMT,5.6,2,0,False,False,False,False,1,12
2026-02-16,12137,Punjab Mail,KYN,11.4,2,0,False,False,False,False,2,12
2026-02-16,12137,Punjab Mail,NMD,8.8,2,0,False,False,False,False,3,12
2026-02-16,12137,Punjab Mail,MMR,8.8,2,0,False,False,False,False,4,12
2026-02-16,12137,Punjab Mail,BSL,15.0,2,0,False,False,False,False,5,12
2026-02-16,12137,Punjab Mail,ET,23.0,2,0,False,False,False,False,6,12
2026-02-16,12137,Punjab Mail,BPL,27.0,2,0,False,False,False,False,7,12
2026-02-16,12137,Punjab Mail,JHS,38.8,2,0,False,False,False,False,8,12
2026-02-16,12137,Punjab Mail,GWL,45.6,2,0,False,False,False,False,9,12
2026-02-16,12137,Punjab Mail,AGC,45.9,2,0,False,False,False,False,10,12
2026-02-16,12137,Punjab Mail,MTJ,65.7,2,0,False,False,False,False,11,12
2026-02-16,12137,Punjab Mail,NDLS,61.4,2,0,False,False,False,False,12,12
2026-02-16,12621,Tamil Nadu Express,CSMT,0.0,2,0,False,False,False,False,1,9
2026-02-16,12621,Tamil Nadu Express,KYN,6.7,2,0,False,False,False,False,2,9
2026-02-16,12621,Tamil Nadu Express,MMR,8.1,2,0,False,False,False,False,3,9
2026-02-16,12621,Tamil Nadu Express,BSL,6.2,2,0,False,False,False,False,4,9
2026-02-16,12621,Tamil Nadu Express,ET,15.5,2,0,False,False,False,False,5,9
2026-02-16,12621,Tamil Nadu Express,BPL,12.8,2,0,False,False,False,False,6,9
2026-02-16,12621,Tamil Nadu Express,JHS,14.2,2,0,False,False,False,False,7,9
2026-02-16,12621,Tamil Nadu Express,AGC,9.2,2,0,False,False,False,False,8,9
2026-02-16,12621,Tamil Nadu Express,NDLS,33.1,2,0,False,False,False,False,9,9
2026-02-16,12261,Mumbai Duronto Central,CSMT,10.0,2,0,False,False,False,False,1,2
2026-02-16,12261,Mumbai Duronto Central,NDLS,15.3,2,0,False,False,False,False,2,2
2026-02-16,12187,Mumbai Garib Rath,CSMT,4.0,2,0,False,False,False,False,1,7
2026-02-16,12187,Mumbai Garib Rath,KYN,5.7,2,0,False,False,False,False,2,7
2026-02-16,12187,Mumbai Garib Rath,BSL,22.6,2,0,False,False,False,False,3,7
2026-02-16,12187,Mumbai Garib Rath,BPL,29.0,2,0,False,False,False,False,4,7
2026-02-16,12187,Mumbai Garib Rath,JHS,52.8,2,0,False,False,False,False,5,7
2026-02-16,12187,Mumbai Garib Rath,GWL,56.2,2,0,False,False,False,False,6,7
2026-02-16,12187,Mumbai Garib Rath,NDLS,81.2,2,0,False,False,False,False,7,7
2026-02-15,12951,Mumbai Rajdhani,MMCT,0.0,2,6,True,False,False,False,1,5
2026-02-15,12951,Mumbai Rajdhani,BRC,2.2,2,6,True,False,False,False,2,5
2026-02-15,12951,Mumbai Rajdhani,KOTA,15.8,2,6,True,False,False,False,3,5
2026-02-15,12951,Mumbai Rajdhani,SWM,13.7,2,6,True,False,False,False,4,5
2026-02-15,12951,Mumbai Rajdhani,NDLS,20.6,2,6,True,False,False,False,5,5
2026-02-15,12953,August Kranti Rajdhani,MMCT,0.0,2,6,True,False,False,False,1,6
2026-02-15,12953,August Kranti Rajdhani,ST,0.0,2,6,True,False,False,False,2,6
2026-02-15,12953,August Kranti Rajdhani,BRC,9.8,2,6,True,False,False,False,3,6
2026-02-15,12953,August Kranti Rajdhani,RTM,22.9,2,6,True,False,False,False,4,6
2026-02-15,12953,August Kranti Rajdhani,KOTA,22.1,2,6,True,False,False,False,5,6
2026-02-15,12953,August Kranti Rajdhani,NDLS,19.2,2,6,True,False,False,False,6,6
2026-02-15,12267,Mumbai Duronto,MMCT,0.0,2,6,True,False,False,False,1,2
2026-02-15,12267,Mumbai Duronto,NDLS,9.0,2,6,True,False,False,False,2,2
2026-02-15,12903,Golden Temple Mail,MMCT,17.8,2,6,True,False,False,False,1,10
2026-02-15,12903,Golden Temple Mail,BVI,0.3,2,6,True,False,False,False,2,10
2026-02-15,12903,Golden Temple Mail,BL,8.9,2,6,True,False,False,False,3,10
2026-02-15,12903,Golden Temple Mail,ST,11.5,2,6,True,False,False,False,4,10
2026-02-15,12903,Golden Temple Mail,BRC,28.4,2,6,True,False,False,False,5,10
2026-02-15,12903,Golden Temple Mail,RTM,52.6,2,6,True,False,False,False,6,10
2026-02-15,12903,Golden Temple Mail,KOTA,61.9,2,6,True,False,False,False,7,10
2026-02-15,12903,Golden Temple Mail,SWM,59.9,2,6,True,False,False,False,8,10
2026-02-15,12903,Golden Temple Mail,MTJ,73.5,2,6,True,False,False,False,9,10
2026-02-15,12903,Golden Temple Mail,NDLS,78.9,2,6,True,False,False,False,10,10
2026-02-15,12925,Paschim Express,MMCT,2.7,2,6,True,False,False,False,1,9
2026-02-15,12925,Paschim Express,BVI,7.3,2,6,True,False,False,False,2,9
2026-02-15,12925,Paschim Express,ST,10.3,2,6,True,False,False,False,3,9
2026-02-15,12925,Paschim Express,BRC,8.4,2,6,True,False,False,False,4,9
2026-02-15,12925,Paschim Express,RTM,14.2,2,6,True,False,False,False,5,9
2026-02-15,12925,Paschim Express,KOTA,26.6,2,6,True,False,False,False,6,9
2026-02-15,12925,Paschim Express,SWM,21.6,2,6,True,False,False,False,7,9
2026-02-15,12925,Paschim Express,MTJ,28.6,2,6,True,False,False,False,8,9
2026-02-15,12925,Paschim Express,NDLS,26.7,2,6,True,False,False,False,9,9
2026-02-15,12909,Garib Rath,MMCT,0.0,2,6,True,False,False,False,1,6
2026-02-15,12909,Garib Rath,BVI,7.9,2,6,True,False,False,False,2,6
2026-02-15,12909,Garib Rath,ST,24.4,2,6,True,False,False,False,3,6
2026-02-15,12909,Garib Rath,BRC,58.0,2,6,True,False,False,False,4,6
2026-02-15,12909,Garib Rath,KOTA,63.5,2,6,True,False,False,False,5,6
2026-02-15,12909,Garib Rath,NDLS,76.5,2,6,True,False,False,False,6,6
2026-02-15,12137,Punjab Mail,CSMT,0.0,2,6,True,False,False,False,1,12
2026-02-15,12137,Punjab Mail,KYN,0.0,2,6,True,False,False,False,2,12
2026-02-15,12137,Punjab Mail,NMD,6.2,2,6,True,False,False,False,3,12
2026-02-15,12137,Punjab Mail,MMR,11.6,2,6,True,False,False,False,4,12
2026-02-15,12137,Punjab Mail,BSL,6.7,2,6,True,False,False,False,5,12
2026-02-15,12137,Punjab Mail,ET,10.8,2,6,True,False,False,False,6,12
2026-02-15,12137,Punjab Mail,BPL,20.5,2,6,True,False,False,False,7,12
2026-02-15,12137,Punjab Mail,JHS,19.7,2,6,True,False,False,False,8,12
2026-02-15,12137,Punjab Mail,GWL,19.4,2,6,True,False,False,False,9,12
2026-02-15,12137,Punjab Mail,AGC,16.0,2,6,True,False,False,False,10,12
2026-02-15,12137,Punjab Mail,MTJ,16.2,2,6,True,False,False,False,11,12
2026-02-15,12137,Punjab Mail,NDLS,20.6,2,6,True,False,False,False,12,12
2026-02-15,12621,Tamil Nadu Express,CSMT,6.8,2,6,True,False,False,False,1,9
2026-02-15,12621,Tamil Nadu Express,KYN,0.0,2,6,True,False,False,False,2,9
2026-02-15,12621,Tamil Nadu Express,MMR,3.5,2,6,True,False,False,False,3,9
2026-02-15,12621,Tamil Nadu Express,BSL,8.1,2,6,True,False,False,False,4,9
2026-02-15,12621,Tamil Nadu Express,ET,27.2,2,6,True,False,False,False,5,9
2026-02-15,12621,Tamil Nadu Express,BPL,42.3,2,6,True,False,False,False,6,9
2026-02-15,12621,Tamil Nadu Express,JHS,37.7,2,6,True,False,False,False,7,9
2026-02-15,12621,Tamil Nadu Express,AGC,36.7,2,6,True,False,False,False,8,9
2026-02-15,12621,Tamil Nadu Express,NDLS,45.4,2,6,True,False,False,False,9,9
2026-02-15,12261,Mumbai Duronto Central,CSMT,7.3,2,6,True,False,False,False,1,2
2026-02-15,12261,Mumbai Duronto Central,NDLS,15.1,2,6,True,False,False,False,2,2
2026-02-15,12187,Mumbai Garib Rath,CSMT,3.0,2,6,True,False,False,False,1,7
2026-02-15,12187,Mumbai Garib Rath,KYN,5.5,2,6,True,False,False,False,2,7
2026-02-15,12187,Mumbai Garib Rath,BSL,14.5,2,6,True,False,False,False,3,7
2026-02-15,12187,Mumbai Garib Rath,BPL,23.1,2,6,True,False,False,False,4,7
2026-02-15,12187,Mumbai Garib Rath,JHS,35.8,2,6,True,False,False,False,5,7
2026-02-15,12187,Mumbai Garib Rath,GWL,40.1,2,6,True,False,False,False,6,7
2026-02-15,12187,Mumbai Garib Rath,NDLS,47.7,2,6,True,False,False,False,7,7
2026-02-14,12951,Mumbai Rajdhani,MMCT,5.5,2,5,True,False,False,False,1,5
2026-02-14,12951,Mumbai Rajdhani,BRC,13.4,2,5,True,False,False,False,2,5
2026-02-14,12951,Mumbai Rajdhani,KOTA,11.8,2,5,True,False,False,False,3,5
2026-02-14,12951,Mumbai Rajdhani,SWM,10.2,2,5,True,False,False,False,4,5
2026-02-14,12951,Mumbai Rajdhani,NDLS,14.2,2,5,True,False,False,False,5,5
2026-02-14,12953,August Kranti Rajdhani,MMCT,0.0,2,5,True,False,False,False,1,6
2026-02-14,12953,August Kranti Rajdhani,ST,0.0,2,5,True,False,False,False,2,6
2026-02-14,12953,August Kranti Rajdhani,BRC,8.2,2,5,True,False,False,False,3,6
2026-02-14,12953,August Kranti Rajdhani,RTM,13.7,2,5,True,False,False,False,4,6
2026-02-14,12953,August Kranti Rajdhani,KOTA,25.9,2,5,True,False,False,False,5,6
2026-02-14,12953,August Kranti Rajdhani,NDLS,30.0,2,5,True,False,False,False,6,6
2026-02-14,12267,Mumbai Duronto,MMCT,0.0,2,5,True,False,False,False,1,2
2026-02-14,12267,Mumbai Duronto,NDLS,17.6,2,5,True,False,False,False,2,2
2026-02-14,12903,Golden Temple Mail,MMCT,7.3,2,5,True,False,False,False,1,10
2026-02-14,12903,Golden Temple Mail,BVI,0.0,2,5,True,False,False,False,2,10
2026-02-14,12903,Golden Temple Mail,BL,15.7,2,5,True,False,False,False,3,10
2026-02-14,12903,Golden Temple Mail,ST,15.2,2,5,True,False,False,False,4,10
2026-02-14,12903,Golden Temple Mail,BRC,27.5,2,5,True,False,False,False,5,10
2026-02-14,12903,Golden Temple Mail,RTM,23.6,2,5,True,False,False,False,6,10
2026-02-14,12903,Golden Temple Mail,KOTA,22.5,2,5,True,False,False,False,7,10
2026-02-14,12903,Golden Temple Mail,SWM,34.0,2,5,True,False,False,False,8,10
2026-02-14,12903,Golden Temple Mail,MTJ,34.2,2,5,True,False,False,False,9,10
2026-02-14,12903,Golden Temple Mail,NDLS,39.4,2,5,True,False,False,False,10,10
2026-02-14,12925,Paschim Express,MMCT,11.2,2,5,True,False,False,False,1,9
2026-02-14,12925,Paschim Express,BVI,10.4,2,5,True,False,False,False,2,9
2026-02-14,12925,Paschim Express,ST,5.4,2,5,True,False,False,False,3,9
2026-02-14,12925,Paschim Express,BRC,16.1,2,5,True,False,False,False,4,9
2026-02-14,12925,Paschim Express,RTM,24.9,2,5,True,False,False,False,5,9
2026-02-14,12925,Paschim Express,KOTA,39.2,2,5,True,False,False,False,6,9
2026-02-14,12925,Paschim Express,SWM,42.1,2,5,True,False,False,False,7,9
2026-02-14,12925,Paschim Express,MTJ,70.1,2,5,True,False,False,False,8,9
2026-02-14,12925,Paschim Express,NDLS,80.5,2,5,True,False,False,False,9,9
2026-02-14,12909,Garib Rath,MMCT,0.6,2,5,True,False,False,False,1,6
2026-02-14,12909,Garib Rath,BVI,5.6,2,5,True,False,False,False,2,6
2026-02-14,12909,Garib Rath,ST,0.6,2,5,True,False,False,False,3,6
2026-02-14,12909,Garib Rath,BRC,20.2,2,5,True,False,False,False,4,6
2026-02-14,12909,Garib Rath,KOTA,33.1,2,5,True,False,False,False,5,6
2026-02-14,12909,Garib Rath,NDLS,43.8,2,5,True,False,False,False,6,6
2026-02-14,12137,Punjab Mail,CSMT,0.0,2,5,True,False,False,False,1,12
2026-02-14,12137,Punjab Mail,KYN,20.1,2,5,True,False,False,False,2,12
2026-02-14,12137,Punjab Mail,NMD,15.1,2,5,True,False,False,False,3,12
2026-02-14,12137,Punjab Mail,MMR,10.3,2,5,True,False,False,False,4,12
2026-02-14,12137,Punjab Mail,BSL,15.9,2,5,True,False,False,False,5,12
2026-02-14,12137,Punjab Mail,ET,16.3,2,5,True,False,False,False,6,12
2026-02-14,12137,Punjab Mail,BPL,11.3,2,5,True,False,False,False,7,12
2026-02-14,12137,Punjab Mail,JHS,22.3,2,5,True,False,False,False,8,12
2026-02-14,12137,Punjab Mail,GWL,32.4,2,5,True,False,False,False,9,12
2026-02-14,12137,Punjab Mail,AGC,30.1,2,5,True,False,False,False,10,12
2026-02-14,12137,Punjab Mail,MTJ,33.0,2,5,True,False,False,False,11,12
2026-02-14,12137,Punjab Mail,NDLS,47.4,2,5,True,False,False,False,12,12
2026-02-14,12621,Tamil Nadu Express,CSMT,1.0,2,5,True,False,False,False,1,9
2026-02-14,12621,Tamil Nadu Express,KYN,0.0,2,5,True,False,False,False,2,9
2026-02-14,12621,Tamil Nadu Express,MMR,4.2,2,5,True,False,False,False,3,9
2026-02-14,12621,Tamil Nadu Express,BSL,0.4,2,5,True,False,False,False,4,9
2026-02-14,12621,Tamil Nadu Express,ET,21.9,2,5,True,False,False,False,5,9
2026-02-14,12621,Tamil Nadu Express,BPL,21.4,2,5,True,False,False,False,6,9
2026-02-14,12621,Tamil Nadu Express,JHS,20.1,2,5,True,False,False,False,7,9
2026-02-14,12621,Tamil Nadu Express,AGC,15.1,2,5,True,False,False,False,8,9
2026-02-14,12621,Tamil Nadu Express,NDLS,23.6,2,5,True,False,False,False,9,9
2026-02-14,12261,Mumbai Duronto Central,CSMT,2.3,2,5,True,False,False,False,1,2
2026-02-14,12261,Mumbai Duronto Central,NDLS,0.0,2,5,True,False,False,False,2,2
2026-02-14,12187,Mumbai Garib Rath,CSMT,0.0,2,5,True,False,False,False,1,7
2026-02-14,12187,Mumbai Garib Rath,KYN,8.3,2,5,True,False,False,False,2,7
2026-02-14,12187,Mumbai Garib Rath,BSL,13.9,2,5,True,False,False,False,3,7
2026-02-14,12187,Mumbai Garib Rath,BPL,8.9,2,5,True,False,False,False,4,7
2026-02-14,12187,Mumbai Garib Rath,JHS,13.6,2,5,True,False,False,False,5,7
2026-02-14,12187,Mumbai Garib Rath,GWL,16.6,2,5,True,False,False,False,6,7
2026-02-14,12187,Mumbai Garib Rath,NDLS,22.5,2,5,True,False,False,False,7,7
2026-02-13,12951,Mumbai Rajdhani,MMCT,0.0,2,4,False,False,False,False,1,5
2026-02-13,12951,Mumbai Rajdhani,BRC,18.4,2,4,False,False,False,False,2,5
2026-02-13,12951,Mumbai Rajdhani,KOTA,24.5,2,4,False,False,False,False,3,5
2026-02-13,12951,Mumbai Rajdhani,SWM,34.4,2,4,False,False,False,False,4,5
2026-02-13,12951,Mumbai Rajdhani,NDLS,33.2,2,4,False,False,False,False,5,5
2026-02-13,12953,August Kranti Rajdhani,MMCT,0.0,2,4,False,False,False,False,1,6
2026-02-13,12953,August Kranti Rajdhani,ST,9.7,2,4,False,False,False,False,2,6
2026-02-13,12953,August Kranti Rajdhani,BRC,20.7,2,4,False,False,False,False,3,6
2026-02-13,12953,August Kranti Rajdhani,RTM,16.6,2,4,False,False,False,False,4,6
2026-02-13,12953,August Kranti Rajdhani,KOTA,22.6,2,4,False,False,False,False,5,6
2026-02-13,12953,August Kranti Rajdhani,NDLS,23.2,2,4,False,False,False,False,6,6
2026-02-13,12267,Mumbai Duronto,MMCT,3.7,2,4,False,False,False,False,1,2
2026-02-13,12267,Mumbai Duronto,NDLS,0.0,2,4,False,False,False,False,2,2
2026-02-13,12903,Golden Temple Mail,MMCT,6.7,2,4,False,False,False,False,1,10
2026-02-13,12903,Golden Temple Mail,BVI,9.3,2,4,False,False,False,False,2,10
2026-02-13,12903,Golden Temple Mail,BL,17.4,2,4,False,False,False,False,3,10
2026-02-13,12903,Golden Temple Mail,ST,31.7,2,4,False,False,False,False,4,10
2026-02-13,12903,Golden Temple Mail,BRC,33.6,2,4,False,False,False,False,5,10
2026-02-13,12903,Golden Temple Mail,RTM,36.9,2,4,False,False,False,False,6,10
2026-02-13,12903,Golden Temple Mail,KOTA,62.7,2,4,False,False,False,False,7,10
2026-02-13,12903,Golden Temple Mail,SWM,67.1,2,4,False,False,False,False,8,10
2026-02-13,12903,Golden Temple Mail,MTJ,71.6,2,4,False,False,False,False,9,10
2026-02-13,12903,Golden Temple Mail,NDLS,74.6,2,4,False,False,False,False,10,10
2026-02-13,12925,Paschim Express,MMCT,15.4,2,4,False,False,False,False,1,9
2026-02-13,12925,Paschim Express,BVI,13.4,2,4,False,False,False,False,2,9
2026-02-13,12925,Paschim Express,ST,14.4,2,4,False,False,False,False,3,9
2026-02-13,12925,Paschim Express,BRC,13.6,2,4,False,False,False,False,4,9
2026-02-13,12925,Paschim Express,RTM,21.6,2,4,False,False,False,False,5,9
2026-02-13,12925,Paschim Express,KOTA,32.1,2,4,False,False,False,False,6,9
2026-02-13,12925,Paschim Express,SWM,40.3,2,4,False,False,False,False,7,9
2026-02-13,12925,Paschim Express,MTJ,63.7,2,4,False,False,False,False,8,9
2026-02-13,12925,Paschim Express,NDLS,73.8,2,4,False,False,False,False,9,9
2026-02-13,12909,Garib Rath,MMCT,0.0,2,4,False,False,False,False,1,6
2026-02-13,12909,Garib Rath,BVI,30.8,2,4,False,False,False,False,2,6
2026-02-13,12909,Garib Rath,ST,32.2,2,4,False,False,False,False,3,6
2026-02-13,12909,Garib Rath,BRC,35.6,2,4,False,False,False,False,4,6
2026-02-13,12909,Garib Rath,KOTA,44.6,2,4,False,False,False,False,5,6
2026-02-13,12909,Garib Rath,NDLS,49.2,2,4,False,False,False,False,6,6
2026-02-13,12137,Punjab Mail,CSMT,0.2,2,4,False,False,False,False,1,12
2026-02-13,12137,Punjab Mail,KYN,0.0,2,4,False,False,False,False,2,12
2026-02-13,12137,Punjab Mail,NMD,0.0,2,4,False,False,False,False,3,12
2026-02-13,12137,Punjab Mail,MMR,0.6,2,4,False,False,False,False,4,12
2026-02-13,12137,Punjab Mail,BSL,25.9,2,4,False,False,False,False,5,12
2026-02-13,12137,Punjab Mail,ET,24.4,2,4,False,False,False,False,6,12
2026-02-13,12137,Punjab Mail,BPL,19.6,2,4,False,False,False,False,7,12
2026-02-13,12137,Punjab Mail,JHS,19.8,2,4,False,False,False,False,8,12
2026-02-13,12137,Punjab Mail,GWL,30.0,2,4,False,False,False,False,9,12
2026-02-13,12137,Punjab Mail,AGC,45.2,2,4,False,False,False,False,10,12
2026-02-13,12137,Punjab Mail,MTJ,43.3,2,4,False,False,False,False,11,12
2026-02-13,12137,Punjab Mail,NDLS,49.3,2,4,False,False,False,False,12,12
2026-02-13,12621,Tamil Nadu Express,CSMT,12.5,2,4,False,False,False,False,1,9
2026-02-13,12621,Tamil Nadu Express,KYN,13.3,2,4,False,False,False,False,2,9
2026-02-13,12621,Tamil Nadu Express,MMR,19.6,2,4,False,False,False,False,3,9
2026-02-13,12621,Tamil Nadu Express,BSL,32.9,2,4,False,False,False,False,4,9
2026-02-13,12621,Tamil Nadu Express,ET,28.0,2,4,False,False,False,False,5,9
2026-02-13,12621,Tamil Nadu Express,BPL,45.7,2,4,False,False,False,False,6,9
2026-02-13,12621,Tamil Nadu Express,JHS,59.2,2,4,False,False,False,False,7,9
2026-02-13,12621,Tamil Nadu Express,AGC,66.6,2,4,False,False,False,False,8,9
2026-02-13,12621,Tamil Nadu Express,NDLS,77.5,2,4,False,False,False,False,9,9
2026-02-13,12261,Mumbai Duronto Central,CSMT,1.3,2,4,False,False,False,False,1,2
2026-02-13,12261,Mumbai Duronto Central,NDLS,2.7,2,4,False,False,False,False,2,2
2026-02-13,12187,Mumbai Garib Rath,CSMT,5.9,2,4,False,False,False,False,1,7
2026-02-13,12187,Mumbai Garib Rath,KYN,8.0,2,4,False,False,False,False,2,7
2026-02-13,12187,Mumbai Garib Rath,BSL,11.7,2,4,False,False,False,False,3,7
2026-02-13,12187,Mumbai Garib Rath,BPL,12.8,2,4,False,False,False,False,4,7
2026-02-13,12187,Mumbai Garib Rath,JHS,18.7,2,4,False,False,False,False,5,7
2026-02-13,12187,Mumbai Garib Rath,GWL,15.8,2,4,False,False,False,False,6,7
2026-02-13,12187,Mumbai Garib Rath,NDLS,24.2,2,4,False,False,False,False,7,7
2026-02-12,12951,Mumbai Rajdhani,MMCT,0.0,2,3,False,False,False,False,1,5
2026-02-12,12951,Mumbai Rajdhani,BRC,6.6,2,3,False,False,False,False,2,5
2026-02-12,12951,Mumbai Rajdhani,KOTA,3.7,2,3,False,False,False,False,3,5
2026-02-12,12951,Mumbai Rajdhani,SWM,1.9,2,3,False,False,False,False,4,5
2026-02-12,12951,Mumbai Rajdhani,NDLS,9.5,2,3,False,False,False,False,5,5
2026-02-12,12953,August Kranti Rajdhani,MMCT,0.0,2,3,False,False,False,False,1,6
2026-02-12,12953,August Kranti Rajdhani,ST,5.5,2,3,False,False,False,False,2,6
2026-02-12,12953,August Kranti Rajdhani,BRC,12.7,2,3,False,False,False,False,3,6
2026-02-12,12953,August Kranti Rajdhani,RTM,11.9,2,3,False,False,False,False,4,6
2026-02-12,12953,August Kranti Rajdhani,KOTA,9.6,2,3,False,False,False,False,5,6
2026-02-12,12953,August Kranti Rajdhani,NDLS,7.3,2,3,False,False,False,False,6,6
2026-02-12,12267,Mumbai Duronto,MMCT,2.3,2,3,False,False,False,False,1,2
2026-02-12,12267,Mumbai Duronto,NDLS,0.1,2,3,False,False,False,False,2,2
2026-02-12,12903,Golden Temple Mail,MMCT,4.2,2,3,False,False,False,False,1,10
2026-02-12,12903,Golden Temple Mail,BVI,0.0,2,3,False,False,False,False,2,10
2026-02-12,12903,Golden Temple Mail,BL,0.0,2,3,False,False,False,False,3,10
2026-02-12,12903,Golden Temple Mail,ST,6.7,2,3,False,False,False,False,4,10
2026-02-12,12903,Golden Temple Mail,BRC,10.4,2,3,False,False,False,False,5,10
2026-02-12,12903,Golden Temple Mail,RTM,21.4,2,3,False,False,False,False,6,10
2026-02-12,12903,Golden Temple Mail,KOTA,27.0,2,3,False,False,False,False,7,10
2026-02-12,12903,Golden Temple Mail,SWM,22.0,2,3,False,False,False,False,8,10
2026-02-12,12903,Golden Temple Mail,MTJ,38.8,2,3,False,False,False,False,9,10
2026-02-12,12903,Golden Temple Mail,NDLS,60.9,2,3,False,False,False,False,10,10
2026-02-12,12925,Paschim Express,MMCT,0.0,2,3,False,False,False,False,1,9
2026-02-12,12925,Paschim Express,BVI,9.5,2,3,False,False,False,False,2,9
2026-02-12,12925,Paschim Express,ST,18.7,2,3,False,False,False,False,3,9
2026-02-12,12925,Paschim Express,BRC,18.9,2,3,False,False,False,False,4,9
2026-02-12,12925,Paschim Express,RTM,29.8,2,3,False,False,False,False,5,9
2026-02-12,12925,Paschim Express,KOTA,26.8,2,3,False,False,False,False,6,9
2026-02-12,12925,Paschim Express,SWM,21.8,2,3,False,False,False,False,7,9
2026-02-12,12925,Paschim Express,MTJ,32.4,2,3,False,False,False,False,8,9
2026-02-12,12925,Paschim Express,NDLS,48.1,2,3,False,False,False,False,9,9
2026-02-12,12909,Garib Rath,MMCT,4.6,2,3,False,False,False,False,1,6
2026-02-12,12909,Garib Rath,BVI,19.5,2,3,False,False,False,False,2,6
2026-02-12,12909,Garib Rath,ST,26.6,2,3,False,False,False,False,3,6
2026-02-12,12909,Garib Rath,BRC,24.0,2,3,False,False,False,False,4,6
2026-02-12,12909,Garib Rath,KOTA,34.9,2,3,False,False,False,False,5,6
2026-02-12,12909,Garib Rath,NDLS,45.9,2,3,False,False,False,False,6,6
2026-02-12,12137,Punjab Mail,CSMT,11.6,2,3,False,False,False,False,1,12
2026-02-12,12137,Punjab Mail,KYN,13.4,2,3,False,False,False,False,2,12
2026-02-12,12137,Punjab Mail,NMD,8.4,2,3,False,False,False,False,3,12
2026-02-12,12137,Punjab Mail,MMR,13.3,2,3,False,False,False,False,4,12
2026-02-12,12137,Punjab Mail,BSL,22.2,2,3,False,False,False,False,5,12
2026-02-12,12137,Punjab Mail,ET,22.1,2,3,False,False,False,False,6,12
2026-02-12,12137,Punjab Mail,BPL,17.4,2,3,False,False,False,False,7,12
2026-02-12,12137,Punjab Mail,JHS,25.1,2,3,False,False,False,False,8,12
2026-02-12,12137,Punjab Mail,GWL,29.2,2,3,False,False,False,False,9,12
2026-02-12,12137,Punjab Mail,AGC,24.2,2,3,False,False,False,False,10,12
2026-02-12,12137,Punjab Mail,MTJ,22.4,2,3,False,False,False,False,11,12
2026-02-12,12137,Punjab Mail,NDLS,47.4,2,3,False,False,False,False,12,12
2026-02-12,12621,Tamil Nadu Express,CSMT,0.0,2,3,False,False,False,False,1,9
2026-02-12,12621,Tamil Nadu Express,KYN,1.0,2,3,False,False,False,False,2,9
2026-02-12,12621,Tamil Nadu Express,MMR,0.0,2,3,False,False,False,False,3,9
2026-02-12,12621,Tamil Nadu Express,BSL,17.0,2,3,False,False,False,False,4,9
2026-02-12,12621,Tamil Nadu Express,ET,42.7,2,3,False,False,False,False,5,9
2026-02-12,12621,Tamil Nadu Express,BPL,37.7,2,3,False,False,False,False,6,9
2026-02-12,12621,Tamil Nadu Express,JHS,54.9,2,3,False,False,False,False,7,9
2026-02-12,12621,Tamil Nadu Express,AGC,71.3,2,3,False,False,False,False,8,9
2026-02-12,12621,Tamil Nadu Express,NDLS,78.8,2,3,False,False,False,False,9,9
2026-02-12,12261,Mumbai Duronto Central,CSMT,6.9,2,3,False,False,False,False,1,2
2026-02-12,12261,Mumbai Duronto Central,NDLS,6.0,2,3,False,False,False,False,2,2
2026-02-12,12187,Mumbai Garib Rath,CSMT,0.0,2,3,False,False,False,False,1,7
2026-02-12,12187,Mumbai Garib Rath,KYN,13.8,2,3,False,False,False,False,2,7
2026-02-12,12187,Mumbai Garib Rath,BSL,22.9,2,3,False,False,False,False,3,7
2026-02-12,12187,Mumbai Garib Rath,BPL,27.0,2,3,False,False,False,False,4,7
2026-02-12,12187,Mumbai Garib Rath,JHS,31.1,2,3,False,False,False,False,5,7
2026-02-12,12187,Mumbai Garib Rath,GWL,37.4,2,3,False,False,False,False,6,7
2026-02-12,12187,Mumbai Garib Rath,NDLS,37.4,2,3,False,False,False,False,7,7
2026-02-11,12951,Mumbai Rajdhani,MMCT,7.2,2,2,False,False,False,False,1,5
2026-02-11,12951,Mumbai Rajdhani,BRC,0.0,2,2,False,False,False,False,2,5
2026-02-11,12951,Mumbai Rajdhani,KOTA,0.0,2,2,False,False,False,False,3,5
2026-02-11,12951,Mumbai Rajdhani,SWM,0.0,2,2,False,False,False,False,4,5
2026-02-11,12951,Mumbai Rajdhani,NDLS,0.0,2,2,False,False,False,False,5,5
2026-02-11,12953,August Kranti Rajdhani,MMCT,3.4,2,2,False,False,False,False,1,6
2026-02-11,12953,August Kranti Rajdhani,ST,0.0,2,2,False,False,False,False,2,6
2026-02-11,12953,August Kranti Rajdhani,BRC,3.2,2,2,False,False,False,False,3,6
2026-02-11,12953,August Kranti Rajdhani,RTM,0.0,2,2,False,False,False,False,4,6
2026-02-11,12953,August Kranti Rajdhani,KOTA,11.9,2,2,False,False,False,False,5,6
2026-02-11,12953,August Kranti Rajdhani,NDLS,38.0,2,2,False,False,False,False,6,6
2026-02-11,12267,Mumbai Duronto,MMCT,3.2,2,2,False,False,False,False,1,2
2026-02-11,12267,Mumbai Duronto,NDLS,0.0,2,2,False,False,False,False,2,2
2026-02-11,12903,Golden Temple Mail,MMCT,2.0,2,2,False,False,False,False,1,10
2026-02-11,12903,Golden Temple Mail,BVI,0.0,2,2,False,False,False,False,2,10
2026-02-11,12903,Golden Temple Mail,BL,13.0,2,2,False,False,False,False,3,10
2026-02-11,12903,Golden Temple Mail,ST,11.6,2,2,False,False,False,False,4,10
2026-02-11,12903,Golden Temple Mail,BRC,8.1,2,2,False,False,False,False,5,10
2026-02-11,12903,Golden Temple Mail,RTM,30.7,2,2,False,False,False,False,6,10
2026-02-11,12903,Golden Temple Mail,KOTA,52.8,2,2,False,False,False,False,7,10
2026-02-11,12903,Golden Temple Mail,SWM,64.0,2,2,False,False,False,False,8,10
2026-02-11,12903,Golden Temple Mail,MTJ,69.6,2,2,False,False,False,False,9,10
2026-02-11,12903,Golden Temple Mail,NDLS,70.2,2,2,False,False,False,False,10,10
2026-02-11,12925,Paschim Express,MMCT,0.0,2,2,False,False,False,False,1,9
2026-02-11,12925,Paschim Express,BVI,0.9,2,2,False,False,False,False,2,9
2026-02-11,12925,Paschim Express,ST,0.0,2,2,False,False,False,False,3,9
2026-02-11,12925,Paschim Express,BRC,9.9,2,2,False,False,False,False,4,9
2026-02-11,12925,Paschim Express,RTM,10.9,2,2,False,False,False,False,5,9
2026-02-11,12925,Paschim Express,KOTA,20.9,2,2,False,False,False,False,6,9
2026-02-11,12925,Paschim Express,SWM,26.0,2,2,False,False,False,False,7,9
2026-02-11,12925,Paschim Express,MTJ,35.2,2,2,False,False,False,False,8,9
2026-02-11,12925,Paschim Express,NDLS,49.1,2,2,False,False,False,False,9,9
2026-02-11,12909,Garib Rath,MMCT,11.4,2,2,False,False,False,False,1,6
2026-02-11,12909,Garib Rath,BVI,4.5,2,2,False,False,False,False,2,6
2026-02-11,12909,Garib Rath,ST,2.6,2,2,False,False,False,False,3,6
2026-02-11,12909,Garib Rath,BRC,17.7,2,2,False,False,False,False,4,6
2026-02-11,12909,Garib Rath,KOTA,22.2,2,2,False,False,False,False,5,6
2026-02-11,12909,Garib Rath,NDLS,21.1,2,2,False,False,False,False,6,6
2026-02-11,12137,Punjab Mail,CSMT,6.3,2,2,False,False,False,False,1,12
2026-02-11,12137,Punjab Mail,KYN,19.7,2,2,False,False,False,False,2,12
2026-02-11,12137,Punjab Mail,NMD,28.7,2,2,False,False,False,False,3,12
2026-02-11,12137,Punjab Mail,MMR,32.9,2,2,False,False,False,False,4,12
2026-02-11,12137,Punjab Mail,BSL,50.3,2,2,False,False,False,False,5,12
2026-02-11,12137,Punjab Mail,ET,52.2,2,2,False,False,False,False,6,12
2026-02-11,12137,Punjab Mail,BPL,59.1,2,2,False,False,False,False,7,12
2026-02-11,12137,Punjab Mail,JHS,69.4,2,2,False,False,False,False,8,12
2026-02-11,12137,Punjab Mail,GWL,82.3,2,2,False,False,False,False,9,12
2026-02-11,12137,Punjab Mail,AGC,87.1,2,2,False,False,False,False,10,12
2026-02-11,12137,Punjab Mail,MTJ,101.6,2,2,False,False,False,False,11,12
2026-02-11,12137,Punjab Mail,NDLS,97.7,2,2,False,False,False,False,12,12
2026-02-11,12621,Tamil Nadu Express,CSMT,0.0,2,2,False,False,False,False,1,9
2026-02-11,12621,Tamil Nadu Express,KYN,20.9,2,2,False,False,False,False,2,9
2026-02-11,12621,Tamil Nadu Express,MMR,21.6,2,2,False,False,False,False,3,9
2026-02-11,12621,Tamil Nadu Express,BSL,36.3,2,2,False,False,False,False,4,9
2026-02-11,12621,Tamil Nadu Express,ET,39.0,2,2,False,False,False,False,5,9
2026-02-11,12621,Tamil Nadu Express,BPL,54.1,2,2,False,False,False,False,6,9
2026-02-11,12621,Tamil Nadu Express,JHS,75.6,2,2,False,False,False,False,7,9
2026-02-11,12621,Tamil Nadu Express,AGC,70.6,2,2,False,False,False,False,8,9
2026-02-11,12621,Tamil Nadu Express,NDLS,70.3,2,2,False,False,False,False,9,9
2026-02-11,12261,Mumbai Duronto Central,CSMT,1.3,2,2,False,False,False,False,1,2
2026-02-11,12261,Mumbai Duronto Central,NDLS,35.2,2,2,False,False,False,False,2,2
2026-02-11,12187,Mumbai Garib Rath,CSMT,0.0,2,2,False,False,False,False,1,7
2026-02-11,12187,Mumbai Garib Rath,KYN,0.0,2,2,False,False,False,False,2,7
2026-02-11,12187,Mumbai Garib Rath,BSL,5.7,2,2,False,False,False,False,3,7
2026-02-11,12187,Mumbai Garib Rath,BPL,0.7,2,2,False,False,False,False,4,7
2026-02-11,12187,Mumbai Garib Rath,JHS,1.1,2,2,False,False,False,False,5,7
2026-02-11,12187,Mumbai Garib Rath,GWL,18.0,2,2,False,False,False,False,6,7
2026-02-11,12187,Mumbai Garib Rath,NDLS,13.3,2,2,False,False,False,False,7,7
2026-02-10,12951,Mumbai Rajdhani,MMCT,3.4,2,1,False,False,False,False,1,5
2026-02-10,12951,Mumbai Rajdhani,BRC,20.8,2,1,False,False,False,False,2,5
2026-02-10,12951,Mumbai Rajdhani,KOTA,26.0,2,1,False,False,False,False,3,5
2026-02-10,12951,Mumbai Rajdhani,SWM,21.0,2,1,False,False,False,False,4,5
2026-02-10,12951,Mumbai Rajdhani,NDLS,18.1,2,1,False,False,False,False,5,5
2026-02-10,12953,August Kranti Rajdhani,MMCT,7.7,2,1,False,False,False,False,1,6
2026-02-10,12953,August Kranti Rajdhani,ST,0.0,2,1,False,False,False,False,2,6
2026-02-10,12953,August Kranti Rajdhani,BRC,3.9,2,1,False,False,False,False,3,6
2026-02-10,12953,August Kranti Rajdhani,RTM,31.6,2,1,False,False,False,False,4,6
2026-02-10,12953,August Kranti Rajdhani,KOTA,45.5,2,1,False,False,False,False,5,6
2026-02-10,12953,August Kranti Rajdhani,NDLS,58.3,2,1,False,False,False,False,6,6
2026-02-10,12267,Mumbai Duronto,MMCT,0.0,2,1,False,False,False,False,1,2
2026-02-10,12267,Mumbai Duronto,NDLS,9.5,2,1,False,False,False,False,2,2
2026-02-10,12903,Golden Temple Mail,MMCT,2.1,2,1,False,False,False,False,1,10
2026-02-10,12903,Golden Temple Mail,BVI,2.9,2,1,False,False,False,False,2,10
2026-02-10,12903,Golden Temple Mail,BL,3.0,2,1,False,False,False,False,3,10
2026-02-10,12903,Golden Temple Mail,ST,0.0,2,1,False,False,False,False,4,10
2026-02-10,12903,Golden Temple Mail,BRC,16.1,2,1,False,False,False,False,5,10
2026-02-10,12903,Golden Temple Mail,RTM,29.6,2,1,False,False,False,False,6,10
2026-02-10,12903,Golden Temple Mail,KOTA,42.7,2,1,False,False,False,False,7,10
2026-02-10,12903,Golden Temple Mail,SWM,61.5,2,1,False,False,False,False,8,10
2026-02-10,12903,Golden Temple Mail,MTJ,67.8,2,1,False,False,False,False,9,10
2026-02-10,12903,Golden Temple Mail,NDLS,77.0,2,1,False,False,False,False,10,10
2026-02-10,12925,Paschim Express,MMCT,5.0,2,1,False,False,False,False,1,9
2026-02-10,12925,Paschim Express,BVI,4.9,2,1,False,False,False,False,2,9
2026-02-10,12925,Paschim Express,ST,0.0,2,1,False,False,False,False,3,9
2026-02-10,12925,Paschim Express,BRC,8.1,2,1,False,False,False,False,4,9
2026-02-10,12925,Paschim Express,RTM,16.8,2,1,False,False,False,False,5,9
2026-02-10,12925,Paschim Express,KOTA,23.6,2,1,False,False,False,False,6,9
2026-02-10,12925,Paschim Express,SWM,40.2,2,1,False,False,False,False,7,9
2026-02-10,12925,Paschim Express,MTJ,36.5,2,1,False,False,False,False,8,9
2026-02-10,12925,Paschim Express,NDLS,46.4,2,1,False,False,False,False,9,9
2026-02-10,12909,Garib Rath,MMCT,0.3,2,1,False,False,False,False,1,6
2026-02-10,12909,Garib Rath,BVI,4.9,2,1,False,False,False,False,2,6
2026-02-10,12909,Garib Rath,ST,4.6,2,1,False,False,False,False,3,6
2026-02-10,12909,Garib Rath,BRC,13.8,2,1,False,False,False,False,4,6
2026-02-10,12909,Garib Rath,KOTA,19.1,2,1,False,False,False,False,5,6
2026-02-10,12909,Garib Rath,NDLS,28.8,2,1,False,False,False,False,6,6
2026-02-10,12137,Punjab Mail,CSMT,9.2,2,1,False,False,False,False,1,12
2026-02-10,12137,Punjab Mail,KYN,1.3,2,1,False,False,False,False,2,12
2026-02-10,12137,Punjab Mail,NMD,6.6,2,1,False,False,False,False,3,12
2026-02-10,12137,Punjab Mail,MMR,24.8,2,1,False,False,False,False,4,12
2026-02-10,12137,Punjab Mail,BSL,35.6,2,1,False,False,False,False,5,12
2026-02-10,12137,Punjab Mail,ET,55.2,2,1,False,False,False,False,6,12
2026-02-10,12137,Punjab Mail,BPL,50.2,2,1,False,False,False,False,7,12
2026-02-10,12137,Punjab Mail,JHS,60.9,2,1,False,False,False,False,8,12
2026-02-10,12137,Punjab Mail,GWL,55.9,2,1,False,False,False,False,9,12
2026-02-10,12137,Punjab Mail,AGC,60.0,2,1,False,False,False,False,10,12
2026-02-10,12137,Punjab Mail,MTJ,70.1,2,1,False,False,False,False,11,12
2026-02-10,12137,Punjab Mail,NDLS,70.6,2,1,False,False,False,False,12,12
2026-02-10,12621,Tamil Nadu Express,CSMT,0.0,2,1,False,False,False,False,1,9
2026-02-10,12621,Tamil Nadu Express,KYN,5.3,2,1,False,False,False,False,2,9
2026-02-10,12621,Tamil Nadu Express,MMR,3.8,2,1,False,False,False,False,3,9
2026-02-10,12621,Tamil Nadu Express,BSL,3.5,2,1,False,False,False,False,4,9
2026-02-10,12621,Tamil Nadu Express,ET,6.5,2,1,False,False,False,False,5,9
2026-02-10,12621,Tamil Nadu Express,BPL,2.5,2,1,False,False,False,False,6,9
2026-02-10,12621,Tamil Nadu Express,JHS,6.7,2,1,False,False,False,False,7,9
2026-02-10,12621,Tamil Nadu Express,AGC,4.5,2,1,False,False,False,False,8,9
2026-02-10,12621,Tamil Nadu Express,NDLS,5.4,2,1,False,False,False,False,9,9
2026-02-10,12261,Mumbai Duronto Central,CSMT,0.0,2,1,False,False,False,False,1,2
2026-02-10,12261,Mumbai Duronto Central,NDLS,24.2,2,1,False,False,False,False,2,2
2026-02-10,12187,Mumbai Garib Rath,CSMT,11.9,2,1,False,False,False,False,1,7
2026-02-10,12187,Mumbai Garib Rath,KYN,7.8,2,1,False,False,False,False,2,7
2026-02-10,12187,Mumbai Garib Rath,BSL,3.0,2,1,False,False,False,False,3,7
2026-02-10,12187,Mumbai Garib Rath,BPL,0.6,2,1,False,False,False,False,4,7
2026-02-10,12187,Mumbai Garib Rath,JHS,1.0,2,1,False,False,False,False,5,7
2026-02-10,12187,Mumbai Garib Rath,GWL,0.0,2,1,False,False,False,False,6,7
2026-02-10,12187,Mumbai Garib Rath,NDLS,4.4,2,1,False,False,False,False,7,7
2026-02-09,12951,Mumbai Rajdhani,MMCT,8.4,2,0,False,False,False,False,1,5
2026-02-09,12951,Mumbai Rajdhani,BRC,5.2,2,0,False,False,False,False,2,5
2026-02-09,12951,Mumbai Rajdhani,KOTA,16.9,2,0,False,False,False,False,3,5
2026-02-09,12951,Mumbai Rajdhani,SWM,11.9,2,0,False,False,False,False,4,5
2026-02-09,12951,Mumbai Rajdhani,NDLS,10.2,2,0,False,False,False,False,5,5
2026-02-09,12953,August Kranti Rajdhani,MMCT,9.7,2,0,False,False,False,False,1,6
2026-02-09,12953,August Kranti Rajdhani,ST,1.3,2,0,False,False,False,False,2,6
2026-02-09,12953,August Kranti Rajdhani,BRC,12.3,2,0,False,False,False,False,3,6
2026-02-09,12953,August Kranti Rajdhani,RTM,8.6,2,0,False,False,False,False,4,6
2026-02-09,12953,August Kranti Rajdhani,KOTA,4.1,2,0,False,False,False,False,5,6
2026-02-09,12953,August Kranti Rajdhani,NDLS,14.2,2,0,False,False,False,False,6,6
2026-02-09,12267,Mumbai Duronto,MMCT,0.0,2,0,False,False,False,False,1,2
2026-02-09,12267,Mumbai Duronto,NDLS,8.1,2,0,False,False,False,False,2,2
2026-02-09,12903,Golden Temple Mail,MMCT,1.0,2,0,False,False,False,False,1,10
2026-02-09,12903,Golden Temple Mail,BVI,34.6,2,0,False,False,False,False,2,10
2026-02-09,12903,Golden Temple Mail,BL,30.2,2,0,False,False,False,False,3,10
2026-02-09,12903,Golden Temple Mail,ST,34.8,2,0,False,False,False,False,4,10
2026-02-09,12903,Golden Temple Mail,BRC,41.6,2,0,False,False,False,False,5,10
2026-02-09,12903,Golden Temple Mail,RTM,40.8,2,0,False,False,False,False,6,10
2026-02-09,12903,Golden Temple Mail,KOTA,55.0,2,0,False,False,False,False,7,10
2026-02-09,12903,Golden Temple Mail,SWM,59.6,2,0,False,False,False,False,8,10
2026-02-09,12903,Golden Temple Mail,MTJ,58.0,2,0,False,False,False,False,9,10
2026-02-09,12903,Golden Temple Mail,NDLS,58.6,2,0,False,False,False,False,10,10
2026-02-09,12925,Paschim Express,MMCT,15.0,2,0,False,False,False,False,1,9
2026-02-09,12925,Paschim Express,BVI,6.5,2,0,False,False,False,False,2,9
2026-02-09,12925,Paschim Express,ST,12.3,2,0,False,False,False,False,3,9
2026-02-09,12925,Paschim Express,BRC,12.1,2,0,False,False,False,False,4,9
2026-02-09,12925,Paschim Express,RTM,22.9,2,0,False,False,False,False,5,9
2026-02-09,12925,Paschim Express,KOTA,58.7,2,0,False,False,False,False,6,9
2026-02-09,12925,Paschim Express,SWM,53.7,2,0,False,False,False,False,7,9
2026-02-09,12925,Paschim Express,MTJ,62.9,2,0,False,False,False,False,8,9
2026-02-09,12925,Paschim Express,NDLS,60.5,2,0,False,False,False,False,9,9
2026-02-09,12909,Garib Rath,MMCT,0.0,2,0,False,False,False,False,1,6
2026-02-09,12909,Garib Rath,BVI,0.5,2,0,False,False,False,False,2,6
2026-02-09,12909,Garib Rath,ST,0.0,2,0,False,False,False,False,3,6
2026-02-09,12909,Garib Rath,BRC,0.0,2,0,False,False,False,False,4,6
2026-02-09,12909,Garib Rath,KOTA,13.1,2,0,False,False,False,False,5,6
2026-02-09,12909,Garib Rath,NDLS,31.4,2,0,False,False,False,False,6,6
2026-02-09,12137,Punjab Mail,CSMT,0.0,2,0,False,False,False,False,1,12
2026-02-09,12137,Punjab Mail,KYN,11.1,2,0,False,False,False,False,2,12
2026-02-09,12137,Punjab Mail,NMD,12.2,2,0,False,False,False,False,3,12
2026-02-09,12137,Punjab Mail,MMR,20.1,2,0,False,False,False,False,4,12
2026-02-09,12137,Punjab Mail,BSL,21.0,2,0,False,False,False,False,5,12
2026-02-09,12137,Punjab Mail,ET,30.3,2,0,False,False,False,False,6,12
2026-02-09,12137,Punjab Mail,BPL,37.1,2,0,False,False,False,False,7,12
2026-02-09,12137,Punjab Mail,JHS,50.0,2,0,False,False,False,False,8,12
2026-02-09,12137,Punjab Mail,GWL,45.0,2,0,False,False,False,False,9,12
2026-02-09,12137,Punjab Mail,AGC,46.3,2,0,False,False,False,False,10,12
2026-02-09,12137,Punjab Mail,MTJ,48.2,2,0,False,False,False,False,11,12
2026-02-09,12137,Punjab Mail,NDLS,46.8,2,0,False,False,False,False,12,12
2026-02-09,12621,Tamil Nadu Express,CSMT,1.3,2,0,False,False,False,False,1,9
2026-02-09,12621,Tamil Nadu Express,KYN,0.5,2,0,False,False,False,False,2,9
2026-02-09,12621,Tamil Nadu Express,MMR,7.3,2,0,False,False,False,False,3,9
2026-02-09,12621,Tamil Nadu Express,BSL,12.1,2,0,False,False,False,False,4,9
2026-02-09,12621,Tamil Nadu Express,ET,18.6,2,0,False,False,False,False,5,9
2026-02-09,12621,Tamil Nadu Express,BPL,13.6,2,0,False,False,False,False,6,9
2026-02-09,12621,Tamil Nadu Express,JHS,30.3,2,0,False,False,False,False,7,9
2026-02-09,12621,Tamil Nadu Express,AGC,25.3,2,0,False,False,False,False,8,9
2026-02-09,12621,Tamil Nadu Express,NDLS,38.8,2,0,False,False,False,False,9,9
2026-02-09,12261,Mumbai Duronto Central,CSMT,8.1,2,0,False,False,False,False,1,2
2026-02-09,12261,Mumbai Duronto Central,NDLS,5.9,2,0,False,False,False,False,2,2
2026-02-09,12187,Mumbai Garib Rath,CSMT,13.9,2,0,False,False,False,False,1,7
2026-02-09,12187,Mumbai Garib Rath,KYN,0.0,2,0,False,False,False,False,2,7
2026-02-09,12187,Mumbai Garib Rath,BSL,7.1,2,0,False,False,False,False,3,7
2026-02-09,12187,Mumbai Garib Rath,BPL,4.2,2,0,False,False,False,False,4,7
2026-02-09,12187,Mumbai Garib Rath,JHS,3.4,2,0,False,False,False,False,5,7
2026-02-09,12187,Mumbai Garib Rath,GWL,0.0,2,0,False,False,False,False,6,7
2026-02-09,12187,Mumbai Garib Rath,NDLS,23.3,2,0,False,False,False,False,7,7
2026-02-08,12951,Mumbai Rajdhani,MMCT,0.0,2,6,True,False,False,False,1,5
2026-02-08,12951,Mumbai Rajdhani,BRC,2.5,2,6,True,False,False,False,2,5
2026-02-08,12951,Mumbai Rajdhani,KOTA,12.5,2,6,True,False,False,False,3,5
2026-02-08,12951,Mumbai Rajdhani,SWM,9.4,2,6,True,False,False,False,4,5
2026-02-08,12951,Mumbai Rajdhani,NDLS,28.2,2,6,True,False,False,False,5,5
2026-02-08,12953,August Kranti Rajdhani,MMCT,10.0,2,6,True,False,False,False,1,6
2026-02-08,12953,August Kranti Rajdhani,ST,1.2,2,6,True,False,False,False,2,6
2026-02-08,12953,August Kranti Rajdhani,BRC,15.3,2,6,True,False,False,False,3,6
2026-02-08,12953,August Kranti Rajdhani,RTM,40.9,2,6,True,False,False,False,4,6
2026-02-08,12953,August Kranti Rajdhani,KOTA,81.0,2,6,True,False,False,False,5,6
2026-02-08,12953,August Kranti Rajdhani,NDLS,86.6,2,6,True,False,False,False,6,6
2026-02-08,12267,Mumbai Duronto,MMCT,5.2,2,6,True,False,False,False,1,2
2026-02-08,12267,Mumbai Duronto,NDLS,4.2,2,6,True,False,False,False,2,2
2026-02-08,12903,Golden Temple Mail,MMCT,0.0,2,6,True,False,False,False,1,10
2026-02-08,12903,Golden Temple Mail,BVI,18.3,2,6,True,False,False,False,2,10
2026-02-08,12903,Golden Temple Mail,BL,18.7,2,6,True,False,False,False,3,10
2026-02-08,12903,Golden Temple Mail,ST,25.6,2,6,True,False,False,False,4,10
2026-02-08,12903,Golden Temple Mail,BRC,34.2,2,6,True,False,False,False,5,10
2026-02-08,12903,Golden Temple Mail,RTM,48.0,2,6,True,False,False,False,6,10
2026-02-08,12903,Golden Temple Mail,KOTA,50.3,2,6,True,False,False,False,7,10
2026-02-08,12903,Golden Temple Mail,SWM,49.4,2,6,True,False,False,False,8,10
2026-02-08,12903,Golden Temple Mail,MTJ,60.6,2,6,True,False,False,False,9,10
2026-02-08,12903,Golden Temple Mail,NDLS,84.1,2,6,True,False,False,False,10,10
2026-02-08,12925,Paschim Express,MMCT,7.2,2,6,True,False,False,False,1,9
2026-02-08,12925,Paschim Express,BVI,10.6,2,6,True,False,False,False,2,9
2026-02-08,12925,Paschim Express,ST,5.6,2,6,True,False,False,False,3,9
2026-02-08,12925,Paschim Express,BRC,4.1,2,6,True,False,False,False,4,9
2026-02-08,12925,Paschim Express,RTM,9.7,2,6,True,False,False,False,5,9
2026-02-08,12925,Paschim Express,KOTA,32.7,2,6,True,False,False,False,6,9
2026-02-08,12925,Paschim Express,SWM,27.7,2,6,True,False,False,False,7,9
2026-02-08,12925,Paschim Express,MTJ,26.3,2,6,True,False,False,False,8,9
2026-02-08,12925,Paschim Express,NDLS,22.4,2,6,True,False,False,False,9,9
2026-02-08,12909,Garib Rath,MMCT,3.4,2,6,True,False,False,False,1,6
2026-02-08,12909,Garib Rath,BVI,15.2,2,6,True,False,False,False,2,6
2026-02-08,12909,Garib Rath,ST,10.2,2,6,True,False,False,False,3,6
2026-02-08,12909,Garib Rath,BRC,5.5,2,6,True,False,False,False,4,6
2026-02-08,12909,Garib Rath,KOTA,2.0,2,6,True,False,False,False,5,6
2026-02-08,12909,Garib Rath,NDLS,5.9,2,6,True,False,False,False,6,6
2026-02-08,12137,Punjab Mail,CSMT,4.6,2,6,True,False,False,False,1,12
2026-02-08,12137,Punjab Mail,KYN,18.7,2,6,True,False,False,False,2,12
2026-02-08,12137,Punjab Mail,NMD,25.2,2,6,True,False,False,False,3,12
2026-02-08,12137,Punjab Mail,MMR,33.7,2,6,True,False,False,False,4,12
2026-02-08,12137,Punjab Mail,BSL,45.3,2,6,True,False,False,False,5,12
2026-02-08,12137,Punjab Mail,ET,51.7,2,6,True,False,False,False,6,12
2026-02-08,12137,Punjab Mail,BPL,72.6,2,6,True,False,False,False,7,12
2026-02-08,12137,Punjab Mail,JHS,79.5,2,6,True,False,False,False,8,12
2026-02-08,12137,Punjab Mail,GWL,79.9,2,6,True,False,False,False,9,12
2026-02-08,12137,Punjab Mail,AGC,77.3,2,6,True,False,False,False,10,12
2026-02-08,12137,Punjab Mail,MTJ,84.2,2,6,True,False,False,False,11,12
2026-02-08,12137,Punjab Mail,NDLS,105.2,2,6,True,False,False,False,12,12
2026-02-08,12621,Tamil Nadu Express,CSMT,7.6,2,6,True,False,False,False,1,9
2026-02-08,12621,Tamil Nadu Express,KYN,15.3,2,6,True,False,False,False,2,9
2026-02-08,12621,Tamil Nadu Express,MMR,24.8,2,6,True,False,False,False,3,9
2026-02-08,12621,Tamil Nadu Express,BSL,28.9,2,6,True,False,False,False,4,9
2026-02-08,12621,Tamil Nadu Express,ET,43.6,2,6,True,False,False,False,5,9
2026-02-08,12621,Tamil Nadu Express,BPL,51.4,2,6,True,False,False,False,6,9
2026-02-08,12621,Tamil Nadu Express,JHS,57.5,2,6,True,False,False,False,7,9
2026-02-08,12621,Tamil Nadu Express,AGC,55.3,2,6,True,False,False,False,8,9
2026-02-08,12621,Tamil Nadu Express,NDLS,59.9,2,6,True,False,False,False,9,9
2026-02-08,12261,Mumbai Duronto Central,CSMT,4.9,2,6,True,False,False,False,1,2
2026-02-08,12261,Mumbai Duronto Central,NDLS,4.1,2,6,True,False,False,False,2,2
2026-02-08,12187,Mumbai Garib Rath,CSMT,0.4,2,6,True,False,False,False,1,7
2026-02-08,12187,Mumbai Garib Rath,KYN,9.6,2,6,True,False,False,False,2,7
2026-02-08,12187,Mumbai Garib Rath,BSL,9.2,2,6,True,False,False,False,3,7
2026-02-08,12187,Mumbai Garib Rath,BPL,20.6,2,6,True,False,False,False,4,7
2026-02-08,12187,Mumbai Garib Rath,JHS,29.5,2,6,True,False,False,False,5,7
2026-02-08,12187,Mumbai Garib Rath,GWL,25.9,2,6,True,False,False,False,6,7
2026-02-08,12187,Mumbai Garib Rath,NDLS,38.7,2,6,True,False,False,False,7,7
2026-02-07,12951,Mumbai Rajdhani,MMCT,0.0,2,5,True,False,False,False,1,5
2026-02-07,12951,Mumbai Rajdhani,BRC,22.7,2,5,True,False,False,False,2,5
2026-02-07,12951,Mumbai Rajdhani,KOTA,21.5,2,5,True,False,False,False,3,5
2026-02-07,12951,Mumbai Rajdhani,SWM,25.0,2,5,True,False,False,False,4,5
2026-02-07,12951,Mumbai Rajdhani,NDLS,31.4,2,5,True,False,False,False,5,5
2026-02-07,12953,August Kranti Rajdhani,MMCT,1.4,2,5,True,False,False,False,1,6
2026-02-07,12953,August Kranti Rajdhani,ST,8.2,2,5,True,False,False,False,2,6
2026-02-07,12953,August Kranti Rajdhani,BRC,5.7,2,5,True,False,False,False,3,6
2026-02-07,12953,August Kranti Rajdhani,RTM,11.6,2,5,True,False,False,False,4,6
2026-02-07,12953,August Kranti Rajdhani,KOTA,14.4,2,5,True,False,False,False,5,6
2026-02-07,12953,August Kranti Rajdhani,NDLS,19.8,2,5,True,False,False,False,6,6
2026-02-07,12267,Mumbai Duronto,MMCT,0.0,2,5,True,False,False,False,1,2
2026-02-07,12267,Mumbai Duronto,NDLS,29.9,2,5,True,False,False,False,2,2
2026-02-07,12903,Golden Temple Mail,MMCT,27.4,2,5,True,False,False,False,1,10
2026-02-07,12903,Golden Temple Mail,BVI,11.9,2,5,True,False,False,False,2,10
2026-02-07,12903,Golden Temple Mail,BL,19.0,2,5,True,False,False,False,3,10
2026-02-07,12903,Golden Temple Mail,ST,14.5,2,5,True,False,False,False,4,10
2026-02-07,12903,Golden Temple Mail,BRC,39.1,2,5,True,False,False,False,5,10
2026-02-07,12903,Golden Temple Mail,RTM,50.6,2,5,True,False,False,False,6,10
2026-02-07,12903,Golden Temple Mail,KOTA,68.4,2,5,True,False,False,False,7,10
2026-02-07,12903,Golden Temple Mail,SWM,66.7,2,5,True,False,False,False,8,10
2026-02-07,12903,Golden Temple Mail,MTJ,63.2,2,5,True,False,False,False,9,10
2026-02-07,12903,Golden Temple Mail,NDLS,73.7,2,5,True,False,False,False,10,10
2026-02-07,12925,Paschim Express,MMCT,11.8,2,5,True,False,False,False,1,9
2026-02-07,12925,Paschim Express,BVI,14.4,2,5,True,False,False,False,2,9
2026-02-07,12925,Paschim Express,ST,16.4,2,5,True,False,False,False,3,9
2026-02-07,12925,Paschim Express,BRC,15.6,2,5,True,False,False,False,4,9
2026-02-07,12925,Paschim Express,RTM,18.8,2,5,True,False,False,False,5,9
2026-02-07,12925,Paschim Express,KOTA,15.5,2,5,True,False,False,False,6,9
2026-02-07,12925,Paschim Express,SWM,21.4,2,5,True,False,False,False,7,9
2026-02-07,12925,Paschim Express,MTJ,37.6,2,5,True,False,False,False,8,9
2026-02-07,12925,Paschim Express,NDLS,39.9,2,5,True,False,False,False,9,9
2026-02-07,12909,Garib Rath,MMCT,0.0,2,5,True,False,False,False,1,6
2026-02-07,12909,Garib Rath,BVI,4.0,2,5,True,False,False,False,2,6
2026-02-07,12909,Garib Rath,ST,15.8,2,5,True,False,False,False,3,6
2026-02-07,12909,Garib Rath,BRC,23.0,2,5,True,False,False,False,4,6
2026-02-07,12909,Garib Rath,KOTA,35.3,2,5,True,False,False,False,5,6
2026-02-07,12909,Garib Rath,NDLS,34.9,2,5,True,False,False,False,6,6
2026-02-07,12137,Punjab Mail,CSMT,10.1,2,5,True,False,False,False,1,12
2026-02-07,12137,Punjab Mail,KYN,12.5,2,5,True,False,False,False,2,12
2026-02-07,12137,Punjab Mail,NMD,16.9,2,5,True,False,False,False,3,12
2026-02-07,12137,Punjab Mail,MMR,22.2,2,5,True,False,False,False,4,12
2026-02-07,12137,Punjab Mail,BSL,50.6,2,5,True,False,False,False,5,12
2026-02-07,12137,Punjab Mail,ET,55.4,2,5,True,False,False,False,6,12
2026-02-07,12137,Punjab Mail,BPL,59.9,2,5,True,False,False,False,7,12
2026-02-07,12137,Punjab Mail,JHS,59.7,2,5,True,False,False,False,8,12
2026-02-07,12137,Punjab Mail,GWL,67.2,2,5,True,False,False,False,9,12
2026-02-07,12137,Punjab Mail,AGC,65.0,2,5,True,False,False,False,10,12
2026-02-07,12137,Punjab Mail,MTJ,75.2,2,5,True,False,False,False,11,12
2026-02-07,12137,Punjab Mail,NDLS,75.2,2,5,True,False,False,False,12,12
2026-02-07,12621,Tamil Nadu Express,CSMT,2.3,2,5,True,False,False,False,1,9
2026-02-07,12621,Tamil Nadu Express,KYN,0.0,2,5,True,False,False,False,2,9
2026-02-07,12621,Tamil Nadu Express,MMR,5.4,2,5,True,False,False,False,3,9
2026-02-07,12621,Tamil Nadu Express,BSL,12.2,2,5,True,False,False,False,4,9
2026-02-07,12621,Tamil Nadu Express,ET,7.8,2,5,True,False,False,False,5,9
2026-02-07,12621,Tamil Nadu Express,BPL,7.6,2,5,True,False,False,False,6,9
2026-02-07,12621,Tamil Nadu Express,JHS,4.6,2,5,True,False,False,False,7,9
2026-02-07,12621,Tamil Nadu Express,AGC,0.0,2,5,True,False,False,False,8,9
2026-02-07,12621,Tamil Nadu Express,NDLS,4.9,2,5,True,False,False,False,9,9
2026-02-07,12261,Mumbai Duronto Central,CSMT,0.3,2,5,True,False,False,False,1,2
2026-02-07,12261,Mumbai Duronto Central,NDLS,3.4,2,5,True,False,False,False,2,2
2026-02-07,12187,Mumbai Garib Rath,CSMT,15.8,2,5,True,False,False,False,1,7
2026-02-07,12187,Mumbai Garib Rath,KYN,10.3,2,5,True,False,False,False,2,7
2026-02-07,12187,Mumbai Garib Rath,BSL,21.3,2,5,True,False,False,False,3,7
2026-02-07,12187,Mumbai Garib Rath,BPL,26.0,2,5,True,False,False,False,4,7
2026-02-07,12187,Mumbai Garib Rath,JHS,35.4,2,5,True,False,False,False,5,7
2026-02-07,12187,Mumbai Garib Rath,GWL,34.9,2,5,True,False,False,False,6,7
2026-02-07,12187,Mumbai Garib Rath,NDLS,34.2,2,5,True,False,False,False,7,7
2026-02-06,12951,Mumbai Rajdhani,MMCT,5.4,2,4,False,False,False,False,1,5
2026-02-06,12951,Mumbai Rajdhani,BRC,0.0,2,4,False,False,False,False,2,5
2026-02-06,12951,Mumbai Rajdhani,KOTA,0.0,2,4,False,False,False,False,3,5
2026-02-06,12951,Mumbai Rajdhani,SWM,4.5,2,4,False,False,False,False,4,5
2026-02-06,12951,Mumbai Rajdhani,NDLS,23.1,2,4,False,False,False,False,5,5
2026-02-06,12953,August Kranti Rajdhani,MMCT,1.6,2,4,False,False,False,False,1,6
2026-02-06,12953,August Kranti Rajdhani,ST,2.1,2,4,False,False,False,False,2,6
2026-02-06,12953,August Kranti Rajdhani,BRC,0.0,2,4,False,False,False,False,3,6
2026-02-06,12953,August Kranti Rajdhani,RTM,0.0,2,4,False,False,False,False,4,6
2026-02-06,12953,August Kranti Rajdhani,KOTA,0.0,2,4,False,False,False,False,5,6
2026-02-06,12953,August Kranti Rajdhani,NDLS,0.0,2,4,False,False,False,False,6,6
2026-02-06,12267,Mumbai Duronto,MMCT,0.9,2,4,False,False,False,False,1,2
2026-02-06,12267,Mumbai Duronto,NDLS,17.4,2,4,False,False,False,False,2,2
2026-02-06,12903,Golden Temple Mail,MMCT,3.2,2,4,False,False,False,False,1,10
2026-02-06,12903,Golden Temple Mail,BVI,0.5,2,4,False,False,False,False,2,10
2026-02-06,12903,Golden Temple Mail,BL,10.8,2,4,False,False,False,False,3,10
2026-02-06,12903,Golden Temple Mail,ST,8.7,2,4,False,False,False,False,4,10
2026-02-06,12903,Golden Temple Mail,BRC,20.9,2,4,False,False,False,False,5,10
2026-02-06,12903,Golden Temple Mail,RTM,31.7,2,4,False,False,False,False,6,10
2026-02-06,12903,Golden Temple Mail,KOTA,38.5,2,4,False,False,False,False,7,10
2026-02-06,12903,Golden Temple Mail,SWM,47.7,2,4,False,False,False,False,8,10
2026-02-06,12903,Golden Temple Mail,MTJ,44.9,2,4,False,False,False,False,9,10
2026-02-06,12903,Golden Temple Mail,NDLS,56.7,2,4,False,False,False,False,10,10
2026-02-06,12925,Paschim Express,MMCT,0.0,2,4,False,False,False,False,1,9
2026-02-06,12925,Paschim Express,BVI,0.1,2,4,False,False,False,False,2,9
2026-02-06,12925,Paschim Express,ST,0.0,2,4,False,False,False,False,3,9
2026-02-06,12925,Paschim Express,BRC,13.4,2,4,False,False,False,False,4,9
2026-02-06,12925,Paschim Express,RTM,14.3,2,4,False,False,False,False,5,9
2026-02-06,12925,Paschim Express,KOTA,25.1,2,4,False,False,False,False,6,9
2026-02-06,12925,Paschim Express,SWM,22.4,2,4,False,False,False,False,7,9
2026-02-06,12925,Paschim Express,MTJ,35.6,2,4,False,False,False,False,8,9
2026-02-06,12925,Paschim Express,NDLS,35.9,2,4,False,False,False,False,9,9
2026-02-06,12909,Garib Rath,MMCT,12.9,2,4,False,False,False,False,1,6
2026-02-06,12909,Garib Rath,BVI,0.0,2,4,False,False,False,False,2,6
2026-02-06,12909,Garib Rath,ST,0.0,2,4,False,False,False,False,3,6
2026-02-06,12909,Garib Rath,BRC,12.7,2,4,False,False,False,False,4,6
2026-02-06,12909,Garib Rath,KOTA,10.1,2,4,False,False,False,False,5,6
2026-02-06,12909,Garib Rath,NDLS,18.5,2,4,False,False,False,False,6,6
2026-02-06,12137,Punjab Mail,CSMT,0.0,2,4,False,False,False,False,1,12
2026-02-06,12137,Punjab Mail,KYN,10.3,2,4,False,False,False,False,2,12
2026-02-06,12137,Punjab Mail,NMD,10.5,2,4,False,False,False,False,3,12
2026-02-06,12137,Punjab Mail,MMR,9.8,2,4,False,False,False,False,4,12
2026-02-06,12137,Punjab Mail,BSL,14.8,2,4,False,False,False,False,5,12
2026-02-06,12137,Punjab Mail,ET,30.2,2,4,False,False,False,False,6,12
2026-02-06,12137,Punjab Mail,BPL,35.9,2,4,False,False,False,False,7,12
2026-02-06,12137,Punjab Mail,JHS,34.8,2,4,False,False,False,False,8,12
2026-02-06,12137,Punjab Mail,GWL,36.2,2,4,False,False,False,False,9,12
2026-02-06,12137,Punjab Mail,AGC,44.5,2,4,False,False,False,False,10,12
2026-02-06,12137,Punjab Mail,MTJ,40.4,2,4,False,False,False,False,11,12
2026-02-06,12137,Punjab Mail,NDLS,54.4,2,4,False,False,False,False,12,12
2026-02-06,12621,Tamil Nadu Express,CSMT,8.2,2,4,False,False,False,False,1,9
2026-02-06,12621,Tamil Nadu Express,KYN,0.0,2,4,False,False,False,False,2,9
2026-02-06,12621,Tamil Nadu Express,MMR,8.6,2,4,False,False,False,False,3,9
2026-02-06,12621,Tamil Nadu Express,BSL,12.8,2,4,False,False,False,False,4,9
2026-02-06,12621,Tamil Nadu Express,ET,14.6,2,4,False,False,False,False,5,9
2026-02-06,12621,Tamil Nadu Express,BPL,13.8,2,4,False,False,False,False,6,9
2026-02-06,12621,Tamil Nadu Express,JHS,15.6,2,4,False,False,False,False,7,9
2026-02-06,12621,Tamil Nadu Express,AGC,22.6,2,4,False,False,False,False,8,9
2026-02-06,12621,Tamil Nadu Express,NDLS,26.3,2,4,False,False,False,False,9,9
2026-02-06,12261,Mumbai Duronto Central,CSMT,4.0,2,4,False,False,False,False,1,2
2026-02-06,12261,Mumbai Duronto Central,NDLS,9.0,2,4,False,False,False,False,2,2
2026-02-06,12187,Mumbai Garib Rath,CSMT,9.3,2,4,False,False,False,False,1,7
2026-02-06,12187,Mumbai Garib Rath,KYN,5.5,2,4,False,False,False,False,2,7
2026-02-06,12187,Mumbai Garib Rath,BSL,2.8,2,4,False,False,False,False,3,7
2026-02-06,12187,Mumbai Garib Rath,BPL,16.5,2,4,False,False,False,False,4,7
2026-02-06,12187,Mumbai Garib Rath,JHS,32.8,2,4,False,False,False,False,5,7
2026-02-06,12187,Mumbai Garib Rath,GWL,32.7,2,4,False,False,False,False,6,7
2026-02-06,12187,Mumbai Garib Rath,NDLS,44.2,2,4,False,False,False,False,7,7
2026-02-05,12951,Mumbai Rajdhani,MMCT,0.0,2,3,False,False,False,False,1,5
2026-02-05,12951,Mumbai Rajdhani,BRC,22.8,2,3,False,False,False,False,2,5
2026-02-05,12951,Mumbai Rajdhani,KOTA,34.8,2,3,False,False,False,False,3,5
2026-02-05,12951,Mumbai Rajdhani,SWM,29.8,2,3,False,False,False,False,4,5
2026-02-05,12951,Mumbai Rajdhani,NDLS,33.7,2,3,False,False,False,False,5,5
2026-02-05,12953,August Kranti Rajdhani,MMCT,8.6,2,3,False,False,False,False,1,6
2026-02-05,12953,August Kranti Rajdhani,ST,0.0,2,3,False,False,False,False,2,6
2026-02-05,12953,August Kranti Rajdhani,BRC,14.8,2,3,False,False,False,False,3,6
2026-02-05,12953,August Kranti Rajdhani,RTM,17.6,2,3,False,False,False,False,4,6
2026-02-05,12953,August Kranti Rajdhani,KOTA,33.6,2,3,False,False,False,False,5,6
2026-02-05,12953,August Kranti Rajdhani,NDLS,50.2,2,3,False,False,False,False,6,6
2026-02-05,12267,Mumbai Duronto,MMCT,2.9,2,3,False,False,False,False,1,2
2026-02-05,12267,Mumbai Duronto,NDLS,0.0,2,3,False,False,False,False,2,2
2026-02-05,12903,Golden Temple Mail,MMCT,0.0,2,3,False,False,False,False,1,10
2026-02-05,12903,Golden Temple Mail,BVI,11.8,2,3,False,False,False,False,2,10
2026-02-05,12903,Golden Temple Mail,BL,15.5,2,3,False,False,False,False,3,10
2026-02-05,12903,Golden Temple Mail,ST,19.4,2,3,False,False,False,False,4,10
2026-02-05,12903,Golden Temple Mail,BRC,19.0,2,3,False,False,False,False,5,10
2026-02-05,12903,Golden Temple Mail,RTM,44.7,2,3,False,False,False,False,6,10
2026-02-05,12903,Golden Temple Mail,KOTA,55.1,2,3,False,False,False,False,7,10
2026-02-05,12903,Golden Temple Mail,SWM,65.2,2,3,False,False,False,False,8,10
2026-02-05,12903,Golden Temple Mail,MTJ,60.6,2,3,False,False,False,False,9,10
2026-02-05,12903,Golden Temple Mail,NDLS,73.2,2,3,False,False,False,False,10,10
2026-02-05,12925,Paschim Express,MMCT,0.0,2,3,False,False,False,False,1,9
2026-02-05,12925,Paschim Express,BVI,12.4,2,3,False,False,False,False,2,9
2026-02-05,12925,Paschim Express,ST,12.6,2,3,False,False,False,False,3,9
2026-02-05,12925,Paschim Express,BRC,18.9,2,3,False,False,False,False,4,9
2026-02-05,12925,Paschim Express,RTM,26.1,2,3,False,False,False,False,5,9
2026-02-05,12925,Paschim Express,KOTA,35.1,2,3,False,False,False,False,6,9
2026-02-05,12925,Paschim Express,SWM,30.1,2,3,False,False,False,False,7,9
2026-02-05,12925,Paschim Express,MTJ,26.3,2,3,False,False,False,False,8,9
2026-02-05,12925,Paschim Express,NDLS,31.6,2,3,False,False,False,False,9,9
2026-02-05,12909,Garib Rath,MMCT,6.8,2,3,False,False,False,False,1,6
2026-02-05,12909,Garib Rath,BVI,7.6,2,3,False,False,False,False,2,6
2026-02-05,12909,Garib Rath,ST,12.9,2,3,False,False,False,False,3,6
2026-02-05,12909,Garib Rath,BRC,19.1,2,3,False,False,False,False,4,6
2026-02-05,12909,Garib Rath,KOTA,21.6,2,3,False,False,False,False,5,6
2026-02-05,12909,Garib Rath,NDLS,28.6,2,3,False,False,False,False,6,6
2026-02-05,12137,Punjab Mail,CSMT,3.2,2,3,False,False,False,False,1,12
2026-02-05,12137,Punjab Mail,KYN,0.7,2,3,False,False,False,False,2,12
2026-02-05,12137,Punjab Mail,NMD,19.3,2,3,False,False,False,False,3,12
2026-02-05,12137,Punjab Mail,MMR,33.1,2,3,False,False,False,False,4,12
2026-02-05,12137,Punjab Mail,BSL,64.8,2,3,False,False,False,False,5,12
2026-02-05,12137,Punjab Mail,ET,66.3,2,3,False,False,False,False,6,12
2026-02-05,12137,Punjab Mail,BPL,69.4,2,3,False,False,False,False,7,12
2026-02-05,12137,Punjab Mail,JHS,77.4,2,3,False,False,False,False,8,12
2026-02-05,12137,Punjab Mail,GWL,84.5,2,3,False,False,False,False,9,12
2026-02-05,12137,Punjab Mail,AGC,79.5,2,3,False,False,False,False,10,12
2026-02-05,12137,Punjab Mail,MTJ,96.3,2,3,False,False,False,False,11,12
2026-02-05,12137,Punjab Mail,NDLS,115.7,2,3,False,False,False,False,12,12
2026-02-05,12621,Tamil Nadu Express,CSMT,0.0,2,3,False,False,False,False,1,9
2026-02-05,12621,Tamil Nadu Express,KYN,9.7,2,3,False,False,False,False,2,9
2026-02-05,12621,Tamil Nadu Express,MMR,28.8,2,3,False,False,False,False,3,9
2026-02-05,12621,Tamil Nadu Express,BSL,25.4,2,3,False,False,False,False,4,9
2026-02-05,12621,Tamil Nadu Express,ET,33.9,2,3,False,False,False,False,5,9
2026-02-05,12621,Tamil Nadu Express,BPL,40.7,2,3,False,False,False,False,6,9
2026-02-05,12621,Tamil Nadu Express,JHS,43.5,2,3,False,False,False,False,7,9
2026-02-05,12621,Tamil Nadu Express,AGC,50.9,2,3,False,False,False,False,8,9
2026-02-05,12621,Tamil Nadu Express,NDLS,58.5,2,3,False,False,False,False,9,9
2026-02-05,12261,Mumbai Duronto Central,CSMT,0.0,2,3,False,False,False,False,1,2
2026-02-05,12261,Mumbai Duronto Central,NDLS,16.5,2,3,False,False,False,False,2,2
2026-02-05,12187,Mumbai Garib Rath,CSMT,2.1,2,3,False,False,False,False,1,7
2026-02-05,12187,Mumbai Garib Rath,KYN,5.0,2,3,False,False,False,False,2,7
2026-02-05,12187,Mumbai Garib Rath,BSL,10.3,2,3,False,False,False,False,3,7
2026-02-05,12187,Mumbai Garib Rath,BPL,5.3,2,3,False,False,False,False,4,7
2026-02-05,12187,Mumbai Garib Rath,JHS,0.8,2,3,False,False,False,False,5,7
2026-02-05,12187,Mumbai Garib Rath,GWL,0.0,2,3,False,False,False,False,6,7
2026-02-05,12187,Mumbai Garib Rath,NDLS,0.0,2,3,False,False,False,False,7,7
2026-02-04,12951,Mumbai Rajdhani,MMCT,2.8,2,2,False,False,False,False,1,5
2026-02-04,12951,Mumbai Rajdhani,BRC,0.0,2,2,False,False,False,False,2,5
2026-02-04,12951,Mumbai Rajdhani,KOTA,9.8,2,2,False,False,False,False,3,5
2026-02-04,12951,Mumbai Rajdhani,SWM,6.2,2,2,False,False,False,False,4,5
2026-02-04,12951,Mumbai Rajdhani,NDLS,3.4,2,2,False,False,False,False,5,5
2026-02-04,12953,August Kranti Rajdhani,MMCT,0.0,2,2,False,False,False,False,1,6
2026-02-04,12953,August Kranti Rajdhani,ST,13.9,2,2,False,False,False,False,2,6
2026-02-04,12953,August Kranti Rajdhani,BRC,31.1,2,2,False,False,False,False,3,6
2026-02-04,12953,August Kranti Rajdhani,RTM,28.4,2,2,False,False,False,False,4,6
2026-02-04,12953,August Kranti Rajdhani,KOTA,26.9,2,2,False,False,False,False,5,6
2026-02-04,12953,August Kranti Rajdhani,NDLS,41.8,2,2,False,False,False,False,6,6
2026-02-04,12267,Mumbai Duronto,MMCT,7.0,2,2,False,False,False,False,1,2
2026-02-04,12267,Mumbai Duronto,NDLS,2.1,2,2,False,False,False,False,2,2
2026-02-04,12903,Golden Temple Mail,MMCT,0.0,2,2,False,False,False,False,1,10
2026-02-04,12903,Golden Temple Mail,BVI,5.1,2,2,False,False,False,False,2,10
2026-02-04,12903,Golden Temple Mail,BL,3.9,2,2,False,False,False,False,3,10
2026-02-04,12903,Golden Temple Mail,ST,11.6,2,2,False,False,False,False,4,10
2026-02-04,12903,Golden Temple Mail,BRC,16.7,2,2,False,False,False,False,5,10
2026-02-04,12903,Golden Temple Mail,RTM,13.8,2,2,False,False,False,False,6,10
2026-02-04,12903,Golden Temple Mail,KOTA,26.4,2,2,False,False,False,False,7,10
2026-02-04,12903,Golden Temple Mail,SWM,32.6,2,2,False,False,False,False,8,10
2026-02-04,12903,Golden Temple Mail,MTJ,56.3,2,2,False,False,False,False,9,10
2026-02-04,12903,Golden Temple Mail,NDLS,68.4,2,2,False,False,False,False,10,10
2026-02-04,12925,Paschim Express,MMCT,0.0,2,2,False,False,False,False,1,9
2026-02-04,12925,Paschim Express,BVI,3.9,2,2,False,False,False,False,2,9
2026-02-04,12925,Paschim Express,ST,11.8,2,2,False,False,False,False,3,9
2026-02-04,12925,Paschim Express,BRC,28.4,2,2,False,False,False,False,4,9
2026-02-04,12925,Paschim Express,RTM,44.8,2,2,False,False,False,False,5,9
2026-02-04,12925,Paschim Express,KOTA,57.9,2,2,False,False,False,False,6,9
2026-02-04,12925,Paschim Express,SWM,62.4,2,2,False,False,False,False,7,9
2026-02-04,12925,Paschim Express,MTJ,62.6,2,2,False,False,False,False,8,9
2026-02-04,12925,Paschim Express,NDLS,70.7,2,2,False,False,False,False,9,9
2026-02-04,12909,Garib Rath,MMCT,0.0,2,2,False,False,False,False,1,6
2026-02-04,12909,Garib Rath,BVI,11.6,2,2,False,False,False,False,2,6
2026-02-04,12909,Garib Rath,ST,12.4,2,2,False,False,False,False,3,6
2026-02-04,12909,Garib Rath,BRC,28.8,2,2,False,False,False,False,4,6
2026-02-04,12909,Garib Rath,KOTA,29.4,2,2,False,False,False,False,5,6
2026-02-04,12909,Garib Rath,NDLS,35.6,2,2,False,False,False,False,6,6
2026-02-04,12137,Punjab Mail,CSMT,0.0,2,2,False,False,False,False,1,12
2026-02-04,12137,Punjab Mail,KYN,4.7,2,2,False,False,False,False,2,12
2026-02-04,12137,Punjab Mail,NMD,18.5,2,2,False,False,False,False,3,12
2026-02-04,12137,Punjab Mail,MMR,13.6,2,2,False,False,False,False,4,12
2026-02-04,12137,Punjab Mail,BSL,21.9,2,2,False,False,False,False,5,12
2026-02-04,12137,Punjab Mail,ET,29.0,2,2,False,False,False,False,6,12
2026-02-04,12137,Punjab Mail,BPL,30.0,2,2,False,False,False,False,7,12
2026-02-04,12137,Punjab Mail,JHS,37.2,2,2,False,False,False,False,8,12
2026-02-04,12137,Punjab Mail,GWL,46.6,2,2,False,False,False,False,9,12
2026-02-04,12137,Punjab Mail,AGC,43.8,2,2,False,False,False,False,10,12
2026-02-04,12137,Punjab Mail,MTJ,52.7,2,2,False,False,False,False,11,12
2026-02-04,12137,Punjab Mail,NDLS,66.0,2,2,False,False,False,False,12,12
2026-02-04,12621,Tamil Nadu Express,CSMT,6.7,2,2,False,False,False,False,1,9
2026-02-04,12621,Tamil Nadu Express,KYN,20.2,2,2,False,False,False,False,2,9
2026-02-04,12621,Tamil Nadu Express,MMR,32.5,2,2,False,False,False,False,3,9
2026-02-04,12621,Tamil Nadu Express,BSL,28.9,2,2,False,False,False,False,4,9
2026-02-04,12621,Tamil Nadu Express,ET,25.7,2,2,False,False,False,False,5,9
2026-02-04,12621,Tamil Nadu Express,BPL,20.7,2,2,False,False,False,False,6,9
2026-02-04,12621,Tamil Nadu Express,JHS,34.0,2,2,False,False,False,False,7,9
2026-02-04,12621,Tamil Nadu Express,AGC,30.9,2,2,False,False,False,False,8,9
2026-02-04,12621,Tamil Nadu Express,NDLS,44.8,2,2,False,False,False,False,9,9
2026-02-04,12261,Mumbai Duronto Central,CSMT,1.9,2,2,False,False,False,False,1,2
2026-02-04,12261,Mumbai Duronto Central,NDLS,12.0,2,2,False,False,False,False,2,2
2026-02-04,12187,Mumbai Garib Rath,CSMT,0.0,2,2,False,False,False,False,1,7
2026-02-04,12187,Mumbai Garib Rath,KYN,15.7,2,2,False,False,False,False,2,7
2026-02-04,12187,Mumbai Garib Rath,BSL,14.5,2,2,False,False,False,False,3,7
2026-02-04,12187,Mumbai Garib Rath,BPL,13.9,2,2,False,False,False,False,4,7
2026-02-04,12187,Mumbai Garib Rath,JHS,9.8,2,2,False,False,False,False,5,7
2026-02-04,12187,Mumbai Garib Rath,GWL,4.8,2,2,False,False,False,False,6,7
2026-02-04,12187,Mumbai Garib Rath,NDLS,0.1,2,2,False,False,False,False,7,7
2026-02-03,12951,Mumbai Rajdhani,MMCT,9.7,2,1,False,False,False,False,1,5
2026-02-03,12951,Mumbai Rajdhani,BRC,11.4,2,1,False,False,False,False,2,5
2026-02-03,12951,Mumbai Rajdhani,KOTA,9.9,2,1,False,False,False,False,3,5
2026-02-03,12951,Mumbai Rajdhani,SWM,23.8,2,1,False,False,False,False,4,5
2026-02-03,12951,Mumbai Rajdhani,NDLS,24.5,2,1,False,False,False,False,5,5
2026-02-03,12953,August Kranti Rajdhani,MMCT,6.3,2,1,False,False,False,False,1,6
2026-02-03,12953,August Kranti Rajdhani,ST,3.4,2,1,False,False,False,False,2,6
2026-02-03,12953,August Kranti Rajdhani,BRC,10.5,2,1,False,False,False,False,3,6
2026-02-03,12953,August Kranti Rajdhani,RTM,26.3,2,1,False,False,False,False,4,6
2026-02-03,12953,August Kranti Rajdhani,KOTA,52.3,2,1,False,False,False,False,5,6
2026-02-03,12953,August Kranti Rajdhani,NDLS,49.7,2,1,False,False,False,False,6,6
2026-02-03,12267,Mumbai Duronto,MMCT,0.0,2,1,False,False,False,False,1,2
2026-02-03,12267,Mumbai Duronto,NDLS,10.9,2,1,False,False,False,False,2,2
2026-02-03,12903,Golden Temple Mail,MMCT,3.8,2,1,False,False,False,False,1,10
2026-02-03,12903,Golden Temple Mail,BVI,4.7,2,1,False,False,False,False,2,10
2026-02-03,12903,Golden Temple Mail,BL,0.0,2,1,False,False,False,False,3,10
2026-02-03,12903,Golden Temple Mail,ST,0.0,2,1,False,False,False,False,4,10
2026-02-03,12903,Golden Temple Mail,BRC,12.6,2,1,False,False,False,False,5,10
2026-02-03,12903,Golden Temple Mail,RTM,26.5,2,1,False,False,False,False,6,10
2026-02-03,12903,Golden Temple Mail,KOTA,32.1,2,1,False,False,False,False,7,10
2026-02-03,12903,Golden Temple Mail,SWM,31.2,2,1,False,False,False,False,8,10
2026-02-03,12903,Golden Temple Mail,MTJ,35.9,2,1,False,False,False,False,9,10
2026-02-03,12903,Golden Temple Mail,NDLS,31.6,2,1,False,False,False,False,10,10
2026-02-03,12925,Paschim Express,MMCT,0.0,2,1,False,False,False,False,1,9
2026-02-03,12925,Paschim Express,BVI,0.8,2,1,False,False,False,False,2,9
2026-02-03,12925,Paschim Express,ST,13.5,2,1,False,False,False,False,3,9
2026-02-03,12925,Paschim Express,BRC,24.4,2,1,False,False,False,False,4,9
2026-02-03,12925,Paschim Express,RTM,21.5,2,1,False,False,False,False,5,9
2026-02-03,12925,Paschim Express,KOTA,23.1,2,1,False,False,False,False,6,9
2026-02-03,12925,Paschim Express,SWM,26.2,2,1,False,False,False,False,7,9
2026-02-03,12925,Paschim Express,MTJ,32.3,2,1,False,False,False,False,8,9
2026-02-03,12925,Paschim Express,NDLS,61.4,2,1,False,False,False,False,9,9
2026-02-03,12909,Garib Rath,MMCT,1.5,2,1,False,False,False,False,1,6
2026-02-03,12909,Garib Rath,BVI,0.0,2,1,False,False,False,False,2,6
2026-02-03,12909,Garib Rath,ST,0.0,2,1,False,False,False,False,3,6
2026-02-03,12909,Garib Rath,BRC,0.0,2,1,False,False,False,False,4,6
2026-02-03,12909,Garib Rath,KOTA,4.4,2,1,False,False,False,False,5,6
2026-02-03,12909,Garib Rath,NDLS,4.0,2,1,False,False,False,False,6,6
2026-02-03,12137,Punjab Mail,CSMT,4.8,2,1,False,False,False,False,1,12
2026-02-03,12137,Punjab Mail,KYN,14.1,2,1,False,False,False,False,2,12
2026-02-03,12137,Punjab Mail,NMD,9.1,2,1,False,False,False,False,3,12
2026-02-03,12137,Punjab Mail,MMR,18.9,2,1,False,False,False,False,4,12
2026-02-03,12137,Punjab Mail,BSL,24.0,2,1,False,False,False,False,5,12
2026-02-03,12137,Punjab Mail,ET,45.8,2,1,False,False,False,False,6,12
2026-02-03,12137,Punjab Mail,BPL,48.6,2,1,False,False,False,False,7,12
2026-02-03,12137,Punjab Mail,JHS,58.9,2,1,False,False,False,False,8,12
2026-02-03,12137,Punjab Mail,GWL,63.7,2,1,False,False,False,False,9,12
2026-02-03,12137,Punjab Mail,AGC,58.7,2,1,False,False,False,False,10,12
2026-02-03,12137,Punjab Mail,MTJ,56.3,2,1,False,False,False,False,11,12
2026-02-03,12137,Punjab Mail,NDLS,84.9,2,1,False,False,False,False,12,12
2026-02-03,12621,Tamil Nadu Express,CSMT,0.0,2,1,False,False,False,False,1,9
2026-02-03,12621,Tamil Nadu Express,KYN,2.1,2,1,False,False,False,False,2,9
2026-02-03,12621,Tamil Nadu Express,MMR,7.7,2,1,False,False,False,False,3,9
2026-02-03,12621,Tamil Nadu Express,BSL,4.6,2,1,False,False,False,False,4,9
2026-02-03,12621,Tamil Nadu Express,ET,19.7,2,1,False,False,False,False,5,9
2026-02-03,12621,Tamil Nadu Express,BPL,15.5,2,1,False,False,False,False,6,9
2026-02-03,12621,Tamil Nadu Express,JHS,18.5,2,1,False,False,False,False,7,9
2026-02-03,12621,Tamil Nadu Express,AGC,22.1,2,1,False,False,False,False,8,9
2026-02-03,12621,Tamil Nadu Express,NDLS,22.6,2,1,False,False,False,False,9,9
2026-02-03,12261,Mumbai Duronto Central,CSMT,3.7,2,1,False,False,False,False,1,2
2026-02-03,12261,Mumbai Duronto Central,NDLS,21.9,2,1,False,False,False,False,2,2
2026-02-03,12187,Mumbai Garib Rath,CSMT,13.8,2,1,False,False,False,False,1,7
2026-02-03,12187,Mumbai Garib Rath,KYN,14.5,2,1,False,False,False,False,2,7
2026-02-03,12187,Mumbai Garib Rath,BSL,12.1,2,1,False,False,False,False,3,7
2026-02-03,12187,Mumbai Garib Rath,BPL,20.1,2,1,False,False,False,False,4,7
2026-02-03,12187,Mumbai Garib Rath,JHS,42.3,2,1,False,False,False,False,5,7
2026-02-03,12187,Mumbai Garib Rath,GWL,52.3,2,1,False,False,False,False,6,7
2026-02-03,12187,Mumbai Garib Rath,NDLS,54.1,2,1,False,False,False,False,7,7
2026-02-02,12951,Mumbai Rajdhani,MMCT,7.5,2,0,False,False,False,False,1,5
2026-02-02,12951,Mumbai Rajdhani,BRC,0.0,2,0,False,False,False,False,2,5
2026-02-02,12951,Mumbai Rajdhani,KOTA,0.0,2,0,False,False,False,False,3,5
2026-02-02,12951,Mumbai Rajdhani,SWM,0.0,2,0,False,False,False,False,4,5
2026-02-02,12951,Mumbai Rajdhani,NDLS,7.8,2,0,False,False,False,False,5,5
2026-02-02,12953,August Kranti Rajdhani,MMCT,8.8,2,0,False,False,False,False,1,6
2026-02-02,12953,August Kranti Rajdhani,ST,9.2,2,0,False,False,False,False,2,6
2026-02-02,12953,August Kranti Rajdhani,BRC,6.9,2,0,False,False,False,False,3,6
2026-02-02,12953,August Kranti Rajdhani,RTM,9.2,2,0,False,False,False,False,4,6
2026-02-02,12953,August Kranti Rajdhani,KOTA,4.3,2,0,False,False,False,False,5,6
2026-02-02,12953,August Kranti Rajdhani,NDLS,9.2,2,0,False,False,False,False,6,6
2026-02-02,12267,Mumbai Duronto,MMCT,21.2,2,0,False,False,False,False,1,2
2026-02-02,12267,Mumbai Duronto,NDLS,14.5,2,0,False,False,False,False,2,2
2026-02-02,12903,Golden Temple Mail,MMCT,4.3,2,0,False,False,False,False,1,10
2026-02-02,12903,Golden Temple Mail,BVI,9.8,2,0,False,False,False,False,2,10
2026-02-02,12903,Golden Temple Mail,BL,19.8,2,0,False,False,False,False,3,10
2026-02-02,12903,Golden Temple Mail,ST,15.4,2,0,False,False,False,False,4,10
2026-02-02,12903,Golden Temple Mail,BRC,18.2,2,0,False,False,False,False,5,10
2026-02-02,12903,Golden Temple Mail,RTM,29.2,2,0,False,False,False,False,6,10
2026-02-02,12903,Golden Temple Mail,KOTA,45.5,2,0,False,False,False,False,7,10
2026-02-02,12903,Golden Temple Mail,SWM,53.3,2,0,False,False,False,False,8,10
2026-02-02,12903,Golden Temple Mail,MTJ,69.6,2,0,False,False,False,False,9,10
2026-02-02,12903,Golden Temple Mail,NDLS,68.3,2,0,False,False,False,False,10,10
2026-02-02,12925,Paschim Express,MMCT,1.6,2,0,False,False,False,False,1,9
2026-02-02,12925,Paschim Express,BVI,10.1,2,0,False,False,False,False,2,9
2026-02-02,12925,Paschim Express,ST,5.1,2,0,False,False,False,False,3,9
2026-02-02,12925,Paschim Express,BRC,8.5,2,0,False,False,False,False,4,9
2026-02-02,12925,Paschim Express,RTM,8.5,2,0,False,False,False,False,5,9
2026-02-02,12925,Paschim Express,KOTA,4.6,2,0,False,False,False,False,6,9
2026-02-02,12925,Paschim Express,SWM,6.0,2,0,False,False,False,False,7,9
2026-02-02,12925,Paschim Express,MTJ,5.3,2,0,False,False,False,False,8,9
2026-02-02,12925,Paschim Express,NDLS,20.8,2,0,False,False,False,False,9,9
2026-02-02,12909,Garib Rath,MMCT,6.6,2,0,False,False,False,False,1,6
2026-02-02,12909,Garib Rath,BVI,12.9,2,0,False,False,False,False,2,6
2026-02-02,12909,Garib Rath,ST,15.4,2,0,False,False,False,False,3,6
2026-02-02,12909,Garib Rath,BRC,11.3,2,0,False,False,False,False,4,6
2026-02-02,12909,Garib Rath,KOTA,24.9,2,0,False,False,False,False,5,6
2026-02-02,12909,Garib Rath,NDLS,39.4,2,0,False,False,False,False,6,6
2026-02-02,12137,Punjab Mail,CSMT,0.0,2,0,False,False,False,False,1,12
2026-02-02,12137,Punjab Mail,KYN,10.9,2,0,False,False,False,False,2,12
2026-02-02,12137,Punjab Mail,NMD,20.6,2,0,False,False,False,False,3,12
2026-02-02,12137,Punjab Mail,MMR,19.6,2,0,False,False,False,False,4,12
2026-02-02,12137,Punjab Mail,BSL,17.9,2,0,False,False,False,False,5,12
2026-02-02,12137,Punjab Mail,ET,14.1,2,0,False,False,False,False,6,12
2026-02-02,12137,Punjab Mail,BPL,27.4,2,0,False,False,False,False,7,12
2026-02-02,12137,Punjab Mail,JHS,23.6,2,0,False,False,False,False,8,12
2026-02-02,12137,Punjab Mail,GWL,18.6,2,0,False,False,False,False,9,12
2026-02-02,12137,Punjab Mail,AGC,13.6,2,0,False,False,False,False,10,12
2026-02-02,12137,Punjab Mail,MTJ,9.0,2,0,False,False,False,False,11,12
2026-02-02,12137,Punjab Mail,NDLS,16.8,2,0,False,False,False,False,12,12
2026-02-02,12621,Tamil Nadu Express,CSMT,8.9,2,0,False,False,False,False,1,9
2026-02-02,12621,Tamil Nadu Express,KYN,10.6,2,0,False,False,False,False,2,9
2026-02-02,12621,Tamil Nadu Express,MMR,13.8,2,0,False,False,False,False,3,9
2026-02-02,12621,Tamil Nadu Express,BSL,24.3,2,0,False,False,False,False,4,9
2026-02-02,12621,Tamil Nadu Express,ET,26.2,2,0,False,False,False,False,5,9
2026-02-02,12621,Tamil Nadu Express,BPL,24.1,2,0,False,False,False,False,6,9
2026-02-02,12621,Tamil Nadu Express,JHS,25.0,2,0,False,False,False,False,7,9
2026-02-02,12621,Tamil Nadu Express,AGC,20.0,2,0,False,False,False,False,8,9
2026-02-02,12621,Tamil Nadu Express,NDLS,23.4,2,0,False,False,False,False,9,9
2026-02-02,12261,Mumbai Duronto Central,CSMT,6.2,2,0,False,False,False,False,1,2
2026-02-02,12261,Mumbai Duronto Central,NDLS,20.0,2,0,False,False,False,False,2,2
2026-02-02,12187,Mumbai Garib Rath,CSMT,11.1,2,0,False,False,False,False,1,7
2026-02-02,12187,Mumbai Garib Rath,KYN,16.7,2,0,False,False,False,False,2,7
2026-02-02,12187,Mumbai Garib Rath,BSL,26.4,2,0,False,False,False,False,3,7
2026-02-02,12187,Mumbai Garib Rath,BPL,36.7,2,0,False,False,False,False,4,7
2026-02-02,12187,Mumbai Garib Rath,JHS,42.3,2,0,False,False,False,False,5,7
2026-02-02,12187,Mumbai Garib Rath,GWL,47.3,2,0,False,False,False,False,6,7
2026-02-02,12187,Mumbai Garib Rath,NDLS,44.3,2,0,False,False,False,False,7,7
2026-02-01,12951,Mumbai Rajdhani,MMCT,2.1,2,6,True,False,False,False,1,5
2026-02-01,12951,Mumbai Rajdhani,BRC,13.3,2,6,True,False,False,False,2,5
2026-02-01,12951,Mumbai Rajdhani,KOTA,10.0,2,6,True,False,False,False,3,5
2026-02-01,12951,Mumbai Rajdhani,SWM,10.9,2,6,True,False,False,False,4,5
2026-02-01,12951,Mumbai Rajdhani,NDLS,6.9,2,6,True,False,False,False,5,5
2026-02-01,12953,August Kranti Rajdhani,MMCT,0.6,2,6,True,False,False,False,1,6
2026-02-01,12953,August Kranti Rajdhani,ST,0.0,2,6,True,False,False,False,2,6
2026-02-01,12953,August Kranti Rajdhani,BRC,0.0,2,6,True,False,False,False,3,6
2026-02-01,12953,August Kranti Rajdhani,RTM,4.3,2,6,True,False,False,False,4,6
2026-02-01,12953,August Kranti Rajdhani,KOTA,18.1,2,6,True,False,False,False,5,6
2026-02-01,12953,August Kranti Rajdhani,NDLS,23.9,2,6,True,False,False,False,6,6
2026-02-01,12267,Mumbai Duronto,MMCT,6.5,2,6,True,False,False,False,1,2
2026-02-01,12267,Mumbai Duronto,NDLS,9.0,2,6,True,False,False,False,2,2
2026-02-01,12903,Golden Temple Mail,MMCT,8.4,2,6,True,False,False,False,1,10
2026-02-01,12903,Golden Temple Mail,BVI,2.1,2,6,True,False,False,False,2,10
2026-02-01,12903,Golden Temple Mail,BL,3.5,2,6,True,False,False,False,3,10
2026-02-01,12903,Golden Temple Mail,ST,3.7,2,6,True,False,False,False,4,10
2026-02-01,12903,Golden Temple Mail,BRC,0.5,2,6,True,False,False,False,5,10
2026-02-01,12903,Golden Temple Mail,RTM,1.3,2,6,True,False,False,False,6,10
2026-02-01,12903,Golden Temple Mail,KOTA,11.6,2,6,True,False,False,False,7,10
2026-02-01,12903,Golden Temple Mail,SWM,6.6,2,6,True,False,False,False,8,10
2026-02-01,12903,Golden Temple Mail,MTJ,24.6,2,6,True,False,False,False,9,10
2026-02-01,12903,Golden Temple Mail,NDLS,41.8,2,6,True,False,False,False,10,10
2026-02-01,12925,Paschim Express,MMCT,5.6,2,6,True,False,False,False,1,9
2026-02-01,12925,Paschim Express,BVI,1.1,2,6,True,False,False,False,2,9
2026-02-01,12925,Paschim Express,ST,0.0,2,6,True,False,False,False,3,9
2026-02-01,12925,Paschim Express,BRC,12.1,2,6,True,False,False,False,4,9
2026-02-01,12925,Paschim Express,RTM,24.9,2,6,True,False,False,False,5,9
2026-02-01,12925,Paschim Express,KOTA,31.0,2,6,True,False,False,False,6,9
2026-02-01,12925,Paschim Express,SWM,28.7,2,6,True,False,False,False,7,9
2026-02-01,12925,Paschim Express,MTJ,54.0,2,6,True,False,False,False,8,9
2026-02-01,12925,Paschim Express,NDLS,67.2,2,6,True,False,False,False,9,9
2026-02-01,12909,Garib Rath,MMCT,6.4,2,6,True,False,False,False,1,6
2026-02-01,12909,Garib Rath,BVI,17.1,2,6,True,False,False,False,2,6
2026-02-01,12909,Garib Rath,ST,28.2,2,6,True,False,False,False,3,6
2026-02-01,12909,Garib Rath,BRC,40.0,2,6,True,False,False,False,4,6
2026-02-01,12909,Garib Rath,KOTA,39.7,2,6,True,False,False,False,5,6
2026-02-01,12909,Garib Rath,NDLS,49.2,2,6,True,False,False,False,6,6
2026-02-01,12137,Punjab Mail,CSMT,5.0,2,6,True,False,False,False,1,12
2026-02-01,12137,Punjab Mail,KYN,18.5,2,6,True,False,False,False,2,12
2026-02-01,12137,Punjab Mail,NMD,13.5,2,6,True,False,False,False,3,12
2026-02-01,12137,Punjab Mail,MMR,21.7,2,6,True,False,False,False,4,12
2026-02-01,12137,Punjab Mail,BSL,20.4,2,6,True,False,False,False,5,12
2026-02-01,12137,Punjab Mail,ET,32.5,2,6,True,False,False,False,6,12
2026-02-01,12137,Punjab Mail,BPL,35.4,2,6,True,False,False,False,7,12
2026-02-01,12137,Punjab Mail,JHS,43.9,2,6,True,False,False,False,8,12
2026-02-01,12137,Punjab Mail,GWL,58.2,2,6,True,False,False,False,9,12
2026-02-01,12137,Punjab Mail,AGC,53.2,2,6,True,False,False,False,10,12
2026-02-01,12137,Punjab Mail,MTJ,68.3,2,6,True,False,False,False,11,12
2026-02-01,12137,Punjab Mail,NDLS,81.1,2,6,True,False,False,False,12,12
2026-02-01,12621,Tamil Nadu Express,CSMT,0.0,2,6,True,False,False,False,1,9
2026-02-01,12621,Tamil Nadu Express,KYN,5.7,2,6,True,False,False,False,2,9
2026-02-01,12621,Tamil Nadu Express,MMR,1.1,2,6,True,False,False,False,3,9
2026-02-01,12621,Tamil Nadu Express,BSL,1.6,2,6,True,False,False,False,4,9
2026-02-01,12621,Tamil Nadu Express,ET,0.2,2,6,True,False,False,False,5,9
2026-02-01,12621,Tamil Nadu Express,BPL,6.0,2,6,True,False,False,False,6,9
2026-02-01,12621,Tamil Nadu Express,JHS,9.9,2,6,True,False,False,False,7,9
2026-02-01,12621,Tamil Nadu Express,AGC,4.9,2,6,True,False,False,False,8,9
2026-02-01,12621,Tamil Nadu Express,NDLS,9.8,2,6,True,False,False,False,9,9
2026-02-01,12261,Mumbai Duronto Central,CSMT,9.0,2,6,True,False,False,False,1,2
2026-02-01,12261,Mumbai Duronto Central,NDLS,0.0,2,6,True,False,False,False,2,2
2026-02-01,12187,Mumbai Garib Rath,CSMT,0.0,2,6,True,False,False,False,1,7
2026-02-01,12187,Mumbai Garib Rath,KYN,5.0,2,6,True,False,False,False,2,7
2026-02-01,12187,Mumbai Garib Rath,BSL,18.2,2,6,True,False,False,False,3,7
2026-02-01,12187,Mumbai Garib Rath,BPL,27.5,2,6,True,False,False,False,4,7
2026-02-01,12187,Mumbai Garib Rath,JHS,30.1,2,6,True,False,False,False,5,7
2026-02-01,12187,Mumbai Garib Rath,GWL,31.0,2,6,True,False,False,False,6,7
2026-02-01,12187,Mumbai Garib Rath,NDLS,35.0,2,6,True,False,False,False,7,7
2026-01-31,12951,Mumbai Rajdhani,MMCT,0.0,1,5,True,False,True,False,1,5
2026-01-31,12951,Mumbai Rajdhani,BRC,5.9,1,5,True,False,True,False,2,5
2026-01-31,12951,Mumbai Rajdhani,KOTA,16.8,1,5,True,False,True,False,3,5
2026-01-31,12951,Mumbai Rajdhani,SWM,28.5,1,5,True,False,True,False,4,5
2026-01-31,12951,Mumbai Rajdhani,NDLS,36.9,1,5,True,False,True,False,5,5
2026-01-31,12953,August Kranti Rajdhani,MMCT,6.8,1,5,True,False,True,False,1,6
2026-01-31,12953,August Kranti Rajdhani,ST,3.5,1,5,True,False,True,False,2,6
2026-01-31,12953,August Kranti Rajdhani,BRC,8.3,1,5,True,False,True,False,3,6
2026-01-31,12953,August Kranti Rajdhani,RTM,10.7,1,5,True,False,True,False,4,6
2026-01-31,12953,August Kranti Rajdhani,KOTA,14.8,1,5,True,False,True,False,5,6
2026-01-31,12953,August Kranti Rajdhani,NDLS,22.7,1,5,True,False,True,False,6,6
2026-01-31,12267,Mumbai Duronto,MMCT,16.2,1,5,True,False,True,False,1,2
2026-01-31,12267,Mumbai Duronto,NDLS,11.7,1,5,True,False,True,False,2,2
2026-01-31,12903,Golden Temple Mail,MMCT,8.9,1,5,True,False,True,False,1,10
2026-01-31,12903,Golden Temple Mail,BVI,1.2,1,5,True,False,True,False,2,10
2026-01-31,12903,Golden Temple Mail,BL,6.9,1,5,True,False,True,False,3,10
2026-01-31,12903,Golden Temple Mail,ST,5.9,1,5,True,False,True,False,4,10
2026-01-31,12903,Golden Temple Mail,BRC,7.5,1,5,True,False,True,False,5,10
2026-01-31,12903,Golden Temple Mail,RTM,17.6,1,5,True,False,True,False,6,10
2026-01-31,12903,Golden Temple Mail,KOTA,28.5,1,5,True,False,True,False,7,10
2026-01-31,12903,Golden Temple Mail,SWM,35.0,1,5,True,False,True,False,8,10
2026-01-31,12903,Golden Temple Mail,MTJ,32.0,1,5,True,False,True,False,9,10
2026-01-31,12903,Golden Temple Mail,NDLS,43.6,1,5,True,False,True,False,10,10
2026-01-31,12925,Paschim Express,MMCT,4.7,1,5,True,False,True,False,1,9
2026-01-31,12925,Paschim Express,BVI,15.7,1,5,True,False,True,False,2,9
2026-01-31,12925,Paschim Express,ST,10.7,1,5,True,False,True,False,3,9
2026-01-31,12925,Paschim Express,BRC,9.3,1,5,True,False,True,False,4,9
2026-01-31,12925,Paschim Express,RTM,9.6,1,5,True,False,True,False,5,9
2026-01-31,12925,Paschim Express,KOTA,18.3,1,5,True,False,True,False,6,9
2026-01-31,12925,Paschim Express,SWM,21.4,1,5,True,False,True,False,7,9
2026-01-31,12925,Paschim Express,MTJ,32.4,1,5,True,False,True,False,8,9
2026-01-31,12925,Paschim Express,NDLS,56.4,1,5,True,False,True,False,9,9
2026-01-31,12909,Garib Rath,MMCT,0.0,1,5,True,False,True,False,1,6
2026-01-31,12909,Garib Rath,BVI,11.7,1,5,True,False,True,False,2,6
2026-01-31,12909,Garib Rath,ST,9.3,1,5,True,False,True,False,3,6
2026-01-31,12909,Garib Rath,BRC,10.1,1,5,True,False,True,False,4,6
2026-01-31,12909,Garib Rath,KOTA,18.8,1,5,True,False,True,False,5,6
2026-01-31,12909,Garib Rath,NDLS,14.6,1,5,True,False,True,False,6,6
2026-01-31,12137,Punjab Mail,CSMT,0.0,1,5,True,False,True,False,1,12
2026-01-31,12137,Punjab Mail,KYN,14.5,1,5,True,False,True,False,2,12
2026-01-31,12137,Punjab Mail,NMD,30.8,1,5,True,False,True,False,3,12
2026-01-31,12137,Punjab Mail,MMR,40.5,1,5,True,False,True,False,4,12
2026-01-31,12137,Punjab Mail,BSL,35.7,1,5,True,False,True,False,5,12
2026-01-31,12137,Punjab Mail,ET,45.4,1,5,True,False,True,False,6,12
2026-01-31,12137,Punjab Mail,BPL,47.3,1,5,True,False,True,False,7,12
2026-01-31,12137,Punjab Mail,JHS,64.3,1,5,True,False,True,False,8,12
2026-01-31,12137,Punjab Mail,GWL,73.6,1,5,True,False,True,False,9,12
2026-01-31,12137,Punjab Mail,AGC,83.8,1,5,True,False,True,False,10,12
2026-01-31,12137,Punjab Mail,MTJ,86.8,1,5,True,False,True,False,11,12
2026-01-31,12137,Punjab Mail,NDLS,94.3,1,5,True,False,True,False,12,12
2026-01-31,12621,Tamil Nadu Express,CSMT,21.8,1,5,True,False,True,False,1,9
2026-01-31,12621,Tamil Nadu Express,KYN,0.0,1,5,True,False,True,False,2,9
2026-01-31,12621,Tamil Nadu Express,MMR,2.2,1,5,True,False,True,False,3,9
2026-01-31,12621,Tamil Nadu Express,BSL,18.2,1,5,True,False,True,False,4,9
2026-01-31,12621,Tamil Nadu Express,ET,29.7,1,5,True,False,True,False,5,9
2026-01-31,12621,Tamil Nadu Express,BPL,41.5,1,5,True,False,True,False,6,9
2026-01-31,12621,Tamil Nadu Express,JHS,59.7,1,5,True,False,True,False,7,9
2026-01-31,12621,Tamil Nadu Express,AGC,64.9,1,5,True,False,True,False,8,9
2026-01-31,12621,Tamil Nadu Express,NDLS,84.6,1,5,True,False,True,False,9,9
2026-01-31,12261,Mumbai Duronto Central,CSMT,9.3,1,5,True,False,True,False,1,2
2026-01-31,12261,Mumbai Duronto Central,NDLS,14.9,1,5,True,False,True,False,2,2
2026-01-31,12187,Mumbai Garib Rath,CSMT,1.1,1,5,True,False,True,False,1,7
2026-01-31,12187,Mumbai Garib Rath,KYN,0.1,1,5,True,False,True,False,2,7
2026-01-31,12187,Mumbai Garib Rath,BSL,18.5,1,5,True,False,True,False,3,7
2026-01-31,12187,Mumbai Garib Rath,BPL,29.0,1,5,True,False,True,False,4,7
2026-01-31,12187,Mumbai Garib Rath,JHS,65.2,1,5,True,False,True,False,5,7
2026-01-31,12187,Mumbai Garib Rath,GWL,63.8,1,5,True,False,True,False,6,7
2026-01-31,12187,Mumbai Garib Rath,NDLS,66.6,1,5,True,False,True,False,7,7
2026-01-30,12951,Mumbai Rajdhani,MMCT,19.4,1,4,False,False,True,False,1,5
2026-01-30,12951,Mumbai Rajdhani,BRC,6.9,1,4,False,False,True,False,2,5
2026-01-30,12951,Mumbai Rajdhani,KOTA,9.4,1,4,False,False,True,False,3,5
2026-01-30,12951,Mumbai Rajdhani,SWM,8.7,1,4,False,False,True,False,4,5
2026-01-30,12951,Mumbai Rajdhani,NDLS,23.6,1,4,False,False,True,False,5,5
2026-01-30,12953,August Kranti Rajdhani,MMCT,0.0,1,4,False,False,True,False,1,6
2026-01-30,12953,August Kranti Rajdhani,ST,0.3,1,4,False,False,True,False,2,6
2026-01-30,12953,August Kranti Rajdhani,BRC,4.0,1,4,False,False,True,False,3,6
2026-01-30,12953,August Kranti Rajdhani,RTM,0.0,1,4,False,False,True,False,4,6
2026-01-30,12953,August Kranti Rajdhani,KOTA,7.1,1,4,False,False,True,False,5,6
2026-01-30,12953,August Kranti Rajdhani,NDLS,22.1,1,4,False,False,True,False,6,6
2026-01-30,12267,Mumbai Duronto,MMCT,0.0,1,4,False,False,True,False,1,2
2026-01-30,12267,Mumbai Duronto,NDLS,23.2,1,4,False,False,True,False,2,2
2026-01-30,12903,Golden Temple Mail,MMCT,0.0,1,4,False,False,True,False,1,10
2026-01-30,12903,Golden Temple Mail,BVI,0.0,1,4,False,False,True,False,2,10
2026-01-30,12903,Golden Temple Mail,BL,2.2,1,4,False,False,True,False,3,10
2026-01-30,12903,Golden Temple Mail,ST,4.0,1,4,False,False,True,False,4,10
2026-01-30,12903,Golden Temple Mail,BRC,7.9,1,4,False,False,True,False,5,10
2026-01-30,12903,Golden Temple Mail,RTM,14.3,1,4,False,False,True,False,6,10
2026-01-30,12903,Golden Temple Mail,KOTA,29.8,1,4,False,False,True,False,7,10
2026-01-30,12903,Golden Temple Mail,SWM,28.8,1,4,False,False,True,False,8,10
2026-01-30,12903,Golden Temple Mail,MTJ,41.5,1,4,False,False,True,False,9,10
2026-01-30,12903,Golden Temple Mail,NDLS,37.3,1,4,False,False,True,False,10,10
2026-01-30,12925,Paschim Express,MMCT,9.7,1,4,False,False,True,False,1,9
2026-01-30,12925,Paschim Express,BVI,0.0,1,4,False,False,True,False,2,9
2026-01-30,12925,Paschim Express,ST,4.2,1,4,False,False,True,False,3,9
2026-01-30,12925,Paschim Express,BRC,2.7,1,4,False,False,True,False,4,9
2026-01-30,12925,Paschim Express,RTM,13.0,1,4,False,False,True,False,5,9
2026-01-30,12925,Paschim Express,KOTA,18.3,1,4,False,False,True,False,6,9
2026-01-30,12925,Paschim Express,SWM,26.9,1,4,False,False,True,False,7,9
2026-01-30,12925,Paschim Express,MTJ,30.6,1,4,False,False,True,False,8,9
2026-01-30,12925,Paschim Express,NDLS,32.0,1,4,False,False,True,False,9,9
2026-01-30,12909,Garib Rath,MMCT,0.0,1,4,False,False,True,False,1,6
2026-01-30,12909,Garib Rath,BVI,20.4,1,4,False,False,True,False,2,6
2026-01-30,12909,Garib Rath,ST,25.8,1,4,False,False,True,False,3,6
2026-01-30,12909,Garib Rath,BRC,25.7,1,4,False,False,True,False,4,6
2026-01-30,12909,Garib Rath,KOTA,25.6,1,4,False,False,True,False,5,6
2026-01-30,12909,Garib Rath,NDLS,29.5,1,4,False,False,True,False,6,6
2026-01-30,12137,Punjab Mail,CSMT,5.3,1,4,False,False,True,False,1,12
2026-01-30,12137,Punjab Mail,KYN,11.4,1,4,False,False,True,False,2,12
2026-01-30,12137,Punjab Mail,NMD,6.4,1,4,False,False,True,False,3,12
2026-01-30,12137,Punjab Mail,MMR,12.5,1,4,False,False,True,False,4,12
2026-01-30,12137,Punjab Mail,BSL,11.7,1,4,False,False,True,False,5,12
2026-01-30,12137,Punjab Mail,ET,19.1,1,4,False,False,True,False,6,12
2026-01-30,12137,Punjab Mail,BPL,19.0,1,4,False,False,True,False,7,12
2026-01-30,12137,Punjab Mail,JHS,38.1,1,4,False,False,True,False,8,12
2026-01-30,12137,Punjab Mail,GWL,37.9,1,4,False,False,True,False,9,12
2026-01-30,12137,Punjab Mail,AGC,60.7,1,4,False,False,True,False,10,12
2026-01-30,12137,Punjab Mail,MTJ,62.5,1,4,False,False,True,False,11,12
2026-01-30,12137,Punjab Mail,NDLS,69.9,1,4,False,False,True,False,12,12
2026-01-30,12621,Tamil Nadu Express,CSMT,15.0,1,4,False,False,True,False,1,9
2026-01-30,12621,Tamil Nadu Express,KYN,10.3,1,4,False,False,True,False,2,9
2026-01-30,12621,Tamil Nadu Express,MMR,10.3,1,4,False,False,True,False,3,9
2026-01-30,12621,Tamil Nadu Express,BSL,10.1,1,4,False,False,True,False,4,9
2026-01-30,12621,Tamil Nadu Express,ET,25.2,1,4,False,False,True,False,5,9
2026-01-30,12621,Tamil Nadu Express,BPL,24.9,1,4,False,False,True,False,6,9
2026-01-30,12621,Tamil Nadu Express,JHS,37.3,1,4,False,False,True,False,7,9
2026-01-30,12621,Tamil Nadu Express,AGC,32.3,1,4,False,False,True,False,8,9
2026-01-30,12621,Tamil Nadu Express,NDLS,32.7,1,4,False,False,True,False,9,9
2026-01-30,12261,Mumbai Duronto Central,CSMT,9.0,1,4,False,False,True,False,1,2
2026-01-30,12261,Mumbai Duronto Central,NDLS,0.0,1,4,False,False,True,False,2,2
2026-01-30,12187,Mumbai Garib Rath,CSMT,5.6,1,4,False,False,True,False,1,7
2026-01-30,12187,Mumbai Garib Rath,KYN,5.7,1,4,False,False,True,False,2,7
2026-01-30,12187,Mumbai Garib Rath,BSL,7.0,1,4,False,False,True,False,3,7
2026-01-30,12187,Mumbai Garib Rath,BPL,13.0,1,4,False,False,True,False,4,7
2026-01-30,12187,Mumbai Garib Rath,JHS,27.0,1,4,False,False,True,False,5,7
2026-01-30,12187,Mumbai Garib Rath,GWL,22.0,1,4,False,False,True,False,6,7
2026-01-30,12187,Mumbai Garib Rath,NDLS,39.1,1,4,False,False,True,False,7,7
2026-01-29,12951,Mumbai Rajdhani,MMCT,0.0,1,3,False,False,True,False,1,5
2026-01-29,12951,Mumbai Rajdhani,BRC,7.5,1,3,False,False,True,False,2,5
2026-01-29,12951,Mumbai Rajdhani,KOTA,4.4,1,3,False,False,True,False,3,5
2026-01-29,12951,Mumbai Rajdhani,SWM,0.0,1,3,False,False,True,False,4,5
2026-01-29,12951,Mumbai Rajdhani,NDLS,2.2,1,3,False,False,True,False,5,5
2026-01-29,12953,August Kranti Rajdhani,MMCT,1.2,1,3,False,False,True,False,1,6
2026-01-29,12953,August Kranti Rajdhani,ST,0.0,1,3,False,False,True,False,2,6
2026-01-29,12953,August Kranti Rajdhani,BRC,3.0,1,3,False,False,True,False,3,6
2026-01-29,12953,August Kranti Rajdhani,RTM,7.4,1,3,False,False,True,False,4,6
2026-01-29,12953,August Kranti Rajdhani,KOTA,22.4,1,3,False,False,True,False,5,6
2026-01-29,12953,August Kranti Rajdhani,NDLS,24.8,1,3,False,False,True,False,6,6
2026-01-29,12267,Mumbai Duronto,MMCT,1.7,1,3,False,False,True,False,1,2
2026-01-29,12267,Mumbai Duronto,NDLS,10.9,1,3,False,False,True,False,2,2
2026-01-29,12903,Golden Temple Mail,MMCT,9.1,1,3,False,False,True,False,1,10
2026-01-29,12903,Golden Temple Mail,BVI,6.4,1,3,False,False,True,False,2,10
2026-01-29,12903,Golden Temple Mail,BL,14.2,1,3,False,False,True,False,3,10
2026-01-29,12903,Golden Temple Mail,ST,13.5,1,3,False,False,True,False,4,10
2026-01-29,12903,Golden Temple Mail,BRC,38.0,1,3,False,False,True,False,5,10
2026-01-29,12903,Golden Temple Mail,RTM,65.3,1,3,False,False,True,False,6,10
2026-01-29,12903,Golden Temple Mail,KOTA,77.9,1,3,False,False,True,False,7,10
2026-01-29,12903,Golden Temple Mail,SWM,86.8,1,3,False,False,True,False,8,10
2026-01-29,12903,Golden Temple Mail,MTJ,96.2,1,3,False,False,True,False,9,10
2026-01-29,12903,Golden Temple Mail,NDLS,94.7,1,3,False,False,True,False,10,10
2026-01-29,12925,Paschim Express,MMCT,11.2,1,3,False,False,True,False,1,9
2026-01-29,12925,Paschim Express,BVI,16.4,1,3,False,False,True,False,2,9
2026-01-29,12925,Paschim Express,ST,16.8,1,3,False,False,True,False,3,9
2026-01-29,12925,Paschim Express,BRC,21.3,1,3,False,False,True,False,4,9
2026-01-29,12925,Paschim Express,RTM,26.6,1,3,False,False,True,False,5,9
2026-01-29,12925,Paschim Express,KOTA,38.0,1,3,False,False,True,False,6,9
2026-01-29,12925,Paschim Express,SWM,41.2,1,3,False,False,True,False,7,9
2026-01-29,12925,Paschim Express,MTJ,41.1,1,3,False,False,True,False,8,9
2026-01-29,12925,Paschim Express,NDLS,43.2,1,3,False,False,True,False,9,9
2026-01-29,12909,Garib Rath,MMCT,11.2,1,3,False,False,True,False,1,6
2026-01-29,12909,Garib Rath,BVI,11.9,1,3,False,False,True,False,2,6
2026-01-29,12909,Garib Rath,ST,13.1,1,3,False,False,True,False,3,6
2026-01-29,12909,Garib Rath,BRC,25.6,1,3,False,False,True,False,4,6
2026-01-29,12909,Garib Rath,KOTA,27.0,1,3,False,False,True,False,5,6
2026-01-29,12909,Garib Rath,NDLS,42.9,1,3,False,False,True,False,6,6
2026-01-29,12137,Punjab Mail,CSMT,9.6,1,3,False,False,True,False,1,12
2026-01-29,12137,Punjab Mail,KYN,12.5,1,3,False,False,True,False,2,12
2026-01-29,12137,Punjab Mail,NMD,21.0,1,3,False,False,True,False,3,12
2026-01-29,12137,Punjab Mail,MMR,21.6,1,3,False,False,True,False,4,12
2026-01-29,12137,Punjab Mail,BSL,24.4,1,3,False,False,True,False,5,12
2026-01-29,12137,Punjab Mail,ET,41.3,1,3,False,False,True,False,6,12
2026-01-29,12137,Punjab Mail,BPL,36.5,1,3,False,False,True,False,7,12
2026-01-29,12137,Punjab Mail,JHS,53.5,1,3,False,False,True,False,8,12
2026-01-29,12137,Punjab Mail,GWL,61.0,1,3,False,False,True,False,9,12
2026-01-29,12137,Punjab Mail,AGC,74.5,1,3,False,False,True,False,10,12
2026-01-29,12137,Punjab Mail,MTJ,79.2,1,3,False,False,True,False,11,12
2026-01-29,12137,Punjab Mail,NDLS,82.3,1,3,False,False,True,False,12,12
2026-01-29,12621,Tamil Nadu Express,CSMT,14.7,1,3,False,False,True,False,1,9
2026-01-29,12621,Tamil Nadu Express,KYN,17.9,1,3,False,False,True,False,2,9
2026-01-29,12621,Tamil Nadu Express,MMR,30.9,1,3,False,False,True,False,3,9
2026-01-29,12621,Tamil Nadu Express,BSL,37.5,1,3,False,False,True,False,4,9
2026-01-29,12621,Tamil Nadu Express,ET,44.5,1,3,False,False,True,False,5,9
2026-01-29,12621,Tamil Nadu Express,BPL,58.0,1,3,False,False,True,False,6,9
2026-01-29,12621,Tamil Nadu Express,JHS,80.6,1,3,False,False,True,False,7,9
2026-01-29,12621,Tamil Nadu Express,AGC,84.3,1,3,False,False,True,False,8,9
2026-01-29,12621,Tamil Nadu Express,NDLS,82.7,1,3,False,False,True,False,9,9
2026-01-29,12261,Mumbai Duronto Central,CSMT,0.0,1,3,False,False,True,False,1,2
2026-01-29,12261,Mumbai Duronto Central,NDLS,3.5,1,3,False,False,True,False,2,2
2026-01-29,12187,Mumbai Garib Rath,CSMT,7.8,1,3,False,False,True,False,1,7
2026-01-29,12187,Mumbai Garib Rath,KYN,0.3,1,3,False,False,True,False,2,7
2026-01-29,12187,Mumbai Garib Rath,BSL,5.7,1,3,False,False,True,False,3,7
2026-01-29,12187,Mumbai Garib Rath,BPL,9.9,1,3,False,False,True,False,4,7
2026-01-29,12187,Mumbai Garib Rath,JHS,8.9,1,3,False,False,True,False,5,7
2026-01-29,12187,Mumbai Garib Rath,GWL,3.9,1,3,False,False,True,False,6,7
2026-01-29,12187,Mumbai Garib Rath,NDLS,15.8,1,3,False,False,True,False,7,7
2026-01-28,12951,Mumbai Rajdhani,MMCT,0.0,1,2,False,False,True,False,1,5
2026-01-28,12951,Mumbai Rajdhani,BRC,2.1,1,2,False,False,True,False,2,5
2026-01-28,12951,Mumbai Rajdhani,KOTA,8.1,1,2,False,False,True,False,3,5
2026-01-28,12951,Mumbai Rajdhani,SWM,3.1,1,2,False,False,True,False,4,5
2026-01-28,12951,Mumbai Rajdhani,NDLS,17.2,1,2,False,False,True,False,5,5
2026-01-28,12953,August Kranti Rajdhani,MMCT,0.0,1,2,False,False,True,False,1,6
2026-01-28,12953,August Kranti Rajdhani,ST,0.0,1,2,False,False,True,False,2,6
2026-01-28,12953,August Kranti Rajdhani,BRC,14.7,1,2,False,False,True,False,3,6
2026-01-28,12953,August Kranti Rajdhani,RTM,28.1,1,2,False,False,True,False,4,6
2026-01-28,12953,August Kranti Rajdhani,KOTA,34.9,1,2,False,False,True,False,5,6
2026-01-28,12953,August Kranti Rajdhani,NDLS,38.0,1,2,False,False,True,False,6,6
2026-01-28,12267,Mumbai Duronto,MMCT,0.0,1,2,False,False,True,False,1,2
2026-01-28,12267,Mumbai Duronto,NDLS,9.6,1,2,False,False,True,False,2,2
2026-01-28,12903,Golden Temple Mail,MMCT,1.6,1,2,False,False,True,False,1,10
2026-01-28,12903,Golden Temple Mail,BVI,8.5,1,2,False,False,True,False,2,10
2026-01-28,12903,Golden Temple Mail,BL,3.5,1,2,False,False,True,False,3,10
2026-01-28,12903,Golden Temple Mail,ST,5.2,1,2,False,False,True,False,4,10
2026-01-28,12903,Golden Temple Mail,BRC,20.3,1,2,False,False,True,False,5,10
2026-01-28,12903,Golden Temple Mail,RTM,20.2,1,2,False,False,True,False,6,10
2026-01-28,12903,Golden Temple Mail,KOTA,22.5,1,2,False,False,True,False,7,10
2026-01-28,12903,Golden Temple Mail,SWM,17.5,1,2,False,False,True,False,8,10
2026-01-28,12903,Golden Temple Mail,MTJ,19.5,1,2,False,False,True,False,9,10
2026-01-28,12903,Golden Temple Mail,NDLS,32.8,1,2,False,False,True,False,10,10
2026-01-28,12925,Paschim Express,MMCT,4.5,1,2,False,False,True,False,1,9
2026-01-28,12925,Paschim Express,BVI,0.0,1,2,False,False,True,False,2,9
2026-01-28,12925,Paschim Express,ST,0.2,1,2,False,False,True,False,3,9
2026-01-28,12925,Paschim Express,BRC,8.0,1,2,False,False,True,False,4,9
2026-01-28,12925,Paschim Express,RTM,19.2,1,2,False,False,True,False,5,9
2026-01-28,12925,Paschim Express,KOTA,57.0,1,2,False,False,True,False,6,9
2026-01-28,12925,Paschim Express,SWM,59.6,1,2,False,False,True,False,7,9
2026-01-28,12925,Paschim Express,MTJ,73.8,1,2,False,False,True,False,8,9
2026-01-28,12925,Paschim Express,NDLS,97.3,1,2,False,False,True,False,9,9
2026-01-28,12909,Garib Rath,MMCT,5.2,1,2,False,False,True,False,1,6
2026-01-28,12909,Garib Rath,BVI,8.7,1,2,False,False,True,False,2,6
2026-01-28,12909,Garib Rath,ST,6.9,1,2,False,False,True,False,3,6
2026-01-28,12909,Garib Rath,BRC,11.3,1,2,False,False,True,False,4,6
2026-01-28,12909,Garib Rath,KOTA,7.8,1,2,False,False,True,False,5,6
2026-01-28,12909,Garib Rath,NDLS,6.1,1,2,False,False,True,False,6,6
2026-01-28,12137,Punjab Mail,CSMT,5.8,1,2,False,False,True,False,1,12
2026-01-28,12137,Punjab Mail,KYN,0.0,1,2,False,False,True,False,2,12
2026-01-28,12137,Punjab Mail,NMD,2.9,1,2,False,False,True,False,3,12
2026-01-28,12137,Punjab Mail,MMR,19.2,1,2,False,False,True,False,4,12
2026-01-28,12137,Punjab Mail,BSL,15.3,1,2,False,False,True,False,5,12
2026-01-28,12137,Punjab Mail,ET,21.6,1,2,False,False,True,False,6,12
2026-01-28,12137,Punjab Mail,BPL,16.6,1,2,False,False,True,False,7,12
2026-01-28,12137,Punjab Mail,JHS,23.3,1,2,False,False,True,False,8,12
2026-01-28,12137,Punjab Mail,GWL,30.5,1,2,False,False,True,False,9,12
2026-01-28,12137,Punjab Mail,AGC,37.9,1,2,False,False,True,False,10,12
2026-01-28,12137,Punjab Mail,MTJ,35.3,1,2,False,False,True,False,11,12
2026-01-28,12137,Punjab Mail,NDLS,40.5,1,2,False,False,True,False,12,12
2026-01-28,12621,Tamil Nadu Express,CSMT,9.8,1,2,False,False,True,False,1,9
2026-01-28,12621,Tamil Nadu Express,KYN,8.5,1,2,False,False,True,False,2,9
2026-01-28,12621,Tamil Nadu Express,MMR,19.2,1,2,False,False,True,False,3,9
2026-01-28,12621,Tamil Nadu Express,BSL,20.3,1,2,False,False,True,False,4,9
2026-01-28,12621,Tamil Nadu Express,ET,31.2,1,2,False,False,True,False,5,9
2026-01-28,12621,Tamil Nadu Express,BPL,48.6,1,2,False,False,True,False,6,9
2026-01-28,12621,Tamil Nadu Express,JHS,62.3,1,2,False,False,True,False,7,9
2026-01-28,12621,Tamil Nadu Express,AGC,68.8,1,2,False,False,True,False,8,9
2026-01-28,12621,Tamil Nadu Express,NDLS,69.3,1,2,False,False,True,False,9,9
2026-01-28,12261,Mumbai Duronto Central,CSMT,0.0,1,2,False,False,True,False,1,2
2026-01-28,12261,Mumbai Duronto Central,NDLS,0.3,1,2,False,False,True,False,2,2
2026-01-28,12187,Mumbai Garib Rath,CSMT,5.2,1,2,False,False,True,False,1,7
2026-01-28,12187,Mumbai Garib Rath,KYN,4.2,1,2,False,False,True,False,2,7
2026-01-28,12187,Mumbai Garib Rath,BSL,1.9,1,2,False,False,True,False,3,7
2026-01-28,12187,Mumbai Garib Rath,BPL,12.1,1,2,False,False,True,False,4,7
2026-01-28,12187,Mumbai Garib Rath,JHS,25.6,1,2,False,False,True,False,5,7
2026-01-28,12187,Mumbai Garib Rath,GWL,24.2,1,2,False,False,True,False,6,7
2026-01-28,12187,Mumbai Garib Rath,NDLS,32.0,1,2,False,False,True,False,7,7
2026-01-27,12951,Mumbai Rajdhani,MMCT,0.0,1,1,False,False,True,False,1,5
2026-01-27,12951,Mumbai Rajdhani,BRC,15.2,1,1,False,False,True,False,2,5
2026-01-27,12951,Mumbai Rajdhani,KOTA,17.3,1,1,False,False,True,False,3,5
2026-01-27,12951,Mumbai Rajdhani,SWM,24.4,1,1,False,False,True,False,4,5
2026-01-27,12951,Mumbai Rajdhani,NDLS,38.3,1,1,False,False,True,False,5,5
2026-01-27,12953,August Kranti Rajdhani,MMCT,1.8,1,1,False,False,True,False,1,6
2026-01-27,12953,August Kranti Rajdhani,ST,2.6,1,1,False,False,True,False,2,6
2026-01-27,12953,August Kranti Rajdhani,BRC,4.4,1,1,False,False,True,False,3,6
2026-01-27,12953,August Kranti Rajdhani,RTM,11.8,1,1,False,False,True,False,4,6
2026-01-27,12953,August Kranti Rajdhani,KOTA,33.0,1,1,False,False,True,False,5,6
2026-01-27,12953,August Kranti Rajdhani,NDLS,34.3,1,1,False,False,True,False,6,6
2026-01-27,12267,Mumbai Duronto,MMCT,2.2,1,1,False,False,True,False,1,2
2026-01-27,12267,Mumbai Duronto,NDLS,4.1,1,1,False,False,True,False,2,2
2026-01-27,12903,Golden Temple Mail,MMCT,6.7,1,1,False,False,True,False,1,10
2026-01-27,12903,Golden Temple Mail,BVI,0.9,1,1,False,False,True,False,2,10
2026-01-27,12903,Golden Temple Mail,BL,9.2,1,1,False,False,True,False,3,10
2026-01-27,12903,Golden Temple Mail,ST,11.7,1,1,False,False,True,False,4,10
2026-01-27,12903,Golden Temple Mail,BRC,35.5,1,1,False,False,True,False,5,10
2026-01-27,12903,Golden Temple Mail,RTM,59.4,1,1,False,False,True,False,6,10
2026-01-27,12903,Golden Temple Mail,KOTA,73.8,1,1,False,False,True,False,7,10
2026-01-27,12903,Golden Temple Mail,SWM,85.6,1,1,False,False,True,False,8,10
2026-01-27,12903,Golden Temple Mail,MTJ,82.7,1,1,False,False,True,False,9,10
2026-01-27,12903,Golden Temple Mail,NDLS,109.6,1,1,False,False,True,False,10,10
2026-01-27,12925,Paschim Express,MMCT,8.0,1,1,False,False,True,False,1,9
2026-01-27,12925,Paschim Express,BVI,6.7,1,1,False,False,True,False,2,9
2026-01-27,12925,Paschim Express,ST,11.2,1,1,False,False,True,False,3,9
2026-01-27,12925,Paschim Express,BRC,30.6,1,1,False,False,True,False,4,9
2026-01-27,12925,Paschim Express,RTM,35.7,1,1,False,False,True,False,5,9
2026-01-27,12925,Paschim Express,KOTA,48.0,1,1,False,False,True,False,6,9
2026-01-27,12925,Paschim Express,SWM,50.6,1,1,False,False,True,False,7,9
2026-01-27,12925,Paschim Express,MTJ,52.0,1,1,False,False,True,False,8,9
2026-01-27,12925,Paschim Express,NDLS,59.5,1,1,False,False,True,False,9,9
2026-01-27,12909,Garib Rath,MMCT,12.0,1,1,False,False,True,False,1,6
2026-01-27,12909,Garib Rath,BVI,12.2,1,1,False,False,True,False,2,6
2026-01-27,12909,Garib Rath,ST,28.1,1,1,False,False,True,False,3,6
2026-01-27,12909,Garib Rath,BRC,33.2,1,1,False,False,True,False,4,6
2026-01-27,12909,Garib Rath,KOTA,55.5,1,1,False,False,True,False,5,6
2026-01-27,12909,Garib Rath,NDLS,65.4,1,1,False,False,True,False,6,6
2026-01-27,12137,Punjab Mail,CSMT,10.1,1,1,False,False,True,False,1,12
2026-01-27,12137,Punjab Mail,KYN,4.8,1,1,False,False,True,False,2,12
2026-01-27,12137,Punjab Mail,NMD,22.7,1,1,False,False,True,False,3,12
2026-01-27,12137,Punjab Mail,MMR,28.2,1,1,False,False,True,False,4,12
2026-01-27,12137,Punjab Mail,BSL,38.5,1,1,False,False,True,False,5,12
2026-01-27,12137,Punjab Mail,ET,43.3,1,1,False,False,True,False,6,12
2026-01-27,12137,Punjab Mail,BPL,43.1,1,1,False,False,True,False,7,12
2026-01-27,12137,Punjab Mail,JHS,50.1,1,1,False,False,True,False,8,12
2026-01-27,12137,Punjab Mail,GWL,75.8,1,1,False,False,True,False,9,12
2026-01-27,12137,Punjab Mail,AGC,82.4,1,1,False,False,True,False,10,12
2026-01-27,12137,Punjab Mail,MTJ,79.7,1,1,False,False,True,False,11,12
2026-01-27,12137,Punjab Mail,NDLS,94.6,1,1,False,False,True,False,12,12
2026-01-27,12621,Tamil Nadu Express,CSMT,5.4,1,1,False,False,True,False,1,9
2026-01-27,12621,Tamil Nadu Express,KYN,19.7,1,1,False,False,True,False,2,9
2026-01-27,12621,Tamil Nadu Express,MMR,29.0,1,1,False,False,True,False,3,9
2026-01-27,12621,Tamil Nadu Express,BSL,25.2,1,1,False,False,True,False,4,9
2026-01-27,12621,Tamil Nadu Express,ET,21.6,1,1,False,False,True,False,5,9
2026-01-27,12621,Tamil Nadu Express,BPL,20.9,1,1,False,False,True,False,6,9
2026-01-27,12621,Tamil Nadu Express,JHS,42.2,1,1,False,False,True,False,7,9
2026-01-27,12621,Tamil Nadu Express,AGC,54.5,1,1,False,False,True,False,8,9
2026-01-27,12621,Tamil Nadu Express,NDLS,52.1,1,1,False,False,True,False,9,9
2026-01-27,12261,Mumbai Duronto Central,CSMT,22.9,1,1,False,False,True,False,1,2
2026-01-27,12261,Mumbai Duronto Central,NDLS,11.6,1,1,False,False,True,False,2,2
2026-01-27,12187,Mumbai Garib Rath,CSMT,18.8,1,1,False,False,True,False,1,7
2026-01-27,12187,Mumbai Garib Rath,KYN,9.5,1,1,False,False,True,False,2,7
2026-01-27,12187,Mumbai Garib Rath,BSL,40.8,1,1,False,False,True,False,3,7
2026-01-27,12187,Mumbai Garib Rath,BPL,49.7,1,1,False,False,True,False,4,7
2026-01-27,12187,Mumbai Garib Rath,JHS,54.6,1,1,False,False,True,False,5,7
2026-01-27,12187,Mumbai Garib Rath,GWL,49.6,1,1,False,False,True,False,6,7
2026-01-27,12187,Mumbai Garib Rath,NDLS,49.9,1,1,False,False,True,False,7,7
2026-01-26,12951,Mumbai Rajdhani,MMCT,7.4,1,0,False,False,True,False,1,5
2026-01-26,12951,Mumbai Rajdhani,BRC,6.1,1,0,False,False,True,False,2,5
2026-01-26,12951,Mumbai Rajdhani,KOTA,22.8,1,0,False,False,True,False,3,5
2026-01-26,12951,Mumbai Rajdhani,SWM,21.8,1,0,False,False,True,False,4,5
2026-01-26,12951,Mumbai Rajdhani,NDLS,45.3,1,0,False,False,True,False,5,5
2026-01-26,12953,August Kranti Rajdhani,MMCT,9.4,1,0,False,False,True,False,1,6
2026-01-26,12953,August Kranti Rajdhani,ST,0.0,1,0,False,False,True,False,2,6
2026-01-26,12953,August Kranti Rajdhani,BRC,5.0,1,0,False,False,True,False,3,6
2026-01-26,12953,August Kranti Rajdhani,RTM,29.9,1,0,False,False,True,False,4,6
2026-01-26,12953,August Kranti Rajdhani,KOTA,34.5,1,0,False,False,True,False,5,6
2026-01-26,12953,August Kranti Rajdhani,NDLS,42.3,1,0,False,False,True,False,6,6
2026-01-26,12267,Mumbai Duronto,MMCT,0.0,1,0,False,False,True,False,1,2
2026-01-26,12267,Mumbai Duronto,NDLS,3.6,1,0,False,False,True,False,2,2
2026-01-26,12903,Golden Temple Mail,MMCT,0.0,1,0,False,False,True,False,1,10
2026-01-26,12903,Golden Temple Mail,BVI,9.6,1,0,False,False,True,False,2,10
2026-01-26,12903,Golden Temple Mail,BL,15.1,1,0,False,False,True,False,3,10
2026-01-26,12903,Golden Temple Mail,ST,15.1,1,0,False,False,True,False,4,10
2026-01-26,12903,Golden Temple Mail,BRC,25.5,1,0,False,False,True,False,5,10
2026-01-26,12903,Golden Temple Mail,RTM,34.1,1,0,False,False,True,False,6,10
2026-01-26,12903,Golden Temple Mail,KOTA,39.1,1,0,False,False,True,False,7,10
2026-01-26,12903,Golden Temple Mail,SWM,39.3,1,0,False,False,True,False,8,10
2026-01-26,12903,Golden Temple Mail,MTJ,51.4,1,0,False,False,True,False,9,10
2026-01-26,12903,Golden Temple Mail,NDLS,58.7,1,0,False,False,True,False,10,10
2026-01-26,12925,Paschim Express,MMCT,4.4,1,0,False,False,True,False,1,9
2026-01-26,12925,Paschim Express,BVI,5.5,1,0,False,False,True,False,2,9
2026-01-26,12925,Paschim Express,ST,13.1,1,0,False,False,True,False,3,9
2026-01-26,12925,Paschim Express,BRC,15.8,1,0,False,False,True,False,4,9
2026-01-26,12925,Paschim Express,RTM,25.5,1,0,False,False,True,False,5,9
2026-01-26,12925,Paschim Express,KOTA,29.2,1,0,False,False,True,False,6,9
2026-01-26,12925,Paschim Express,SWM,41.6,1,0,False,False,True,False,7,9
2026-01-26,12925,Paschim Express,MTJ,59.2,1,0,False,False,True,False,8,9
2026-01-26,12925,Paschim Express,NDLS,69.0,1,0,False,False,True,False,9,9
2026-01-26,12909,Garib Rath,MMCT,3.9,1,0,False,False,True,False,1,6
2026-01-26,12909,Garib Rath,BVI,6.2,1,0,False,False,True,False,2,6
2026-01-26,12909,Garib Rath,ST,1.2,1,0,False,False,True,False,3,6
2026-01-26,12909,Garib Rath,BRC,7.5,1,0,False,False,True,False,4,6
2026-01-26,12909,Garib Rath,KOTA,36.9,1,0,False,False,True,False,5,6
2026-01-26,12909,Garib Rath,NDLS,63.2,1,0,False,False,True,False,6,6
2026-01-26,12137,Punjab Mail,CSMT,0.0,1,0,False,False,True,False,1,12
2026-01-26,12137,Punjab Mail,KYN,6.9,1,0,False,False,True,False,2,12
2026-01-26,12137,Punjab Mail,NMD,10.7,1,0,False,False,True,False,3,12
2026-01-26,12137,Punjab Mail,MMR,8.3,1,0,False,False,True,False,4,12
2026-01-26,12137,Punjab Mail,BSL,9.2,1,0,False,False,True,False,5,12
2026-01-26,12137,Punjab Mail,ET,12.5,1,0,False,False,True,False,6,12
2026-01-26,12137,Punjab Mail,BPL,7.5,1,0,False,False,True,False,7,12
2026-01-26,12137,Punjab Mail,JHS,21.9,1,0,False,False,True,False,8,12
2026-01-26,12137,Punjab Mail,GWL,27.8,1,0,False,False,True,False,9,12
2026-01-26,12137,Punjab Mail,AGC,37.5,1,0,False,False,True,False,10,12
2026-01-26,12137,Punjab Mail,MTJ,59.0,1,0,False,False,True,False,11,12
2026-01-26,12137,Punjab Mail,NDLS,74.0,1,0,False,False,True,False,12,12
2026-01-26,12621,Tamil Nadu Express,CSMT,19.7,1,0,False,False,True,False,1,9
2026-01-26,12621,Tamil Nadu Express,KYN,2.2,1,0,False,False,True,False,2,9
2026-01-26,12621,Tamil Nadu Express,MMR,12.9,1,0,False,False,True,False,3,9
2026-01-26,12621,Tamil Nadu Express,BSL,42.9,1,0,False,False,True,False,4,9
2026-01-26,12621,Tamil Nadu Express,ET,67.3,1,0,False,False,True,False,5,9
2026-01-26,12621,Tamil Nadu Express,BPL,65.8,1,0,False,False,True,False,6,9
2026-01-26,12621,Tamil Nadu Express,JHS,71.9,1,0,False,False,True,False,7,9
2026-01-26,12621,Tamil Nadu Express,AGC,66.9,1,0,False,False,True,False,8,9
2026-01-26,12621,Tamil Nadu Express,NDLS,66.5,1,0,False,False,True,False,9,9
2026-01-26,12261,Mumbai Duronto Central,CSMT,5.9,1,0,False,False,True,False,1,2
2026-01-26,12261,Mumbai Duronto Central,NDLS,0.0,1,0,False,False,True,False,2,2
2026-01-26,12187,Mumbai Garib Rath,CSMT,0.0,1,0,False,False,True,False,1,7
2026-01-26,12187,Mumbai Garib Rath,KYN,0.0,1,0,False,False,True,False,2,7
2026-01-26,12187,Mumbai Garib Rath,BSL,9.0,1,0,False,False,True,False,3,7
2026-01-26,12187,Mumbai Garib Rath,BPL,11.0,1,0,False,False,True,False,4,7
2026-01-26,12187,Mumbai Garib Rath,JHS,22.3,1,0,False,False,True,False,5,7
2026-01-26,12187,Mumbai Garib Rath,GWL,20.4,1,0,False,False,True,False,6,7
2026-01-26,12187,Mumbai Garib Rath,NDLS,30.0,1,0,False,False,True,False,7,7
2026-01-25,12951,Mumbai Rajdhani,MMCT,0.0,1,6,True,False,True,False,1,5
2026-01-25,12951,Mumbai Rajdhani,BRC,12.9,1,6,True,False,True,False,2,5
2026-01-25,12951,Mumbai Rajdhani,KOTA,13.7,1,6,True,False,True,False,3,5
2026-01-25,12951,Mumbai Rajdhani,SWM,12.4,1,6,True,False,True,False,4,5
2026-01-25,12951,Mumbai Rajdhani,NDLS,11.3,1,6,True,False,True,False,5,5
2026-01-25,12953,August Kranti Rajdhani,MMCT,15.7,1,6,True,False,True,False,1,6
2026-01-25,12953,August Kranti Rajdhani,ST,3.1,1,6,True,False,True,False,2,6
2026-01-25,12953,August Kranti Rajdhani,BRC,27.3,1,6,True,False,True,False,3,6
2026-01-25,12953,August Kranti Rajdhani,RTM,54.2,1,6,True,False,True,False,4,6
2026-01-25,12953,August Kranti Rajdhani,KOTA,61.7,1,6,True,False,True,False,5,6
2026-01-25,12953,August Kranti Rajdhani,NDLS,72.8,1,6,True,False,True,False,6,6
2026-01-25,12267,Mumbai Duronto,MMCT,11.1,1,6,True,False,True,False,1,2
2026-01-25,12267,Mumbai Duronto,NDLS,4.5,1,6,True,False,True,False,2,2
2026-01-25,12903,Golden Temple Mail,MMCT,23.7,1,6,True,False,True,False,1,10
2026-01-25,12903,Golden Temple Mail,BVI,8.0,1,6,True,False,True,False,2,10
2026-01-25,12903,Golden Temple Mail,BL,18.7,1,6,True,False,True,False,3,10
2026-01-25,12903,Golden Temple Mail,ST,20.2,1,6,True,False,True,False,4,10
2026-01-25,12903,Golden Temple Mail,BRC,34.0,1,6,True,False,True,False,5,10
2026-01-25,12903,Golden Temple Mail,RTM,51.4,1,6,True,False,True,False,6,10
2026-01-25,12903,Golden Temple Mail,KOTA,46.5,1,6,True,False,True,False,7,10
2026-01-25,12903,Golden Temple Mail,SWM,63.6,1,6,True,False,True,False,8,10
2026-01-25,12903,Golden Temple Mail,MTJ,84.5,1,6,True,False,True,False,9,10
2026-01-25,12903,Golden Temple Mail,NDLS,91.7,1,6,True,False,True,False,10,10
2026-01-25,12925,Paschim Express,MMCT,0.0,1,6,True,False,True,False,1,9
2026-01-25,12925,Paschim Express,BVI,7.4,1,6,True,False,True,False,2,9
2026-01-25,12925,Paschim Express,ST,22.4,1,6,True,False,True,False,3,9
2026-01-25,12925,Paschim Express,BRC,35.4,1,6,True,False,True,False,4,9
2026-01-25,12925,Paschim Express,RTM,30.8,1,6,True,False,True,False,5,9
2026-01-25,12925,Paschim Express,KOTA,36.6,1,6,True,False,True,False,6,9
2026-01-25,12925,Paschim Express,SWM,39.0,1,6,True,False,True,False,7,9
2026-01-25,12925,Paschim Express,MTJ,58.6,1,6,True,False,True,False,8,9
2026-01-25,12925,Paschim Express,NDLS,67.8,1,6,True,False,True,False,9,9
2026-01-25,12909,Garib Rath,MMCT,1.1,1,6,True,False,True,False,1,6
2026-01-25,12909,Garib Rath,BVI,19.9,1,6,True,False,True,False,2,6
2026-01-25,12909,Garib Rath,ST,20.9,1,6,True,False,True,False,3,6
2026-01-25,12909,Garib Rath,BRC,37.0,1,6,True,False,True,False,4,6
2026-01-25,12909,Garib Rath,KOTA,55.0,1,6,True,False,True,False,5,6
2026-01-25,12909,Garib Rath,NDLS,56.7,1,6,True,False,True,False,6,6
2026-01-25,12137,Punjab Mail,CSMT,1.5,1,6,True,False,True,False,1,12
2026-01-25,12137,Punjab Mail,KYN,10.4,1,6,True,False,True,False,2,12
2026-01-25,12137,Punjab Mail,NMD,5.4,1,6,True,False,True,False,3,12
2026-01-25,12137,Punjab Mail,MMR,23.8,1,6,True,False,True,False,4,12
2026-01-25,12137,Punjab Mail,BSL,19.5,1,6,True,False,True,False,5,12
2026-01-25,12137,Punjab Mail,ET,24.3,1,6,True,False,True,False,6,12
2026-01-25,12137,Punjab Mail,BPL,23.2,1,6,True,False,True,False,7,12
2026-01-25,12137,Punjab Mail,JHS,37.0,1,6,True,False,True,False,8,12
2026-01-25,12137,Punjab Mail,GWL,32.0,1,6,True,False,True,False,9,12
2026-01-25,12137,Punjab Mail,AGC,38.9,1,6,True,False,True,False,10,12
2026-01-25,12137,Punjab Mail,MTJ,36.2,1,6,True,False,True,False,11,12
2026-01-25,12137,Punjab Mail,NDLS,45.2,1,6,True,False,True,False,12,12
2026-01-25,12621,Tamil Nadu Express,CSMT,5.2,1,6,True,False,True,False,1,9
2026-01-25,12621,Tamil Nadu Express,KYN,0.0,1,6,True,False,True,False,2,9
2026-01-25,12621,Tamil Nadu Express,MMR,8.4,1,6,True,False,True,False,3,9
2026-01-25,12621,Tamil Nadu Express,BSL,21.3,1,6,True,False,True,False,4,9
2026-01-25,12621,Tamil Nadu Express,ET,42.0,1,6,True,False,True,False,5,9
2026-01-25,12621,Tamil Nadu Express,BPL,49.7,1,6,True,False,True,False,6,9
2026-01-25,12621,Tamil Nadu Express,JHS,60.2,1,6,True,False,True,False,7,9
2026-01-25,12621,Tamil Nadu Express,AGC,56.9,1,6,True,False,True,False,8,9
2026-01-25,12621,Tamil Nadu Express,NDLS,63.7,1,6,True,False,True,False,9,9
2026-01-25,12261,Mumbai Duronto Central,CSMT,9.7,1,6,True,False,True,False,1,2
2026-01-25,12261,Mumbai Duronto Central,NDLS,22.4,1,6,True,False,True,False,2,2
2026-01-25,12187,Mumbai Garib Rath,CSMT,3.3,1,6,True,False,True,False,1,7
2026-01-25,12187,Mumbai Garib Rath,KYN,9.1,1,6,True,False,True,False,2,7
2026-01-25,12187,Mumbai Garib Rath,BSL,15.4,1,6,True,False,True,False,3,7
2026-01-25,12187,Mumbai Garib Rath,BPL,24.4,1,6,True,False,True,False,4,7
2026-01-25,12187,Mumbai Garib Rath,JHS,30.7,1,6,True,False,True,False,5,7
2026-01-25,12187,Mumbai Garib Rath,GWL,29.9,1,6,True,False,True,False,6,7
2026-01-25,12187,Mumbai Garib Rath,NDLS,39.8,1,6,True,False,True,False,7,7
2026-01-24,12951,Mumbai Rajdhani,MMCT,0.0,1,5,True,False,True,False,1,5
2026-01-24,12951,Mumbai Rajdhani,BRC,0.0,1,5,True,False,True,False,2,5
2026-01-24,12951,Mumbai Rajdhani,KOTA,8.2,1,5,True,False,True,False,3,5
2026-01-24,12951,Mumbai Rajdhani,SWM,3.2,1,5,True,False,True,False,4,5
2026-01-24,12951,Mumbai Rajdhani,NDLS,24.8,1,5,True,False,True,False,5,5
2026-01-24,12953,August Kranti Rajdhani,MMCT,0.0,1,5,True,False,True,False,1,6
2026-01-24,12953,August Kranti Rajdhani,ST,0.0,1,5,True,False,True,False,2,6
2026-01-24,12953,August Kranti Rajdhani,BRC,6.2,1,5,True,False,True,False,3,6
2026-01-24,12953,August Kranti Rajdhani,RTM,18.2,1,5,True,False,True,False,4,6
2026-01-24,12953,August Kranti Rajdhani,KOTA,15.9,1,5,True,False,True,False,5,6
2026-01-24,12953,August Kranti Rajdhani,NDLS,14.9,1,5,True,False,True,False,6,6
2026-01-24,12267,Mumbai Duronto,MMCT,8.3,1,5,True,False,True,False,1,2
2026-01-24,12267,Mumbai Duronto,NDLS,8.3,1,5,True,False,True,False,2,2
2026-01-24,12903,Golden Temple Mail,MMCT,4.2,1,5,True,False,True,False,1,10
2026-01-24,12903,Golden Temple Mail,BVI,0.0,1,5,True,False,True,False,2,10
2026-01-24,12903,Golden Temple Mail,BL,0.0,1,5,True,False,True,False,3,10
2026-01-24,12903,Golden Temple Mail,ST,8.5,1,5,True,False,True,False,4,10
2026-01-24,12903,Golden Temple Mail,BRC,11.6,1,5,True,False,True,False,5,10
2026-01-24,12903,Golden Temple Mail,RTM,33.0,1,5,True,False,True,False,6,10
2026-01-24,12903,Golden Temple Mail,KOTA,41.6,1,5,True,False,True,False,7,10
2026-01-24,12903,Golden Temple Mail,SWM,39.8,1,5,True,False,True,False,8,10
2026-01-24,12903,Golden Temple Mail,MTJ,54.4,1,5,True,False,True,False,9,10
2026-01-24,12903,Golden Temple Mail,NDLS,53.7,1,5,True,False,True,False,10,10
2026-01-24,12925,Paschim Express,MMCT,12.4,1,5,True,False,True,False,1,9
2026-01-24,12925,Paschim Express,BVI,8.8,1,5,True,False,True,False,2,9
2026-01-24,12925,Paschim Express,ST,17.6,1,5,True,False,True,False,3,9
2026-01-24,12925,Paschim Express,BRC,35.1,1,5,True,False,True,False,4,9
2026-01-24,12925,Paschim Express,RTM,39.9,1,5,True,False,True,False,5,9
2026-01-24,12925,Paschim Express,KOTA,38.9,1,5,True,False,True,False,6,9
2026-01-24,12925,Paschim Express,SWM,40.3,1,5,True,False,True,False,7,9
2026-01-24,12925,Paschim Express,MTJ,44.3,1,5,True,False,True,False,8,9
2026-01-24,12925,Paschim Express,NDLS,39.7,1,5,True,False,True,False,9,9
2026-01-24,12909,Garib Rath,MMCT,5.5,1,5,True,False,True,False,1,6
2026-01-24,12909,Garib Rath,BVI,8.3,1,5,True,False,True,False,2,6
2026-01-24,12909,Garib Rath,ST,11.7,1,5,True,False,True,False,3,6
2026-01-24,12909,Garib Rath,BRC,28.7,1,5,True,False,True,False,4,6
2026-01-24,12909,Garib Rath,KOTA,32.8,1,5,True,False,True,False,5,6
2026-01-24,12909,Garib Rath,NDLS,46.1,1,5,True,False,True,False,6,6
2026-01-24,12137,Punjab Mail,CSMT,20.1,1,5,True,False,True,False,1,12
2026-01-24,12137,Punjab Mail,KYN,12.2,1,5,True,False,True,False,2,12
2026-01-24,12137,Punjab Mail,NMD,7.2,1,5,True,False,True,False,3,12
2026-01-24,12137,Punjab Mail,MMR,13.1,1,5,True,False,True,False,4,12
2026-01-24,12137,Punjab Mail,BSL,16.1,1,5,True,False,True,False,5,12
2026-01-24,12137,Punjab Mail,ET,24.4,1,5,True,False,True,False,6,12
2026-01-24,12137,Punjab Mail,BPL,33.7,1,5,True,False,True,False,7,12
2026-01-24,12137,Punjab Mail,JHS,86.3,1,5,True,False,True,False,8,12
2026-01-24,12137,Punjab Mail,GWL,85.6,1,5,True,False,True,False,9,12
2026-01-24,12137,Punjab Mail,AGC,85.1,1,5,True,False,True,False,10,12
2026-01-24,12137,Punjab Mail,MTJ,91.7,1,5,True,False,True,False,11,12
2026-01-24,12137,Punjab Mail,NDLS,104.5,1,5,True,False,True,False,12,12
2026-01-24,12621,Tamil Nadu Express,CSMT,24.9,1,5,True,False,True,False,1,9
2026-01-24,12621,Tamil Nadu Express,KYN,10.9,1,5,True,False,True,False,2,9
2026-01-24,12621,Tamil Nadu Express,MMR,16.7,1,5,True,False,True,False,3,9
2026-01-24,12621,Tamil Nadu Express,BSL,33.2,1,5,True,False,True,False,4,9
2026-01-24,12621,Tamil Nadu Express,ET,64.6,1,5,True,False,True,False,5,9
2026-01-24,12621,Tamil Nadu Express,BPL,89.4,1,5,True,False,True,False,6,9
2026-01-24,12621,Tamil Nadu Express,JHS,102.8,1,5,True,False,True,False,7,9
2026-01-24,12621,Tamil Nadu Express,AGC,110.2,1,5,True,False,True,False,8,9
2026-01-24,12621,Tamil Nadu Express,NDLS,112.2,1,5,True,False,True,False,9,9
2026-01-24,12261,Mumbai Duronto Central,CSMT,15.3,1,5,True,False,True,False,1,2
2026-01-24,12261,Mumbai Duronto Central,NDLS,14.8,1,5,True,False,True,False,2,2
2026-01-24,12187,Mumbai Garib Rath,CSMT,10.5,1,5,True,False,True,False,1,7
2026-01-24,12187,Mumbai Garib Rath,KYN,0.0,1,5,True,False,True,False,2,7
2026-01-24,12187,Mumbai Garib Rath,BSL,0.0,1,5,True,False,True,False,3,7
2026-01-24,12187,Mumbai Garib Rath,BPL,4.0,1,5,True,False,True,False,4,7
2026-01-24,12187,Mumbai Garib Rath,JHS,9.8,1,5,True,False,True,False,5,7
2026-01-24,12187,Mumbai Garib Rath,GWL,8.6,1,5,True,False,True,False,6,7
2026-01-24,12187,Mumbai Garib Rath,NDLS,13.9,1,5,True,False,True,False,7,7
2026-01-23,12951,Mumbai Rajdhani,MMCT,7.5,1,4,False,False,True,False,1,5
2026-01-23,12951,Mumbai Rajdhani,BRC,4.6,1,4,False,False,True,False,2,5
2026-01-23,12951,Mumbai Rajdhani,KOTA,1.5,1,4,False,False,True,False,3,5
2026-01-23,12951,Mumbai Rajdhani,SWM,0.0,1,4,False,False,True,False,4,5
2026-01-23,12951,Mumbai Rajdhani,NDLS,0.0,1,4,False,False,True,False,5,5
2026-01-23,12953,August Kranti Rajdhani,MMCT,9.1,1,4,False,False,True,False,1,6
2026-01-23,12953,August Kranti Rajdhani,ST,3.5,1,4,False,False,True,False,2,6
2026-01-23,12953,August Kranti Rajdhani,BRC,26.7,1,4,False,False,True,False,3,6
2026-01-23,12953,August Kranti Rajdhani,RTM,37.4,1,4,False,False,True,False,4,6
2026-01-23,12953,August Kranti Rajdhani,KOTA,38.8,1,4,False,False,True,False,5,6
2026-01-23,12953,August Kranti Rajdhani,NDLS,49.7,1,4,False,False,True,False,6,6
2026-01-23,12267,Mumbai Duronto,MMCT,9.0,1,4,False,False,True,False,1,2
2026-01-23,12267,Mumbai Duronto,NDLS,1.9,1,4,False,False,True,False,2,2
2026-01-23,12903,Golden Temple Mail,MMCT,0.0,1,4,False,False,True,False,1,10
2026-01-23,12903,Golden Temple Mail,BVI,0.0,1,4,False,False,True,False,2,10
2026-01-23,12903,Golden Temple Mail,BL,0.0,1,4,False,False,True,False,3,10
2026-01-23,12903,Golden Temple Mail,ST,9.6,1,4,False,False,True,False,4,10
2026-01-23,12903,Golden Temple Mail,BRC,6.2,1,4,False,False,True,False,5,10
2026-01-23,12903,Golden Temple Mail,RTM,9.3,1,4,False,False,True,False,6,10
2026-01-23,12903,Golden Temple Mail,KOTA,28.0,1,4,False,False,True,False,7,10
2026-01-23,12903,Golden Temple Mail,SWM,23.0,1,4,False,False,True,False,8,10
2026-01-23,12903,Golden Temple Mail,MTJ,28.8,1,4,False,False,True,False,9,10
2026-01-23,12903,Golden Temple Mail,NDLS,47.9,1,4,False,False,True,False,10,10
2026-01-23,12925,Paschim Express,MMCT,0.0,1,4,False,False,True,False,1,9
2026-01-23,12925,Paschim Express,BVI,4.7,1,4,False,False,True,False,2,9
2026-01-23,12925,Paschim Express,ST,15.8,1,4,False,False,True,False,3,9
2026-01-23,12925,Paschim Express,BRC,11.9,1,4,False,False,True,False,4,9
2026-01-23,12925,Paschim Express,RTM,18.8,1,4,False,False,True,False,5,9
2026-01-23,12925,Paschim Express,KOTA,28.9,1,4,False,False,True,False,6,9
2026-01-23,12925,Paschim Express,SWM,24.7,1,4,False,False,True,False,7,9
2026-01-23,12925,Paschim Express,MTJ,37.8,1,4,False,False,True,False,8,9
2026-01-23,12925,Paschim Express,NDLS,46.3,1,4,False,False,True,False,9,9
2026-01-23,12909,Garib Rath,MMCT,1.4,1,4,False,False,True,False,1,6
2026-01-23,12909,Garib Rath,BVI,0.0,1,4,False,False,True,False,2,6
2026-01-23,12909,Garib Rath,ST,0.0,1,4,False,False,True,False,3,6
2026-01-23,12909,Garib Rath,BRC,6.3,1,4,False,False,True,False,4,6
2026-01-23,12909,Garib Rath,KOTA,2.6,1,4,False,False,True,False,5,6
2026-01-23,12909,Garib Rath,NDLS,0.0,1,4,False,False,True,False,6,6
2026-01-23,12137,Punjab Mail,CSMT,3.8,1,4,False,False,True,False,1,12
2026-01-23,12137,Punjab Mail,KYN,4.8,1,4,False,False,True,False,2,12
2026-01-23,12137,Punjab Mail,NMD,0.0,1,4,False,False,True,False,3,12
2026-01-23,12137,Punjab Mail,MMR,15.0,1,4,False,False,True,False,4,12
2026-01-23,12137,Punjab Mail,BSL,12.1,1,4,False,False,True,False,5,12
2026-01-23,12137,Punjab Mail,ET,8.1,1,4,False,False,True,False,6,12
2026-01-23,12137,Punjab Mail,BPL,14.3,1,4,False,False,True,False,7,12
2026-01-23,12137,Punjab Mail,JHS,17.5,1,4,False,False,True,False,8,12
2026-01-23,12137,Punjab Mail,GWL,23.1,1,4,False,False,True,False,9,12
2026-01-23,12137,Punjab Mail,AGC,22.1,1,4,False,False,True,False,10,12
2026-01-23,12137,Punjab Mail,MTJ,38.5,1,4,False,False,True,False,11,12
2026-01-23,12137,Punjab Mail,NDLS,50.3,1,4,False,False,True,False,12,12
2026-01-23,12621,Tamil Nadu Express,CSMT,1.7,1,4,False,False,True,False,1,9
2026-01-23,12621,Tamil Nadu Express,KYN,13.5,1,4,False,False,True,False,2,9
2026-01-23,12621,Tamil Nadu Express,MMR,24.4,1,4,False,False,True,False,3,9
2026-01-23,12621,Tamil Nadu Express,BSL,30.3,1,4,False,False,True,False,4,9
2026-01-23,12621,Tamil Nadu Express,ET,46.9,1,4,False,False,True,False,5,9
2026-01-23,12621,Tamil Nadu Express,BPL,45.2,1,4,False,False,True,False,6,9
2026-01-23,12621,Tamil Nadu Express,JHS,67.4,1,4,False,False,True,False,7,9
2026-01-23,12621,Tamil Nadu Express,AGC,67.1,1,4,False,False,True,False,8,9
2026-01-23,12621,Tamil Nadu Express,NDLS,73.0,1,4,False,False,True,False,9,9
2026-01-23,12261,Mumbai Duronto Central,CSMT,7.0,1,4,False,False,True,False,1,2
2026-01-23,12261,Mumbai Duronto Central,NDLS,6.6,1,4,False,False,True,False,2,2
2026-01-23,12187,Mumbai Garib Rath,CSMT,6.4,1,4,False,False,True,False,1,7
2026-01-23,12187,Mumbai Garib Rath,KYN,11.0,1,4,False,False,True,False,2,7
2026-01-23,12187,Mumbai Garib Rath,BSL,17.0,1,4,False,False,True,False,3,7
2026-01-23,12187,Mumbai Garib Rath,BPL,36.6,1,4,False,False,True,False,4,7
2026-01-23,12187,Mumbai Garib Rath,JHS,50.2,1,4,False,False,True,False,5,7
2026-01-23,12187,Mumbai Garib Rath,GWL,54.4,1,4,False,False,True,False,6,7
2026-01-23,12187,Mumbai Garib Rath,NDLS,65.7,1,4,False,False,True,False,7,7
2026-01-22,12951,Mumbai Rajdhani,MMCT,6.0,1,3,False,False,True,False,1,5
2026-01-22,12951,Mumbai Rajdhani,BRC,10.9,1,3,False,False,True,False,2,5
2026-01-22,12951,Mumbai Rajdhani,KOTA,30.2,1,3,False,False,True,False,3,5
2026-01-22,12951,Mumbai Rajdhani,SWM,25.3,1,3,False,False,True,False,4,5
2026-01-22,12951,Mumbai Rajdhani,NDLS,33.8,1,3,False,False,True,False,5,5
2026-01-22,12953,August Kranti Rajdhani,MMCT,0.0,1,3,False,False,True,False,1,6
2026-01-22,12953,August Kranti Rajdhani,ST,13.4,1,3,False,False,True,False,2,6
2026-01-22,12953,August Kranti Rajdhani,BRC,19.8,1,3,False,False,True,False,3,6
2026-01-22,12953,August Kranti Rajdhani,RTM,35.5,1,3,False,False,True,False,4,6
2026-01-22,12953,August Kranti Rajdhani,KOTA,39.5,1,3,False,False,True,False,5,6
2026-01-22,12953,August Kranti Rajdhani,NDLS,39.2,1,3,False,False,True,False,6,6
2026-01-22,12267,Mumbai Duronto,MMCT,7.1,1,3,False,False,True,False,1,2
2026-01-22,12267,Mumbai Duronto,NDLS,0.0,1,3,False,False,True,False,2,2
2026-01-22,12903,Golden Temple Mail,MMCT,16.6,1,3,False,False,True,False,1,10
2026-01-22,12903,Golden Temple Mail,BVI,17.5,1,3,False,False,True,False,2,10
2026-01-22,12903,Golden Temple Mail,BL,29.8,1,3,False,False,True,False,3,10
2026-01-22,12903,Golden Temple Mail,ST,36.7,1,3,False,False,True,False,4,10
2026-01-22,12903,Golden Temple Mail,BRC,48.9,1,3,False,False,True,False,5,10
2026-01-22,12903,Golden Temple Mail,RTM,65.4,1,3,False,False,True,False,6,10
2026-01-22,12903,Golden Temple Mail,KOTA,83.0,1,3,False,False,True,False,7,10
2026-01-22,12903,Golden Temple Mail,SWM,87.3,1,3,False,False,True,False,8,10
2026-01-22,12903,Golden Temple Mail,MTJ,93.7,1,3,False,False,True,False,9,10
2026-01-22,12903,Golden Temple Mail,NDLS,100.1,1,3,False,False,True,False,10,10
2026-01-22,12925,Paschim Express,MMCT,10.7,1,3,False,False,True,False,1,9
2026-01-22,12925,Paschim Express,BVI,4.0,1,3,False,False,True,False,2,9
2026-01-22,12925,Paschim Express,ST,6.3,1,3,False,False,True,False,3,9
2026-01-22,12925,Paschim Express,BRC,20.6,1,3,False,False,True,False,4,9
2026-01-22,12925,Paschim Express,RTM,52.8,1,3,False,False,True,False,5,9
2026-01-22,12925,Paschim Express,KOTA,63.1,1,3,False,False,True,False,6,9
2026-01-22,12925,Paschim Express,SWM,76.7,1,3,False,False,True,False,7,9
2026-01-22,12925,Paschim Express,MTJ,77.2,1,3,False,False,True,False,8,9
2026-01-22,12925,Paschim Express,NDLS,79.3,1,3,False,False,True,False,9,9
2026-01-22,12909,Garib Rath,MMCT,11.4,1,3,False,False,True,False,1,6
2026-01-22,12909,Garib Rath,BVI,2.6,1,3,False,False,True,False,2,6
2026-01-22,12909,Garib Rath,ST,18.8,1,3,False,False,True,False,3,6
2026-01-22,12909,Garib Rath,BRC,19.3,1,3,False,False,True,False,4,6
2026-01-22,12909,Garib Rath,KOTA,23.2,1,3,False,False,True,False,5,6
2026-01-22,12909,Garib Rath,NDLS,37.3,1,3,False,False,True,False,6,6
2026-01-22,12137,Punjab Mail,CSMT,18.2,1,3,False,False,True,False,1,12
2026-01-22,12137,Punjab Mail,KYN,8.2,1,3,False,False,True,False,2,12
2026-01-22,12137,Punjab Mail,NMD,23.6,1,3,False,False,True,False,3,12
2026-01-22,12137,Punjab Mail,MMR,36.6,1,3,False,False,True,False,4,12
2026-01-22,12137,Punjab Mail,BSL,45.6,1,3,False,False,True,False,5,12
2026-01-22,12137,Punjab Mail,ET,56.0,1,3,False,False,True,False,6,12
2026-01-22,12137,Punjab Mail,BPL,65.5,1,3,False,False,True,False,7,12
2026-01-22,12137,Punjab Mail,JHS,86.0,1,3,False,False,True,False,8,12
2026-01-22,12137,Punjab Mail,GWL,91.6,1,3,False,False,True,False,9,12
2026-01-22,12137,Punjab Mail,AGC,103.6,1,3,False,False,True,False,10,12
2026-01-22,12137,Punjab Mail,MTJ,112.9,1,3,False,False,True,False,11,12
2026-01-22,12137,Punjab Mail,NDLS,123.7,1,3,False,False,True,False,12,12
2026-01-22,12621,Tamil Nadu Express,CSMT,11.2,1,3,False,False,True,False,1,9
2026-01-22,12621,Tamil Nadu Express,KYN,0.0,1,3,False,False,True,False,2,9
2026-01-22,12621,Tamil Nadu Express,MMR,0.0,1,3,False,False,True,False,3,9
2026-01-22,12621,Tamil Nadu Express,BSL,5.9,1,3,False,False,True,False,4,9
2026-01-22,12621,Tamil Nadu Express,ET,21.8,1,3,False,False,True,False,5,9
2026-01-22,12621,Tamil Nadu Express,BPL,25.6,1,3,False,False,True,False,6,9
2026-01-22,12621,Tamil Nadu Express,JHS,26.5,1,3,False,False,True,False,7,9
2026-01-22,12621,Tamil Nadu Express,AGC,39.2,1,3,False,False,True,False,8,9
2026-01-22,12621,Tamil Nadu Express,NDLS,51.3,1,3,False,False,True,False,9,9
2026-01-22,12261,Mumbai Duronto Central,CSMT,8.1,1,3,False,False,True,False,1,2
2026-01-22,12261,Mumbai Duronto Central,NDLS,2.7,1,3,False,False,True,False,2,2
2026-01-22,12187,Mumbai Garib Rath,CSMT,5.2,1,3,False,False,True,False,1,7
2026-01-22,12187,Mumbai Garib Rath,KYN,4.7,1,3,False,False,True,False,2,7
2026-01-22,12187,Mumbai Garib Rath,BSL,4.9,1,3,False,False,True,False,3,7
2026-01-22,12187,Mumbai Garib Rath,BPL,7.1,1,3,False,False,True,False,4,7
2026-01-22,12187,Mumbai Garib Rath,JHS,13.7,1,3,False,False,True,False,5,7
2026-01-22,12187,Mumbai Garib Rath,GWL,18.9,1,3,False,False,True,False,6,7
2026-01-22,12187,Mumbai Garib Rath,NDLS,20.3,1,3,False,False,True,False,7,7
2026-01-21,12951,Mumbai Rajdhani,MMCT,0.0,1,2,False,False,True,False,1,5
2026-01-21,12951,Mumbai Rajdhani,BRC,2.9,1,2,False,False,True,False,2,5
2026-01-21,12951,Mumbai Rajdhani,KOTA,10.9,1,2,False,False,True,False,3,5
2026-01-21,12951,Mumbai Rajdhani,SWM,9.9,1,2,False,False,True,False,4,5
2026-01-21,12951,Mumbai Rajdhani,NDLS,23.1,1,2,False,False,True,False,5,5
2026-01-21,12953,August Kranti Rajdhani,MMCT,1.8,1,2,False,False,True,False,1,6
2026-01-21,12953,August Kranti Rajdhani,ST,0.0,1,2,False,False,True,False,2,6
2026-01-21,12953,August Kranti Rajdhani,BRC,9.5,1,2,False,False,True,False,3,6
2026-01-21,12953,August Kranti Rajdhani,RTM,13.2,1,2,False,False,True,False,4,6
2026-01-21,12953,August Kranti Rajdhani,KOTA,9.1,1,2,False,False,True,False,5,6
2026-01-21,12953,August Kranti Rajdhani,NDLS,33.6,1,2,False,False,True,False,6,6
2026-01-21,12267,Mumbai Duronto,MMCT,5.7,1,2,False,False,True,False,1,2
2026-01-21,12267,Mumbai Duronto,NDLS,7.5,1,2,False,False,True,False,2,2
2026-01-21,12903,Golden Temple Mail,MMCT,20.5,1,2,False,False,True,False,1,10
2026-01-21,12903,Golden Temple Mail,BVI,8.1,1,2,False,False,True,False,2,10
2026-01-21,12903,Golden Temple Mail,BL,25.2,1,2,False,False,True,False,3,10
2026-01-21,12903,Golden Temple Mail,ST,47.3,1,2,False,False,True,False,4,10
2026-01-21,12903,Golden Temple Mail,BRC,64.0,1,2,False,False,True,False,5,10
2026-01-21,12903,Golden Temple Mail,RTM,85.4,1,2,False,False,True,False,6,10
2026-01-21,12903,Golden Temple Mail,KOTA,95.4,1,2,False,False,True,False,7,10
2026-01-21,12903,Golden Temple Mail,SWM,112.9,1,2,False,False,True,False,8,10
2026-01-21,12903,Golden Temple Mail,MTJ,117.0,1,2,False,False,True,False,9,10
2026-01-21,12903,Golden Temple Mail,NDLS,148.6,1,2,False,False,True,False,10,10
2026-01-21,12925,Paschim Express,MMCT,0.5,1,2,False,False,True,False,1,9
2026-01-21,12925,Paschim Express,BVI,3.8,1,2,False,False,True,False,2,9
2026-01-21,12925,Paschim Express,ST,16.1,1,2,False,False,True,False,3,9
2026-01-21,12925,Paschim Express,BRC,29.4,1,2,False,False,True,False,4,9
2026-01-21,12925,Paschim Express,RTM,26.8,1,2,False,False,True,False,5,9
2026-01-21,12925,Paschim Express,KOTA,30.2,1,2,False,False,True,False,6,9
2026-01-21,12925,Paschim Express,SWM,35.5,1,2,False,False,True,False,7,9
2026-01-21,12925,Paschim Express,MTJ,40.1,1,2,False,False,True,False,8,9
2026-01-21,12925,Paschim Express,NDLS,37.8,1,2,False,False,True,False,9,9
2026-01-21,12909,Garib Rath,MMCT,1.5,1,2,False,False,True,False,1,6
2026-01-21,12909,Garib Rath,BVI,19.2,1,2,False,False,True,False,2,6
2026-01-21,12909,Garib Rath,ST,33.7,1,2,False,False,True,False,3,6
2026-01-21,12909,Garib Rath,BRC,58.7,1,2,False,False,True,False,4,6
2026-01-21,12909,Garib Rath,KOTA,62.0,1,2,False,False,True,False,5,6
2026-01-21,12909,Garib Rath,NDLS,71.1,1,2,False,False,True,False,6,6
2026-01-21,12137,Punjab Mail,CSMT,0.0,1,2,False,False,True,False,1,12
2026-01-21,12137,Punjab Mail,KYN,1.5,1,2,False,False,True,False,2,12
2026-01-21,12137,Punjab Mail,NMD,0.0,1,2,False,False,True,False,3,12
2026-01-21,12137,Punjab Mail,MMR,0.0,1,2,False,False,True,False,4,12
2026-01-21,12137,Punjab Mail,BSL,13.7,1,2,False,False,True,False,5,12
2026-01-21,12137,Punjab Mail,ET,11.3,1,2,False,False,True,False,6,12
2026-01-21,12137,Punjab Mail,BPL,12.4,1,2,False,False,True,False,7,12
2026-01-21,12137,Punjab Mail,JHS,8.2,1,2,False,False,True,False,8,12
2026-01-21,12137,Punjab Mail,GWL,18.3,1,2,False,False,True,False,9,12
2026-01-21,12137,Punjab Mail,AGC,34.9,1,2,False,False,True,False,10,12
2026-01-21,12137,Punjab Mail,MTJ,49.9,1,2,False,False,True,False,11,12
2026-01-21,12137,Punjab Mail,NDLS,66.3,1,2,False,False,True,False,12,12
2026-01-21,12621,Tamil Nadu Express,CSMT,4.7,1,2,False,False,True,False,1,9
2026-01-21,12621,Tamil Nadu Express,KYN,16.2,1,2,False,False,True,False,2,9
2026-01-21,12621,Tamil Nadu Express,MMR,16.2,1,2,False,False,True,False,3,9
2026-01-21,12621,Tamil Nadu Express,BSL,24.8,1,2,False,False,True,False,4,9
2026-01-21,12621,Tamil Nadu Express,ET,28.1,1,2,False,False,True,False,5,9
2026-01-21,12621,Tamil Nadu Express,BPL,24.1,1,2,False,False,True,False,6,9
2026-01-21,12621,Tamil Nadu Express,JHS,53.9,1,2,False,False,True,False,7,9
2026-01-21,12621,Tamil Nadu Express,AGC,50.2,1,2,False,False,True,False,8,9
2026-01-21,12621,Tamil Nadu Express,NDLS,53.8,1,2,False,False,True,False,9,9
2026-01-21,12261,Mumbai Duronto Central,CSMT,19.7,1,2,False,False,True,False,1,2
2026-01-21,12261,Mumbai Duronto Central,NDLS,0.0,1,2,False,False,True,False,2,2
2026-01-21,12187,Mumbai Garib Rath,CSMT,9.1,1,2,False,False,True,False,1,7
2026-01-21,12187,Mumbai Garib Rath,KYN,16.6,1,2,False,False,True,False,2,7
2026-01-21,12187,Mumbai Garib Rath,BSL,29.4,1,2,False,False,True,False,3,7
2026-01-21,12187,Mumbai Garib Rath,BPL,36.8,1,2,False,False,True,False,4,7
2026-01-21,12187,Mumbai Garib Rath,JHS,40.6,1,2,False,False,True,False,5,7
2026-01-21,12187,Mumbai Garib Rath,GWL,39.4,1,2,False,False,True,False,6,7
2026-01-21,12187,Mumbai Garib Rath,NDLS,44.1,1,2,False,False,True,False,7,7
2026-01-20,12951,Mumbai Rajdhani,MMCT,0.0,1,1,False,False,True,False,1,5
2026-01-20,12951,Mumbai Rajdhani,BRC,2.5,1,1,False,False,True,False,2,5
2026-01-20,12951,Mumbai Rajdhani,KOTA,3.8,1,1,False,False,True,False,3,5
2026-01-20,12951,Mumbai Rajdhani,SWM,0.0,1,1,False,False,True,False,4,5
2026-01-20,12951,Mumbai Rajdhani,NDLS,8.0,1,1,False,False,True,False,5,5
2026-01-20,12953,August Kranti Rajdhani,MMCT,0.0,1,1,False,False,True,False,1,6
2026-01-20,12953,August Kranti Rajdhani,ST,0.0,1,1,False,False,True,False,2,6
2026-01-20,12953,August Kranti Rajdhani,BRC,6.3,1,1,False,False,True,False,3,6
2026-01-20,12953,August Kranti Rajdhani,RTM,15.1,1,1,False,False,True,False,4,6
2026-01-20,12953,August Kranti Rajdhani,KOTA,26.8,1,1,False,False,True,False,5,6
2026-01-20,12953,August Kranti Rajdhani,NDLS,30.7,1,1,False,False,True,False,6,6
2026-01-20,12267,Mumbai Duronto,MMCT,0.0,1,1,False,False,True,False,1,2
2026-01-20,12267,Mumbai Duronto,NDLS,12.2,1,1,False,False,True,False,2,2
2026-01-20,12903,Golden Temple Mail,MMCT,6.7,1,1,False,False,True,False,1,10
2026-01-20,12903,Golden Temple Mail,BVI,4.2,1,1,False,False,True,False,2,10
2026-01-20,12903,Golden Temple Mail,BL,0.0,1,1,False,False,True,False,3,10
2026-01-20,12903,Golden Temple Mail,ST,0.0,1,1,False,False,True,False,4,10
2026-01-20,12903,Golden Temple Mail,BRC,6.9,1,1,False,False,True,False,5,10
2026-01-20,12903,Golden Temple Mail,RTM,10.4,1,1,False,False,True,False,6,10
2026-01-20,12903,Golden Temple Mail,KOTA,16.5,1,1,False,False,True,False,7,10
2026-01-20,12903,Golden Temple Mail,SWM,15.8,1,1,False,False,True,False,8,10
2026-01-20,12903,Golden Temple Mail,MTJ,33.9,1,1,False,False,True,False,9,10
2026-01-20,12903,Golden Temple Mail,NDLS,31.2,1,1,False,False,True,False,10,10
2026-01-20,12925,Paschim Express,MMCT,2.0,1,1,False,False,True,False,1,9
2026-01-20,12925,Paschim Express,BVI,4.1,1,1,False,False,True,False,2,9
2026-01-20,12925,Paschim Express,ST,1.9,1,1,False,False,True,False,3,9
2026-01-20,12925,Paschim Express,BRC,3.0,1,1,False,False,True,False,4,9
2026-01-20,12925,Paschim Express,RTM,26.3,1,1,False,False,True,False,5,9
2026-01-20,12925,Paschim Express,KOTA,28.8,1,1,False,False,True,False,6,9
2026-01-20,12925,Paschim Express,SWM,24.2,1,1,False,False,True,False,7,9
2026-01-20,12925,Paschim Express,MTJ,28.2,1,1,False,False,True,False,8,9
2026-01-20,12925,Paschim Express,NDLS,33.1,1,1,False,False,True,False,9,9
2026-01-20,12909,Garib Rath,MMCT,10.3,1,1,False,False,True,False,1,6
2026-01-20,12909,Garib Rath,BVI,3.0,1,1,False,False,True,False,2,6
2026-01-20,12909,Garib Rath,ST,18.0,1,1,False,False,True,False,3,6
2026-01-20,12909,Garib Rath,BRC,19.8,1,1,False,False,True,False,4,6
2026-01-20,12909,Garib Rath,KOTA,32.9,1,1,False,False,True,False,5,6
2026-01-20,12909,Garib Rath,NDLS,49.2,1,1,False,False,True,False,6,6
2026-01-20,12137,Punjab Mail,CSMT,0.0,1,1,False,False,True,False,1,12
2026-01-20,12137,Punjab Mail,KYN,1.1,1,1,False,False,True,False,2,12
2026-01-20,12137,Punjab Mail,NMD,2.0,1,1,False,False,True,False,3,12
2026-01-20,12137,Punjab Mail,MMR,8.1,1,1,False,False,True,False,4,12
2026-01-20,12137,Punjab Mail,BSL,36.0,1,1,False,False,True,False,5,12
2026-01-20,12137,Punjab Mail,ET,43.4,1,1,False,False,True,False,6,12
2026-01-20,12137,Punjab Mail,BPL,48.0,1,1,False,False,True,False,7,12
2026-01-20,12137,Punjab Mail,JHS,54.5,1,1,False,False,True,False,8,12
2026-01-20,12137,Punjab Mail,GWL,72.1,1,1,False,False,True,False,9,12
2026-01-20,12137,Punjab Mail,AGC,67.1,1,1,False,False,True,False,10,12
2026-01-20,12137,Punjab Mail,MTJ,71.1,1,1,False,False,True,False,11,12
2026-01-20,12137,Punjab Mail,NDLS,86.3,1,1,False,False,True,False,12,12
2026-01-20,12621,Tamil Nadu Express,CSMT,6.6,1,1,False,False,True,False,1,9
2026-01-20,12621,Tamil Nadu Express,KYN,13.0,1,1,False,False,True,False,2,9
2026-01-20,12621,Tamil Nadu Express,MMR,17.9,1,1,False,False,True,False,3,9
2026-01-20,12621,Tamil Nadu Express,BSL,14.2,1,1,False,False,True,False,4,9
2026-01-20,12621,Tamil Nadu Express,ET,13.6,1,1,False,False,True,False,5,9
2026-01-20,12621,Tamil Nadu Express,BPL,21.7,1,1,False,False,True,False,6,9
2026-01-20,12621,Tamil Nadu Express,JHS,24.1,1,1,False,False,True,False,7,9
2026-01-20,12621,Tamil Nadu Express,AGC,19.9,1,1,False,False,True,False,8,9
2026-01-20,12621,Tamil Nadu Express,NDLS,28.6,1,1,False,False,True,False,9,9
2026-01-20,12261,Mumbai Duronto Central,CSMT,3.0,1,1,False,False,True,False,1,2
2026-01-20,12261,Mumbai Duronto Central,NDLS,15.8,1,1,False,False,True,False,2,2
2026-01-20,12187,Mumbai Garib Rath,CSMT,5.0,1,1,False,False,True,False,1,7
2026-01-20,12187,Mumbai Garib Rath,KYN,3.8,1,1,False,False,True,False,2,7
2026-01-20,12187,Mumbai Garib Rath,BSL,19.0,1,1,False,False,True,False,3,7
2026-01-20,12187,Mumbai Garib Rath,BPL,15.0,1,1,False,False,True,False,4,7
2026-01-20,12187,Mumbai Garib Rath,JHS,26.8,1,1,False,False,True,False,5,7
2026-01-20,12187,Mumbai Garib Rath,GWL,37.0,1,1,False,False,True,False,6,7
2026-01-20,12187,Mumbai Garib Rath,NDLS,58.6,1,1,False,False,True,False,7,7
2026-01-19,12951,Mumbai Rajdhani,MMCT,2.8,1,0,False,False,True,False,1,5
2026-01-19,12951,Mumbai Rajdhani,BRC,0.0,1,0,False,False,True,False,2,5
2026-01-19,12951,Mumbai Rajdhani,KOTA,3.7,1,0,False,False,True,False,3,5
2026-01-19,12951,Mumbai Rajdhani,SWM,1.4,1,0,False,False,True,False,4,5
2026-01-19,12951,Mumbai Rajdhani,NDLS,27.2,1,0,False,False,True,False,5,5
2026-01-19,12953,August Kranti Rajdhani,MMCT,0.0,1,0,False,False,True,False,1,6
2026-01-19,12953,August Kranti Rajdhani,ST,0.0,1,0,False,False,True,False,2,6
2026-01-19,12953,August Kranti Rajdhani,BRC,11.1,1,0,False,False,True,False,3,6
2026-01-19,12953,August Kranti Rajdhani,RTM,9.3,1,0,False,False,True,False,4,6
2026-01-19,12953,August Kranti Rajdhani,KOTA,6.5,1,0,False,False,True,False,5,6
2026-01-19,12953,August Kranti Rajdhani,NDLS,9.8,1,0,False,False,True,False,6,6
2026-01-19,12267,Mumbai Duronto,MMCT,2.2,1,0,False,False,True,False,1,2
2026-01-19,12267,Mumbai Duronto,NDLS,0.0,1,0,False,False,True,False,2,2
2026-01-19,12903,Golden Temple Mail,MMCT,0.0,1,0,False,False,True,False,1,10
2026-01-19,12903,Golden Temple Mail,BVI,0.0,1,0,False,False,True,False,2,10
2026-01-19,12903,Golden Temple Mail,BL,0.0,1,0,False,False,True,False,3,10
2026-01-19,12903,Golden Temple Mail,ST,2.8,1,0,False,False,True,False,4,10
2026-01-19,12903,Golden Temple Mail,BRC,0.0,1,0,False,False,True,False,5,10
2026-01-19,12903,Golden Temple Mail,RTM,5.1,1,0,False,False,True,False,6,10
2026-01-19,12903,Golden Temple Mail,KOTA,6.2,1,0,False,False,True,False,7,10
2026-01-19,12903,Golden Temple Mail,SWM,1.2,1,0,False,False,True,False,8,10
2026-01-19,12903,Golden Temple Mail,MTJ,9.6,1,0,False,False,True,False,9,10
2026-01-19,12903,Golden Temple Mail,NDLS,13.4,1,0,False,False,True,False,10,10
2026-01-19,12925,Paschim Express,MMCT,0.0,1,0,False,False,True,False,1,9
2026-01-19,12925,Paschim Express,BVI,0.0,1,0,False,False,True,False,2,9
2026-01-19,12925,Paschim Express,ST,14.6,1,0,False,False,True,False,3,9
2026-01-19,12925,Paschim Express,BRC,17.0,1,0,False,False,True,False,4,9
2026-01-19,12925,Paschim Express,RTM,24.2,1,0,False,False,True,False,5,9
2026-01-19,12925,Paschim Express,KOTA,21.7,1,0,False,False,True,False,6,9
2026-01-19,12925,Paschim Express,SWM,16.7,1,0,False,False,True,False,7,9
2026-01-19,12925,Paschim Express,MTJ,26.3,1,0,False,False,True,False,8,9
2026-01-19,12925,Paschim Express,NDLS,37.6,1,0,False,False,True,False,9,9
2026-01-19,12909,Garib Rath,MMCT,7.1,1,0,False,False,True,False,1,6
2026-01-19,12909,Garib Rath,BVI,14.7,1,0,False,False,True,False,2,6
2026-01-19,12909,Garib Rath,ST,34.9,1,0,False,False,True,False,3,6
2026-01-19,12909,Garib Rath,BRC,38.1,1,0,False,False,True,False,4,6
2026-01-19,12909,Garib Rath,KOTA,42.4,1,0,False,False,True,False,5,6
2026-01-19,12909,Garib Rath,NDLS,55.1,1,0,False,False,True,False,6,6
2026-01-19,12137,Punjab Mail,CSMT,12.6,1,0,False,False,True,False,1,12
2026-01-19,12137,Punjab Mail,KYN,0.0,1,0,False,False,True,False,2,12
2026-01-19,12137,Punjab Mail,NMD,2.9,1,0,False,False,True,False,3,12
2026-01-19,12137,Punjab Mail,MMR,17.1,1,0,False,False,True,False,4,12
2026-01-19,12137,Punjab Mail,BSL,19.4,1,0,False,False,True,False,5,12
2026-01-19,12137,Punjab Mail,ET,18.6,1,0,False,False,True,False,6,12
2026-01-19,12137,Punjab Mail,BPL,25.9,1,0,False,False,True,False,7,12
2026-01-19,12137,Punjab Mail,JHS,24.8,1,0,False,False,True,False,8,12
2026-01-19,12137,Punjab Mail,GWL,28.3,1,0,False,False,True,False,9,12
2026-01-19,12137,Punjab Mail,AGC,23.3,1,0,False,False,True,False,10,12
2026-01-19,12137,Punjab Mail,MTJ,26.5,1,0,False,False,True,False,11,12
2026-01-19,12137,Punjab Mail,NDLS,38.1,1,0,False,False,True,False,12,12
2026-01-19,12621,Tamil Nadu Express,CSMT,25.2,1,0,False,False,True,False,1,9
2026-01-19,12621,Tamil Nadu Express,KYN,13.4,1,0,False,False,True,False,2,9
2026-01-19,12621,Tamil Nadu Express,MMR,25.4,1,0,False,False,True,False,3,9
2026-01-19,12621,Tamil Nadu Express,BSL,31.3,1,0,False,False,True,False,4,9
2026-01-19,12621,Tamil Nadu Express,ET,48.2,1,0,False,False,True,False,5,9
2026-01-19,12621,Tamil Nadu Express,BPL,43.2,1,0,False,False,True,False,6,9
2026-01-19,12621,Tamil Nadu Express,JHS,53.2,1,0,False,False,True,False,7,9
2026-01-19,12621,Tamil Nadu Express,AGC,75.7,1,0,False,False,True,False,8,9
2026-01-19,12621,Tamil Nadu Express,NDLS,102.8,1,0,False,False,True,False,9,9
2026-01-19,12261,Mumbai Duronto Central,CSMT,12.4,1,0,False,False,True,False,1,2
2026-01-19,12261,Mumbai Duronto Central,NDLS,1.8,1,0,False,False,True,False,2,2
2026-01-19,12187,Mumbai Garib Rath,CSMT,9.8,1,0,False,False,True,False,1,7
2026-01-19,12187,Mumbai Garib Rath,KYN,3.7,1,0,False,False,True,False,2,7
2026-01-19,12187,Mumbai Garib Rath,BSL,21.4,1,0,False,False,True,False,3,7
2026-01-19,12187,Mumbai Garib Rath,BPL,28.4,1,0,False,False,True,False,4,7
2026-01-19,12187,Mumbai Garib Rath,JHS,35.4,1,0,False,False,True,False,5,7
2026-01-19,12187,Mumbai Garib Rath,GWL,46.9,1,0,False,False,True,False,6,7
2026-01-19,12187,Mumbai Garib Rath,NDLS,54.7,1,0,False,False,True,False,7,7
2026-01-18,12951,Mumbai Rajdhani,MMCT,5.6,1,6,True,False,True,False,1,5
2026-01-18,12951,Mumbai Rajdhani,BRC,25.3,1,6,True,False,True,False,2,5
2026-01-18,12951,Mumbai Rajdhani,KOTA,23.9,1,6,True,False,True,False,3,5
2026-01-18,12951,Mumbai Rajdhani,SWM,26.0,1,6,True,False,True,False,4,5
2026-01-18,12951,Mumbai Rajdhani,NDLS,47.6,1,6,True,False,True,False,5,5
2026-01-18,12953,August Kranti Rajdhani,MMCT,3.0,1,6,True,False,True,False,1,6
2026-01-18,12953,August Kranti Rajdhani,ST,1.2,1,6,True,False,True,False,2,6
2026-01-18,12953,August Kranti Rajdhani,BRC,28.1,1,6,True,False,True,False,3,6
2026-01-18,12953,August Kranti Rajdhani,RTM,35.5,1,6,True,False,True,False,4,6
2026-01-18,12953,August Kranti Rajdhani,KOTA,37.4,1,6,True,False,True,False,5,6
2026-01-18,12953,August Kranti Rajdhani,NDLS,64.2,1,6,True,False,True,False,6,6
2026-01-18,12267,Mumbai Duronto,MMCT,10.8,1,6,True,False,True,False,1,2
2026-01-18,12267,Mumbai Duronto,NDLS,10.2,1,6,True,False,True,False,2,2
2026-01-18,12903,Golden Temple Mail,MMCT,0.0,1,6,True,False,True,False,1,10
2026-01-18,12903,Golden Temple Mail,BVI,0.0,1,6,True,False,True,False,2,10
2026-01-18,12903,Golden Temple Mail,BL,2.6,1,6,True,False,True,False,3,10
2026-01-18,12903,Golden Temple Mail,ST,8.9,1,6,True,False,True,False,4,10
2026-01-18,12903,Golden Temple Mail,BRC,28.5,1,6,True,False,True,False,5,10
2026-01-18,12903,Golden Temple Mail,RTM,27.8,1,6,True,False,True,False,6,10
2026-01-18,12903,Golden Temple Mail,KOTA,46.0,1,6,True,False,True,False,7,10
2026-01-18,12903,Golden Temple Mail,SWM,57.5,1,6,True,False,True,False,8,10
2026-01-18,12903,Golden Temple Mail,MTJ,53.5,1,6,True,False,True,False,9,10
2026-01-18,12903,Golden Temple Mail,NDLS,49.7,1,6,True,False,True,False,10,10
2026-01-18,12925,Paschim Express,MMCT,7.9,1,6,True,False,True,False,1,9
2026-01-18,12925,Paschim Express,BVI,0.8,1,6,True,False,True,False,2,9
2026-01-18,12925,Paschim Express,ST,8.6,1,6,True,False,True,False,3,9
2026-01-18,12925,Paschim Express,BRC,10.4,1,6,True,False,True,False,4,9
2026-01-18,12925,Paschim Express,RTM,24.9,1,6,True,False,True,False,5,9
2026-01-18,12925,Paschim Express,KOTA,39.0,1,6,True,False,True,False,6,9
2026-01-18,12925,Paschim Express,SWM,38.6,1,6,True,False,True,False,7,9
2026-01-18,12925,Paschim Express,MTJ,47.1,1,6,True,False,True,False,8,9
2026-01-18,12925,Paschim Express,NDLS,47.4,1,6,True,False,True,False,9,9
2026-01-18,12909,Garib Rath,MMCT,13.3,1,6,True,False,True,False,1,6
2026-01-18,12909,Garib Rath,BVI,12.6,1,6,True,False,True,False,2,6
2026-01-18,12909,Garib Rath,ST,7.6,1,6,True,False,True,False,3,6
2026-01-18,12909,Garib Rath,BRC,41.9,1,6,True,False,True,False,4,6
2026-01-18,12909,Garib Rath,KOTA,47.4,1,6,True,False,True,False,5,6
2026-01-18,12909,Garib Rath,NDLS,59.3,1,6,True,False,True,False,6,6
2026-01-18,12137,Punjab Mail,CSMT,0.0,1,6,True,False,True,False,1,12
2026-01-18,12137,Punjab Mail,KYN,0.0,1,6,True,False,True,False,2,12
2026-01-18,12137,Punjab Mail,NMD,0.0,1,6,True,False,True,False,3,12
2026-01-18,12137,Punjab Mail,MMR,1.9,1,6,True,False,True,False,4,12
2026-01-18,12137,Punjab Mail,BSL,0.0,1,6,True,False,True,False,5,12
2026-01-18,12137,Punjab Mail,ET,5.2,1,6,True,False,True,False,6,12
2026-01-18,12137,Punjab Mail,BPL,11.9,1,6,True,False,True,False,7,12
2026-01-18,12137,Punjab Mail,JHS,24.9,1,6,True,False,True,False,8,12
2026-01-18,12137,Punjab Mail,GWL,22.8,1,6,True,False,True,False,9,12
2026-01-18,12137,Punjab Mail,AGC,39.4,1,6,True,False,True,False,10,12
2026-01-18,12137,Punjab Mail,MTJ,41.5,1,6,True,False,True,False,11,12
2026-01-18,12137,Punjab Mail,NDLS,50.1,1,6,True,False,True,False,12,12
2026-01-18,12621,Tamil Nadu Express,CSMT,9.0,1,6,True,False,True,False,1,9
2026-01-18,12621,Tamil Nadu Express,KYN,0.9,1,6,True,False,True,False,2,9
2026-01-18,12621,Tamil Nadu Express,MMR,7.7,1,6,True,False,True,False,3,9
2026-01-18,12621,Tamil Nadu Express,BSL,21.0,1,6,True,False,True,False,4,9
2026-01-18,12621,Tamil Nadu Express,ET,27.6,1,6,True,False,True,False,5,9
2026-01-18,12621,Tamil Nadu Express,BPL,38.1,1,6,True,False,True,False,6,9
2026-01-18,12621,Tamil Nadu Express,JHS,69.5,1,6,True,False,True,False,7,9
2026-01-18,12621,Tamil Nadu Express,AGC,75.6,1,6,True,False,True,False,8,9
2026-01-18,12621,Tamil Nadu Express,NDLS,83.2,1,6,True,False,True,False,9,9
2026-01-18,12261,Mumbai Duronto Central,CSMT,6.4,1,6,True,False,True,False,1,2
2026-01-18,12261,Mumbai Duronto Central,NDLS,9.4,1,6,True,False,True,False,2,2
2026-01-18,12187,Mumbai Garib Rath,CSMT,6.7,1,6,True,False,True,False,1,7
2026-01-18,12187,Mumbai Garib Rath,KYN,19.6,1,6,True,False,True,False,2,7
2026-01-18,12187,Mumbai Garib Rath,BSL,20.3,1,6,True,False,True,False,3,7
2026-01-18,12187,Mumbai Garib Rath,BPL,35.2,1,6,True,False,True,False,4,7
2026-01-18,12187,Mumbai Garib Rath,JHS,32.4,1,6,True,False,True,False,5,7
2026-01-18,12187,Mumbai Garib Rath,GWL,39.6,1,6,True,False,True,False,6,7
2026-01-18,12187,Mumbai Garib Rath,NDLS,53.3,1,6,True,False,True,False,7,7
2026-01-17,12951,Mumbai Rajdhani,MMCT,7.8,1,5,True,False,True,False,1,5
2026-01-17,12951,Mumbai Rajdhani,BRC,6.5,1,5,True,False,True,False,2,5
2026-01-17,12951,Mumbai Rajdhani,KOTA,4.4,1,5,True,False,True,False,3,5
2026-01-17,12951,Mumbai Rajdhani,SWM,0.0,1,5,True,False,True,False,4,5
2026-01-17,12951,Mumbai Rajdhani,NDLS,6.2,1,5,True,False,True,False,5,5
2026-01-17,12953,August Kranti Rajdhani,MMCT,5.0,1,5,True,False,True,False,1,6
2026-01-17,12953,August Kranti Rajdhani,ST,5.8,1,5,True,False,True,False,2,6
2026-01-17,12953,August Kranti Rajdhani,BRC,11.1,1,5,True,False,True,False,3,6
2026-01-17,12953,August Kranti Rajdhani,RTM,26.0,1,5,True,False,True,False,4,6
2026-01-17,12953,August Kranti Rajdhani,KOTA,25.6,1,5,True,False,True,False,5,6
2026-01-17,12953,August Kranti Rajdhani,NDLS,20.6,1,5,True,False,True,False,6,6
2026-01-17,12267,Mumbai Duronto,MMCT,7.4,1,5,True,False,True,False,1,2
2026-01-17,12267,Mumbai Duronto,NDLS,10.3,1,5,True,False,True,False,2,2
2026-01-17,12903,Golden Temple Mail,MMCT,7.1,1,5,True,False,True,False,1,10
2026-01-17,12903,Golden Temple Mail,BVI,1.7,1,5,True,False,True,False,2,10
2026-01-17,12903,Golden Temple Mail,BL,7.4,1,5,True,False,True,False,3,10
2026-01-17,12903,Golden Temple Mail,ST,7.7,1,5,True,False,True,False,4,10
2026-01-17,12903,Golden Temple Mail,BRC,7.2,1,5,True,False,True,False,5,10
2026-01-17,12903,Golden Temple Mail,RTM,16.3,1,5,True,False,True,False,6,10
2026-01-17,12903,Golden Temple Mail,KOTA,18.9,1,5,True,False,True,False,7,10
2026-01-17,12903,Golden Temple Mail,SWM,25.7,1,5,True,False,True,False,8,10
2026-01-17,12903,Golden Temple Mail,MTJ,22.4,1,5,True,False,True,False,9,10
2026-01-17,12903,Golden Temple Mail,NDLS,24.3,1,5,True,False,True,False,10,10
2026-01-17,12925,Paschim Express,MMCT,0.5,1,5,True,False,True,False,1,9
2026-01-17,12925,Paschim Express,BVI,5.2,1,5,True,False,True,False,2,9
2026-01-17,12925,Paschim Express,ST,7.8,1,5,True,False,True,False,3,9
2026-01-17,12925,Paschim Express,BRC,13.8,1,5,True,False,True,False,4,9
2026-01-17,12925,Paschim Express,RTM,14.4,1,5,True,False,True,False,5,9
2026-01-17,12925,Paschim Express,KOTA,11.8,1,5,True,False,True,False,6,9
2026-01-17,12925,Paschim Express,SWM,19.8,1,5,True,False,True,False,7,9
2026-01-17,12925,Paschim Express,MTJ,27.1,1,5,True,False,True,False,8,9
2026-01-17,12925,Paschim Express,NDLS,30.3,1,5,True,False,True,False,9,9
2026-01-17,12909,Garib Rath,MMCT,6.9,1,5,True,False,True,False,1,6
2026-01-17,12909,Garib Rath,BVI,7.5,1,5,True,False,True,False,2,6
2026-01-17,12909,Garib Rath,ST,2.5,1,5,True,False,True,False,3,6
2026-01-17,12909,Garib Rath,BRC,12.7,1,5,True,False,True,False,4,6
2026-01-17,12909,Garib Rath,KOTA,15.4,1,5,True,False,True,False,5,6
2026-01-17,12909,Garib Rath,NDLS,34.5,1,5,True,False,True,False,6,6
2026-01-17,12137,Punjab Mail,CSMT,0.0,1,5,True,False,True,False,1,12
2026-01-17,12137,Punjab Mail,KYN,5.0,1,5,True,False,True,False,2,12
2026-01-17,12137,Punjab Mail,NMD,15.4,1,5,True,False,True,False,3,12
2026-01-17,12137,Punjab Mail,MMR,22.4,1,5,True,False,True,False,4,12
2026-01-17,12137,Punjab Mail,BSL,17.6,1,5,True,False,True,False,5,12
2026-01-17,12137,Punjab Mail,ET,13.2,1,5,True,False,True,False,6,12
2026-01-17,12137,Punjab Mail,BPL,19.1,1,5,True,False,True,False,7,12
2026-01-17,12137,Punjab Mail,JHS,24.3,1,5,True,False,True,False,8,12
2026-01-17,12137,Punjab Mail,GWL,19.3,1,5,True,False,True,False,9,12
2026-01-17,12137,Punjab Mail,AGC,16.4,1,5,True,False,True,False,10,12
2026-01-17,12137,Punjab Mail,MTJ,25.5,1,5,True,False,True,False,11,12
2026-01-17,12137,Punjab Mail,NDLS,38.3,1,5,True,False,True,False,12,12
2026-01-17,12621,Tamil Nadu Express,CSMT,0.0,1,5,True,False,True,False,1,9
2026-01-17,12621,Tamil Nadu Express,KYN,1.5,1,5,True,False,True,False,2,9
2026-01-17,12621,Tamil Nadu Express,MMR,27.8,1,5,True,False,True,False,3,9
2026-01-17,12621,Tamil Nadu Express,BSL,31.5,1,5,True,False,True,False,4,9
2026-01-17,12621,Tamil Nadu Express,ET,28.3,1,5,True,False,True,False,5,9
2026-01-17,12621,Tamil Nadu Express,BPL,32.2,1,5,True,False,True,False,6,9
2026-01-17,12621,Tamil Nadu Express,JHS,37.6,1,5,True,False,True,False,7,9
2026-01-17,12621,Tamil Nadu Express,AGC,37.3,1,5,True,False,True,False,8,9
2026-01-17,12621,Tamil Nadu Express,NDLS,43.5,1,5,True,False,True,False,9,9
2026-01-17,12261,Mumbai Duronto Central,CSMT,0.2,1,5,True,False,True,False,1,2
2026-01-17,12261,Mumbai Duronto Central,NDLS,7.6,1,5,True,False,True,False,2,2
2026-01-17,12187,Mumbai Garib Rath,CSMT,5.7,1,5,True,False,True,False,1,7
2026-01-17,12187,Mumbai Garib Rath,KYN,12.5,1,5,True,False,True,False,2,7
2026-01-17,12187,Mumbai Garib Rath,BSL,25.4,1,5,True,False,True,False,3,7
2026-01-17,12187,Mumbai Garib Rath,BPL,34.2,1,5,True,False,True,False,4,7
2026-01-17,12187,Mumbai Garib Rath,JHS,37.1,1,5,True,False,True,False,5,7
2026-01-17,12187,Mumbai Garib Rath,GWL,36.9,1,5,True,False,True,False,6,7
2026-01-17,12187,Mumbai Garib Rath,NDLS,34.7,1,5,True,False,True,False,7,7
2026-01-16,12951,Mumbai Rajdhani,MMCT,0.0,1,4,False,False,True,False,1,5
2026-01-16,12951,Mumbai Rajdhani,BRC,0.0,1,4,False,False,True,False,2,5
2026-01-16,12951,Mumbai Rajdhani,KOTA,13.1,1,4,False,False,True,False,3,5
2026-01-16,12951,Mumbai Rajdhani,SWM,21.9,1,4,False,False,True,False,4,5
2026-01-16,12951,Mumbai Rajdhani,NDLS,20.3,1,4,False,False,True,False,5,5
2026-01-16,12953,August Kranti Rajdhani,MMCT,0.0,1,4,False,False,True,False,1,6
2026-01-16,12953,August Kranti Rajdhani,ST,0.7,1,4,False,False,True,False,2,6
2026-01-16,12953,August Kranti Rajdhani,BRC,12.4,1,4,False,False,True,False,3,6
2026-01-16,12953,August Kranti Rajdhani,RTM,12.7,1,4,False,False,True,False,4,6
2026-01-16,12953,August Kranti Rajdhani,KOTA,25.6,1,4,False,False,True,False,5,6
2026-01-16,12953,August Kranti Rajdhani,NDLS,29.1,1,4,False,False,True,False,6,6
2026-01-16,12267,Mumbai Duronto,MMCT,6.1,1,4,False,False,True,False,1,2
2026-01-16,12267,Mumbai Duronto,NDLS,3.2,1,4,False,False,True,False,2,2
2026-01-16,12903,Golden Temple Mail,MMCT,5.4,1,4,False,False,True,False,1,10
2026-01-16,12903,Golden Temple Mail,BVI,9.5,1,4,False,False,True,False,2,10
2026-01-16,12903,Golden Temple Mail,BL,4.5,1,4,False,False,True,False,3,10
2026-01-16,12903,Golden Temple Mail,ST,2.1,1,4,False,False,True,False,4,10
2026-01-16,12903,Golden Temple Mail,BRC,6.6,1,4,False,False,True,False,5,10
2026-01-16,12903,Golden Temple Mail,RTM,8.7,1,4,False,False,True,False,6,10
2026-01-16,12903,Golden Temple Mail,KOTA,35.9,1,4,False,False,True,False,7,10
2026-01-16,12903,Golden Temple Mail,SWM,30.9,1,4,False,False,True,False,8,10
2026-01-16,12903,Golden Temple Mail,MTJ,36.9,1,4,False,False,True,False,9,10
2026-01-16,12903,Golden Temple Mail,NDLS,38.0,1,4,False,False,True,False,10,10
2026-01-16,12925,Paschim Express,MMCT,21.3,1,4,False,False,True,False,1,9
2026-01-16,12925,Paschim Express,BVI,2.4,1,4,False,False,True,False,2,9
2026-01-16,12925,Paschim Express,ST,10.3,1,4,False,False,True,False,3,9
2026-01-16,12925,Paschim Express,BRC,24.7,1,4,False,False,True,False,4,9
2026-01-16,12925,Paschim Express,RTM,23.8,1,4,False,False,True,False,5,9
2026-01-16,12925,Paschim Express,KOTA,51.6,1,4,False,False,True,False,6,9
2026-01-16,12925,Paschim Express,SWM,50.5,1,4,False,False,True,False,7,9
2026-01-16,12925,Paschim Express,MTJ,61.7,1,4,False,False,True,False,8,9
2026-01-16,12925,Paschim Express,NDLS,80.5,1,4,False,False,True,False,9,9
2026-01-16,12909,Garib Rath,MMCT,1.8,1,4,False,False,True,False,1,6
2026-01-16,12909,Garib Rath,BVI,3.0,1,4,False,False,True,False,2,6
2026-01-16,12909,Garib Rath,ST,0.0,1,4,False,False,True,False,3,6
2026-01-16,12909,Garib Rath,BRC,14.3,1,4,False,False,True,False,4,6
2026-01-16,12909,Garib Rath,KOTA,39.3,1,4,False,False,True,False,5,6
2026-01-16,12909,Garib Rath,NDLS,35.2,1,4,False,False,True,False,6,6
2026-01-16,12137,Punjab Mail,CSMT,9.8,1,4,False,False,True,False,1,12
2026-01-16,12137,Punjab Mail,KYN,21.0,1,4,False,False,True,False,2,12
2026-01-16,12137,Punjab Mail,NMD,23.6,1,4,False,False,True,False,3,12
2026-01-16,12137,Punjab Mail,MMR,20.1,1,4,False,False,True,False,4,12
2026-01-16,12137,Punjab Mail,BSL,27.6,1,4,False,False,True,False,5,12
2026-01-16,12137,Punjab Mail,ET,45.7,1,4,False,False,True,False,6,12
2026-01-16,12137,Punjab Mail,BPL,44.1,1,4,False,False,True,False,7,12
2026-01-16,12137,Punjab Mail,JHS,52.1,1,4,False,False,True,False,8,12
2026-01-16,12137,Punjab Mail,GWL,72.6,1,4,False,False,True,False,9,12
2026-01-16,12137,Punjab Mail,AGC,67.9,1,4,False,False,True,False,10,12
2026-01-16,12137,Punjab Mail,MTJ,79.9,1,4,False,False,True,False,11,12
2026-01-16,12137,Punjab Mail,NDLS,97.9,1,4,False,False,True,False,12,12
2026-01-16,12621,Tamil Nadu Express,CSMT,6.1,1,4,False,False,True,False,1,9
2026-01-16,12621,Tamil Nadu Express,KYN,11.1,1,4,False,False,True,False,2,9
2026-01-16,12621,Tamil Nadu Express,MMR,21.5,1,4,False,False,True,False,3,9
2026-01-16,12621,Tamil Nadu Express,BSL,32.1,1,4,False,False,True,False,4,9
2026-01-16,12621,Tamil Nadu Express,ET,36.2,1,4,False,False,True,False,5,9
2026-01-16,12621,Tamil Nadu Express,BPL,34.2,1,4,False,False,True,False,6,9
2026-01-16,12621,Tamil Nadu Express,JHS,42.2,1,4,False,False,True,False,7,9
2026-01-16,12621,Tamil Nadu Express,AGC,37.2,1,4,False,False,True,False,8,9
2026-01-16,12621,Tamil Nadu Express,NDLS,46.1,1,4,False,False,True,False,9,9
2026-01-16,12261,Mumbai Duronto Central,CSMT,18.7,1,4,False,False,True,False,1,2
2026-01-16,12261,Mumbai Duronto Central,NDLS,1.6,1,4,False,False,True,False,2,2
2026-01-16,12187,Mumbai Garib Rath,CSMT,0.0,1,4,False,False,True,False,1,7
2026-01-16,12187,Mumbai Garib Rath,KYN,10.5,1,4,False,False,True,False,2,7
2026-01-16,12187,Mumbai Garib Rath,BSL,6.0,1,4,False,False,True,False,3,7
2026-01-16,12187,Mumbai Garib Rath,BPL,14.0,1,4,False,False,True,False,4,7
2026-01-16,12187,Mumbai Garib Rath,JHS,23.8,1,4,False,False,True,False,5,7
2026-01-16,12187,Mumbai Garib Rath,GWL,25.1,1,4,False,False,True,False,6,7
2026-01-16,12187,Mumbai Garib Rath,NDLS,33.9,1,4,False,False,True,False,7,7
2026-01-15,12951,Mumbai Rajdhani,MMCT,3.1,1,3,False,False,True,False,1,5
2026-01-15,12951,Mumbai Rajdhani,BRC,11.1,1,3,False,False,True,False,2,5
2026-01-15,12951,Mumbai Rajdhani,KOTA,30.6,1,3,False,False,True,False,3,5
2026-01-15,12951,Mumbai Rajdhani,SWM,26.0,1,3,False,False,True,False,4,5
2026-01-15,12951,Mumbai Rajdhani,NDLS,39.8,1,3,False,False,True,False,5,5
2026-01-15,12953,August Kranti Rajdhani,MMCT,6.2,1,3,False,False,True,False,1,6
2026-01-15,12953,August Kranti Rajdhani,ST,1.3,1,3,False,False,True,False,2,6
2026-01-15,12953,August Kranti Rajdhani,BRC,19.6,1,3,False,False,True,False,3,6
2026-01-15,12953,August Kranti Rajdhani,RTM,19.2,1,3,False,False,True,False,4,6
2026-01-15,12953,August Kranti Rajdhani,KOTA,33.6,1,3,False,False,True,False,5,6
2026-01-15,12953,August Kranti Rajdhani,NDLS,34.5,1,3,False,False,True,False,6,6
2026-01-15,12267,Mumbai Duronto,MMCT,11.6,1,3,False,False,True,False,1,2
2026-01-15,12267,Mumbai Duronto,NDLS,0.0,1,3,False,False,True,False,2,2
2026-01-15,12903,Golden Temple Mail,MMCT,12.3,1,3,False,False,True,False,1,10
2026-01-15,12903,Golden Temple Mail,BVI,12.0,1,3,False,False,True,False,2,10
2026-01-15,12903,Golden Temple Mail,BL,12.8,1,3,False,False,True,False,3,10
2026-01-15,12903,Golden Temple Mail,ST,13.8,1,3,False,False,True,False,4,10
2026-01-15,12903,Golden Temple Mail,BRC,33.1,1,3,False,False,True,False,5,10
2026-01-15,12903,Golden Temple Mail,RTM,52.5,1,3,False,False,True,False,6,10
2026-01-15,12903,Golden Temple Mail,KOTA,61.5,1,3,False,False,True,False,7,10
2026-01-15,12903,Golden Temple Mail,SWM,62.4,1,3,False,False,True,False,8,10
2026-01-15,12903,Golden Temple Mail,MTJ,79.0,1,3,False,False,True,False,9,10
2026-01-15,12903,Golden Temple Mail,NDLS,86.4,1,3,False,False,True,False,10,10
2026-01-15,12925,Paschim Express,MMCT,0.0,1,3,False,False,True,False,1,9
2026-01-15,12925,Paschim Express,BVI,0.0,1,3,False,False,True,False,2,9
2026-01-15,12925,Paschim Express,ST,1.3,1,3,False,False,True,False,3,9
2026-01-15,12925,Paschim Express,BRC,0.0,1,3,False,False,True,False,4,9
2026-01-15,12925,Paschim Express,RTM,24.9,1,3,False,False,True,False,5,9
2026-01-15,12925,Paschim Express,KOTA,36.8,1,3,False,False,True,False,6,9
2026-01-15,12925,Paschim Express,SWM,44.0,1,3,False,False,True,False,7,9
2026-01-15,12925,Paschim Express,MTJ,60.5,1,3,False,False,True,False,8,9
2026-01-15,12925,Paschim Express,NDLS,81.3,1,3,False,False,True,False,9,9
2026-01-15,12909,Garib Rath,MMCT,0.4,1,3,False,False,True,False,1,6
2026-01-15,12909,Garib Rath,BVI,5.1,1,3,False,False,True,False,2,6
2026-01-15,12909,Garib Rath,ST,9.1,1,3,False,False,True,False,3,6
2026-01-15,12909,Garib Rath,BRC,17.6,1,3,False,False,True,False,4,6
2026-01-15,12909,Garib Rath,KOTA,21.4,1,3,False,False,True,False,5,6
2026-01-15,12909,Garib Rath,NDLS,49.7,1,3,False,False,True,False,6,6
2026-01-15,12137,Punjab Mail,CSMT,17.4,1,3,False,False,True,False,1,12
2026-01-15,12137,Punjab Mail,KYN,3.5,1,3,False,False,True,False,2,12
2026-01-15,12137,Punjab Mail,NMD,0.0,1,3,False,False,True,False,3,12
2026-01-15,12137,Punjab Mail,MMR,10.5,1,3,False,False,True,False,4,12
2026-01-15,12137,Punjab Mail,BSL,24.2,1,3,False,False,True,False,5,12
2026-01-15,12137,Punjab Mail,ET,35.6,1,3,False,False,True,False,6,12
2026-01-15,12137,Punjab Mail,BPL,30.6,1,3,False,False,True,False,7,12
2026-01-15,12137,Punjab Mail,JHS,35.4,1,3,False,False,True,False,8,12
2026-01-15,12137,Punjab Mail,GWL,33.6,1,3,False,False,True,False,9,12
2026-01-15,12137,Punjab Mail,AGC,32.9,1,3,False,False,True,False,10,12
2026-01-15,12137,Punjab Mail,MTJ,32.9,1,3,False,False,True,False,11,12
2026-01-15,12137,Punjab Mail,NDLS,39.1,1,3,False,False,True,False,12,12
2026-01-15,12621,Tamil Nadu Express,CSMT,10.5,1,3,False,False,True,False,1,9
2026-01-15,12621,Tamil Nadu Express,KYN,2.4,1,3,False,False,True,False,2,9
2026-01-15,12621,Tamil Nadu Express,MMR,10.9,1,3,False,False,True,False,3,9
2026-01-15,12621,Tamil Nadu Express,BSL,17.1,1,3,False,False,True,False,4,9
2026-01-15,12621,Tamil Nadu Express,ET,27.9,1,3,False,False,True,False,5,9
2026-01-15,12621,Tamil Nadu Express,BPL,30.5,1,3,False,False,True,False,6,9
2026-01-15,12621,Tamil Nadu Express,JHS,34.8,1,3,False,False,True,False,7,9
2026-01-15,12621,Tamil Nadu Express,AGC,35.3,1,3,False,False,True,False,8,9
2026-01-15,12621,Tamil Nadu Express,NDLS,45.3,1,3,False,False,True,False,9,9
2026-01-15,12261,Mumbai Duronto Central,CSMT,7.5,1,3,False,False,True,False,1,2
2026-01-15,12261,Mumbai Duronto Central,NDLS,0.0,1,3,False,False,True,False,2,2
2026-01-15,12187,Mumbai Garib Rath,CSMT,8.0,1,3,False,False,True,False,1,7
2026-01-15,12187,Mumbai Garib Rath,KYN,4.4,1,3,False,False,True,False,2,7
2026-01-15,12187,Mumbai Garib Rath,BSL,13.6,1,3,False,False,True,False,3,7
2026-01-15,12187,Mumbai Garib Rath,BPL,27.0,1,3,False,False,True,False,4,7
2026-01-15,12187,Mumbai Garib Rath,JHS,42.4,1,3,False,False,True,False,5,7
2026-01-15,12187,Mumbai Garib Rath,GWL,43.3,1,3,False,False,True,False,6,7
2026-01-15,12187,Mumbai Garib Rath,NDLS,41.5,1,3,False,False,True,False,7,7
2026-01-14,12951,Mumbai Rajdhani,MMCT,1.9,1,2,False,False,True,False,1,5
2026-01-14,12951,Mumbai Rajdhani,BRC,0.9,1,2,False,False,True,False,2,5
2026-01-14,12951,Mumbai Rajdhani,KOTA,13.7,1,2,False,False,True,False,3,5
2026-01-14,12951,Mumbai Rajdhani,SWM,10.4,1,2,False,False,True,False,4,5
2026-01-14,12951,Mumbai Rajdhani,NDLS,10.4,1,2,False,False,True,False,5,5
2026-01-14,12953,August Kranti Rajdhani,MMCT,0.2,1,2,False,False,True,False,1,6
2026-01-14,12953,August Kranti Rajdhani,ST,0.0,1,2,False,False,True,False,2,6
2026-01-14,12953,August Kranti Rajdhani,BRC,9.4,1,2,False,False,True,False,3,6
2026-01-14,12953,August Kranti Rajdhani,RTM,14.7,1,2,False,False,True,False,4,6
2026-01-14,12953,August Kranti Rajdhani,KOTA,20.3,1,2,False,False,True,False,5,6
2026-01-14,12953,August Kranti Rajdhani,NDLS,17.7,1,2,False,False,True,False,6,6
2026-01-14,12267,Mumbai Duronto,MMCT,0.0,1,2,False,False,True,False,1,2
2026-01-14,12267,Mumbai Duronto,NDLS,6.5,1,2,False,False,True,False,2,2
2026-01-14,12903,Golden Temple Mail,MMCT,0.0,1,2,False,False,True,False,1,10
2026-01-14,12903,Golden Temple Mail,BVI,4.8,1,2,False,False,True,False,2,10
2026-01-14,12903,Golden Temple Mail,BL,10.4,1,2,False,False,True,False,3,10
2026-01-14,12903,Golden Temple Mail,ST,6.6,1,2,False,False,True,False,4,10
2026-01-14,12903,Golden Temple Mail,BRC,4.7,1,2,False,False,True,False,5,10
2026-01-14,12903,Golden Temple Mail,RTM,0.6,1,2,False,False,True,False,6,10
2026-01-14,12903,Golden Temple Mail,KOTA,4.7,1,2,False,False,True,False,7,10
2026-01-14,12903,Golden Temple Mail,SWM,5.7,1,2,False,False,True,False,8,10
2026-01-14,12903,Golden Temple Mail,MTJ,6.3,1,2,False,False,True,False,9,10
2026-01-14,12903,Golden Temple Mail,NDLS,31.8,1,2,False,False,True,False,10,10
2026-01-14,12925,Paschim Express,MMCT,4.5,1,2,False,False,True,False,1,9
2026-01-14,12925,Paschim Express,BVI,0.0,1,2,False,False,True,False,2,9
2026-01-14,12925,Paschim Express,ST,3.9,1,2,False,False,True,False,3,9
2026-01-14,12925,Paschim Express,BRC,7.1,1,2,False,False,True,False,4,9
2026-01-14,12925,Paschim Express,RTM,16.9,1,2,False,False,True,False,5,9
2026-01-14,12925,Paschim Express,KOTA,24.0,1,2,False,False,True,False,6,9
2026-01-14,12925,Paschim Express,SWM,19.0,1,2,False,False,True,False,7,9
2026-01-14,12925,Paschim Express,MTJ,26.6,1,2,False,False,True,False,8,9
2026-01-14,12925,Paschim Express,NDLS,26.1,1,2,False,False,True,False,9,9
2026-01-14,12909,Garib Rath,MMCT,5.4,1,2,False,False,True,False,1,6
2026-01-14,12909,Garib Rath,BVI,10.6,1,2,False,False,True,False,2,6
2026-01-14,12909,Garib Rath,ST,14.6,1,2,False,False,True,False,3,6
2026-01-14,12909,Garib Rath,BRC,15.3,1,2,False,False,True,False,4,6
2026-01-14,12909,Garib Rath,KOTA,17.1,1,2,False,False,True,False,5,6
2026-01-14,12909,Garib Rath,NDLS,20.1,1,2,False,False,True,False,6,6
2026-01-14,12137,Punjab Mail,CSMT,7.2,1,2,False,False,True,False,1,12
2026-01-14,12137,Punjab Mail,KYN,0.3,1,2,False,False,True,False,2,12
2026-01-14,12137,Punjab Mail,NMD,1.7,1,2,False,False,True,False,3,12
2026-01-14,12137,Punjab Mail,MMR,12.2,1,2,False,False,True,False,4,12
2026-01-14,12137,Punjab Mail,BSL,11.9,1,2,False,False,True,False,5,12
2026-01-14,12137,Punjab Mail,ET,30.2,1,2,False,False,True,False,6,12
2026-01-14,12137,Punjab Mail,BPL,25.2,1,2,False,False,True,False,7,12
2026-01-14,12137,Punjab Mail,JHS,24.1,1,2,False,False,True,False,8,12
2026-01-14,12137,Punjab Mail,GWL,29.8,1,2,False,False,True,False,9,12
2026-01-14,12137,Punjab Mail,AGC,51.1,1,2,False,False,True,False,10,12
2026-01-14,12137,Punjab Mail,MTJ,55.3,1,2,False,False,True,False,11,12
2026-01-14,12137,Punjab Mail,NDLS,72.4,1,2,False,False,True,False,12,12
2026-01-14,12621,Tamil Nadu Express,CSMT,4.7,1,2,False,False,True,False,1,9
2026-01-14,12621,Tamil Nadu Express,KYN,4.4,1,2,False,False,True,False,2,9
2026-01-14,12621,Tamil Nadu Express,MMR,2.2,1,2,False,False,True,False,3,9
2026-01-14,12621,Tamil Nadu Express,BSL,5.5,1,2,False,False,True,False,4,9
2026-01-14,12621,Tamil Nadu Express,ET,15.0,1,2,False,False,True,False,5,9
2026-01-14,12621,Tamil Nadu Express,BPL,18.8,1,2,False,False,True,False,6,9
2026-01-14,12621,Tamil Nadu Express,JHS,25.9,1,2,False,False,True,False,7,9
2026-01-14,12621,Tamil Nadu Express,AGC,26.5,1,2,False,False,True,False,8,9
2026-01-14,12621,Tamil Nadu Express,NDLS,27.7,1,2,False,False,True,False,9,9
2026-01-14,12261,Mumbai Duronto Central,CSMT,5.1,1,2,False,False,True,False,1,2
2026-01-14,12261,Mumbai Duronto Central,NDLS,0.0,1,2,False,False,True,False,2,2
2026-01-14,12187,Mumbai Garib Rath,CSMT,0.6,1,2,False,False,True,False,1,7
2026-01-14,12187,Mumbai Garib Rath,KYN,0.0,1,2,False,False,True,False,2,7
2026-01-14,12187,Mumbai Garib Rath,BSL,4.8,1,2,False,False,True,False,3,7
2026-01-14,12187,Mumbai Garib Rath,BPL,0.0,1,2,False,False,True,False,4,7
2026-01-14,12187,Mumbai Garib Rath,JHS,5.1,1,2,False,False,True,False,5,7
2026-01-14,12187,Mumbai Garib Rath,GWL,11.6,1,2,False,False,True,False,6,7
2026-01-14,12187,Mumbai Garib Rath,NDLS,19.9,1,2,False,False,True,False,7,7
2026-01-13,12951,Mumbai Rajdhani,MMCT,0.0,1,1,False,False,True,False,1,5
2026-01-13,12951,Mumbai Rajdhani,BRC,0.0,1,1,False,False,True,False,2,5
2026-01-13,12951,Mumbai Rajdhani,KOTA,10.8,1,1,False,False,True,False,3,5
2026-01-13,12951,Mumbai Rajdhani,SWM,12.0,1,1,False,False,True,False,4,5
2026-01-13,12951,Mumbai Rajdhani,NDLS,18.2,1,1,False,False,True,False,5,5
2026-01-13,12953,August Kranti Rajdhani,MMCT,8.8,1,1,False,False,True,False,1,6
2026-01-13,12953,August Kranti Rajdhani,ST,13.0,1,1,False,False,True,False,2,6
2026-01-13,12953,August Kranti Rajdhani,BRC,15.0,1,1,False,False,True,False,3,6
2026-01-13,12953,August Kranti Rajdhani,RTM,19.6,1,1,False,False,True,False,4,6
2026-01-13,12953,August Kranti Rajdhani,KOTA,34.6,1,1,False,False,True,False,5,6
2026-01-13,12953,August Kranti Rajdhani,NDLS,39.0,1,1,False,False,True,False,6,6
2026-01-13,12267,Mumbai Duronto,MMCT,11.1,1,1,False,False,True,False,1,2
2026-01-13,12267,Mumbai Duronto,NDLS,8.3,1,1,False,False,True,False,2,2
2026-01-13,12903,Golden Temple Mail,MMCT,8.1,1,1,False,False,True,False,1,10
2026-01-13,12903,Golden Temple Mail,BVI,4.9,1,1,False,False,True,False,2,10
2026-01-13,12903,Golden Temple Mail,BL,16.7,1,1,False,False,True,False,3,10
2026-01-13,12903,Golden Temple Mail,ST,11.7,1,1,False,False,True,False,4,10
2026-01-13,12903,Golden Temple Mail,BRC,10.5,1,1,False,False,True,False,5,10
2026-01-13,12903,Golden Temple Mail,RTM,12.1,1,1,False,False,True,False,6,10
2026-01-13,12903,Golden Temple Mail,KOTA,19.6,1,1,False,False,True,False,7,10
2026-01-13,12903,Golden Temple Mail,SWM,34.9,1,1,False,False,True,False,8,10
2026-01-13,12903,Golden Temple Mail,MTJ,41.3,1,1,False,False,True,False,9,10
2026-01-13,12903,Golden Temple Mail,NDLS,48.6,1,1,False,False,True,False,10,10
2026-01-13,12925,Paschim Express,MMCT,7.5,1,1,False,False,True,False,1,9
2026-01-13,12925,Paschim Express,BVI,16.7,1,1,False,False,True,False,2,9
2026-01-13,12925,Paschim Express,ST,12.3,1,1,False,False,True,False,3,9
2026-01-13,12925,Paschim Express,BRC,8.6,1,1,False,False,True,False,4,9
2026-01-13,12925,Paschim Express,RTM,10.4,1,1,False,False,True,False,5,9
2026-01-13,12925,Paschim Express,KOTA,16.1,1,1,False,False,True,False,6,9
2026-01-13,12925,Paschim Express,SWM,11.1,1,1,False,False,True,False,7,9
2026-01-13,12925,Paschim Express,MTJ,20.5,1,1,False,False,True,False,8,9
2026-01-13,12925,Paschim Express,NDLS,27.9,1,1,False,False,True,False,9,9
2026-01-13,12909,Garib Rath,MMCT,14.9,1,1,False,False,True,False,1,6
2026-01-13,12909,Garib Rath,BVI,15.6,1,1,False,False,True,False,2,6
2026-01-13,12909,Garib Rath,ST,32.4,1,1,False,False,True,False,3,6
2026-01-13,12909,Garib Rath,BRC,53.5,1,1,False,False,True,False,4,6
2026-01-13,12909,Garib Rath,KOTA,62.9,1,1,False,False,True,False,5,6
2026-01-13,12909,Garib Rath,NDLS,105.6,1,1,False,False,True,False,6,6
2026-01-13,12137,Punjab Mail,CSMT,12.0,1,1,False,False,True,False,1,12
2026-01-13,12137,Punjab Mail,KYN,25.2,1,1,False,False,True,False,2,12
2026-01-13,12137,Punjab Mail,NMD,29.0,1,1,False,False,True,False,3,12
2026-01-13,12137,Punjab Mail,MMR,26.3,1,1,False,False,True,False,4,12
2026-01-13,12137,Punjab Mail,BSL,34.7,1,1,False,False,True,False,5,12
2026-01-13,12137,Punjab Mail,ET,40.6,1,1,False,False,True,False,6,12
2026-01-13,12137,Punjab Mail,BPL,46.9,1,1,False,False,True,False,7,12
2026-01-13,12137,Punjab Mail,JHS,68.9,1,1,False,False,True,False,8,12
2026-01-13,12137,Punjab Mail,GWL,74.1,1,1,False,False,True,False,9,12
2026-01-13,12137,Punjab Mail,AGC,69.1,1,1,False,False,True,False,10,12
2026-01-13,12137,Punjab Mail,MTJ,65.8,1,1,False,False,True,False,11,12
2026-01-13,12137,Punjab Mail,NDLS,63.8,1,1,False,False,True,False,12,12
2026-01-13,12621,Tamil Nadu Express,CSMT,0.7,1,1,False,False,True,False,1,9
2026-01-13,12621,Tamil Nadu Express,KYN,2.8,1,1,False,False,True,False,2,9
2026-01-13,12621,Tamil Nadu Express,MMR,5.7,1,1,False,False,True,False,3,9
2026-01-13,12621,Tamil Nadu Express,BSL,9.1,1,1,False,False,True,False,4,9
2026-01-13,12621,Tamil Nadu Express,ET,9.4,1,1,False,False,True,False,5,9
2026-01-13,12621,Tamil Nadu Express,BPL,5.1,1,1,False,False,True,False,6,9
2026-01-13,12621,Tamil Nadu Express,JHS,5.9,1,1,False,False,True,False,7,9
2026-01-13,12621,Tamil Nadu Express,AGC,4.4,1,1,False,False,True,False,8,9
2026-01-13,12621,Tamil Nadu Express,NDLS,14.9,1,1,False,False,True,False,9,9
2026-01-13,12261,Mumbai Duronto Central,CSMT,10.7,1,1,False,False,True,False,1,2
2026-01-13,12261,Mumbai Duronto Central,NDLS,10.6,1,1,False,False,True,False,2,2
2026-01-13,12187,Mumbai Garib Rath,CSMT,9.4,1,1,False,False,True,False,1,7
2026-01-13,12187,Mumbai Garib Rath,KYN,12.0,1,1,False,False,True,False,2,7
2026-01-13,12187,Mumbai Garib Rath,BSL,32.6,1,1,False,False,True,False,3,7
2026-01-13,12187,Mumbai Garib Rath,BPL,45.7,1,1,False,False,True,False,4,7
2026-01-13,12187,Mumbai Garib Rath,JHS,74.2,1,1,False,False,True,False,5,7
2026-01-13,12187,Mumbai Garib Rath,GWL,77.3,1,1,False,False,True,False,6,7
2026-01-13,12187,Mumbai Garib Rath,NDLS,76.0,1,1,False,False,True,False,7,7
2026-01-12,12951,Mumbai Rajdhani,MMCT,0.0,1,0,False,False,True,False,1,5
2026-01-12,12951,Mumbai Rajdhani,BRC,0.0,1,0,False,False,True,False,2,5
2026-01-12,12951,Mumbai Rajdhani,KOTA,7.3,1,0,False,False,True,False,3,5
2026-01-12,12951,Mumbai Rajdhani,SWM,6.9,1,0,False,False,True,False,4,5
2026-01-12,12951,Mumbai Rajdhani,NDLS,14.5,1,0,False,False,True,False,5,5
2026-01-12,12953,August Kranti Rajdhani,MMCT,2.8,1,0,False,False,True,False,1,6
2026-01-12,12953,August Kranti Rajdhani,ST,4.2,1,0,False,False,True,False,2,6
2026-01-12,12953,August Kranti Rajdhani,BRC,20.0,1,0,False,False,True,False,3,6
2026-01-12,12953,August Kranti Rajdhani,RTM,31.1,1,0,False,False,True,False,4,6
2026-01-12,12953,August Kranti Rajdhani,KOTA,43.9,1,0,False,False,True,False,5,6
2026-01-12,12953,August Kranti Rajdhani,NDLS,50.1,1,0,False,False,True,False,6,6
2026-01-12,12267,Mumbai Duronto,MMCT,0.0,1,0,False,False,True,False,1,2
2026-01-12,12267,Mumbai Duronto,NDLS,0.0,1,0,False,False,True,False,2,2
2026-01-12,12903,Golden Temple Mail,MMCT,4.7,1,0,False,False,True,False,1,10
2026-01-12,12903,Golden Temple Mail,BVI,5.6,1,0,False,False,True,False,2,10
2026-01-12,12903,Golden Temple Mail,BL,1.8,1,0,False,False,True,False,3,10
2026-01-12,12903,Golden Temple Mail,ST,9.8,1,0,False,False,True,False,4,10
2026-01-12,12903,Golden Temple Mail,BRC,14.7,1,0,False,False,True,False,5,10
2026-01-12,12903,Golden Temple Mail,RTM,26.9,1,0,False,False,True,False,6,10
2026-01-12,12903,Golden Temple Mail,KOTA,27.7,1,0,False,False,True,False,7,10
2026-01-12,12903,Golden Temple Mail,SWM,22.7,1,0,False,False,True,False,8,10
2026-01-12,12903,Golden Temple Mail,MTJ,33.5,1,0,False,False,True,False,9,10
2026-01-12,12903,Golden Temple Mail,NDLS,44.1,1,0,False,False,True,False,10,10
2026-01-12,12925,Paschim Express,MMCT,8.2,1,0,False,False,True,False,1,9
2026-01-12,12925,Paschim Express,BVI,4.0,1,0,False,False,True,False,2,9
2026-01-12,12925,Paschim Express,ST,0.0,1,0,False,False,True,False,3,9
2026-01-12,12925,Paschim Express,BRC,9.4,1,0,False,False,True,False,4,9
2026-01-12,12925,Paschim Express,RTM,14.0,1,0,False,False,True,False,5,9
2026-01-12,12925,Paschim Express,KOTA,22.1,1,0,False,False,True,False,6,9
2026-01-12,12925,Paschim Express,SWM,26.1,1,0,False,False,True,False,7,9
2026-01-12,12925,Paschim Express,MTJ,43.6,1,0,False,False,True,False,8,9
2026-01-12,12925,Paschim Express,NDLS,50.0,1,0,False,False,True,False,9,9
2026-01-12,12909,Garib Rath,MMCT,6.3,1,0,False,False,True,False,1,6
2026-01-12,12909,Garib Rath,BVI,4.3,1,0,False,False,True,False,2,6
2026-01-12,12909,Garib Rath,ST,13.1,1,0,False,False,True,False,3,6
2026-01-12,12909,Garib Rath,BRC,23.7,1,0,False,False,True,False,4,6
2026-01-12,12909,Garib Rath,KOTA,35.0,1,0,False,False,True,False,5,6
2026-01-12,12909,Garib Rath,NDLS,32.4,1,0,False,False,True,False,6,6
2026-01-12,12137,Punjab Mail,CSMT,0.0,1,0,False,False,True,False,1,12
2026-01-12,12137,Punjab Mail,KYN,18.2,1,0,False,False,True,False,2,12
2026-01-12,12137,Punjab Mail,NMD,15.8,1,0,False,False,True,False,3,12
2026-01-12,12137,Punjab Mail,MMR,23.2,1,0,False,False,True,False,4,12
2026-01-12,12137,Punjab Mail,BSL,30.5,1,0,False,False,True,False,5,12
2026-01-12,12137,Punjab Mail,ET,47.3,1,0,False,False,True,False,6,12
2026-01-12,12137,Punjab Mail,BPL,55.1,1,0,False,False,True,False,7,12
2026-01-12,12137,Punjab Mail,JHS,62.4,1,0,False,False,True,False,8,12
2026-01-12,12137,Punjab Mail,GWL,70.4,1,0,False,False,True,False,9,12
2026-01-12,12137,Punjab Mail,AGC,72.4,1,0,False,False,True,False,10,12
2026-01-12,12137,Punjab Mail,MTJ,74.4,1,0,False,False,True,False,11,12
2026-01-12,12137,Punjab Mail,NDLS,85.6,1,0,False,False,True,False,12,12
2026-01-12,12621,Tamil Nadu Express,CSMT,6.4,1,0,False,False,True,False,1,9
2026-01-12,12621,Tamil Nadu Express,KYN,0.0,1,0,False,False,True,False,2,9
2026-01-12,12621,Tamil Nadu Express,MMR,0.0,1,0,False,False,True,False,3,9
2026-01-12,12621,Tamil Nadu Express,BSL,6.0,1,0,False,False,True,False,4,9
2026-01-12,12621,Tamil Nadu Express,ET,25.6,1,0,False,False,True,False,5,9
2026-01-12,12621,Tamil Nadu Express,BPL,21.0,1,0,False,False,True,False,6,9
2026-01-12,12621,Tamil Nadu Express,JHS,24.2,1,0,False,False,True,False,7,9
2026-01-12,12621,Tamil Nadu Express,AGC,19.2,1,0,False,False,True,False,8,9
2026-01-12,12621,Tamil Nadu Express,NDLS,27.1,1,0,False,False,True,False,9,9
2026-01-12,12261,Mumbai Duronto Central,CSMT,10.2,1,0,False,False,True,False,1,2
2026-01-12,12261,Mumbai Duronto Central,NDLS,15.7,1,0,False,False,True,False,2,2
2026-01-12,12187,Mumbai Garib Rath,CSMT,7.8,1,0,False,False,True,False,1,7
2026-01-12,12187,Mumbai Garib Rath,KYN,0.0,1,0,False,False,True,False,2,7
2026-01-12,12187,Mumbai Garib Rath,BSL,12.6,1,0,False,False,True,False,3,7
2026-01-12,12187,Mumbai Garib Rath,BPL,29.7,1,0,False,False,True,False,4,7
2026-01-12,12187,Mumbai Garib Rath,JHS,38.5,1,0,False,False,True,False,5,7
2026-01-12,12187,Mumbai Garib Rath,GWL,41.1,1,0,False,False,True,False,6,7
2026-01-12,12187,Mumbai Garib Rath,NDLS,38.8,1,0,False,False,True,False,7,7
2026-01-11,12951,Mumbai Rajdhani,MMCT,7.2,1,6,True,False,True,False,1,5
2026-01-11,12951,Mumbai Rajdhani,BRC,6.7,1,6,True,False,True,False,2,5
2026-01-11,12951,Mumbai Rajdhani,KOTA,21.1,1,6,True,False,True,False,3,5
2026-01-11,12951,Mumbai Rajdhani,SWM,19.6,1,6,True,False,True,False,4,5
2026-01-11,12951,Mumbai Rajdhani,NDLS,30.7,1,6,True,False,True,False,5,5
2026-01-11,12953,August Kranti Rajdhani,MMCT,2.3,1,6,True,False,True,False,1,6
2026-01-11,12953,August Kranti Rajdhani,ST,0.0,1,6,True,False,True,False,2,6
2026-01-11,12953,August Kranti Rajdhani,BRC,12.6,1,6,True,False,True,False,3,6
2026-01-11,12953,August Kranti Rajdhani,RTM,7.8,1,6,True,False,True,False,4,6
2026-01-11,12953,August Kranti Rajdhani,KOTA,17.0,1,6,True,False,True,False,5,6
2026-01-11,12953,August Kranti Rajdhani,NDLS,33.3,1,6,True,False,True,False,6,6
2026-01-11,12267,Mumbai Duronto,MMCT,0.7,1,6,True,False,True,False,1,2
2026-01-11,12267,Mumbai Duronto,NDLS,14.0,1,6,True,False,True,False,2,2
2026-01-11,12903,Golden Temple Mail,MMCT,3.9,1,6,True,False,True,False,1,10
2026-01-11,12903,Golden Temple Mail,BVI,0.0,1,6,True,False,True,False,2,10
2026-01-11,12903,Golden Temple Mail,BL,14.4,1,6,True,False,True,False,3,10
2026-01-11,12903,Golden Temple Mail,ST,17.5,1,6,True,False,True,False,4,10
2026-01-11,12903,Golden Temple Mail,BRC,15.8,1,6,True,False,True,False,5,10
2026-01-11,12903,Golden Temple Mail,RTM,15.1,1,6,True,False,True,False,6,10
2026-01-11,12903,Golden Temple Mail,KOTA,14.5,1,6,True,False,True,False,7,10
2026-01-11,12903,Golden Temple Mail,SWM,9.5,1,6,True,False,True,False,8,10
2026-01-11,12903,Golden Temple Mail,MTJ,8.4,1,6,True,False,True,False,9,10
2026-01-11,12903,Golden Temple Mail,NDLS,16.3,1,6,True,False,True,False,10,10
2026-01-11,12925,Paschim Express,MMCT,2.0,1,6,True,False,True,False,1,9
2026-01-11,12925,Paschim Express,BVI,6.0,1,6,True,False,True,False,2,9
2026-01-11,12925,Paschim Express,ST,3.7,1,6,True,False,True,False,3,9
2026-01-11,12925,Paschim Express,BRC,20.7,1,6,True,False,True,False,4,9
2026-01-11,12925,Paschim Express,RTM,28.2,1,6,True,False,True,False,5,9
2026-01-11,12925,Paschim Express,KOTA,31.3,1,6,True,False,True,False,6,9
2026-01-11,12925,Paschim Express,SWM,26.3,1,6,True,False,True,False,7,9
2026-01-11,12925,Paschim Express,MTJ,27.7,1,6,True,False,True,False,8,9
2026-01-11,12925,Paschim Express,NDLS,32.4,1,6,True,False,True,False,9,9
2026-01-11,12909,Garib Rath,MMCT,5.3,1,6,True,False,True,False,1,6
2026-01-11,12909,Garib Rath,BVI,0.0,1,6,True,False,True,False,2,6
2026-01-11,12909,Garib Rath,ST,0.0,1,6,True,False,True,False,3,6
2026-01-11,12909,Garib Rath,BRC,8.5,1,6,True,False,True,False,4,6
2026-01-11,12909,Garib Rath,KOTA,7.9,1,6,True,False,True,False,5,6
2026-01-11,12909,Garib Rath,NDLS,10.4,1,6,True,False,True,False,6,6
2026-01-11,12137,Punjab Mail,CSMT,13.8,1,6,True,False,True,False,1,12
2026-01-11,12137,Punjab Mail,KYN,20.7,1,6,True,False,True,False,2,12
2026-01-11,12137,Punjab Mail,NMD,15.7,1,6,True,False,True,False,3,12
2026-01-11,12137,Punjab Mail,MMR,40.5,1,6,True,False,True,False,4,12
2026-01-11,12137,Punjab Mail,BSL,37.0,1,6,True,False,True,False,5,12
2026-01-11,12137,Punjab Mail,ET,35.5,1,6,True,False,True,False,6,12
2026-01-11,12137,Punjab Mail,BPL,36.5,1,6,True,False,True,False,7,12
2026-01-11,12137,Punjab Mail,JHS,51.2,1,6,True,False,True,False,8,12
2026-01-11,12137,Punjab Mail,GWL,58.7,1,6,True,False,True,False,9,12
2026-01-11,12137,Punjab Mail,AGC,64.5,1,6,True,False,True,False,10,12
2026-01-11,12137,Punjab Mail,MTJ,75.9,1,6,True,False,True,False,11,12
2026-01-11,12137,Punjab Mail,NDLS,81.9,1,6,True,False,True,False,12,12
2026-01-11,12621,Tamil Nadu Express,CSMT,17.6,1,6,True,False,True,False,1,9
2026-01-11,12621,Tamil Nadu Express,KYN,13.3,1,6,True,False,True,False,2,9
2026-01-11,12621,Tamil Nadu Express,MMR,30.3,1,6,True,False,True,False,3,9
2026-01-11,12621,Tamil Nadu Express,BSL,33.3,1,6,True,False,True,False,4,9
2026-01-11,12621,Tamil Nadu Express,ET,46.2,1,6,True,False,True,False,5,9
2026-01-11,12621,Tamil Nadu Express,BPL,58.6,1,6,True,False,True,False,6,9
2026-01-11,12621,Tamil Nadu Express,JHS,62.4,1,6,True,False,True,False,7,9
2026-01-11,12621,Tamil Nadu Express,AGC,59.9,1,6,True,False,True,False,8,9
2026-01-11,12621,Tamil Nadu Express,NDLS,72.8,1,6,True,False,True,False,9,9
2026-01-11,12261,Mumbai Duronto Central,CSMT,0.0,1,6,True,False,True,False,1,2
2026-01-11,12261,Mumbai Duronto Central,NDLS,1.6,1,6,True,False,True,False,2,2
2026-01-11,12187,Mumbai Garib Rath,CSMT,1.6,1,6,True,False,True,False,1,7
2026-01-11,12187,Mumbai Garib Rath,KYN,0.0,1,6,True,False,True,False,2,7
2026-01-11,12187,Mumbai Garib Rath,BSL,15.0,1,6,True,False,True,False,3,7
2026-01-11,12187,Mumbai Garib Rath,BPL,23.4,1,6,True,False,True,False,4,7
2026-01-11,12187,Mumbai Garib Rath,JHS,52.7,1,6,True,False,True,False,5,7
2026-01-11,12187,Mumbai Garib Rath,GWL,54.8,1,6,True,False,True,False,6,7
2026-01-11,12187,Mumbai Garib Rath,NDLS,50.9,1,6,True,False,True,False,7,7
2026-01-10,12951,Mumbai Rajdhani,MMCT,0.0,1,5,True,False,True,False,1,5
2026-01-10,12951,Mumbai Rajdhani,BRC,0.0,1,5,True,False,True,False,2,5
2026-01-10,12951,Mumbai Rajdhani,KOTA,2.7,1,5,True,False,True,False,3,5
2026-01-10,12951,Mumbai Rajdhani,SWM,3.0,1,5,True,False,True,False,4,5
2026-01-10,12951,Mumbai Rajdhani,NDLS,11.8,1,5,True,False,True,False,5,5
2026-01-10,12953,August Kranti Rajdhani,MMCT,5.8,1,5,True,False,True,False,1,6
2026-01-10,12953,August Kranti Rajdhani,ST,0.6,1,5,True,False,True,False,2,6
2026-01-10,12953,August Kranti Rajdhani,BRC,0.0,1,5,True,False,True,False,3,6
2026-01-10,12953,August Kranti Rajdhani,RTM,0.0,1,5,True,False,True,False,4,6
2026-01-10,12953,August Kranti Rajdhani,KOTA,0.0,1,5,True,False,True,False,5,6
2026-01-10,12953,August Kranti Rajdhani,NDLS,0.0,1,5,True,False,True,False,6,6
2026-01-10,12267,Mumbai Duronto,MMCT,15.6,1,5,True,False,True,False,1,2
2026-01-10,12267,Mumbai Duronto,NDLS,14.5,1,5,True,False,True,False,2,2
2026-01-10,12903,Golden Temple Mail,MMCT,15.3,1,5,True,False,True,False,1,10
2026-01-10,12903,Golden Temple Mail,BVI,16.3,1,5,True,False,True,False,2,10
2026-01-10,12903,Golden Temple Mail,BL,14.1,1,5,True,False,True,False,3,10
2026-01-10,12903,Golden Temple Mail,ST,13.1,1,5,True,False,True,False,4,10
2026-01-10,12903,Golden Temple Mail,BRC,32.3,1,5,True,False,True,False,5,10
2026-01-10,12903,Golden Temple Mail,RTM,36.0,1,5,True,False,True,False,6,10
2026-01-10,12903,Golden Temple Mail,KOTA,34.3,1,5,True,False,True,False,7,10
2026-01-10,12903,Golden Temple Mail,SWM,30.9,1,5,True,False,True,False,8,10
2026-01-10,12903,Golden Temple Mail,MTJ,43.9,1,5,True,False,True,False,9,10
2026-01-10,12903,Golden Temple Mail,NDLS,51.9,1,5,True,False,True,False,10,10
2026-01-10,12925,Paschim Express,MMCT,6.0,1,5,True,False,True,False,1,9
2026-01-10,12925,Paschim Express,BVI,6.0,1,5,True,False,True,False,2,9
2026-01-10,12925,Paschim Express,ST,1.0,1,5,True,False,True,False,3,9
2026-01-10,12925,Paschim Express,BRC,17.7,1,5,True,False,True,False,4,9
2026-01-10,12925,Paschim Express,RTM,17.1,1,5,True,False,True,False,5,9
2026-01-10,12925,Paschim Express,KOTA,27.3,1,5,True,False,True,False,6,9
2026-01-10,12925,Paschim Express,SWM,22.3,1,5,True,False,True,False,7,9
2026-01-10,12925,Paschim Express,MTJ,24.8,1,5,True,False,True,False,8,9
2026-01-10,12925,Paschim Express,NDLS,32.5,1,5,True,False,True,False,9,9
2026-01-10,12909,Garib Rath,MMCT,0.0,1,5,True,False,True,False,1,6
2026-01-10,12909,Garib Rath,BVI,1.4,1,5,True,False,True,False,2,6
2026-01-10,12909,Garib Rath,ST,8.1,1,5,True,False,True,False,3,6
2026-01-10,12909,Garib Rath,BRC,9.7,1,5,True,False,True,False,4,6
2026-01-10,12909,Garib Rath,KOTA,44.8,1,5,True,False,True,False,5,6
2026-01-10,12909,Garib Rath,NDLS,47.1,1,5,True,False,True,False,6,6
2026-01-10,12137,Punjab Mail,CSMT,10.2,1,5,True,False,True,False,1,12
2026-01-10,12137,Punjab Mail,KYN,1.2,1,5,True,False,True,False,2,12
2026-01-10,12137,Punjab Mail,NMD,6.9,1,5,True,False,True,False,3,12
2026-01-10,12137,Punjab Mail,MMR,17.1,1,5,True,False,True,False,4,12
2026-01-10,12137,Punjab Mail,BSL,29.0,1,5,True,False,True,False,5,12
2026-01-10,12137,Punjab Mail,ET,35.4,1,5,True,False,True,False,6,12
2026-01-10,12137,Punjab Mail,BPL,30.8,1,5,True,False,True,False,7,12
2026-01-10,12137,Punjab Mail,JHS,35.4,1,5,True,False,True,False,8,12
2026-01-10,12137,Punjab Mail,GWL,40.2,1,5,True,False,True,False,9,12
2026-01-10,12137,Punjab Mail,AGC,38.5,1,5,True,False,True,False,10,12
2026-01-10,12137,Punjab Mail,MTJ,51.8,1,5,True,False,True,False,11,12
2026-01-10,12137,Punjab Mail,NDLS,84.5,1,5,True,False,True,False,12,12
2026-01-10,12621,Tamil Nadu Express,CSMT,1.3,1,5,True,False,True,False,1,9
2026-01-10,12621,Tamil Nadu Express,KYN,20.3,1,5,True,False,True,False,2,9
2026-01-10,12621,Tamil Nadu Express,MMR,27.7,1,5,True,False,True,False,3,9
2026-01-10,12621,Tamil Nadu Express,BSL,41.4,1,5,True,False,True,False,4,9
2026-01-10,12621,Tamil Nadu Express,ET,44.0,1,5,True,False,True,False,5,9
2026-01-10,12621,Tamil Nadu Express,BPL,41.0,1,5,True,False,True,False,6,9
2026-01-10,12621,Tamil Nadu Express,JHS,49.7,1,5,True,False,True,False,7,9
2026-01-10,12621,Tamil Nadu Express,AGC,44.7,1,5,True,False,True,False,8,9
2026-01-10,12621,Tamil Nadu Express,NDLS,55.3,1,5,True,False,True,False,9,9
2026-01-10,12261,Mumbai Duronto Central,CSMT,7.3,1,5,True,False,True,False,1,2
2026-01-10,12261,Mumbai Duronto Central,NDLS,0.0,1,5,True,False,True,False,2,2
2026-01-10,12187,Mumbai Garib Rath,CSMT,7.8,1,5,True,False,True,False,1,7
2026-01-10,12187,Mumbai Garib Rath,KYN,1.1,1,5,True,False,True,False,2,7
2026-01-10,12187,Mumbai Garib Rath,BSL,6.1,1,5,True,False,True,False,3,7
2026-01-10,12187,Mumbai Garib Rath,BPL,13.5,1,5,True,False,True,False,4,7
2026-01-10,12187,Mumbai Garib Rath,JHS,8.9,1,5,True,False,True,False,5,7
2026-01-10,12187,Mumbai Garib Rath,GWL,8.7,1,5,True,False,True,False,6,7
2026-01-10,12187,Mumbai Garib Rath,NDLS,26.2,1,5,True,False,True,False,7,7
2026-01-09,12951,Mumbai Rajdhani,MMCT,13.1,1,4,False,False,True,False,1,5
2026-01-09,12951,Mumbai Rajdhani,BRC,18.4,1,4,False,False,True,False,2,5
2026-01-09,12951,Mumbai Rajdhani,KOTA,49.4,1,4,False,False,True,False,3,5
2026-01-09,12951,Mumbai Rajdhani,SWM,68.6,1,4,False,False,True,False,4,5
2026-01-09,12951,Mumbai Rajdhani,NDLS,88.4,1,4,False,False,True,False,5,5
2026-01-09,12953,August Kranti Rajdhani,MMCT,4.2,1,4,False,False,True,False,1,6
2026-01-09,12953,August Kranti Rajdhani,ST,18.2,1,4,False,False,True,False,2,6
2026-01-09,12953,August Kranti Rajdhani,BRC,22.0,1,4,False,False,True,False,3,6
2026-01-09,12953,August Kranti Rajdhani,RTM,42.4,1,4,False,False,True,False,4,6
2026-01-09,12953,August Kranti Rajdhani,KOTA,37.6,1,4,False,False,True,False,5,6
2026-01-09,12953,August Kranti Rajdhani,NDLS,47.8,1,4,False,False,True,False,6,6
2026-01-09,12267,Mumbai Duronto,MMCT,7.4,1,4,False,False,True,False,1,2
2026-01-09,12267,Mumbai Duronto,NDLS,3.6,1,4,False,False,True,False,2,2
2026-01-09,12903,Golden Temple Mail,MMCT,2.8,1,4,False,False,True,False,1,10
2026-01-09,12903,Golden Temple Mail,BVI,14.1,1,4,False,False,True,False,2,10
2026-01-09,12903,Golden Temple Mail,BL,24.6,1,4,False,False,True,False,3,10
2026-01-09,12903,Golden Temple Mail,ST,23.5,1,4,False,False,True,False,4,10
2026-01-09,12903,Golden Temple Mail,BRC,33.0,1,4,False,False,True,False,5,10
2026-01-09,12903,Golden Temple Mail,RTM,38.0,1,4,False,False,True,False,6,10
2026-01-09,12903,Golden Temple Mail,KOTA,46.2,1,4,False,False,True,False,7,10
2026-01-09,12903,Golden Temple Mail,SWM,53.1,1,4,False,False,True,False,8,10
2026-01-09,12903,Golden Temple Mail,MTJ,58.2,1,4,False,False,True,False,9,10
2026-01-09,12903,Golden Temple Mail,NDLS,61.9,1,4,False,False,True,False,10,10
2026-01-09,12925,Paschim Express,MMCT,2.8,1,4,False,False,True,False,1,9
2026-01-09,12925,Paschim Express,BVI,0.2,1,4,False,False,True,False,2,9
2026-01-09,12925,Paschim Express,ST,0.0,1,4,False,False,True,False,3,9
2026-01-09,12925,Paschim Express,BRC,12.2,1,4,False,False,True,False,4,9
2026-01-09,12925,Paschim Express,RTM,22.3,1,4,False,False,True,False,5,9
2026-01-09,12925,Paschim Express,KOTA,17.3,1,4,False,False,True,False,6,9
2026-01-09,12925,Paschim Express,SWM,26.1,1,4,False,False,True,False,7,9
2026-01-09,12925,Paschim Express,MTJ,46.2,1,4,False,False,True,False,8,9
2026-01-09,12925,Paschim Express,NDLS,58.4,1,4,False,False,True,False,9,9
2026-01-09,12909,Garib Rath,MMCT,4.7,1,4,False,False,True,False,1,6
2026-01-09,12909,Garib Rath,BVI,0.0,1,4,False,False,True,False,2,6
2026-01-09,12909,Garib Rath,ST,0.7,1,4,False,False,True,False,3,6
2026-01-09,12909,Garib Rath,BRC,0.2,1,4,False,False,True,False,4,6
2026-01-09,12909,Garib Rath,KOTA,16.7,1,4,False,False,True,False,5,6
2026-01-09,12909,Garib Rath,NDLS,13.8,1,4,False,False,True,False,6,6
2026-01-09,12137,Punjab Mail,CSMT,15.4,1,4,False,False,True,False,1,12
2026-01-09,12137,Punjab Mail,KYN,22.2,1,4,False,False,True,False,2,12
2026-01-09,12137,Punjab Mail,NMD,20.5,1,4,False,False,True,False,3,12
2026-01-09,12137,Punjab Mail,MMR,52.3,1,4,False,False,True,False,4,12
2026-01-09,12137,Punjab Mail,BSL,62.2,1,4,False,False,True,False,5,12
2026-01-09,12137,Punjab Mail,ET,79.0,1,4,False,False,True,False,6,12
2026-01-09,12137,Punjab Mail,BPL,82.2,1,4,False,False,True,False,7,12
2026-01-09,12137,Punjab Mail,JHS,79.0,1,4,False,False,True,False,8,12
2026-01-09,12137,Punjab Mail,GWL,74.5,1,4,False,False,True,False,9,12
2026-01-09,12137,Punjab Mail,AGC,80.7,1,4,False,False,True,False,10,12
2026-01-09,12137,Punjab Mail,MTJ,103.4,1,4,False,False,True,False,11,12
2026-01-09,12137,Punjab Mail,NDLS,115.7,1,4,False,False,True,False,12,12
2026-01-09,12621,Tamil Nadu Express,CSMT,2.4,1,4,False,False,True,False,1,9
2026-01-09,12621,Tamil Nadu Express,KYN,27.5,1,4,False,False,True,False,2,9
2026-01-09,12621,Tamil Nadu Express,MMR,22.9,1,4,False,False,True,False,3,9
2026-01-09,12621,Tamil Nadu Express,BSL,18.2,1,4,False,False,True,False,4,9
2026-01-09,12621,Tamil Nadu Express,ET,18.3,1,4,False,False,True,False,5,9
2026-01-09,12621,Tamil Nadu Express,BPL,18.6,1,4,False,False,True,False,6,9
2026-01-09,12621,Tamil Nadu Express,JHS,23.9,1,4,False,False,True,False,7,9
2026-01-09,12621,Tamil Nadu Express,AGC,32.3,1,4,False,False,True,False,8,9
2026-01-09,12621,Tamil Nadu Express,NDLS,30.9,1,4,False,False,True,False,9,9
2026-01-09,12261,Mumbai Duronto Central,CSMT,2.1,1,4,False,False,True,False,1,2
2026-01-09,12261,Mumbai Duronto Central,NDLS,1.2,1,4,False,False,True,False,2,2
2026-01-09,12187,Mumbai Garib Rath,CSMT,0.0,1,4,False,False,True,False,1,7
2026-01-09,12187,Mumbai Garib Rath,KYN,16.2,1,4,False,False,True,False,2,7
2026-01-09,12187,Mumbai Garib Rath,BSL,24.2,1,4,False,False,True,False,3,7
2026-01-09,12187,Mumbai Garib Rath,BPL,19.2,1,4,False,False,True,False,4,7
2026-01-09,12187,Mumbai Garib Rath,JHS,27.0,1,4,False,False,True,False,5,7
2026-01-09,12187,Mumbai Garib Rath,GWL,26.2,1,4,False,False,True,False,6,7
2026-01-09,12187,Mumbai Garib Rath,NDLS,21.3,1,4,False,False,True,False,7,7
2026-01-08,12951,Mumbai Rajdhani,MMCT,1.6,1,3,False,False,True,False,1,5
2026-01-08,12951,Mumbai Rajdhani,BRC,14.3,1,3,False,False,True,False,2,5
2026-01-08,12951,Mumbai Rajdhani,KOTA,12.5,1,3,False,False,True,False,3,5
2026-01-08,12951,Mumbai Rajdhani,SWM,13.7,1,3,False,False,True,False,4,5
2026-01-08,12951,Mumbai Rajdhani,NDLS,29.0,1,3,False,False,True,False,5,5
2026-01-08,12953,August Kranti Rajdhani,MMCT,1.1,1,3,False,False,True,False,1,6
2026-01-08,12953,August Kranti Rajdhani,ST,3.6,1,3,False,False,True,False,2,6
2026-01-08,12953,August Kranti Rajdhani,BRC,10.6,1,3,False,False,True,False,3,6
2026-01-08,12953,August Kranti Rajdhani,RTM,7.1,1,3,False,False,True,False,4,6
2026-01-08,12953,August Kranti Rajdhani,KOTA,14.1,1,3,False,False,True,False,5,6
2026-01-08,12953,August Kranti Rajdhani,NDLS,19.6,1,3,False,False,True,False,6,6
2026-01-08,12267,Mumbai Duronto,MMCT,6.2,1,3,False,False,True,False,1,2
2026-01-08,12267,Mumbai Duronto,NDLS,15.7,1,3,False,False,True,False,2,2
2026-01-08,12903,Golden Temple Mail,MMCT,11.2,1,3,False,False,True,False,1,10
2026-01-08,12903,Golden Temple Mail,BVI,2.8,1,3,False,False,True,False,2,10
2026-01-08,12903,Golden Temple Mail,BL,0.0,1,3,False,False,True,False,3,10
2026-01-08,12903,Golden Temple Mail,ST,0.0,1,3,False,False,True,False,4,10
2026-01-08,12903,Golden Temple Mail,BRC,13.9,1,3,False,False,True,False,5,10
2026-01-08,12903,Golden Temple Mail,RTM,21.2,1,3,False,False,True,False,6,10
2026-01-08,12903,Golden Temple Mail,KOTA,29.4,1,3,False,False,True,False,7,10
2026-01-08,12903,Golden Temple Mail,SWM,27.3,1,3,False,False,True,False,8,10
2026-01-08,12903,Golden Temple Mail,MTJ,33.6,1,3,False,False,True,False,9,10
2026-01-08,12903,Golden Temple Mail,NDLS,48.7,1,3,False,False,True,False,10,10
2026-01-08,12925,Paschim Express,MMCT,11.4,1,3,False,False,True,False,1,9
2026-01-08,12925,Paschim Express,BVI,3.9,1,3,False,False,True,False,2,9
2026-01-08,12925,Paschim Express,ST,9.6,1,3,False,False,True,False,3,9
2026-01-08,12925,Paschim Express,BRC,11.8,1,3,False,False,True,False,4,9
2026-01-08,12925,Paschim Express,RTM,21.9,1,3,False,False,True,False,5,9
2026-01-08,12925,Paschim Express,KOTA,25.3,1,3,False,False,True,False,6,9
2026-01-08,12925,Paschim Express,SWM,22.6,1,3,False,False,True,False,7,9
2026-01-08,12925,Paschim Express,MTJ,43.7,1,3,False,False,True,False,8,9
2026-01-08,12925,Paschim Express,NDLS,42.5,1,3,False,False,True,False,9,9
2026-01-08,12909,Garib Rath,MMCT,2.9,1,3,False,False,True,False,1,6
2026-01-08,12909,Garib Rath,BVI,0.0,1,3,False,False,True,False,2,6
2026-01-08,12909,Garib Rath,ST,18.9,1,3,False,False,True,False,3,6
2026-01-08,12909,Garib Rath,BRC,28.9,1,3,False,False,True,False,4,6
2026-01-08,12909,Garib Rath,KOTA,37.3,1,3,False,False,True,False,5,6
2026-01-08,12909,Garib Rath,NDLS,43.2,1,3,False,False,True,False,6,6
2026-01-08,12137,Punjab Mail,CSMT,15.8,1,3,False,False,True,False,1,12
2026-01-08,12137,Punjab Mail,KYN,2.8,1,3,False,False,True,False,2,12
2026-01-08,12137,Punjab Mail,NMD,15.7,1,3,False,False,True,False,3,12
2026-01-08,12137,Punjab Mail,MMR,19.8,1,3,False,False,True,False,4,12
2026-01-08,12137,Punjab Mail,BSL,18.8,1,3,False,False,True,False,5,12
2026-01-08,12137,Punjab Mail,ET,38.7,1,3,False,False,True,False,6,12
2026-01-08,12137,Punjab Mail,BPL,34.3,1,3,False,False,True,False,7,12
2026-01-08,12137,Punjab Mail,JHS,53.2,1,3,False,False,True,False,8,12
2026-01-08,12137,Punjab Mail,GWL,73.0,1,3,False,False,True,False,9,12
2026-01-08,12137,Punjab Mail,AGC,79.6,1,3,False,False,True,False,10,12
2026-01-08,12137,Punjab Mail,MTJ,77.2,1,3,False,False,True,False,11,12
2026-01-08,12137,Punjab Mail,NDLS,77.0,1,3,False,False,True,False,12,12
2026-01-08,12621,Tamil Nadu Express,CSMT,0.4,1,3,False,False,True,False,1,9
2026-01-08,12621,Tamil Nadu Express,KYN,6.3,1,3,False,False,True,False,2,9
2026-01-08,12621,Tamil Nadu Express,MMR,22.4,1,3,False,False,True,False,3,9
2026-01-08,12621,Tamil Nadu Express,BSL,29.6,1,3,False,False,True,False,4,9
2026-01-08,12621,Tamil Nadu Express,ET,36.6,1,3,False,False,True,False,5,9
2026-01-08,12621,Tamil Nadu Express,BPL,53.1,1,3,False,False,True,False,6,9
2026-01-08,12621,Tamil Nadu Express,JHS,68.5,1,3,False,False,True,False,7,9
2026-01-08,12621,Tamil Nadu Express,AGC,76.6,1,3,False,False,True,False,8,9
2026-01-08,12621,Tamil Nadu Express,NDLS,79.1,1,3,False,False,True,False,9,9
2026-01-08,12261,Mumbai Duronto Central,CSMT,3.0,1,3,False,False,True,False,1,2
2026-01-08,12261,Mumbai Duronto Central,NDLS,0.4,1,3,False,False,True,False,2,2
2026-01-08,12187,Mumbai Garib Rath,CSMT,0.0,1,3,False,False,True,False,1,7
2026-01-08,12187,Mumbai Garib Rath,KYN,2.8,1,3,False,False,True,False,2,7
2026-01-08,12187,Mumbai Garib Rath,BSL,6.4,1,3,False,False,True,False,3,7
2026-01-08,12187,Mumbai Garib Rath,BPL,10.0,1,3,False,False,True,False,4,7
2026-01-08,12187,Mumbai Garib Rath,JHS,11.0,1,3,False,False,True,False,5,7
2026-01-08,12187,Mumbai Garib Rath,GWL,19.7,1,3,False,False,True,False,6,7
2026-01-08,12187,Mumbai Garib Rath,NDLS,28.0,1,3,False,False,True,False,7,7
2026-01-07,12951,Mumbai Rajdhani,MMCT,14.1,1,2,False,False,True,False,1,5
2026-01-07,12951,Mumbai Rajdhani,BRC,34.4,1,2,False,False,True,False,2,5
2026-01-07,12951,Mumbai Rajdhani,KOTA,59.7,1,2,False,False,True,False,3,5
2026-01-07,12951,Mumbai Rajdhani,SWM,55.3,1,2,False,False,True,False,4,5
2026-01-07,12951,Mumbai Rajdhani,NDLS,84.3,1,2,False,False,True,False,5,5
2026-01-07,12953,August Kranti Rajdhani,MMCT,3.2,1,2,False,False,True,False,1,6
2026-01-07,12953,August Kranti Rajdhani,ST,0.0,1,2,False,False,True,False,2,6
2026-01-07,12953,August Kranti Rajdhani,BRC,3.0,1,2,False,False,True,False,3,6
2026-01-07,12953,August Kranti Rajdhani,RTM,21.0,1,2,False,False,True,False,4,6
2026-01-07,12953,August Kranti Rajdhani,KOTA,23.8,1,2,False,False,True,False,5,6
2026-01-07,12953,August Kranti Rajdhani,NDLS,30.7,1,2,False,False,True,False,6,6
2026-01-07,12267,Mumbai Duronto,MMCT,0.0,1,2,False,False,True,False,1,2
2026-01-07,12267,Mumbai Duronto,NDLS,10.9,1,2,False,False,True,False,2,2
2026-01-07,12903,Golden Temple Mail,MMCT,7.7,1,2,False,False,True,False,1,10
2026-01-07,12903,Golden Temple Mail,BVI,8.2,1,2,False,False,True,False,2,10
2026-01-07,12903,Golden Temple Mail,BL,9.7,1,2,False,False,True,False,3,10
2026-01-07,12903,Golden Temple Mail,ST,25.2,1,2,False,False,True,False,4,10
2026-01-07,12903,Golden Temple Mail,BRC,26.9,1,2,False,False,True,False,5,10
2026-01-07,12903,Golden Temple Mail,RTM,46.8,1,2,False,False,True,False,6,10
2026-01-07,12903,Golden Temple Mail,KOTA,54.5,1,2,False,False,True,False,7,10
2026-01-07,12903,Golden Temple Mail,SWM,65.1,1,2,False,False,True,False,8,10
2026-01-07,12903,Golden Temple Mail,MTJ,79.0,1,2,False,False,True,False,9,10
2026-01-07,12903,Golden Temple Mail,NDLS,83.8,1,2,False,False,True,False,10,10
2026-01-07,12925,Paschim Express,MMCT,5.8,1,2,False,False,True,False,1,9
2026-01-07,12925,Paschim Express,BVI,3.1,1,2,False,False,True,False,2,9
2026-01-07,12925,Paschim Express,ST,0.5,1,2,False,False,True,False,3,9
2026-01-07,12925,Paschim Express,BRC,11.4,1,2,False,False,True,False,4,9
2026-01-07,12925,Paschim Express,RTM,7.8,1,2,False,False,True,False,5,9
2026-01-07,12925,Paschim Express,KOTA,13.2,1,2,False,False,True,False,6,9
2026-01-07,12925,Paschim Express,SWM,9.2,1,2,False,False,True,False,7,9
2026-01-07,12925,Paschim Express,MTJ,19.3,1,2,False,False,True,False,8,9
2026-01-07,12925,Paschim Express,NDLS,19.4,1,2,False,False,True,False,9,9
2026-01-07,12909,Garib Rath,MMCT,1.5,1,2,False,False,True,False,1,6
2026-01-07,12909,Garib Rath,BVI,0.0,1,2,False,False,True,False,2,6
2026-01-07,12909,Garib Rath,ST,0.0,1,2,False,False,True,False,3,6
2026-01-07,12909,Garib Rath,BRC,0.0,1,2,False,False,True,False,4,6
2026-01-07,12909,Garib Rath,KOTA,1.4,1,2,False,False,True,False,5,6
2026-01-07,12909,Garib Rath,NDLS,19.1,1,2,False,False,True,False,6,6
2026-01-07,12137,Punjab Mail,CSMT,5.8,1,2,False,False,True,False,1,12
2026-01-07,12137,Punjab Mail,KYN,6.8,1,2,False,False,True,False,2,12
2026-01-07,12137,Punjab Mail,NMD,13.7,1,2,False,False,True,False,3,12
2026-01-07,12137,Punjab Mail,MMR,35.3,1,2,False,False,True,False,4,12
2026-01-07,12137,Punjab Mail,BSL,33.9,1,2,False,False,True,False,5,12
2026-01-07,12137,Punjab Mail,ET,35.4,1,2,False,False,True,False,6,12
2026-01-07,12137,Punjab Mail,BPL,55.7,1,2,False,False,True,False,7,12
2026-01-07,12137,Punjab Mail,JHS,83.0,1,2,False,False,True,False,8,12
2026-01-07,12137,Punjab Mail,GWL,82.1,1,2,False,False,True,False,9,12
2026-01-07,12137,Punjab Mail,AGC,79.7,1,2,False,False,True,False,10,12
2026-01-07,12137,Punjab Mail,MTJ,94.2,1,2,False,False,True,False,11,12
2026-01-07,12137,Punjab Mail,NDLS,102.3,1,2,False,False,True,False,12,12
2026-01-07,12621,Tamil Nadu Express,CSMT,0.0,1,2,False,False,True,False,1,9
2026-01-07,12621,Tamil Nadu Express,KYN,6.7,1,2,False,False,True,False,2,9
2026-01-07,12621,Tamil Nadu Express,MMR,7.9,1,2,False,False,True,False,3,9
2026-01-07,12621,Tamil Nadu Express,BSL,5.2,1,2,False,False,True,False,4,9
2026-01-07,12621,Tamil Nadu Express,ET,8.4,1,2,False,False,True,False,5,9
2026-01-07,12621,Tamil Nadu Express,BPL,9.9,1,2,False,False,True,False,6,9
2026-01-07,12621,Tamil Nadu Express,JHS,28.4,1,2,False,False,True,False,7,9
2026-01-07,12621,Tamil Nadu Express,AGC,23.4,1,2,False,False,True,False,8,9
2026-01-07,12621,Tamil Nadu Express,NDLS,31.1,1,2,False,False,True,False,9,9
2026-01-07,12261,Mumbai Duronto Central,CSMT,1.4,1,2,False,False,True,False,1,2
2026-01-07,12261,Mumbai Duronto Central,NDLS,4.6,1,2,False,False,True,False,2,2
2026-01-07,12187,Mumbai Garib Rath,CSMT,2.4,1,2,False,False,True,False,1,7
2026-01-07,12187,Mumbai Garib Rath,KYN,20.2,1,2,False,False,True,False,2,7
2026-01-07,12187,Mumbai Garib Rath,BSL,21.6,1,2,False,False,True,False,3,7
2026-01-07,12187,Mumbai Garib Rath,BPL,27.2,1,2,False,False,True,False,4,7
2026-01-07,12187,Mumbai Garib Rath,JHS,33.5,1,2,False,False,True,False,5,7
2026-01-07,12187,Mumbai Garib Rath,GWL,53.3,1,2,False,False,True,False,6,7
2026-01-07,12187,Mumbai Garib Rath,NDLS,57.6,1,2,False,False,True,False,7,7
2026-01-06,12951,Mumbai Rajdhani,MMCT,9.0,1,1,False,False,True,False,1,5
2026-01-06,12951,Mumbai Rajdhani,BRC,11.5,1,1,False,False,True,False,2,5
2026-01-06,12951,Mumbai Rajdhani,KOTA,22.5,1,1,False,False,True,False,3,5
2026-01-06,12951,Mumbai Rajdhani,SWM,22.8,1,1,False,False,True,False,4,5
2026-01-06,12951,Mumbai Rajdhani,NDLS,33.0,1,1,False,False,True,False,5,5
2026-01-06,12953,August Kranti Rajdhani,MMCT,4.9,1,1,False,False,True,False,1,6
2026-01-06,12953,August Kranti Rajdhani,ST,0.0,1,1,False,False,True,False,2,6
2026-01-06,12953,August Kranti Rajdhani,BRC,12.4,1,1,False,False,True,False,3,6
2026-01-06,12953,August Kranti Rajdhani,RTM,18.2,1,1,False,False,True,False,4,6
2026-01-06,12953,August Kranti Rajdhani,KOTA,21.4,1,1,False,False,True,False,5,6
2026-01-06,12953,August Kranti Rajdhani,NDLS,33.7,1,1,False,False,True,False,6,6
2026-01-06,12267,Mumbai Duronto,MMCT,7.7,1,1,False,False,True,False,1,2
2026-01-06,12267,Mumbai Duronto,NDLS,9.6,1,1,False,False,True,False,2,2
2026-01-06,12903,Golden Temple Mail,MMCT,8.2,1,1,False,False,True,False,1,10
2026-01-06,12903,Golden Temple Mail,BVI,0.0,1,1,False,False,True,False,2,10
2026-01-06,12903,Golden Temple Mail,BL,16.2,1,1,False,False,True,False,3,10
2026-01-06,12903,Golden Temple Mail,ST,20.7,1,1,False,False,True,False,4,10
2026-01-06,12903,Golden Temple Mail,BRC,19.7,1,1,False,False,True,False,5,10
2026-01-06,12903,Golden Temple Mail,RTM,35.1,1,1,False,False,True,False,6,10
2026-01-06,12903,Golden Temple Mail,KOTA,34.6,1,1,False,False,True,False,7,10
2026-01-06,12903,Golden Temple Mail,SWM,41.2,1,1,False,False,True,False,8,10
2026-01-06,12903,Golden Temple Mail,MTJ,49.3,1,1,False,False,True,False,9,10
2026-01-06,12903,Golden Temple Mail,NDLS,62.0,1,1,False,False,True,False,10,10
2026-01-06,12925,Paschim Express,MMCT,0.0,1,1,False,False,True,False,1,9
2026-01-06,12925,Paschim Express,BVI,3.4,1,1,False,False,True,False,2,9
2026-01-06,12925,Paschim Express,ST,0.0,1,1,False,False,True,False,3,9
2026-01-06,12925,Paschim Express,BRC,0.6,1,1,False,False,True,False,4,9
2026-01-06,12925,Paschim Express,RTM,8.4,1,1,False,False,True,False,5,9
2026-01-06,12925,Paschim Express,KOTA,8.8,1,1,False,False,True,False,6,9
2026-01-06,12925,Paschim Express,SWM,3.8,1,1,False,False,True,False,7,9
2026-01-06,12925,Paschim Express,MTJ,2.5,1,1,False,False,True,False,8,9
2026-01-06,12925,Paschim Express,NDLS,11.9,1,1,False,False,True,False,9,9
2026-01-06,12909,Garib Rath,MMCT,6.3,1,1,False,False,True,False,1,6
2026-01-06,12909,Garib Rath,BVI,34.5,1,1,False,False,True,False,2,6
2026-01-06,12909,Garib Rath,ST,36.2,1,1,False,False,True,False,3,6
2026-01-06,12909,Garib Rath,BRC,60.7,1,1,False,False,True,False,4,6
2026-01-06,12909,Garib Rath,KOTA,86.8,1,1,False,False,True,False,5,6
2026-01-06,12909,Garib Rath,NDLS,93.4,1,1,False,False,True,False,6,6
2026-01-06,12137,Punjab Mail,CSMT,2.5,1,1,False,False,True,False,1,12
2026-01-06,12137,Punjab Mail,KYN,1.9,1,1,False,False,True,False,2,12
2026-01-06,12137,Punjab Mail,NMD,0.0,1,1,False,False,True,False,3,12
2026-01-06,12137,Punjab Mail,MMR,8.7,1,1,False,False,True,False,4,12
2026-01-06,12137,Punjab Mail,BSL,10.9,1,1,False,False,True,False,5,12
2026-01-06,12137,Punjab Mail,ET,6.1,1,1,False,False,True,False,6,12
2026-01-06,12137,Punjab Mail,BPL,1.1,1,1,False,False,True,False,7,12
2026-01-06,12137,Punjab Mail,JHS,0.0,1,1,False,False,True,False,8,12
2026-01-06,12137,Punjab Mail,GWL,0.0,1,1,False,False,True,False,9,12
2026-01-06,12137,Punjab Mail,AGC,6.8,1,1,False,False,True,False,10,12
2026-01-06,12137,Punjab Mail,MTJ,14.8,1,1,False,False,True,False,11,12
2026-01-06,12137,Punjab Mail,NDLS,18.8,1,1,False,False,True,False,12,12
2026-01-06,12621,Tamil Nadu Express,CSMT,23.2,1,1,False,False,True,False,1,9
2026-01-06,12621,Tamil Nadu Express,KYN,0.0,1,1,False,False,True,False,2,9
2026-01-06,12621,Tamil Nadu Express,MMR,16.0,1,1,False,False,True,False,3,9
2026-01-06,12621,Tamil Nadu Express,BSL,53.7,1,1,False,False,True,False,4,9
2026-01-06,12621,Tamil Nadu Express,ET,51.8,1,1,False,False,True,False,5,9
2026-01-06,12621,Tamil Nadu Express,BPL,61.8,1,1,False,False,True,False,6,9
2026-01-06,12621,Tamil Nadu Express,JHS,76.9,1,1,False,False,True,False,7,9
2026-01-06,12621,Tamil Nadu Express,AGC,88.1,1,1,False,False,True,False,8,9
2026-01-06,12621,Tamil Nadu Express,NDLS,92.6,1,1,False,False,True,False,9,9
2026-01-06,12261,Mumbai Duronto Central,CSMT,0.5,1,1,False,False,True,False,1,2
2026-01-06,12261,Mumbai Duronto Central,NDLS,1.5,1,1,False,False,True,False,2,2
2026-01-06,12187,Mumbai Garib Rath,CSMT,0.0,1,1,False,False,True,False,1,7
2026-01-06,12187,Mumbai Garib Rath,KYN,0.3,1,1,False,False,True,False,2,7
2026-01-06,12187,Mumbai Garib Rath,BSL,21.0,1,1,False,False,True,False,3,7
2026-01-06,12187,Mumbai Garib Rath,BPL,35.8,1,1,False,False,True,False,4,7
2026-01-06,12187,Mumbai Garib Rath,JHS,41.8,1,1,False,False,True,False,5,7
2026-01-06,12187,Mumbai Garib Rath,GWL,41.3,1,1,False,False,True,False,6,7
2026-01-06,12187,Mumbai Garib Rath,NDLS,50.6,1,1,False,False,True,False,7,7
2026-01-05,12951,Mumbai Rajdhani,MMCT,0.0,1,0,False,False,True,False,1,5
2026-01-05,12951,Mumbai Rajdhani,BRC,0.1,1,0,False,False,True,False,2,5
2026-01-05,12951,Mumbai Rajdhani,KOTA,1.1,1,0,False,False,True,False,3,5
2026-01-05,12951,Mumbai Rajdhani,SWM,1.7,1,0,False,False,True,False,4,5
2026-01-05,12951,Mumbai Rajdhani,NDLS,0.0,1,0,False,False,True,False,5,5
2026-01-05,12953,August Kranti Rajdhani,MMCT,6.0,1,0,False,False,True,False,1,6
2026-01-05,12953,August Kranti Rajdhani,ST,0.0,1,0,False,False,True,False,2,6
2026-01-05,12953,August Kranti Rajdhani,BRC,0.0,1,0,False,False,True,False,3,6
2026-01-05,12953,August Kranti Rajdhani,RTM,3.6,1,0,False,False,True,False,4,6
2026-01-05,12953,August Kranti Rajdhani,KOTA,12.2,1,0,False,False,True,False,5,6
2026-01-05,12953,August Kranti Rajdhani,NDLS,24.9,1,0,False,False,True,False,6,6
2026-01-05,12267,Mumbai Duronto,MMCT,1.6,1,0,False,False,True,False,1,2
2026-01-05,12267,Mumbai Duronto,NDLS,0.0,1,0,False,False,True,False,2,2
2026-01-05,12903,Golden Temple Mail,MMCT,5.0,1,0,False,False,True,False,1,10
2026-01-05,12903,Golden Temple Mail,BVI,0.0,1,0,False,False,True,False,2,10
2026-01-05,12903,Golden Temple Mail,BL,0.0,1,0,False,False,True,False,3,10
2026-01-05,12903,Golden Temple Mail,ST,1.3,1,0,False,False,True,False,4,10
2026-01-05,12903,Golden Temple Mail,BRC,14.1,1,0,False,False,True,False,5,10
2026-01-05,12903,Golden Temple Mail,RTM,27.2,1,0,False,False,True,False,6,10
2026-01-05,12903,Golden Temple Mail,KOTA,48.4,1,0,False,False,True,False,7,10
2026-01-05,12903,Golden Temple Mail,SWM,50.0,1,0,False,False,True,False,8,10
2026-01-05,12903,Golden Temple Mail,MTJ,51.0,1,0,False,False,True,False,9,10
2026-01-05,12903,Golden Temple Mail,NDLS,62.4,1,0,False,False,True,False,10,10
2026-01-05,12925,Paschim Express,MMCT,10.4,1,0,False,False,True,False,1,9
2026-01-05,12925,Paschim Express,BVI,0.0,1,0,False,False,True,False,2,9
2026-01-05,12925,Paschim Express,ST,0.0,1,0,False,False,True,False,3,9
2026-01-05,12925,Paschim Express,BRC,13.1,1,0,False,False,True,False,4,9
2026-01-05,12925,Paschim Express,RTM,28.0,1,0,False,False,True,False,5,9
2026-01-05,12925,Paschim Express,KOTA,33.4,1,0,False,False,True,False,6,9
2026-01-05,12925,Paschim Express,SWM,33.6,1,0,False,False,True,False,7,9
2026-01-05,12925,Paschim Express,MTJ,46.1,1,0,False,False,True,False,8,9
2026-01-05,12925,Paschim Express,NDLS,58.8,1,0,False,False,True,False,9,9
2026-01-05,12909,Garib Rath,MMCT,0.1,1,0,False,False,True,False,1,6
2026-01-05,12909,Garib Rath,BVI,0.0,1,0,False,False,True,False,2,6
2026-01-05,12909,Garib Rath,ST,1.4,1,0,False,False,True,False,3,6
2026-01-05,12909,Garib Rath,BRC,14.7,1,0,False,False,True,False,4,6
2026-01-05,12909,Garib Rath,KOTA,12.1,1,0,False,False,True,False,5,6
2026-01-05,12909,Garib Rath,NDLS,27.2,1,0,False,False,True,False,6,6
2026-01-05,12137,Punjab Mail,CSMT,1.8,1,0,False,False,True,False,1,12
2026-01-05,12137,Punjab Mail,KYN,0.0,1,0,False,False,True,False,2,12
2026-01-05,12137,Punjab Mail,NMD,0.0,1,0,False,False,True,False,3,12
2026-01-05,12137,Punjab Mail,MMR,6.6,1,0,False,False,True,False,4,12
2026-01-05,12137,Punjab Mail,BSL,26.8,1,0,False,False,True,False,5,12
2026-01-05,12137,Punjab Mail,ET,37.8,1,0,False,False,True,False,6,12
2026-01-05,12137,Punjab Mail,BPL,45.4,1,0,False,False,True,False,7,12
2026-01-05,12137,Punjab Mail,JHS,47.2,1,0,False,False,True,False,8,12
2026-01-05,12137,Punjab Mail,GWL,52.4,1,0,False,False,True,False,9,12
2026-01-05,12137,Punjab Mail,AGC,52.9,1,0,False,False,True,False,10,12
2026-01-05,12137,Punjab Mail,MTJ,72.5,1,0,False,False,True,False,11,12
2026-01-05,12137,Punjab Mail,NDLS,87.7,1,0,False,False,True,False,12,12
2026-01-05,12621,Tamil Nadu Express,CSMT,0.6,1,0,False,False,True,False,1,9
2026-01-05,12621,Tamil Nadu Express,KYN,2.1,1,0,False,False,True,False,2,9
2026-01-05,12621,Tamil Nadu Express,MMR,1.6,1,0,False,False,True,False,3,9
2026-01-05,12621,Tamil Nadu Express,BSL,6.9,1,0,False,False,True,False,4,9
2026-01-05,12621,Tamil Nadu Express,ET,7.5,1,0,False,False,True,False,5,9
2026-01-05,12621,Tamil Nadu Express,BPL,4.2,1,0,False,False,True,False,6,9
2026-01-05,12621,Tamil Nadu Express,JHS,5.3,1,0,False,False,True,False,7,9
2026-01-05,12621,Tamil Nadu Express,AGC,8.6,1,0,False,False,True,False,8,9
2026-01-05,12621,Tamil Nadu Express,NDLS,17.3,1,0,False,False,True,False,9,9
2026-01-05,12261,Mumbai Duronto Central,CSMT,0.0,1,0,False,False,True,False,1,2
2026-01-05,12261,Mumbai Duronto Central,NDLS,3.4,1,0,False,False,True,False,2,2
2026-01-05,12187,Mumbai Garib Rath,CSMT,0.0,1,0,False,False,True,False,1,7
2026-01-05,12187,Mumbai Garib Rath,KYN,20.5,1,0,False,False,True,False,2,7
2026-01-05,12187,Mumbai Garib Rath,BSL,19.3,1,0,False,False,True,False,3,7
2026-01-05,12187,Mumbai Garib Rath,BPL,14.3,1,0,False,False,True,False,4,7
2026-01-05,12187,Mumbai Garib Rath,JHS,20.0,1,0,False,False,True,False,5,7
2026-01-05,12187,Mumbai Garib Rath,GWL,16.9,1,0,False,False,True,False,6,7
2026-01-05,12187,Mumbai Garib Rath,NDLS,13.7,1,0,False,False,True,False,7,7
2026-01-04,12951,Mumbai Rajdhani,MMCT,7.7,1,6,True,False,True,False,1,5
2026-01-04,12951,Mumbai Rajdhani,BRC,9.1,1,6,True,False,True,False,2,5
2026-01-04,12951,Mumbai Rajdhani,KOTA,4.3,1,6,True,False,True,False,3,5
2026-01-04,12951,Mumbai Rajdhani,SWM,0.0,1,6,True,False,True,False,4,5
2026-01-04,12951,Mumbai Rajdhani,NDLS,9.9,1,6,True,False,True,False,5,5
2026-01-04,12953,August Kranti Rajdhani,MMCT,0.0,1,6,True,False,True,False,1,6
2026-01-04,12953,August Kranti Rajdhani,ST,0.0,1,6,True,False,True,False,2,6
2026-01-04,12953,August Kranti Rajdhani,BRC,18.2,1,6,True,False,True,False,3,6
2026-01-04,12953,August Kranti Rajdhani,RTM,15.7,1,6,True,False,True,False,4,6
2026-01-04,12953,August Kranti Rajdhani,KOTA,17.6,1,6,True,False,True,False,5,6
2026-01-04,12953,August Kranti Rajdhani,NDLS,16.1,1,6,True,False,True,False,6,6
2026-01-04,12267,Mumbai Duronto,MMCT,0.6,1,6,True,False,True,False,1,2
2026-01-04,12267,Mumbai Duronto,NDLS,4.8,1,6,True,False,True,False,2,2
2026-01-04,12903,Golden Temple Mail,MMCT,8.7,1,6,True,False,True,False,1,10
2026-01-04,12903,Golden Temple Mail,BVI,27.0,1,6,True,False,True,False,2,10
2026-01-04,12903,Golden Temple Mail,BL,25.0,1,6,True,False,True,False,3,10
2026-01-04,12903,Golden Temple Mail,ST,20.0,1,6,True,False,True,False,4,10
2026-01-04,12903,Golden Temple Mail,BRC,24.4,1,6,True,False,True,False,5,10
2026-01-04,12903,Golden Temple Mail,RTM,38.9,1,6,True,False,True,False,6,10
2026-01-04,12903,Golden Temple Mail,KOTA,40.8,1,6,True,False,True,False,7,10
2026-01-04,12903,Golden Temple Mail,SWM,52.8,1,6,True,False,True,False,8,10
2026-01-04,12903,Golden Temple Mail,MTJ,62.6,1,6,True,False,True,False,9,10
2026-01-04,12903,Golden Temple Mail,NDLS,77.4,1,6,True,False,True,False,10,10
2026-01-04,12925,Paschim Express,MMCT,0.0,1,6,True,False,True,False,1,9
2026-01-04,12925,Paschim Express,BVI,3.4,1,6,True,False,True,False,2,9
2026-01-04,12925,Paschim Express,ST,4.3,1,6,True,False,True,False,3,9
2026-01-04,12925,Paschim Express,BRC,9.1,1,6,True,False,True,False,4,9
2026-01-04,12925,Paschim Express,RTM,13.7,1,6,True,False,True,False,5,9
2026-01-04,12925,Paschim Express,KOTA,17.6,1,6,True,False,True,False,6,9
2026-01-04,12925,Paschim Express,SWM,12.6,1,6,True,False,True,False,7,9
2026-01-04,12925,Paschim Express,MTJ,9.1,1,6,True,False,True,False,8,9
2026-01-04,12925,Paschim Express,NDLS,10.5,1,6,True,False,True,False,9,9
2026-01-04,12909,Garib Rath,MMCT,13.2,1,6,True,False,True,False,1,6
2026-01-04,12909,Garib Rath,BVI,12.1,1,6,True,False,True,False,2,6
2026-01-04,12909,Garib Rath,ST,11.7,1,6,True,False,True,False,3,6
2026-01-04,12909,Garib Rath,BRC,12.2,1,6,True,False,True,False,4,6
2026-01-04,12909,Garib Rath,KOTA,22.7,1,6,True,False,True,False,5,6
2026-01-04,12909,Garib Rath,NDLS,29.7,1,6,True,False,True,False,6,6
2026-01-04,12137,Punjab Mail,CSMT,16.0,1,6,True,False,True,False,1,12
2026-01-04,12137,Punjab Mail,KYN,0.0,1,6,True,False,True,False,2,12
2026-01-04,12137,Punjab Mail,NMD,0.0,1,6,True,False,True,False,3,12
2026-01-04,12137,Punjab Mail,MMR,18.3,1,6,True,False,True,False,4,12
2026-01-04,12137,Punjab Mail,BSL,18.7,1,6,True,False,True,False,5,12
2026-01-04,12137,Punjab Mail,ET,45.6,1,6,True,False,True,False,6,12
2026-01-04,12137,Punjab Mail,BPL,44.9,1,6,True,False,True,False,7,12
2026-01-04,12137,Punjab Mail,JHS,51.3,1,6,True,False,True,False,8,12
2026-01-04,12137,Punjab Mail,GWL,50.9,1,6,True,False,True,False,9,12
2026-01-04,12137,Punjab Mail,AGC,61.9,1,6,True,False,True,False,10,12
2026-01-04,12137,Punjab Mail,MTJ,84.0,1,6,True,False,True,False,11,12
2026-01-04,12137,Punjab Mail,NDLS,84.0,1,6,True,False,True,False,12,12
2026-01-04,12621,Tamil Nadu Express,CSMT,10.9,1,6,True,False,True,False,1,9
2026-01-04,12621,Tamil Nadu Express,KYN,2.2,1,6,True,False,True,False,2,9
2026-01-04,12621,Tamil Nadu Express,MMR,1.4,1,6,True,False,True,False,3,9
2026-01-04,12621,Tamil Nadu Express,BSL,17.6,1,6,True,False,True,False,4,9
2026-01-04,12621,Tamil Nadu Express,ET,24.1,1,6,True,False,True,False,5,9
2026-01-04,12621,Tamil Nadu Express,BPL,39.7,1,6,True,False,True,False,6,9
2026-01-04,12621,Tamil Nadu Express,JHS,37.2,1,6,True,False,True,False,7,9
2026-01-04,12621,Tamil Nadu Express,AGC,51.8,1,6,True,False,True,False,8,9
2026-01-04,12621,Tamil Nadu Express,NDLS,62.7,1,6,True,False,True,False,9,9
2026-01-04,12261,Mumbai Duronto Central,CSMT,7.0,1,6,True,False,True,False,1,2
2026-01-04,12261,Mumbai Duronto Central,NDLS,3.3,1,6,True,False,True,False,2,2
2026-01-04,12187,Mumbai Garib Rath,CSMT,0.0,1,6,True,False,True,False,1,7
2026-01-04,12187,Mumbai Garib Rath,KYN,35.5,1,6,True,False,True,False,2,7
2026-01-04,12187,Mumbai Garib Rath,BSL,45.7,1,6,True,False,True,False,3,7
2026-01-04,12187,Mumbai Garib Rath,BPL,52.2,1,6,True,False,True,False,4,7
2026-01-04,12187,Mumbai Garib Rath,JHS,59.6,1,6,True,False,True,False,5,7
2026-01-04,12187,Mumbai Garib Rath,GWL,57.7,1,6,True,False,True,False,6,7
2026-01-04,12187,Mumbai Garib Rath,NDLS,61.9,1,6,True,False,True,False,7,7
2026-01-03,12951,Mumbai Rajdhani,MMCT,6.4,1,5,True,False,True,False,1,5
2026-01-03,12951,Mumbai Rajdhani,BRC,34.0,1,5,True,False,True,False,2,5
2026-01-03,12951,Mumbai Rajdhani,KOTA,37.8,1,5,True,False,True,False,3,5
2026-01-03,12951,Mumbai Rajdhani,SWM,39.9,1,5,True,False,True,False,4,5
2026-01-03,12951,Mumbai Rajdhani,NDLS,63.5,1,5,True,False,True,False,5,5
2026-01-03,12953,August Kranti Rajdhani,MMCT,0.0,1,5,True,False,True,False,1,6
2026-01-03,12953,August Kranti Rajdhani,ST,0.0,1,5,True,False,True,False,2,6
2026-01-03,12953,August Kranti Rajdhani,BRC,0.0,1,5,True,False,True,False,3,6
2026-01-03,12953,August Kranti Rajdhani,RTM,18.0,1,5,True,False,True,False,4,6
2026-01-03,12953,August Kranti Rajdhani,KOTA,26.6,1,5,True,False,True,False,5,6
2026-01-03,12953,August Kranti Rajdhani,NDLS,43.4,1,5,True,False,True,False,6,6
2026-01-03,12267,Mumbai Duronto,MMCT,5.0,1,5,True,False,True,False,1,2
2026-01-03,12267,Mumbai Duronto,NDLS,6.3,1,5,True,False,True,False,2,2
2026-01-03,12903,Golden Temple Mail,MMCT,10.4,1,5,True,False,True,False,1,10
2026-01-03,12903,Golden Temple Mail,BVI,5.1,1,5,True,False,True,False,2,10
2026-01-03,12903,Golden Temple Mail,BL,9.5,1,5,True,False,True,False,3,10
2026-01-03,12903,Golden Temple Mail,ST,13.1,1,5,True,False,True,False,4,10
2026-01-03,12903,Golden Temple Mail,BRC,40.2,1,5,True,False,True,False,5,10
2026-01-03,12903,Golden Temple Mail,RTM,50.0,1,5,True,False,True,False,6,10
2026-01-03,12903,Golden Temple Mail,KOTA,47.6,1,5,True,False,True,False,7,10
2026-01-03,12903,Golden Temple Mail,SWM,45.4,1,5,True,False,True,False,8,10
2026-01-03,12903,Golden Temple Mail,MTJ,58.9,1,5,True,False,True,False,9,10
2026-01-03,12903,Golden Temple Mail,NDLS,95.5,1,5,True,False,True,False,10,10
2026-01-03,12925,Paschim Express,MMCT,0.7,1,5,True,False,True,False,1,9
2026-01-03,12925,Paschim Express,BVI,0.2,1,5,True,False,True,False,2,9
2026-01-03,12925,Paschim Express,ST,9.4,1,5,True,False,True,False,3,9
2026-01-03,12925,Paschim Express,BRC,5.3,1,5,True,False,True,False,4,9
2026-01-03,12925,Paschim Express,RTM,20.4,1,5,True,False,True,False,5,9
2026-01-03,12925,Paschim Express,KOTA,34.9,1,5,True,False,True,False,6,9
2026-01-03,12925,Paschim Express,SWM,35.4,1,5,True,False,True,False,7,9
2026-01-03,12925,Paschim Express,MTJ,42.5,1,5,True,False,True,False,8,9
2026-01-03,12925,Paschim Express,NDLS,41.1,1,5,True,False,True,False,9,9
2026-01-03,12909,Garib Rath,MMCT,0.0,1,5,True,False,True,False,1,6
2026-01-03,12909,Garib Rath,BVI,0.1,1,5,True,False,True,False,2,6
2026-01-03,12909,Garib Rath,ST,12.4,1,5,True,False,True,False,3,6
2026-01-03,12909,Garib Rath,BRC,11.5,1,5,True,False,True,False,4,6
2026-01-03,12909,Garib Rath,KOTA,27.8,1,5,True,False,True,False,5,6
2026-01-03,12909,Garib Rath,NDLS,36.6,1,5,True,False,True,False,6,6
2026-01-03,12137,Punjab Mail,CSMT,1.1,1,5,True,False,True,False,1,12
2026-01-03,12137,Punjab Mail,KYN,2.5,1,5,True,False,True,False,2,12
2026-01-03,12137,Punjab Mail,NMD,11.1,1,5,True,False,True,False,3,12
2026-01-03,12137,Punjab Mail,MMR,6.5,1,5,True,False,True,False,4,12
2026-01-03,12137,Punjab Mail,BSL,18.1,1,5,True,False,True,False,5,12
2026-01-03,12137,Punjab Mail,ET,25.7,1,5,True,False,True,False,6,12
2026-01-03,12137,Punjab Mail,BPL,33.6,1,5,True,False,True,False,7,12
2026-01-03,12137,Punjab Mail,JHS,52.0,1,5,True,False,True,False,8,12
2026-01-03,12137,Punjab Mail,GWL,47.0,1,5,True,False,True,False,9,12
2026-01-03,12137,Punjab Mail,AGC,44.3,1,5,True,False,True,False,10,12
2026-01-03,12137,Punjab Mail,MTJ,53.6,1,5,True,False,True,False,11,12
2026-01-03,12137,Punjab Mail,NDLS,64.1,1,5,True,False,True,False,12,12
2026-01-03,12621,Tamil Nadu Express,CSMT,0.0,1,5,True,False,True,False,1,9
2026-01-03,12621,Tamil Nadu Express,KYN,31.5,1,5,True,False,True,False,2,9
2026-01-03,12621,Tamil Nadu Express,MMR,29.4,1,5,True,False,True,False,3,9
2026-01-03,12621,Tamil Nadu Express,BSL,29.4,1,5,True,False,True,False,4,9
2026-01-03,12621,Tamil Nadu Express,ET,39.3,1,5,True,False,True,False,5,9
2026-01-03,12621,Tamil Nadu Express,BPL,36.1,1,5,True,False,True,False,6,9
2026-01-03,12621,Tamil Nadu Express,JHS,41.8,1,5,True,False,True,False,7,9
2026-01-03,12621,Tamil Nadu Express,AGC,60.3,1,5,True,False,True,False,8,9
2026-01-03,12621,Tamil Nadu Express,NDLS,58.5,1,5,True,False,True,False,9,9
2026-01-03,12261,Mumbai Duronto Central,CSMT,6.3,1,5,True,False,True,False,1,2
2026-01-03,12261,Mumbai Duronto Central,NDLS,0.0,1,5,True,False,True,False,2,2
2026-01-03,12187,Mumbai Garib Rath,CSMT,6.8,1,5,True,False,True,False,1,7
2026-01-03,12187,Mumbai Garib Rath,KYN,0.0,1,5,True,False,True,False,2,7
2026-01-03,12187,Mumbai Garib Rath,BSL,10.9,1,5,True,False,True,False,3,7
2026-01-03,12187,Mumbai Garib Rath,BPL,5.9,1,5,True,False,True,False,4,7
2026-01-03,12187,Mumbai Garib Rath,JHS,2.7,1,5,True,False,True,False,5,7
2026-01-03,12187,Mumbai Garib Rath,GWL,13.8,1,5,True,False,True,False,6,7
2026-01-03,12187,Mumbai Garib Rath,NDLS,15.9,1,5,True,False,True,False,7,7
2026-01-02,12951,Mumbai Rajdhani,MMCT,10.2,1,4,False,False,True,False,1,5
2026-01-02,12951,Mumbai Rajdhani,BRC,19.8,1,4,False,False,True,False,2,5
2026-01-02,12951,Mumbai Rajdhani,KOTA,21.4,1,4,False,False,True,False,3,5
2026-01-02,12951,Mumbai Rajdhani,SWM,46.6,1,4,False,False,True,False,4,5
2026-01-02,12951,Mumbai Rajdhani,NDLS,50.1,1,4,False,False,True,False,5,5
2026-01-02,12953,August Kranti Rajdhani,MMCT,1.9,1,4,False,False,True,False,1,6
2026-01-02,12953,August Kranti Rajdhani,ST,0.0,1,4,False,False,True,False,2,6
2026-01-02,12953,August Kranti Rajdhani,BRC,0.0,1,4,False,False,True,False,3,6
2026-01-02,12953,August Kranti Rajdhani,RTM,25.5,1,4,False,False,True,False,4,6
2026-01-02,12953,August Kranti Rajdhani,KOTA,30.2,1,4,False,False,True,False,5,6
2026-01-02,12953,August Kranti Rajdhani,NDLS,41.6,1,4,False,False,True,False,6,6
2026-01-02,12267,Mumbai Duronto,MMCT,8.6,1,4,False,False,True,False,1,2
2026-01-02,12267,Mumbai Duronto,NDLS,0.0,1,4,False,False,True,False,2,2
2026-01-02,12903,Golden Temple Mail,MMCT,3.5,1,4,False,False,True,False,1,10
2026-01-02,12903,Golden Temple Mail,BVI,0.0,1,4,False,False,True,False,2,10
2026-01-02,12903,Golden Temple Mail,BL,0.0,1,4,False,False,True,False,3,10
2026-01-02,12903,Golden Temple Mail,ST,0.0,1,4,False,False,True,False,4,10
2026-01-02,12903,Golden Temple Mail,BRC,11.2,1,4,False,False,True,False,5,10
2026-01-02,12903,Golden Temple Mail,RTM,8.5,1,4,False,False,True,False,6,10
2026-01-02,12903,Golden Temple Mail,KOTA,6.8,1,4,False,False,True,False,7,10
2026-01-02,12903,Golden Temple Mail,SWM,10.1,1,4,False,False,True,False,8,10
2026-01-02,12903,Golden Temple Mail,MTJ,8.3,1,4,False,False,True,False,9,10
2026-01-02,12903,Golden Temple Mail,NDLS,25.6,1,4,False,False,True,False,10,10
2026-01-02,12925,Paschim Express,MMCT,21.9,1,4,False,False,True,False,1,9
2026-01-02,12925,Paschim Express,BVI,11.0,1,4,False,False,True,False,2,9
2026-01-02,12925,Paschim Express,ST,24.6,1,4,False,False,True,False,3,9
2026-01-02,12925,Paschim Express,BRC,32.3,1,4,False,False,True,False,4,9
2026-01-02,12925,Paschim Express,RTM,40.6,1,4,False,False,True,False,5,9
2026-01-02,12925,Paschim Express,KOTA,57.8,1,4,False,False,True,False,6,9
2026-01-02,12925,Paschim Express,SWM,73.1,1,4,False,False,True,False,7,9
2026-01-02,12925,Paschim Express,MTJ,83.5,1,4,False,False,True,False,8,9
2026-01-02,12925,Paschim Express,NDLS,104.8,1,4,False,False,True,False,9,9
2026-01-02,12909,Garib Rath,MMCT,5.1,1,4,False,False,True,False,1,6
2026-01-02,12909,Garib Rath,BVI,2.2,1,4,False,False,True,False,2,6
2026-01-02,12909,Garib Rath,ST,0.0,1,4,False,False,True,False,3,6
2026-01-02,12909,Garib Rath,BRC,6.5,1,4,False,False,True,False,4,6
2026-01-02,12909,Garib Rath,KOTA,18.6,1,4,False,False,True,False,5,6
2026-01-02,12909,Garib Rath,NDLS,33.9,1,4,False,False,True,False,6,6
2026-01-02,12137,Punjab Mail,CSMT,12.9,1,4,False,False,True,False,1,12
2026-01-02,12137,Punjab Mail,KYN,4.2,1,4,False,False,True,False,2,12
2026-01-02,12137,Punjab Mail,NMD,0.0,1,4,False,False,True,False,3,12
2026-01-02,12137,Punjab Mail,MMR,0.0,1,4,False,False,True,False,4,12
2026-01-02,12137,Punjab Mail,BSL,0.0,1,4,False,False,True,False,5,12
2026-01-02,12137,Punjab Mail,ET,11.6,1,4,False,False,True,False,6,12
2026-01-02,12137,Punjab Mail,BPL,23.3,1,4,False,False,True,False,7,12
2026-01-02,12137,Punjab Mail,JHS,35.9,1,4,False,False,True,False,8,12
2026-01-02,12137,Punjab Mail,GWL,42.7,1,4,False,False,True,False,9,12
2026-01-02,12137,Punjab Mail,AGC,54.7,1,4,False,False,True,False,10,12
2026-01-02,12137,Punjab Mail,MTJ,53.4,1,4,False,False,True,False,11,12
2026-01-02,12137,Punjab Mail,NDLS,51.2,1,4,False,False,True,False,12,12
2026-01-02,12621,Tamil Nadu Express,CSMT,39.9,1,4,False,False,True,False,1,9
2026-01-02,12621,Tamil Nadu Express,KYN,24.2,1,4,False,False,True,False,2,9
2026-01-02,12621,Tamil Nadu Express,MMR,46.3,1,4,False,False,True,False,3,9
2026-01-02,12621,Tamil Nadu Express,BSL,60.9,1,4,False,False,True,False,4,9
2026-01-02,12621,Tamil Nadu Express,ET,71.0,1,4,False,False,True,False,5,9
2026-01-02,12621,Tamil Nadu Express,BPL,91.9,1,4,False,False,True,False,6,9
2026-01-02,12621,Tamil Nadu Express,JHS,113.1,1,4,False,False,True,False,7,9
2026-01-02,12621,Tamil Nadu Express,AGC,119.6,1,4,False,False,True,False,8,9
2026-01-02,12621,Tamil Nadu Express,NDLS,135.8,1,4,False,False,True,False,9,9
2026-01-02,12261,Mumbai Duronto Central,CSMT,11.7,1,4,False,False,True,False,1,2
2026-01-02,12261,Mumbai Duronto Central,NDLS,6.6,1,4,False,False,True,False,2,2
2026-01-02,12187,Mumbai Garib Rath,CSMT,5.9,1,4,False,False,True,False,1,7
2026-01-02,12187,Mumbai Garib Rath,KYN,5.5,1,4,False,False,True,False,2,7
2026-01-02,12187,Mumbai Garib Rath,BSL,1.4,1,4,False,False,True,False,3,7
2026-01-02,12187,Mumbai Garib Rath,BPL,3.7,1,4,False,False,True,False,4,7
2026-01-02,12187,Mumbai Garib Rath,JHS,22.1,1,4,False,False,True,False,5,7
2026-01-02,12187,Mumbai Garib Rath,GWL,18.6,1,4,False,False,True,False,6,7
2026-01-02,12187,Mumbai Garib Rath,NDLS,30.2,1,4,False,False,True,False,7,7
2026-01-01,12951,Mumbai Rajdhani,MMCT,1.7,1,3,False,False,True,False,1,5
2026-01-01,12951,Mumbai Rajdhani,BRC,5.0,1,3,False,False,True,False,2,5
2026-01-01,12951,Mumbai Rajdhani,KOTA,14.2,1,3,False,False,True,False,3,5
2026-01-01,12951,Mumbai Rajdhani,SWM,24.9,1,3,False,False,True,False,4,5
2026-01-01,12951,Mumbai Rajdhani,NDLS,63.2,1,3,False,False,True,False,5,5
2026-01-01,12953,August Kranti Rajdhani,MMCT,5.4,1,3,False,False,True,False,1,6
2026-01-01,12953,August Kranti Rajdhani,ST,0.0,1,3,False,False,True,False,2,6
2026-01-01,12953,August Kranti Rajdhani,BRC,0.1,1,3,False,False,True,False,3,6
2026-01-01,12953,August Kranti Rajdhani,RTM,7.3,1,3,False,False,True,False,4,6
2026-01-01,12953,August Kranti Rajdhani,KOTA,6.3,1,3,False,False,True,False,5,6
2026-01-01,12953,August Kranti Rajdhani,NDLS,19.4,1,3,False,False,True,False,6,6
2026-01-01,12267,Mumbai Duronto,MMCT,0.6,1,3,False,False,True,False,1,2
2026-01-01,12267,Mumbai Duronto,NDLS,10.6,1,3,False,False,True,False,2,2
2026-01-01,12903,Golden Temple Mail,MMCT,16.8,1,3,False,False,True,False,1,10
2026-01-01,12903,Golden Temple Mail,BVI,6.1,1,3,False,False,True,False,2,10
2026-01-01,12903,Golden Temple Mail,BL,16.3,1,3,False,False,True,False,3,10
2026-01-01,12903,Golden Temple Mail,ST,11.5,1,3,False,False,True,False,4,10
2026-01-01,12903,Golden Temple Mail,BRC,16.0,1,3,False,False,True,False,5,10
2026-01-01,12903,Golden Temple Mail,RTM,42.9,1,3,False,False,True,False,6,10
2026-01-01,12903,Golden Temple Mail,KOTA,59.9,1,3,False,False,True,False,7,10
2026-01-01,12903,Golden Temple Mail,SWM,54.9,1,3,False,False,True,False,8,10
2026-01-01,12903,Golden Temple Mail,MTJ,57.5,1,3,False,False,True,False,9,10
2026-01-01,12903,Golden Temple Mail,NDLS,75.1,1,3,False,False,True,False,10,10
2026-01-01,12925,Paschim Express,MMCT,0.0,1,3,False,False,True,False,1,9
2026-01-01,12925,Paschim Express,BVI,3.8,1,3,False,False,True,False,2,9
2026-01-01,12925,Paschim Express,ST,18.1,1,3,False,False,True,False,3,9
2026-01-01,12925,Paschim Express,BRC,30.8,1,3,False,False,True,False,4,9
2026-01-01,12925,Paschim Express,RTM,44.8,1,3,False,False,True,False,5,9
2026-01-01,12925,Paschim Express,KOTA,62.3,1,3,False,False,True,False,6,9
2026-01-01,12925,Paschim Express,SWM,57.3,1,3,False,False,True,False,7,9
2026-01-01,12925,Paschim Express,MTJ,62.9,1,3,False,False,True,False,8,9
2026-01-01,12925,Paschim Express,NDLS,65.5,1,3,False,False,True,False,9,9
2026-01-01,12909,Garib Rath,MMCT,4.9,1,3,False,False,True,False,1,6
2026-01-01,12909,Garib Rath,BVI,7.5,1,3,False,False,True,False,2,6
2026-01-01,12909,Garib Rath,ST,8.6,1,3,False,False,True,False,3,6
2026-01-01,12909,Garib Rath,BRC,4.5,1,3,False,False,True,False,4,6
2026-01-01,12909,Garib Rath,KOTA,0.4,1,3,False,False,True,False,5,6
2026-01-01,12909,Garib Rath,NDLS,0.0,1,3,False,False,True,False,6,6
2026-01-01,12137,Punjab Mail,CSMT,9.5,1,3,False,False,True,False,1,12
2026-01-01,12137,Punjab Mail,KYN,20.9,1,3,False,False,True,False,2,12
2026-01-01,12137,Punjab Mail,NMD,19.2,1,3,False,False,True,False,3,12
2026-01-01,12137,Punjab Mail,MMR,25.2,1,3,False,False,True,False,4,12
2026-01-01,12137,Punjab Mail,BSL,35.5,1,3,False,False,True,False,5,12
2026-01-01,12137,Punjab Mail,ET,43.1,1,3,False,False,True,False,6,12
2026-01-01,12137,Punjab Mail,BPL,40.6,1,3,False,False,True,False,7,12
2026-01-01,12137,Punjab Mail,JHS,51.6,1,3,False,False,True,False,8,12
2026-01-01,12137,Punjab Mail,GWL,70.6,1,3,False,False,True,False,9,12
2026-01-01,12137,Punjab Mail,AGC,78.3,1,3,False,False,True,False,10,12
2026-01-01,12137,Punjab Mail,MTJ,79.6,1,3,False,False,True,False,11,12
2026-01-01,12137,Punjab Mail,NDLS,92.3,1,3,False,False,True,False,12,12
2026-01-01,12621,Tamil Nadu Express,CSMT,10.8,1,3,False,False,True,False,1,9
2026-01-01,12621,Tamil Nadu Express,KYN,5.2,1,3,False,False,True,False,2,9
2026-01-01,12621,Tamil Nadu Express,MMR,10.3,1,3,False,False,True,False,3,9
2026-01-01,12621,Tamil Nadu Express,BSL,22.9,1,3,False,False,True,False,4,9
2026-01-01,12621,Tamil Nadu Express,ET,21.1,1,3,False,False,True,False,5,9
2026-01-01,12621,Tamil Nadu Express,BPL,24.8,1,3,False,False,True,False,6,9
2026-01-01,12621,Tamil Nadu Express,JHS,36.8,1,3,False,False,True,False,7,9
2026-01-01,12621,Tamil Nadu Express,AGC,31.8,1,3,False,False,True,False,8,9
2026-01-01,12621,Tamil Nadu Express,NDLS,57.9,1,3,False,False,True,False,9,9
2026-01-01,12261,Mumbai Duronto Central,CSMT,0.0,1,3,False,False,True,False,1,2
2026-01-01,12261,Mumbai Duronto Central,NDLS,5.4,1,3,False,False,True,False,2,2
2026-01-01,12187,Mumbai Garib Rath,CSMT,4.3,1,3,False,False,True,False,1,7
2026-01-01,12187,Mumbai Garib Rath,KYN,17.3,1,3,False,False,True,False,2,7
2026-01-01,12187,Mumbai Garib Rath,BSL,43.4,1,3,False,False,True,False,3,7
2026-01-01,12187,Mumbai Garib Rath,BPL,38.4,1,3,False,False,True,False,4,7
2026-01-01,12187,Mumbai Garib Rath,JHS,37.3,1,3,False,False,True,False,5,7
2026-01-01,12187,Mumbai Garib Rath,GWL,32.3,1,3,False,False,True,False,6,7
2026-01-01,12187,Mumbai Garib Rath,NDLS,30.4,1,3,False,False,True,False,7,7
2025-12-31,12951,Mumbai Rajdhani,MMCT,26.0,12,2,False,False,True,True,1,5
2025-12-31,12951,Mumbai Rajdhani,BRC,13.1,12,2,False,False,True,True,2,5
2025-12-31,12951,Mumbai Rajdhani,KOTA,15.2,12,2,False,False,True,True,3,5
2025-12-31,12951,Mumbai Rajdhani,SWM,10.2,12,2,False,False,True,True,4,5
2025-12-31,12951,Mumbai Rajdhani,NDLS,31.5,12,2,False,False,True,True,5,5
2025-12-31,12953,August Kranti Rajdhani,MMCT,0.0,12,2,False,False,True,True,1,6
2025-12-31,12953,August Kranti Rajdhani,ST,2.1,12,2,False,False,True,True,2,6
2025-12-31,12953,August Kranti Rajdhani,BRC,0.0,12,2,False,False,True,True,3,6
2025-12-31,12953,August Kranti Rajdhani,RTM,0.2,12,2,False,False,True,True,4,6
2025-12-31,12953,August Kranti Rajdhani,KOTA,6.1,12,2,False,False,True,True,5,6
2025-12-31,12953,August Kranti Rajdhani,NDLS,20.0,12,2,False,False,True,True,6,6
2025-12-31,12267,Mumbai Duronto,MMCT,3.0,12,2,False,False,True,True,1,2
2025-12-31,12267,Mumbai Duronto,NDLS,20.5,12,2,False,False,True,True,2,2
2025-12-31,12903,Golden Temple Mail,MMCT,0.0,12,2,False,False,True,True,1,10
2025-12-31,12903,Golden Temple Mail,BVI,7.2,12,2,False,False,True,True,2,10
2025-12-31,12903,Golden Temple Mail,BL,23.6,12,2,False,False,True,True,3,10
2025-12-31,12903,Golden Temple Mail,ST,31.2,12,2,False,False,True,True,4,10
2025-12-31,12903,Golden Temple Mail,BRC,27.3,12,2,False,False,True,True,5,10
2025-12-31,12903,Golden Temple Mail,RTM,37.8,12,2,False,False,True,True,6,10
2025-12-31,12903,Golden Temple Mail,KOTA,42.5,12,2,False,False,True,True,7,10
2025-12-31,12903,Golden Temple Mail,SWM,39.2,12,2,False,False,True,True,8,10
2025-12-31,12903,Golden Temple Mail,MTJ,37.7,12,2,False,False,True,True,9,10
2025-12-31,12903,Golden Temple Mail,NDLS,49.3,12,2,False,False,True,True,10,10
2025-12-31,12925,Paschim Express,MMCT,4.2,12,2,False,False,True,True,1,9
2025-12-31,12925,Paschim Express,BVI,6.8,12,2,False,False,True,True,2,9
2025-12-31,12925,Paschim Express,ST,16.9,12,2,False,False,True,True,3,9
2025-12-31,12925,Paschim Express,BRC,21.1,12,2,False,False,True,True,4,9
2025-12-31,12925,Paschim Express,RTM,25.9,12,2,False,False,True,True,5,9
2025-12-31,12925,Paschim Express,KOTA,34.2,12,2,False,False,True,True,6,9
2025-12-31,12925,Paschim Express,SWM,32.0,12,2,False,False,True,True,7,9
2025-12-31,12925,Paschim Express,MTJ,45.4,12,2,False,False,True,True,8,9
2025-12-31,12925,Paschim Express,NDLS,57.0,12,2,False,False,True,True,9,9
2025-12-31,12909,Garib Rath,MMCT,31.3,12,2,False,False,True,True,1,6
2025-12-31,12909,Garib Rath,BVI,17.7,12,2,False,False,True,True,2,6
2025-12-31,12909,Garib Rath,ST,26.9,12,2,False,False,True,True,3,6
2025-12-31,12909,Garib Rath,BRC,48.8,12,2,False,False,True,True,4,6
2025-12-31,12909,Garib Rath,KOTA,56.3,12,2,False,False,True,True,5,6
2025-12-31,12909,Garib Rath,NDLS,82.7,12,2,False,False,True,True,6,6
2025-12-31,12137,Punjab Mail,CSMT,40.5,12,2,False,False,True,True,1,12
2025-12-31,12137,Punjab Mail,KYN,16.2,12,2,False,False,True,True,2,12
2025-12-31,12137,Punjab Mail,NMD,46.3,12,2,False,False,True,True,3,12
2025-12-31,12137,Punjab Mail,MMR,78.2,12,2,False,False,True,True,4,12
2025-12-31,12137,Punjab Mail,BSL,98.7,12,2,False,False,True,True,5,12
2025-12-31,12137,Punjab Mail,ET,153.4,12,2,False,False,True,True,6,12
2025-12-31,12137,Punjab Mail,BPL,160.2,12,2,False,False,True,True,7,12
2025-12-31,12137,Punjab Mail,JHS,180.9,12,2,False,False,True,True,8,12
2025-12-31,12137,Punjab Mail,GWL,202.7,12,2,False,False,True,True,9,12
2025-12-31,12137,Punjab Mail,AGC,225.2,12,2,False,False,True,True,10,12
2025-12-31,12137,Punjab Mail,MTJ,249.5,12,2,False,False,True,True,11,12
2025-12-31,12137,Punjab Mail,NDLS,284.3,12,2,False,False,True,True,12,12
2025-12-31,12621,Tamil Nadu Express,CSMT,27.6,12,2,False,False,True,True,1,9
2025-12-31,12621,Tamil Nadu Express,KYN,17.3,12,2,False,False,True,True,2,9
2025-12-31,12621,Tamil Nadu Express,MMR,47.0,12,2,False,False,True,True,3,9
2025-12-31,12621,Tamil Nadu Express,BSL,59.6,12,2,False,False,True,True,4,9
2025-12-31,12621,Tamil Nadu Express,ET,64.7,12,2,False,False,True,True,5,9
2025-12-31,12621,Tamil Nadu Express,BPL,66.8,12,2,False,False,True,True,6,9
2025-12-31,12621,Tamil Nadu Express,JHS,76.0,12,2,False,False,True,True,7,9
2025-12-31,12621,Tamil Nadu Express,AGC,78.9,12,2,False,False,True,True,8,9
2025-12-31,12621,Tamil Nadu Express,NDLS,86.7,12,2,False,False,True,True,9,9
2025-12-31,12261,Mumbai Duronto Central,CSMT,11.8,12,2,False,False,True,True,1,2
2025-12-31,12261,Mumbai Duronto Central,NDLS,3.7,12,2,False,False,True,True,2,2
2025-12-31,12187,Mumbai Garib Rath,CSMT,6.7,12,2,False,False,True,True,1,7
2025-12-31,12187,Mumbai Garib Rath,KYN,2.6,12,2,False,False,True,True,2,7
2025-12-31,12187,Mumbai Garib Rath,BSL,22.3,12,2,False,False,True,True,3,7
2025-12-31,12187,Mumbai Garib Rath,BPL,32.4,12,2,False,False,True,True,4,7
2025-12-31,12187,Mumbai Garib Rath,JHS,31.8,12,2,False,False,True,True,5,7
2025-12-31,12187,Mumbai Garib Rath,GWL,32.6,12,2,False,False,True,True,6,7
2025-12-31,12187,Mumbai Garib Rath,NDLS,37.7,12,2,False,False,True,True,7,7
2025-12-30,12951,Mumbai Rajdhani,MMCT,0.0,12,1,False,False,True,True,1,5
2025-12-30,12951,Mumbai Rajdhani,BRC,0.0,12,1,False,False,True,True,2,5
2025-12-30,12951,Mumbai Rajdhani,KOTA,0.9,12,1,False,False,True,True,3,5
2025-12-30,12951,Mumbai Rajdhani,SWM,0.0,12,1,False,False,True,True,4,5
2025-12-30,12951,Mumbai Rajdhani,NDLS,25.2,12,1,False,False,True,True,5,5
2025-12-30,12953,August Kranti Rajdhani,MMCT,3.6,12,1,False,False,True,True,1,6
2025-12-30,12953,August Kranti Rajdhani,ST,0.0,12,1,False,False,True,True,2,6
2025-12-30,12953,August Kranti Rajdhani,BRC,42.2,12,1,False,False,True,True,3,6
2025-12-30,12953,August Kranti Rajdhani,RTM,43.0,12,1,False,False,True,True,4,6
2025-12-30,12953,August Kranti Rajdhani,KOTA,56.7,12,1,False,False,True,True,5,6
2025-12-30,12953,August Kranti Rajdhani,NDLS,61.1,12,1,False,False,True,True,6,6
2025-12-30,12267,Mumbai Duronto,MMCT,7.6,12,1,False,False,True,True,1,2
2025-12-30,12267,Mumbai Duronto,NDLS,4.3,12,1,False,False,True,True,2,2
2025-12-30,12903,Golden Temple Mail,MMCT,0.7,12,1,False,False,True,True,1,10
2025-12-30,12903,Golden Temple Mail,BVI,20.2,12,1,False,False,True,True,2,10
2025-12-30,12903,Golden Temple Mail,BL,25.0,12,1,False,False,True,True,3,10
2025-12-30,12903,Golden Temple Mail,ST,31.2,12,1,False,False,True,True,4,10
2025-12-30,12903,Golden Temple Mail,BRC,31.5,12,1,False,False,True,True,5,10
2025-12-30,12903,Golden Temple Mail,RTM,36.3,12,1,False,False,True,True,6,10
2025-12-30,12903,Golden Temple Mail,KOTA,40.8,12,1,False,False,True,True,7,10
2025-12-30,12903,Golden Temple Mail,SWM,50.4,12,1,False,False,True,True,8,10
2025-12-30,12903,Golden Temple Mail,MTJ,52.8,12,1,False,False,True,True,9,10
2025-12-30,12903,Golden Temple Mail,NDLS,59.1,12,1,False,False,True,True,10,10
2025-12-30,12925,Paschim Express,MMCT,4.9,12,1,False,False,True,True,1,9
2025-12-30,12925,Paschim Express,BVI,4.4,12,1,False,False,True,True,2,9
2025-12-30,12925,Paschim Express,ST,0.0,12,1,False,False,True,True,3,9
2025-12-30,12925,Paschim Express,BRC,22.4,12,1,False,False,True,True,4,9
2025-12-30,12925,Paschim Express,RTM,29.8,12,1,False,False,True,True,5,9
2025-12-30,12925,Paschim Express,KOTA,32.8,12,1,False,False,True,True,6,9
2025-12-30,12925,Paschim Express,SWM,42.8,12,1,False,False,True,True,7,9
2025-12-30,12925,Paschim Express,MTJ,41.4,12,1,False,False,True,True,8,9
2025-12-30,12925,Paschim Express,NDLS,42.7,12,1,False,False,True,True,9,9
2025-12-30,12909,Garib Rath,MMCT,0.0,12,1,False,False,True,True,1,6
2025-12-30,12909,Garib Rath,BVI,0.2,12,1,False,False,True,True,2,6
2025-12-30,12909,Garib Rath,ST,20.3,12,1,False,False,True,True,3,6
2025-12-30,12909,Garib Rath,BRC,24.4,12,1,False,False,True,True,4,6
2025-12-30,12909,Garib Rath,KOTA,36.3,12,1,False,False,True,True,5,6
2025-12-30,12909,Garib Rath,NDLS,51.3,12,1,False,False,True,True,6,6
2025-12-30,12137,Punjab Mail,CSMT,23.5,12,1,False,False,True,True,1,12
2025-12-30,12137,Punjab Mail,KYN,22.7,12,1,False,False,True,True,2,12
2025-12-30,12137,Punjab Mail,NMD,40.0,12,1,False,False,True,True,3,12
2025-12-30,12137,Punjab Mail,MMR,72.3,12,1,False,False,True,True,4,12
2025-12-30,12137,Punjab Mail,BSL,86.7,12,1,False,False,True,True,5,12
2025-12-30,12137,Punjab Mail,ET,94.6,12,1,False,False,True,True,6,12
2025-12-30,12137,Punjab Mail,BPL,106.3,12,1,False,False,True,True,7,12
2025-12-30,12137,Punjab Mail,JHS,113.3,12,1,False,False,True,True,8,12
2025-12-30,12137,Punjab Mail,GWL,125.9,12,1,False,False,True,True,9,12
2025-12-30,12137,Punjab Mail,AGC,129.7,12,1,False,False,True,True,10,12
2025-12-30,12137,Punjab Mail,MTJ,159.0,12,1,False,False,True,True,11,12
2025-12-30,12137,Punjab Mail,NDLS,178.4,12,1,False,False,True,True,12,12
2025-12-30,12621,Tamil Nadu Express,CSMT,37.3,12,1,False,False,True,True,1,9
2025-12-30,12621,Tamil Nadu Express,KYN,12.3,12,1,False,False,True,True,2,9
2025-12-30,12621,Tamil Nadu Express,MMR,52.9,12,1,False,False,True,True,3,9
2025-12-30,12621,Tamil Nadu Express,BSL,88.8,12,1,False,False,True,True,4,9
2025-12-30,12621,Tamil Nadu Express,ET,107.0,12,1,False,False,True,True,5,9
2025-12-30,12621,Tamil Nadu Express,BPL,124.3,12,1,False,False,True,True,6,9
2025-12-30,12621,Tamil Nadu Express,JHS,152.6,12,1,False,False,True,True,7,9
2025-12-30,12621,Tamil Nadu Express,AGC,175.6,12,1,False,False,True,True,8,9
2025-12-30,12621,Tamil Nadu Express,NDLS,200.9,12,1,False,False,True,True,9,9
2025-12-30,12261,Mumbai Duronto Central,CSMT,16.7,12,1,False,False,True,True,1,2
2025-12-30,12261,Mumbai Duronto Central,NDLS,10.4,12,1,False,False,True,True,2,2
2025-12-30,12187,Mumbai Garib Rath,CSMT,39.4,12,1,False,False,True,True,1,7
2025-12-30,12187,Mumbai Garib Rath,KYN,4.6,12,1,False,False,True,True,2,7
2025-12-30,12187,Mumbai Garib Rath,BSL,38.7,12,1,False,False,True,True,3,7
2025-12-30,12187,Mumbai Garib Rath,BPL,55.8,12,1,False,False,True,True,4,7
2025-12-30,12187,Mumbai Garib Rath,JHS,85.9,12,1,False,False,True,True,5,7
2025-12-30,12187,Mumbai Garib Rath,GWL,95.9,12,1,False,False,True,True,6,7
2025-12-30,12187,Mumbai Garib Rath,NDLS,131.5,12,1,False,False,True,True,7,7
2025-12-29,12951,Mumbai Rajdhani,MMCT,5.7,12,0,False,False,True,True,1,5
2025-12-29,12951,Mumbai Rajdhani,BRC,9.7,12,0,False,False,True,True,2,5
2025-12-29,12951,Mumbai Rajdhani,KOTA,15.4,12,0,False,False,True,True,3,5
2025-12-29,12951,Mumbai Rajdhani,SWM,15.5,12,0,False,False,True,True,4,5
2025-12-29,12951,Mumbai Rajdhani,NDLS,20.0,12,0,False,False,True,True,5,5
2025-12-29,12953,August Kranti Rajdhani,MMCT,10.1,12,0,False,False,True,True,1,6
2025-12-29,12953,August Kranti Rajdhani,ST,3.9,12,0,False,False,True,True,2,6
2025-12-29,12953,August Kranti Rajdhani,BRC,22.6,12,0,False,False,True,True,3,6
2025-12-29,12953,August Kranti Rajdhani,RTM,25.0,12,0,False,False,True,True,4,6
2025-12-29,12953,August Kranti Rajdhani,KOTA,24.3,12,0,False,False,True,True,5,6
2025-12-29,12953,August Kranti Rajdhani,NDLS,28.1,12,0,False,False,True,True,6,6
2025-12-29,12267,Mumbai Duronto,MMCT,2.6,12,0,False,False,True,True,1,2
2025-12-29,12267,Mumbai Duronto,NDLS,11.7,12,0,False,False,True,True,2,2
2025-12-29,12903,Golden Temple Mail,MMCT,8.4,12,0,False,False,True,True,1,10
2025-12-29,12903,Golden Temple Mail,BVI,17.7,12,0,False,False,True,True,2,10
2025-12-29,12903,Golden Temple Mail,BL,24.1,12,0,False,False,True,True,3,10
2025-12-29,12903,Golden Temple Mail,ST,19.1,12,0,False,False,True,True,4,10
2025-12-29,12903,Golden Temple Mail,BRC,30.1,12,0,False,False,True,True,5,10
2025-12-29,12903,Golden Temple Mail,RTM,53.0,12,0,False,False,True,True,6,10
2025-12-29,12903,Golden Temple Mail,KOTA,55.2,12,0,False,False,True,True,7,10
2025-12-29,12903,Golden Temple Mail,SWM,66.0,12,0,False,False,True,True,8,10
2025-12-29,12903,Golden Temple Mail,MTJ,74.0,12,0,False,False,True,True,9,10
2025-12-29,12903,Golden Temple Mail,NDLS,89.8,12,0,False,False,True,True,10,10
2025-12-29,12925,Paschim Express,MMCT,21.5,12,0,False,False,True,True,1,9
2025-12-29,12925,Paschim Express,BVI,13.3,12,0,False,False,True,True,2,9
2025-12-29,12925,Paschim Express,ST,29.2,12,0,False,False,True,True,3,9
2025-12-29,12925,Paschim Express,BRC,59.1,12,0,False,False,True,True,4,9
2025-12-29,12925,Paschim Express,RTM,56.0,12,0,False,False,True,True,5,9
2025-12-29,12925,Paschim Express,KOTA,69.5,12,0,False,False,True,True,6,9
2025-12-29,12925,Paschim Express,SWM,87.9,12,0,False,False,True,True,7,9
2025-12-29,12925,Paschim Express,MTJ,105.2,12,0,False,False,True,True,8,9
2025-12-29,12925,Paschim Express,NDLS,119.3,12,0,False,False,True,True,9,9
2025-12-29,12909,Garib Rath,MMCT,2.9,12,0,False,False,True,True,1,6
2025-12-29,12909,Garib Rath,BVI,9.3,12,0,False,False,True,True,2,6
2025-12-29,12909,Garib Rath,ST,8.4,12,0,False,False,True,True,3,6
2025-12-29,12909,Garib Rath,BRC,18.9,12,0,False,False,True,True,4,6
2025-12-29,12909,Garib Rath,KOTA,29.1,12,0,False,False,True,True,5,6
2025-12-29,12909,Garib Rath,NDLS,25.9,12,0,False,False,True,True,6,6
2025-12-29,12137,Punjab Mail,CSMT,9.6,12,0,False,False,True,True,1,12
2025-12-29,12137,Punjab Mail,KYN,0.0,12,0,False,False,True,True,2,12
2025-12-29,12137,Punjab Mail,NMD,4.0,12,0,False,False,True,True,3,12
2025-12-29,12137,Punjab Mail,MMR,25.5,12,0,False,False,True,True,4,12
2025-12-29,12137,Punjab Mail,BSL,44.7,12,0,False,False,True,True,5,12
2025-12-29,12137,Punjab Mail,ET,47.1,12,0,False,False,True,True,6,12
2025-12-29,12137,Punjab Mail,BPL,42.1,12,0,False,False,True,True,7,12
2025-12-29,12137,Punjab Mail,JHS,63.3,12,0,False,False,True,True,8,12
2025-12-29,12137,Punjab Mail,GWL,67.6,12,0,False,False,True,True,9,12
2025-12-29,12137,Punjab Mail,AGC,63.5,12,0,False,False,True,True,10,12
2025-12-29,12137,Punjab Mail,MTJ,77.0,12,0,False,False,True,True,11,12
2025-12-29,12137,Punjab Mail,NDLS,98.1,12,0,False,False,True,True,12,12
2025-12-29,12621,Tamil Nadu Express,CSMT,13.1,12,0,False,False,True,True,1,9
2025-12-29,12621,Tamil Nadu Express,KYN,0.0,12,0,False,False,True,True,2,9
2025-12-29,12621,Tamil Nadu Express,MMR,18.6,12,0,False,False,True,True,3,9
2025-12-29,12621,Tamil Nadu Express,BSL,25.8,12,0,False,False,True,True,4,9
2025-12-29,12621,Tamil Nadu Express,ET,25.4,12,0,False,False,True,True,5,9
2025-12-29,12621,Tamil Nadu Express,BPL,20.4,12,0,False,False,True,True,6,9
2025-12-29,12621,Tamil Nadu Express,JHS,25.0,12,0,False,False,True,True,7,9
2025-12-29,12621,Tamil Nadu Express,AGC,40.6,12,0,False,False,True,True,8,9
2025-12-29,12621,Tamil Nadu Express,NDLS,52.2,12,0,False,False,True,True,9,9
2025-12-29,12261,Mumbai Duronto Central,CSMT,9.4,12,0,False,False,True,True,1,2
2025-12-29,12261,Mumbai Duronto Central,NDLS,0.0,12,0,False,False,True,True,2,2
2025-12-29,12187,Mumbai Garib Rath,CSMT,7.8,12,0,False,False,True,True,1,7
2025-12-29,12187,Mumbai Garib Rath,KYN,33.6,12,0,False,False,True,True,2,7
2025-12-29,12187,Mumbai Garib Rath,BSL,38.7,12,0,False,False,True,True,3,7
2025-12-29,12187,Mumbai Garib Rath,BPL,41.5,12,0,False,False,True,True,4,7
2025-12-29,12187,Mumbai Garib Rath,JHS,49.4,12,0,False,False,True,True,5,7
2025-12-29,12187,Mumbai Garib Rath,GWL,63.9,12,0,False,False,True,True,6,7
2025-12-29,12187,Mumbai Garib Rath,NDLS,91.3,12,0,False,False,True,True,7,7
2025-12-28,12951,Mumbai Rajdhani,MMCT,0.0,12,6,True,False,True,True,1,5
2025-12-28,12951,Mumbai Rajdhani,BRC,16.2,12,6,True,False,True,True,2,5
2025-12-28,12951,Mumbai Rajdhani,KOTA,21.8,12,6,True,False,True,True,3,5
2025-12-28,12951,Mumbai Rajdhani,SWM,17.7,12,6,True,False,True,True,4,5
2025-12-28,12951,Mumbai Rajdhani,NDLS,28.5,12,6,True,False,True,True,5,5
2025-12-28,12953,August Kranti Rajdhani,MMCT,0.2,12,6,True,False,True,True,1,6
2025-12-28,12953,August Kranti Rajdhani,ST,0.0,12,6,True,False,True,True,2,6
2025-12-28,12953,August Kranti Rajdhani,BRC,27.2,12,6,True,False,True,True,3,6
2025-12-28,12953,August Kranti Rajdhani,RTM,23.4,12,6,True,False,True,True,4,6
2025-12-28,12953,August Kranti Rajdhani,KOTA,22.7,12,6,True,False,True,True,5,6
2025-12-28,12953,August Kranti Rajdhani,NDLS,40.6,12,6,True,False,True,True,6,6
2025-12-28,12267,Mumbai Duronto,MMCT,0.0,12,6,True,False,True,True,1,2
2025-12-28,12267,Mumbai Duronto,NDLS,9.6,12,6,True,False,True,True,2,2
2025-12-28,12903,Golden Temple Mail,MMCT,3.1,12,6,True,False,True,True,1,10
2025-12-28,12903,Golden Temple Mail,BVI,2.7,12,6,True,False,True,True,2,10
2025-12-28,12903,Golden Temple Mail,BL,13.4,12,6,True,False,True,True,3,10
2025-12-28,12903,Golden Temple Mail,ST,22.0,12,6,True,False,True,True,4,10
2025-12-28,12903,Golden Temple Mail,BRC,18.8,12,6,True,False,True,True,5,10
2025-12-28,12903,Golden Temple Mail,RTM,17.8,12,6,True,False,True,True,6,10
2025-12-28,12903,Golden Temple Mail,KOTA,14.9,12,6,True,False,True,True,7,10
2025-12-28,12903,Golden Temple Mail,SWM,12.7,12,6,True,False,True,True,8,10
2025-12-28,12903,Golden Temple Mail,MTJ,16.9,12,6,True,False,True,True,9,10
2025-12-28,12903,Golden Temple Mail,NDLS,17.5,12,6,True,False,True,True,10,10
2025-12-28,12925,Paschim Express,MMCT,16.1,12,6,True,False,True,True,1,9
2025-12-28,12925,Paschim Express,BVI,14.5,12,6,True,False,True,True,2,9
2025-12-28,12925,Paschim Express,ST,26.4,12,6,True,False,True,True,3,9
2025-12-28,12925,Paschim Express,BRC,51.9,12,6,True,False,True,True,4,9
2025-12-28,12925,Paschim Express,RTM,80.8,12,6,True,False,True,True,5,9
2025-12-28,12925,Paschim Express,KOTA,91.0,12,6,True,False,True,True,6,9
2025-12-28,12925,Paschim Express,SWM,89.4,12,6,True,False,True,True,7,9
2025-12-28,12925,Paschim Express,MTJ,105.4,12,6,True,False,True,True,8,9
2025-12-28,12925,Paschim Express,NDLS,109.0,12,6,True,False,True,True,9,9
2025-12-28,12909,Garib Rath,MMCT,25.1,12,6,True,False,True,True,1,6
2025-12-28,12909,Garib Rath,BVI,13.4,12,6,True,False,True,True,2,6
2025-12-28,12909,Garib Rath,ST,27.4,12,6,True,False,True,True,3,6
2025-12-28,12909,Garib Rath,BRC,44.5,12,6,True,False,True,True,4,6
2025-12-28,12909,Garib Rath,KOTA,71.0,12,6,True,False,True,True,5,6
2025-12-28,12909,Garib Rath,NDLS,89.3,12,6,True,False,True,True,6,6
2025-12-28,12137,Punjab Mail,CSMT,20.7,12,6,True,False,True,True,1,12
2025-12-28,12137,Punjab Mail,KYN,18.6,12,6,True,False,True,True,2,12
2025-12-28,12137,Punjab Mail,NMD,38.1,12,6,True,False,True,True,3,12
2025-12-28,12137,Punjab Mail,MMR,65.7,12,6,True,False,True,True,4,12
2025-12-28,12137,Punjab Mail,BSL,80.2,12,6,True,False,True,True,5,12
2025-12-28,12137,Punjab Mail,ET,91.8,12,6,True,False,True,True,6,12
2025-12-28,12137,Punjab Mail,BPL,98.5,12,6,True,False,True,True,7,12
2025-12-28,12137,Punjab Mail,JHS,121.8,12,6,True,False,True,True,8,12
2025-12-28,12137,Punjab Mail,GWL,128.1,12,6,True,False,True,True,9,12
2025-12-28,12137,Punjab Mail,AGC,143.5,12,6,True,False,True,True,10,12
2025-12-28,12137,Punjab Mail,MTJ,173.8,12,6,True,False,True,True,11,12
2025-12-28,12137,Punjab Mail,NDLS,197.6,12,6,True,False,True,True,12,12
2025-12-28,12621,Tamil Nadu Express,CSMT,1.9,12,6,True,False,True,True,1,9
2025-12-28,12621,Tamil Nadu Express,KYN,15.9,12,6,True,False,True,True,2,9
2025-12-28,12621,Tamil Nadu Express,MMR,22.2,12,6,True,False,True,True,3,9
2025-12-28,12621,Tamil Nadu Express,BSL,19.5,12,6,True,False,True,True,4,9
2025-12-28,12621,Tamil Nadu Express,ET,20.9,12,6,True,False,True,True,5,9
2025-12-28,12621,Tamil Nadu Express,BPL,25.8,12,6,True,False,True,True,6,9
2025-12-28,12621,Tamil Nadu Express,JHS,34.3,12,6,True,False,True,True,7,9
2025-12-28,12621,Tamil Nadu Express,AGC,35.6,12,6,True,False,True,True,8,9
2025-12-28,12621,Tamil Nadu Express,NDLS,33.1,12,6,True,False,True,True,9,9
2025-12-28,12261,Mumbai Duronto Central,CSMT,7.5,12,6,True,False,True,True,1,2
2025-12-28,12261,Mumbai Duronto Central,NDLS,12.0,12,6,True,False,True,True,2,2
2025-12-28,12187,Mumbai Garib Rath,CSMT,0.0,12,6,True,False,True,True,1,7
2025-12-28,12187,Mumbai Garib Rath,KYN,1.6,12,6,True,False,True,True,2,7
2025-12-28,12187,Mumbai Garib Rath,BSL,11.2,12,6,True,False,True,True,3,7
2025-12-28,12187,Mumbai Garib Rath,BPL,8.5,12,6,True,False,True,True,4,7
2025-12-28,12187,Mumbai Garib Rath,JHS,7.1,12,6,True,False,True,True,5,7
2025-12-28,12187,Mumbai Garib Rath,GWL,18.3,12,6,True,False,True,True,6,7
2025-12-28,12187,Mumbai Garib Rath,NDLS,27.3,12,6,True,False,True,True,7,7
2025-12-27,12951,Mumbai Rajdhani,MMCT,9.5,12,5,True,False,True,True,1,5
2025-12-27,12951,Mumbai Rajdhani,BRC,0.9,12,5,True,False,True,True,2,5
2025-12-27,12951,Mumbai Rajdhani,KOTA,14.3,12,5,True,False,True,True,3,5
2025-12-27,12951,Mumbai Rajdhani,SWM,14.9,12,5,True,False,True,True,4,5
2025-12-27,12951,Mumbai Rajdhani,NDLS,38.0,12,5,True,False,True,True,5,5
2025-12-27,12953,August Kranti Rajdhani,MMCT,4.8,12,5,True,False,True,True,1,6
2025-12-27,12953,August Kranti Rajdhani,ST,7.0,12,5,True,False,True,True,2,6
2025-12-27,12953,August Kranti Rajdhani,BRC,8.7,12,5,True,False,True,True,3,6
2025-12-27,12953,August Kranti Rajdhani,RTM,29.5,12,5,True,False,True,True,4,6
2025-12-27,12953,August Kranti Rajdhani,KOTA,36.2,12,5,True,False,True,True,5,6
2025-12-27,12953,August Kranti Rajdhani,NDLS,46.8,12,5,True,False,True,True,6,6
2025-12-27,12267,Mumbai Duronto,MMCT,0.0,12,5,True,False,True,True,1,2
2025-12-27,12267,Mumbai Duronto,NDLS,15.0,12,5,True,False,True,True,2,2
2025-12-27,12903,Golden Temple Mail,MMCT,9.9,12,5,True,False,True,True,1,10
2025-12-27,12903,Golden Temple Mail,BVI,7.4,12,5,True,False,True,True,2,10
2025-12-27,12903,Golden Temple Mail,BL,4.5,12,5,True,False,True,True,3,10
2025-12-27,12903,Golden Temple Mail,ST,4.3,12,5,True,False,True,True,4,10
2025-12-27,12903,Golden Temple Mail,BRC,20.9,12,5,True,False,True,True,5,10
2025-12-27,12903,Golden Temple Mail,RTM,34.0,12,5,True,False,True,True,6,10
2025-12-27,12903,Golden Temple Mail,KOTA,41.2,12,5,True,False,True,True,7,10
2025-12-27,12903,Golden Temple Mail,SWM,36.2,12,5,True,False,True,True,8,10
2025-12-27,12903,Golden Temple Mail,MTJ,47.6,12,5,True,False,True,True,9,10
2025-12-27,12903,Golden Temple Mail,NDLS,51.9,12,5,True,False,True,True,10,10
2025-12-27,12925,Paschim Express,MMCT,8.0,12,5,True,False,True,True,1,9
2025-12-27,12925,Paschim Express,BVI,17.1,12,5,True,False,True,True,2,9
2025-12-27,12925,Paschim Express,ST,28.4,12,5,True,False,True,True,3,9
2025-12-27,12925,Paschim Express,BRC,36.6,12,5,True,False,True,True,4,9
2025-12-27,12925,Paschim Express,RTM,46.5,12,5,True,False,True,True,5,9
2025-12-27,12925,Paschim Express,KOTA,68.0,12,5,True,False,True,True,6,9
2025-12-27,12925,Paschim Express,SWM,85.9,12,5,True,False,True,True,7,9
2025-12-27,12925,Paschim Express,MTJ,82.1,12,5,True,False,True,True,8,9
2025-12-27,12925,Paschim Express,NDLS,79.0,12,5,True,False,True,True,9,9
2025-12-27,12909,Garib Rath,MMCT,6.1,12,5,True,False,True,True,1,6
2025-12-27,12909,Garib Rath,BVI,22.3,12,5,True,False,True,True,2,6
2025-12-27,12909,Garib Rath,ST,31.2,12,5,True,False,True,True,3,6
2025-12-27,12909,Garib Rath,BRC,33.3,12,5,True,False,True,True,4,6
2025-12-27,12909,Garib Rath,KOTA,36.6,12,5,True,False,True,True,5,6
2025-12-27,12909,Garib Rath,NDLS,44.6,12,5,True,False,True,True,6,6
2025-12-27,12137,Punjab Mail,CSMT,5.1,12,5,True,False,True,True,1,12
2025-12-27,12137,Punjab Mail,KYN,17.1,12,5,True,False,True,True,2,12
2025-12-27,12137,Punjab Mail,NMD,27.5,12,5,True,False,True,True,3,12
2025-12-27,12137,Punjab Mail,MMR,39.1,12,5,True,False,True,True,4,12
2025-12-27,12137,Punjab Mail,BSL,49.7,12,5,True,False,True,True,5,12
2025-12-27,12137,Punjab Mail,ET,60.9,12,5,True,False,True,True,6,12
2025-12-27,12137,Punjab Mail,BPL,68.6,12,5,True,False,True,True,7,12
2025-12-27,12137,Punjab Mail,JHS,82.0,12,5,True,False,True,True,8,12
2025-12-27,12137,Punjab Mail,GWL,89.5,12,5,True,False,True,True,9,12
2025-12-27,12137,Punjab Mail,AGC,94.5,12,5,True,False,True,True,10,12
2025-12-27,12137,Punjab Mail,MTJ,108.2,12,5,True,False,True,True,11,12
2025-12-27,12137,Punjab Mail,NDLS,110.8,12,5,True,False,True,True,12,12
2025-12-27,12621,Tamil Nadu Express,CSMT,20.0,12,5,True,False,True,True,1,9
2025-12-27,12621,Tamil Nadu Express,KYN,17.8,12,5,True,False,True,True,2,9
2025-12-27,12621,Tamil Nadu Express,MMR,51.4,12,5,True,False,True,True,3,9
2025-12-27,12621,Tamil Nadu Express,BSL,74.0,12,5,True,False,True,True,4,9
2025-12-27,12621,Tamil Nadu Express,ET,88.2,12,5,True,False,True,True,5,9
2025-12-27,12621,Tamil Nadu Express,BPL,106.2,12,5,True,False,True,True,6,9
2025-12-27,12621,Tamil Nadu Express,JHS,128.1,12,5,True,False,True,True,7,9
2025-12-27,12621,Tamil Nadu Express,AGC,152.6,12,5,True,False,True,True,8,9
2025-12-27,12621,Tamil Nadu Express,NDLS,169.4,12,5,True,False,True,True,9,9
2025-12-27,12261,Mumbai Duronto Central,CSMT,9.3,12,5,True,False,True,True,1,2
2025-12-27,12261,Mumbai Duronto Central,NDLS,0.0,12,5,True,False,True,True,2,2
2025-12-27,12187,Mumbai Garib Rath,CSMT,0.0,12,5,True,False,True,True,1,7
2025-12-27,12187,Mumbai Garib Rath,KYN,6.8,12,5,True,False,True,True,2,7
2025-12-27,12187,Mumbai Garib Rath,BSL,15.1,12,5,True,False,True,True,3,7
2025-12-27,12187,Mumbai Garib Rath,BPL,13.3,12,5,True,False,True,True,4,7
2025-12-27,12187,Mumbai Garib Rath,JHS,25.5,12,5,True,False,True,True,5,7
2025-12-27,12187,Mumbai Garib Rath,GWL,27.2,12,5,True,False,True,True,6,7
2025-12-27,12187,Mumbai Garib Rath,NDLS,26.0,12,5,True,False,True,True,7,7
2025-12-26,12951,Mumbai Rajdhani,MMCT,1.2,12,4,False,False,True,True,1,5
2025-12-26,12951,Mumbai Rajdhani,BRC,3.3,12,4,False,False,True,True,2,5
2025-12-26,12951,Mumbai Rajdhani,KOTA,0.0,12,4,False,False,True,True,3,5
2025-12-26,12951,Mumbai Rajdhani,SWM,0.0,12,4,False,False,True,True,4,5
2025-12-26,12951,Mumbai Rajdhani,NDLS,0.0,12,4,False,False,True,True,5,5
2025-12-26,12953,August Kranti Rajdhani,MMCT,0.0,12,4,False,False,True,True,1,6
2025-12-26,12953,August Kranti Rajdhani,ST,0.0,12,4,False,False,True,True,2,6
2025-12-26,12953,August Kranti Rajdhani,BRC,25.0,12,4,False,False,True,True,3,6
2025-12-26,12953,August Kranti Rajdhani,RTM,30.3,12,4,False,False,True,True,4,6
2025-12-26,12953,August Kranti Rajdhani,KOTA,32.9,12,4,False,False,True,True,5,6
2025-12-26,12953,August Kranti Rajdhani,NDLS,49.5,12,4,False,False,True,True,6,6
2025-12-26,12267,Mumbai Duronto,MMCT,40.9,12,4,False,False,True,True,1,2
2025-12-26,12267,Mumbai Duronto,NDLS,20.5,12,4,False,False,True,True,2,2
2025-12-26,12903,Golden Temple Mail,MMCT,7.8,12,4,False,False,True,True,1,10
2025-12-26,12903,Golden Temple Mail,BVI,13.6,12,4,False,False,True,True,2,10
2025-12-26,12903,Golden Temple Mail,BL,8.6,12,4,False,False,True,True,3,10
2025-12-26,12903,Golden Temple Mail,ST,24.2,12,4,False,False,True,True,4,10
2025-12-26,12903,Golden Temple Mail,BRC,29.7,12,4,False,False,True,True,5,10
2025-12-26,12903,Golden Temple Mail,RTM,37.8,12,4,False,False,True,True,6,10
2025-12-26,12903,Golden Temple Mail,KOTA,47.7,12,4,False,False,True,True,7,10
2025-12-26,12903,Golden Temple Mail,SWM,42.7,12,4,False,False,True,True,8,10
2025-12-26,12903,Golden Temple Mail,MTJ,51.0,12,4,False,False,True,True,9,10
2025-12-26,12903,Golden Temple Mail,NDLS,60.5,12,4,False,False,True,True,10,10
2025-12-26,12925,Paschim Express,MMCT,11.5,12,4,False,False,True,True,1,9
2025-12-26,12925,Paschim Express,BVI,2.3,12,4,False,False,True,True,2,9
2025-12-26,12925,Paschim Express,ST,0.0,12,4,False,False,True,True,3,9
2025-12-26,12925,Paschim Express,BRC,0.0,12,4,False,False,True,True,4,9
2025-12-26,12925,Paschim Express,RTM,17.8,12,4,False,False,True,True,5,9
2025-12-26,12925,Paschim Express,KOTA,27.8,12,4,False,False,True,True,6,9
2025-12-26,12925,Paschim Express,SWM,26.6,12,4,False,False,True,True,7,9
2025-12-26,12925,Paschim Express,MTJ,30.3,12,4,False,False,True,True,8,9
2025-12-26,12925,Paschim Express,NDLS,60.9,12,4,False,False,True,True,9,9
2025-12-26,12909,Garib Rath,MMCT,6.2,12,4,False,False,True,True,1,6
2025-12-26,12909,Garib Rath,BVI,3.9,12,4,False,False,True,True,2,6
2025-12-26,12909,Garib Rath,ST,12.7,12,4,False,False,True,True,3,6
2025-12-26,12909,Garib Rath,BRC,18.5,12,4,False,False,True,True,4,6
2025-12-26,12909,Garib Rath,KOTA,36.0,12,4,False,False,True,True,5,6
2025-12-26,12909,Garib Rath,NDLS,53.5,12,4,False,False,True,True,6,6
2025-12-26,12137,Punjab Mail,CSMT,18.2,12,4,False,False,True,True,1,12
2025-12-26,12137,Punjab Mail,KYN,12.5,12,4,False,False,True,True,2,12
2025-12-26,12137,Punjab Mail,NMD,16.4,12,4,False,False,True,True,3,12
2025-12-26,12137,Punjab Mail,MMR,36.3,12,4,False,False,True,True,4,12
2025-12-26,12137,Punjab Mail,BSL,54.6,12,4,False,False,True,True,5,12
2025-12-26,12137,Punjab Mail,ET,80.3,12,4,False,False,True,True,6,12
2025-12-26,12137,Punjab Mail,BPL,108.3,12,4,False,False,True,True,7,12
2025-12-26,12137,Punjab Mail,JHS,147.3,12,4,False,False,True,True,8,12
2025-12-26,12137,Punjab Mail,GWL,156.0,12,4,False,False,True,True,9,12
2025-12-26,12137,Punjab Mail,AGC,167.5,12,4,False,False,True,True,10,12
2025-12-26,12137,Punjab Mail,MTJ,190.2,12,4,False,False,True,True,11,12
2025-12-26,12137,Punjab Mail,NDLS,207.6,12,4,False,False,True,True,12,12
2025-12-26,12621,Tamil Nadu Express,CSMT,7.4,12,4,False,False,True,True,1,9
2025-12-26,12621,Tamil Nadu Express,KYN,19.5,12,4,False,False,True,True,2,9
2025-12-26,12621,Tamil Nadu Express,MMR,18.8,12,4,False,False,True,True,3,9
2025-12-26,12621,Tamil Nadu Express,BSL,33.1,12,4,False,False,True,True,4,9
2025-12-26,12621,Tamil Nadu Express,ET,45.8,12,4,False,False,True,True,5,9
2025-12-26,12621,Tamil Nadu Express,BPL,47.7,12,4,False,False,True,True,6,9
2025-12-26,12621,Tamil Nadu Express,JHS,67.5,12,4,False,False,True,True,7,9
2025-12-26,12621,Tamil Nadu Express,AGC,62.5,12,4,False,False,True,True,8,9
2025-12-26,12621,Tamil Nadu Express,NDLS,69.6,12,4,False,False,True,True,9,9
2025-12-26,12261,Mumbai Duronto Central,CSMT,10.9,12,4,False,False,True,True,1,2
2025-12-26,12261,Mumbai Duronto Central,NDLS,3.3,12,4,False,False,True,True,2,2
2025-12-26,12187,Mumbai Garib Rath,CSMT,7.1,12,4,False,False,True,True,1,7
2025-12-26,12187,Mumbai Garib Rath,KYN,8.0,12,4,False,False,True,True,2,7
2025-12-26,12187,Mumbai Garib Rath,BSL,12.2,12,4,False,False,True,True,3,7
2025-12-26,12187,Mumbai Garib Rath,BPL,28.9,12,4,False,False,True,True,4,7
2025-12-26,12187,Mumbai Garib Rath,JHS,27.4,12,4,False,False,True,True,5,7
2025-12-26,12187,Mumbai Garib Rath,GWL,23.4,12,4,False,False,True,True,6,7
2025-12-26,12187,Mumbai Garib Rath,NDLS,26.9,12,4,False,False,True,True,7,7
2025-12-25,12951,Mumbai Rajdhani,MMCT,16.1,12,3,False,False,True,True,1,5
2025-12-25,12951,Mumbai Rajdhani,BRC,12.9,12,3,False,False,True,True,2,5
2025-12-25,12951,Mumbai Rajdhani,KOTA,21.2,12,3,False,False,True,True,3,5
2025-12-25,12951,Mumbai Rajdhani,SWM,16.2,12,3,False,False,True,True,4,5
2025-12-25,12951,Mumbai Rajdhani,NDLS,17.8,12,3,False,False,True,True,5,5
2025-12-25,12953,August Kranti Rajdhani,MMCT,2.1,12,3,False,False,True,True,1,6
2025-12-25,12953,August Kranti Rajdhani,ST,0.0,12,3,False,False,True,True,2,6
2025-12-25,12953,August Kranti Rajdhani,BRC,10.5,12,3,False,False,True,True,3,6
2025-12-25,12953,August Kranti Rajdhani,RTM,15.6,12,3,False,False,True,True,4,6
2025-12-25,12953,August Kranti Rajdhani,KOTA,16.2,12,3,False,False,True,True,5,6
2025-12-25,12953,August Kranti Rajdhani,NDLS,24.4,12,3,False,False,True,True,6,6
2025-12-25,12267,Mumbai Duronto,MMCT,0.6,12,3,False,False,True,True,1,2
2025-12-25,12267,Mumbai Duronto,NDLS,27.2,12,3,False,False,True,True,2,2
2025-12-25,12903,Golden Temple Mail,MMCT,29.3,12,3,False,False,True,True,1,10
2025-12-25,12903,Golden Temple Mail,BVI,24.3,12,3,False,False,True,True,2,10
2025-12-25,12903,Golden Temple Mail,BL,35.8,12,3,False,False,True,True,3,10
2025-12-25,12903,Golden Temple Mail,ST,41.8,12,3,False,False,True,True,4,10
2025-12-25,12903,Golden Temple Mail,BRC,49.6,12,3,False,False,True,True,5,10
2025-12-25,12903,Golden Temple Mail,RTM,60.7,12,3,False,False,True,True,6,10
2025-12-25,12903,Golden Temple Mail,KOTA,101.9,12,3,False,False,True,True,7,10
2025-12-25,12903,Golden Temple Mail,SWM,107.1,12,3,False,False,True,True,8,10
2025-12-25,12903,Golden Temple Mail,MTJ,139.1,12,3,False,False,True,True,9,10
2025-12-25,12903,Golden Temple Mail,NDLS,147.7,12,3,False,False,True,True,10,10
2025-12-25,12925,Paschim Express,MMCT,3.7,12,3,False,False,True,True,1,9
2025-12-25,12925,Paschim Express,BVI,0.0,12,3,False,False,True,True,2,9
2025-12-25,12925,Paschim Express,ST,0.0,12,3,False,False,True,True,3,9
2025-12-25,12925,Paschim Express,BRC,9.0,12,3,False,False,True,True,4,9
2025-12-25,12925,Paschim Express,RTM,18.9,12,3,False,False,True,True,5,9
2025-12-25,12925,Paschim Express,KOTA,34.8,12,3,False,False,True,True,6,9
2025-12-25,12925,Paschim Express,SWM,40.0,12,3,False,False,True,True,7,9
2025-12-25,12925,Paschim Express,MTJ,43.2,12,3,False,False,True,True,8,9
2025-12-25,12925,Paschim Express,NDLS,42.7,12,3,False,False,True,True,9,9
2025-12-25,12909,Garib Rath,MMCT,0.0,12,3,False,False,True,True,1,6
2025-12-25,12909,Garib Rath,BVI,6.3,12,3,False,False,True,True,2,6
2025-12-25,12909,Garib Rath,ST,5.5,12,3,False,False,True,True,3,6
2025-12-25,12909,Garib Rath,BRC,1.6,12,3,False,False,True,True,4,6
2025-12-25,12909,Garib Rath,KOTA,0.0,12,3,False,False,True,True,5,6
2025-12-25,12909,Garib Rath,NDLS,3.1,12,3,False,False,True,True,6,6
2025-12-25,12137,Punjab Mail,CSMT,13.0,12,3,False,False,True,True,1,12
2025-12-25,12137,Punjab Mail,KYN,35.9,12,3,False,False,True,True,2,12
2025-12-25,12137,Punjab Mail,NMD,42.3,12,3,False,False,True,True,3,12
2025-12-25,12137,Punjab Mail,MMR,76.8,12,3,False,False,True,True,4,12
2025-12-25,12137,Punjab Mail,BSL,96.6,12,3,False,False,True,True,5,12
2025-12-25,12137,Punjab Mail,ET,116.9,12,3,False,False,True,True,6,12
2025-12-25,12137,Punjab Mail,BPL,126.7,12,3,False,False,True,True,7,12
2025-12-25,12137,Punjab Mail,JHS,126.8,12,3,False,False,True,True,8,12
2025-12-25,12137,Punjab Mail,GWL,139.6,12,3,False,False,True,True,9,12
2025-12-25,12137,Punjab Mail,AGC,155.5,12,3,False,False,True,True,10,12
2025-12-25,12137,Punjab Mail,MTJ,173.4,12,3,False,False,True,True,11,12
2025-12-25,12137,Punjab Mail,NDLS,196.4,12,3,False,False,True,True,12,12
2025-12-25,12621,Tamil Nadu Express,CSMT,0.0,12,3,False,False,True,True,1,9
2025-12-25,12621,Tamil Nadu Express,KYN,0.0,12,3,False,False,True,True,2,9
2025-12-25,12621,Tamil Nadu Express,MMR,11.8,12,3,False,False,True,True,3,9
2025-12-25,12621,Tamil Nadu Express,BSL,26.4,12,3,False,False,True,True,4,9
2025-12-25,12621,Tamil Nadu Express,ET,32.9,12,3,False,False,True,True,5,9
2025-12-25,12621,Tamil Nadu Express,BPL,32.9,12,3,False,False,True,True,6,9
2025-12-25,12621,Tamil Nadu Express,JHS,45.9,12,3,False,False,True,True,7,9
2025-12-25,12621,Tamil Nadu Express,AGC,51.2,12,3,False,False,True,True,8,9
2025-12-25,12621,Tamil Nadu Express,NDLS,64.7,12,3,False,False,True,True,9,9
2025-12-25,12261,Mumbai Duronto Central,CSMT,12.7,12,3,False,False,True,True,1,2
2025-12-25,12261,Mumbai Duronto Central,NDLS,11.9,12,3,False,False,True,True,2,2
2025-12-25,12187,Mumbai Garib Rath,CSMT,31.5,12,3,False,False,True,True,1,7
2025-12-25,12187,Mumbai Garib Rath,KYN,28.0,12,3,False,False,True,True,2,7
2025-12-25,12187,Mumbai Garib Rath,BSL,60.0,12,3,False,False,True,True,3,7
2025-12-25,12187,Mumbai Garib Rath,BPL,76.2,12,3,False,False,True,True,4,7
2025-12-25,12187,Mumbai Garib Rath,JHS,108.8,12,3,False,False,True,True,5,7
2025-12-25,12187,Mumbai Garib Rath,GWL,124.2,12,3,False,False,True,True,6,7
2025-12-25,12187,Mumbai Garib Rath,NDLS,138.5,12,3,False,False,True,True,7,7
2025-12-24,12951,Mumbai Rajdhani,MMCT,1.0,12,2,False,False,True,True,1,5
2025-12-24,12951,Mumbai Rajdhani,BRC,10.3,12,2,False,False,True,True,2,5
2025-12-24,12951,Mumbai Rajdhani,KOTA,12.3,12,2,False,False,True,True,3,5
2025-12-24,12951,Mumbai Rajdhani,SWM,15.1,12,2,False,False,True,True,4,5
2025-12-24,12951,Mumbai Rajdhani,NDLS,25.7,12,2,False,False,True,True,5,5
2025-12-24,12953,August Kranti Rajdhani,MMCT,1.1,12,2,False,False,True,True,1,6
2025-12-24,12953,August Kranti Rajdhani,ST,0.0,12,2,False,False,True,True,2,6
2025-12-24,12953,August Kranti Rajdhani,BRC,16.5,12,2,False,False,True,True,3,6
2025-12-24,12953,August Kranti Rajdhani,RTM,29.0,12,2,False,False,True,True,4,6
2025-12-24,12953,August Kranti Rajdhani,KOTA,26.7,12,2,False,False,True,True,5,6
2025-12-24,12953,August Kranti Rajdhani,NDLS,33.3,12,2,False,False,True,True,6,6
2025-12-24,12267,Mumbai Duronto,MMCT,12.9,12,2,False,False,True,True,1,2
2025-12-24,12267,Mumbai Duronto,NDLS,2.2,12,2,False,False,True,True,2,2
2025-12-24,12903,Golden Temple Mail,MMCT,0.0,12,2,False,False,True,True,1,10
2025-12-24,12903,Golden Temple Mail,BVI,6.0,12,2,False,False,True,True,2,10
2025-12-24,12903,Golden Temple Mail,BL,11.9,12,2,False,False,True,True,3,10
2025-12-24,12903,Golden Temple Mail,ST,27.3,12,2,False,False,True,True,4,10
2025-12-24,12903,Golden Temple Mail,BRC,31.5,12,2,False,False,True,True,5,10
2025-12-24,12903,Golden Temple Mail,RTM,41.3,12,2,False,False,True,True,6,10
2025-12-24,12903,Golden Temple Mail,KOTA,49.6,12,2,False,False,True,True,7,10
2025-12-24,12903,Golden Temple Mail,SWM,52.5,12,2,False,False,True,True,8,10
2025-12-24,12903,Golden Temple Mail,MTJ,47.6,12,2,False,False,True,True,9,10
2025-12-24,12903,Golden Temple Mail,NDLS,47.5,12,2,False,False,True,True,10,10
2025-12-24,12925,Paschim Express,MMCT,47.0,12,2,False,False,True,True,1,9
2025-12-24,12925,Paschim Express,BVI,22.0,12,2,False,False,True,True,2,9
2025-12-24,12925,Paschim Express,ST,74.1,12,2,False,False,True,True,3,9
2025-12-24,12925,Paschim Express,BRC,101.3,12,2,False,False,True,True,4,9
2025-12-24,12925,Paschim Express,RTM,131.4,12,2,False,False,True,True,5,9
2025-12-24,12925,Paschim Express,KOTA,156.1,12,2,False,False,True,True,6,9
2025-12-24,12925,Paschim Express,SWM,168.0,12,2,False,False,True,True,7,9
2025-12-24,12925,Paschim Express,MTJ,199.4,12,2,False,False,True,True,8,9
2025-12-24,12925,Paschim Express,NDLS,223.7,12,2,False,False,True,True,9,9
2025-12-24,12909,Garib Rath,MMCT,0.0,12,2,False,False,True,True,1,6
2025-12-24,12909,Garib Rath,BVI,9.0,12,2,False,False,True,True,2,6
2025-12-24,12909,Garib Rath,ST,8.9,12,2,False,False,True,True,3,6
2025-12-24,12909,Garib Rath,BRC,16.2,12,2,False,False,True,True,4,6
2025-12-24,12909,Garib Rath,KOTA,16.8,12,2,False,False,True,True,5,6
2025-12-24,12909,Garib Rath,NDLS,29.0,12,2,False,False,True,True,6,6
2025-12-24,12137,Punjab Mail,CSMT,10.3,12,2,False,False,True,True,1,12
2025-12-24,12137,Punjab Mail,KYN,0.0,12,2,False,False,True,True,2,12
2025-12-24,12137,Punjab Mail,NMD,12.7,12,2,False,False,True,True,3,12
2025-12-24,12137,Punjab Mail,MMR,21.2,12,2,False,False,True,True,4,12
2025-12-24,12137,Punjab Mail,BSL,27.4,12,2,False,False,True,True,5,12
2025-12-24,12137,Punjab Mail,ET,41.5,12,2,False,False,True,True,6,12
2025-12-24,12137,Punjab Mail,BPL,36.5,12,2,False,False,True,True,7,12
2025-12-24,12137,Punjab Mail,JHS,42.1,12,2,False,False,True,True,8,12
2025-12-24,12137,Punjab Mail,GWL,37.1,12,2,False,False,True,True,9,12
2025-12-24,12137,Punjab Mail,AGC,32.1,12,2,False,False,True,True,10,12
2025-12-24,12137,Punjab Mail,MTJ,46.1,12,2,False,False,True,True,11,12
2025-12-24,12137,Punjab Mail,NDLS,61.5,12,2,False,False,True,True,12,12
2025-12-24,12621,Tamil Nadu Express,CSMT,3.9,12,2,False,False,True,True,1,9
2025-12-24,12621,Tamil Nadu Express,KYN,6.7,12,2,False,False,True,True,2,9
2025-12-24,12621,Tamil Nadu Express,MMR,21.5,12,2,False,False,True,True,3,9
2025-12-24,12621,Tamil Nadu Express,BSL,24.4,12,2,False,False,True,True,4,9
2025-12-24,12621,Tamil Nadu Express,ET,48.5,12,2,False,False,True,True,5,9
2025-12-24,12621,Tamil Nadu Express,BPL,53.3,12,2,False,False,True,True,6,9
2025-12-24,12621,Tamil Nadu Express,JHS,55.3,12,2,False,False,True,True,7,9
2025-12-24,12621,Tamil Nadu Express,AGC,51.1,12,2,False,False,True,True,8,9
2025-12-24,12621,Tamil Nadu Express,NDLS,65.2,12,2,False,False,True,True,9,9
2025-12-24,12261,Mumbai Duronto Central,CSMT,2.5,12,2,False,False,True,True,1,2
2025-12-24,12261,Mumbai Duronto Central,NDLS,1.2,12,2,False,False,True,True,2,2
2025-12-24,12187,Mumbai Garib Rath,CSMT,13.2,12,2,False,False,True,True,1,7
2025-12-24,12187,Mumbai Garib Rath,KYN,20.3,12,2,False,False,True,True,2,7
2025-12-24,12187,Mumbai Garib Rath,BSL,40.2,12,2,False,False,True,True,3,7
2025-12-24,12187,Mumbai Garib Rath,BPL,62.4,12,2,False,False,True,True,4,7
2025-12-24,12187,Mumbai Garib Rath,JHS,91.9,12,2,False,False,True,True,5,7
2025-12-24,12187,Mumbai Garib Rath,GWL,97.2,12,2,False,False,True,True,6,7
2025-12-24,12187,Mumbai Garib Rath,NDLS,106.4,12,2,False,False,True,True,7,7
2025-12-23,12951,Mumbai Rajdhani,MMCT,14.7,12,1,False,False,True,True,1,5
2025-12-23,12951,Mumbai Rajdhani,BRC,10.1,12,1,False,False,True,True,2,5
2025-12-23,12951,Mumbai Rajdhani,KOTA,17.7,12,1,False,False,True,True,3,5
2025-12-23,12951,Mumbai Rajdhani,SWM,34.0,12,1,False,False,True,True,4,5
2025-12-23,12951,Mumbai Rajdhani,NDLS,56.4,12,1,False,False,True,True,5,5
2025-12-23,12953,August Kranti Rajdhani,MMCT,0.0,12,1,False,False,True,True,1,6
2025-12-23,12953,August Kranti Rajdhani,ST,8.6,12,1,False,False,True,True,2,6
2025-12-23,12953,August Kranti Rajdhani,BRC,20.9,12,1,False,False,True,True,3,6
2025-12-23,12953,August Kranti Rajdhani,RTM,42.5,12,1,False,False,True,True,4,6
2025-12-23,12953,August Kranti Rajdhani,KOTA,69.1,12,1,False,False,True,True,5,6
2025-12-23,12953,August Kranti Rajdhani,NDLS,74.3,12,1,False,False,True,True,6,6
2025-12-23,12267,Mumbai Duronto,MMCT,2.6,12,1,False,False,True,True,1,2
2025-12-23,12267,Mumbai Duronto,NDLS,3.1,12,1,False,False,True,True,2,2
2025-12-23,12903,Golden Temple Mail,MMCT,12.2,12,1,False,False,True,True,1,10
2025-12-23,12903,Golden Temple Mail,BVI,12.2,12,1,False,False,True,True,2,10
2025-12-23,12903,Golden Temple Mail,BL,14.9,12,1,False,False,True,True,3,10
2025-12-23,12903,Golden Temple Mail,ST,24.7,12,1,False,False,True,True,4,10
2025-12-23,12903,Golden Temple Mail,BRC,35.9,12,1,False,False,True,True,5,10
2025-12-23,12903,Golden Temple Mail,RTM,51.0,12,1,False,False,True,True,6,10
2025-12-23,12903,Golden Temple Mail,KOTA,63.6,12,1,False,False,True,True,7,10
2025-12-23,12903,Golden Temple Mail,SWM,72.7,12,1,False,False,True,True,8,10
2025-12-23,12903,Golden Temple Mail,MTJ,88.9,12,1,False,False,True,True,9,10
2025-12-23,12903,Golden Temple Mail,NDLS,88.3,12,1,False,False,True,True,10,10
2025-12-23,12925,Paschim Express,MMCT,27.6,12,1,False,False,True,True,1,9
2025-12-23,12925,Paschim Express,BVI,8.8,12,1,False,False,True,True,2,9
2025-12-23,12925,Paschim Express,ST,23.9,12,1,False,False,True,True,3,9
2025-12-23,12925,Paschim Express,BRC,39.0,12,1,False,False,True,True,4,9
2025-12-23,12925,Paschim Express,RTM,51.9,12,1,False,False,True,True,5,9
2025-12-23,12925,Paschim Express,KOTA,68.7,12,1,False,False,True,True,6,9
2025-12-23,12925,Paschim Express,SWM,68.9,12,1,False,False,True,True,7,9
2025-12-23,12925,Paschim Express,MTJ,82.2,12,1,False,False,True,True,8,9
2025-12-23,12925,Paschim Express,NDLS,103.4,12,1,False,False,True,True,9,9
2025-12-23,12909,Garib Rath,MMCT,0.0,12,1,False,False,True,True,1,6
2025-12-23,12909,Garib Rath,BVI,4.4,12,1,False,False,True,True,2,6
2025-12-23,12909,Garib Rath,ST,0.0,12,1,False,False,True,True,3,6
2025-12-23,12909,Garib Rath,BRC,9.2,12,1,False,False,True,True,4,6
2025-12-23,12909,Garib Rath,KOTA,4.6,12,1,False,False,True,True,5,6
2025-12-23,12909,Garib Rath,NDLS,8.5,12,1,False,False,True,True,6,6
2025-12-23,12137,Punjab Mail,CSMT,0.0,12,1,False,False,True,True,1,12
2025-12-23,12137,Punjab Mail,KYN,1.7,12,1,False,False,True,True,2,12
2025-12-23,12137,Punjab Mail,NMD,7.2,12,1,False,False,True,True,3,12
2025-12-23,12137,Punjab Mail,MMR,12.4,12,1,False,False,True,True,4,12
2025-12-23,12137,Punjab Mail,BSL,29.5,12,1,False,False,True,True,5,12
2025-12-23,12137,Punjab Mail,ET,27.8,12,1,False,False,True,True,6,12
2025-12-23,12137,Punjab Mail,BPL,29.7,12,1,False,False,True,True,7,12
2025-12-23,12137,Punjab Mail,JHS,38.6,12,1,False,False,True,True,8,12
2025-12-23,12137,Punjab Mail,GWL,52.5,12,1,False,False,True,True,9,12
2025-12-23,12137,Punjab Mail,AGC,49.2,12,1,False,False,True,True,10,12
2025-12-23,12137,Punjab Mail,MTJ,48.0,12,1,False,False,True,True,11,12
2025-12-23,12137,Punjab Mail,NDLS,48.9,12,1,False,False,True,True,12,12
2025-12-23,12621,Tamil Nadu Express,CSMT,0.0,12,1,False,False,True,True,1,9
2025-12-23,12621,Tamil Nadu Express,KYN,2.2,12,1,False,False,True,True,2,9
2025-12-23,12621,Tamil Nadu Express,MMR,19.3,12,1,False,False,True,True,3,9
2025-12-23,12621,Tamil Nadu Express,BSL,59.9,12,1,False,False,True,True,4,9
2025-12-23,12621,Tamil Nadu Express,ET,64.7,12,1,False,False,True,True,5,9
2025-12-23,12621,Tamil Nadu Express,BPL,59.7,12,1,False,False,True,True,6,9
2025-12-23,12621,Tamil Nadu Express,JHS,67.0,12,1,False,False,True,True,7,9
2025-12-23,12621,Tamil Nadu Express,AGC,72.3,12,1,False,False,True,True,8,9
2025-12-23,12621,Tamil Nadu Express,NDLS,87.9,12,1,False,False,True,True,9,9
2025-12-23,12261,Mumbai Duronto Central,CSMT,1.5,12,1,False,False,True,True,1,2
2025-12-23,12261,Mumbai Duronto Central,NDLS,2.5,12,1,False,False,True,True,2,2
2025-12-23,12187,Mumbai Garib Rath,CSMT,1.0,12,1,False,False,True,True,1,7
2025-12-23,12187,Mumbai Garib Rath,KYN,0.0,12,1,False,False,True,True,2,7
2025-12-23,12187,Mumbai Garib Rath,BSL,3.8,12,1,False,False,True,True,3,7
2025-12-23,12187,Mumbai Garib Rath,BPL,0.0,12,1,False,False,True,True,4,7
2025-12-23,12187,Mumbai Garib Rath,JHS,15.9,12,1,False,False,True,True,5,7
2025-12-23,12187,Mumbai Garib Rath,GWL,11.3,12,1,False,False,True,True,6,7
2025-12-23,12187,Mumbai Garib Rath,NDLS,18.3,12,1,False,False,True,True,7,7
2025-12-22,12951,Mumbai Rajdhani,MMCT,9.0,12,0,False,False,True,True,1,5
2025-12-22,12951,Mumbai Rajdhani,BRC,17.1,12,0,False,False,True,True,2,5
2025-12-22,12951,Mumbai Rajdhani,KOTA,15.2,12,0,False,False,True,True,3,5
2025-12-22,12951,Mumbai Rajdhani,SWM,10.2,12,0,False,False,True,True,4,5
2025-12-22,12951,Mumbai Rajdhani,NDLS,7.3,12,0,False,False,True,True,5,5
2025-12-22,12953,August Kranti Rajdhani,MMCT,0.8,12,0,False,False,True,True,1,6
2025-12-22,12953,August Kranti Rajdhani,ST,8.9,12,0,False,False,True,True,2,6
2025-12-22,12953,August Kranti Rajdhani,BRC,12.3,12,0,False,False,True,True,3,6
2025-12-22,12953,August Kranti Rajdhani,RTM,8.5,12,0,False,False,True,True,4,6
2025-12-22,12953,August Kranti Rajdhani,KOTA,24.9,12,0,False,False,True,True,5,6
2025-12-22,12953,August Kranti Rajdhani,NDLS,28.6,12,0,False,False,True,True,6,6
2025-12-22,12267,Mumbai Duronto,MMCT,0.4,12,0,False,False,True,True,1,2
2025-12-22,12267,Mumbai Duronto,NDLS,27.8,12,0,False,False,True,True,2,2
2025-12-22,12903,Golden Temple Mail,MMCT,3.9,12,0,False,False,True,True,1,10
2025-12-22,12903,Golden Temple Mail,BVI,0.0,12,0,False,False,True,True,2,10
2025-12-22,12903,Golden Temple Mail,BL,8.0,12,0,False,False,True,True,3,10
2025-12-22,12903,Golden Temple Mail,ST,3.0,12,0,False,False,True,True,4,10
2025-12-22,12903,Golden Temple Mail,BRC,4.2,12,0,False,False,True,True,5,10
2025-12-22,12903,Golden Temple Mail,RTM,25.0,12,0,False,False,True,True,6,10
2025-12-22,12903,Golden Temple Mail,KOTA,39.5,12,0,False,False,True,True,7,10
2025-12-22,12903,Golden Temple Mail,SWM,36.9,12,0,False,False,True,True,8,10
2025-12-22,12903,Golden Temple Mail,MTJ,33.8,12,0,False,False,True,True,9,10
2025-12-22,12903,Golden Temple Mail,NDLS,46.8,12,0,False,False,True,True,10,10
2025-12-22,12925,Paschim Express,MMCT,6.6,12,0,False,False,True,True,1,9
2025-12-22,12925,Paschim Express,BVI,26.0,12,0,False,False,True,True,2,9
2025-12-22,12925,Paschim Express,ST,32.1,12,0,False,False,True,True,3,9
2025-12-22,12925,Paschim Express,BRC,44.1,12,0,False,False,True,True,4,9
2025-12-22,12925,Paschim Express,RTM,57.6,12,0,False,False,True,True,5,9
2025-12-22,12925,Paschim Express,KOTA,55.5,12,0,False,False,True,True,6,9
2025-12-22,12925,Paschim Express,SWM,64.6,12,0,False,False,True,True,7,9
2025-12-22,12925,Paschim Express,MTJ,59.9,12,0,False,False,True,True,8,9
2025-12-22,12925,Paschim Express,NDLS,71.7,12,0,False,False,True,True,9,9
2025-12-22,12909,Garib Rath,MMCT,0.0,12,0,False,False,True,True,1,6
2025-12-22,12909,Garib Rath,BVI,16.6,12,0,False,False,True,True,2,6
2025-12-22,12909,Garib Rath,ST,11.6,12,0,False,False,True,True,3,6
2025-12-22,12909,Garib Rath,BRC,12.6,12,0,False,False,True,True,4,6
2025-12-22,12909,Garib Rath,KOTA,17.7,12,0,False,False,True,True,5,6
2025-12-22,12909,Garib Rath,NDLS,28.7,12,0,False,False,True,True,6,6
2025-12-22,12137,Punjab Mail,CSMT,8.7,12,0,False,False,True,True,1,12
2025-12-22,12137,Punjab Mail,KYN,28.6,12,0,False,False,True,True,2,12
2025-12-22,12137,Punjab Mail,NMD,45.7,12,0,False,False,True,True,3,12
2025-12-22,12137,Punjab Mail,MMR,54.8,12,0,False,False,True,True,4,12
2025-12-22,12137,Punjab Mail,BSL,57.0,12,0,False,False,True,True,5,12
2025-12-22,12137,Punjab Mail,ET,65.9,12,0,False,False,True,True,6,12
2025-12-22,12137,Punjab Mail,BPL,63.6,12,0,False,False,True,True,7,12
2025-12-22,12137,Punjab Mail,JHS,85.4,12,0,False,False,True,True,8,12
2025-12-22,12137,Punjab Mail,GWL,90.3,12,0,False,False,True,True,9,12
2025-12-22,12137,Punjab Mail,AGC,95.5,12,0,False,False,True,True,10,12
2025-12-22,12137,Punjab Mail,MTJ,109.0,12,0,False,False,True,True,11,12
2025-12-22,12137,Punjab Mail,NDLS,105.9,12,0,False,False,True,True,12,12
2025-12-22,12621,Tamil Nadu Express,CSMT,12.2,12,0,False,False,True,True,1,9
2025-12-22,12621,Tamil Nadu Express,KYN,31.3,12,0,False,False,True,True,2,9
2025-12-22,12621,Tamil Nadu Express,MMR,36.9,12,0,False,False,True,True,3,9
2025-12-22,12621,Tamil Nadu Express,BSL,65.7,12,0,False,False,True,True,4,9
2025-12-22,12621,Tamil Nadu Express,ET,92.2,12,0,False,False,True,True,5,9
2025-12-22,12621,Tamil Nadu Express,BPL,98.6,12,0,False,False,True,True,6,9
2025-12-22,12621,Tamil Nadu Express,JHS,107.8,12,0,False,False,True,True,7,9
2025-12-22,12621,Tamil Nadu Express,AGC,122.4,12,0,False,False,True,True,8,9
2025-12-22,12621,Tamil Nadu Express,NDLS,142.2,12,0,False,False,True,True,9,9
2025-12-22,12261,Mumbai Duronto Central,CSMT,3.4,12,0,False,False,True,True,1,2
2025-12-22,12261,Mumbai Duronto Central,NDLS,23.3,12,0,False,False,True,True,2,2
2025-12-22,12187,Mumbai Garib Rath,CSMT,4.5,12,0,False,False,True,True,1,7
2025-12-22,12187,Mumbai Garib Rath,KYN,15.9,12,0,False,False,True,True,2,7
2025-12-22,12187,Mumbai Garib Rath,BSL,20.7,12,0,False,False,True,True,3,7
2025-12-22,12187,Mumbai Garib Rath,BPL,15.7,12,0,False,False,True,True,4,7
2025-12-22,12187,Mumbai Garib Rath,JHS,21.3,12,0,False,False,True,True,5,7
2025-12-22,12187,Mumbai Garib Rath,GWL,31.1,12,0,False,False,True,True,6,7
2025-12-22,12187,Mumbai Garib Rath,NDLS,33.9,12,0,False,False,True,True,7,7
2025-12-21,12951,Mumbai Rajdhani,MMCT,8.3,12,6,True,False,True,True,1,5
2025-12-21,12951,Mumbai Rajdhani,BRC,7.6,12,6,True,False,True,True,2,5
2025-12-21,12951,Mumbai Rajdhani,KOTA,13.4,12,6,True,False,True,True,3,5
2025-12-21,12951,Mumbai Rajdhani,SWM,18.6,12,6,True,False,True,True,4,5
2025-12-21,12951,Mumbai Rajdhani,NDLS,45.4,12,6,True,False,True,True,5,5
2025-12-21,12953,August Kranti Rajdhani,MMCT,9.1,12,6,True,False,True,True,1,6
2025-12-21,12953,August Kranti Rajdhani,ST,3.2,12,6,True,False,True,True,2,6
2025-12-21,12953,August Kranti Rajdhani,BRC,17.3,12,6,True,False,True,True,3,6
2025-12-21,12953,August Kranti Rajdhani,RTM,17.4,12,6,True,False,True,True,4,6
2025-12-21,12953,August Kranti Rajdhani,KOTA,25.3,12,6,True,False,True,True,5,6
2025-12-21,12953,August Kranti Rajdhani,NDLS,26.0,12,6,True,False,True,True,6,6
2025-12-21,12267,Mumbai Duronto,MMCT,6.5,12,6,True,False,True,True,1,2
2025-12-21,12267,Mumbai Duronto,NDLS,0.0,12,6,True,False,True,True,2,2
2025-12-21,12903,Golden Temple Mail,MMCT,18.9,12,6,True,False,True,True,1,10
2025-12-21,12903,Golden Temple Mail,BVI,11.6,12,6,True,False,True,True,2,10
2025-12-21,12903,Golden Temple Mail,BL,37.6,12,6,True,False,True,True,3,10
2025-12-21,12903,Golden Temple Mail,ST,55.7,12,6,True,False,True,True,4,10
2025-12-21,12903,Golden Temple Mail,BRC,76.6,12,6,True,False,True,True,5,10
2025-12-21,12903,Golden Temple Mail,RTM,99.9,12,6,True,False,True,True,6,10
2025-12-21,12903,Golden Temple Mail,KOTA,116.2,12,6,True,False,True,True,7,10
2025-12-21,12903,Golden Temple Mail,SWM,133.2,12,6,True,False,True,True,8,10
2025-12-21,12903,Golden Temple Mail,MTJ,150.0,12,6,True,False,True,True,9,10
2025-12-21,12903,Golden Temple Mail,NDLS,179.0,12,6,True,False,True,True,10,10
2025-12-21,12925,Paschim Express,MMCT,2.8,12,6,True,False,True,True,1,9
2025-12-21,12925,Paschim Express,BVI,3.1,12,6,True,False,True,True,2,9
2025-12-21,12925,Paschim Express,ST,1.8,12,6,True,False,True,True,3,9
2025-12-21,12925,Paschim Express,BRC,9.1,12,6,True,False,True,True,4,9
2025-12-21,12925,Paschim Express,RTM,26.4,12,6,True,False,True,True,5,9
2025-12-21,12925,Paschim Express,KOTA,29.2,12,6,True,False,True,True,6,9
2025-12-21,12925,Paschim Express,SWM,27.7,12,6,True,False,True,True,7,9
2025-12-21,12925,Paschim Express,MTJ,26.2,12,6,True,False,True,True,8,9
2025-12-21,12925,Paschim Express,NDLS,27.2,12,6,True,False,True,True,9,9
2025-12-21,12909,Garib Rath,MMCT,0.0,12,6,True,False,True,True,1,6
2025-12-21,12909,Garib Rath,BVI,0.0,12,6,True,False,True,True,2,6
2025-12-21,12909,Garib Rath,ST,7.6,12,6,True,False,True,True,3,6
2025-12-21,12909,Garib Rath,BRC,21.7,12,6,True,False,True,True,4,6
2025-12-21,12909,Garib Rath,KOTA,28.2,12,6,True,False,True,True,5,6
2025-12-21,12909,Garib Rath,NDLS,41.9,12,6,True,False,True,True,6,6
2025-12-21,12137,Punjab Mail,CSMT,44.1,12,6,True,False,True,True,1,12
2025-12-21,12137,Punjab Mail,KYN,13.5,12,6,True,False,True,True,2,12
2025-12-21,12137,Punjab Mail,NMD,41.9,12,6,True,False,True,True,3,12
2025-12-21,12137,Punjab Mail,MMR,57.3,12,6,True,False,True,True,4,12
2025-12-21,12137,Punjab Mail,BSL,75.8,12,6,True,False,True,True,5,12
2025-12-21,12137,Punjab Mail,ET,85.6,12,6,True,False,True,True,6,12
2025-12-21,12137,Punjab Mail,BPL,105.8,12,6,True,False,True,True,7,12
2025-12-21,12137,Punjab Mail,JHS,148.7,12,6,True,False,True,True,8,12
2025-12-21,12137,Punjab Mail,GWL,156.1,12,6,True,False,True,True,9,12
2025-12-21,12137,Punjab Mail,AGC,175.6,12,6,True,False,True,True,10,12
2025-12-21,12137,Punjab Mail,MTJ,191.9,12,6,True,False,True,True,11,12
2025-12-21,12137,Punjab Mail,NDLS,218.4,12,6,True,False,True,True,12,12
2025-12-21,12621,Tamil Nadu Express,CSMT,5.1,12,6,True,False,True,True,1,9
2025-12-21,12621,Tamil Nadu Express,KYN,2.2,12,6,True,False,True,True,2,9
2025-12-21,12621,Tamil Nadu Express,MMR,0.1,12,6,True,False,True,True,3,9
2025-12-21,12621,Tamil Nadu Express,BSL,11.0,12,6,True,False,True,True,4,9
2025-12-21,12621,Tamil Nadu Express,ET,21.6,12,6,True,False,True,True,5,9
2025-12-21,12621,Tamil Nadu Express,BPL,23.6,12,6,True,False,True,True,6,9
2025-12-21,12621,Tamil Nadu Express,JHS,43.4,12,6,True,False,True,True,7,9
2025-12-21,12621,Tamil Nadu Express,AGC,53.5,12,6,True,False,True,True,8,9
2025-12-21,12621,Tamil Nadu Express,NDLS,65.2,12,6,True,False,True,True,9,9
2025-12-21,12261,Mumbai Duronto Central,CSMT,15.1,12,6,True,False,True,True,1,2
2025-12-21,12261,Mumbai Duronto Central,NDLS,28.0,12,6,True,False,True,True,2,2
2025-12-21,12187,Mumbai Garib Rath,CSMT,15.5,12,6,True,False,True,True,1,7
2025-12-21,12187,Mumbai Garib Rath,KYN,18.7,12,6,True,False,True,True,2,7
2025-12-21,12187,Mumbai Garib Rath,BSL,45.5,12,6,True,False,True,True,3,7
2025-12-21,12187,Mumbai Garib Rath,BPL,40.9,12,6,True,False,True,True,4,7
2025-12-21,12187,Mumbai Garib Rath,JHS,60.6,12,6,True,False,True,True,5,7
2025-12-21,12187,Mumbai Garib Rath,GWL,81.4,12,6,True,False,True,True,6,7
2025-12-21,12187,Mumbai Garib Rath,NDLS,98.7,12,6,True,False,True,True,7,7
2025-12-20,12951,Mumbai Rajdhani,MMCT,4.1,12,5,True,False,True,True,1,5
2025-12-20,12951,Mumbai Rajdhani,BRC,0.0,12,5,True,False,True,True,2,5
2025-12-20,12951,Mumbai Rajdhani,KOTA,5.9,12,5,True,False,True,True,3,5
2025-12-20,12951,Mumbai Rajdhani,SWM,16.2,12,5,True,False,True,True,4,5
2025-12-20,12951,Mumbai Rajdhani,NDLS,35.7,12,5,True,False,True,True,5,5
2025-12-20,12953,August Kranti Rajdhani,MMCT,0.9,12,5,True,False,True,True,1,6
2025-12-20,12953,August Kranti Rajdhani,ST,11.9,12,5,True,False,True,True,2,6
2025-12-20,12953,August Kranti Rajdhani,BRC,14.0,12,5,True,False,True,True,3,6
2025-12-20,12953,August Kranti Rajdhani,RTM,25.4,12,5,True,False,True,True,4,6
2025-12-20,12953,August Kranti Rajdhani,KOTA,44.1,12,5,True,False,True,True,5,6
2025-12-20,12953,August Kranti Rajdhani,NDLS,63.3,12,5,True,False,True,True,6,6
2025-12-20,12267,Mumbai Duronto,MMCT,9.8,12,5,True,False,True,True,1,2
2025-12-20,12267,Mumbai Duronto,NDLS,8.5,12,5,True,False,True,True,2,2
2025-12-20,12903,Golden Temple Mail,MMCT,51.7,12,5,True,False,True,True,1,10
2025-12-20,12903,Golden Temple Mail,BVI,5.7,12,5,True,False,True,True,2,10
2025-12-20,12903,Golden Temple Mail,BL,21.6,12,5,True,False,True,True,3,10
2025-12-20,12903,Golden Temple Mail,ST,44.7,12,5,True,False,True,True,4,10
2025-12-20,12903,Golden Temple Mail,BRC,83.2,12,5,True,False,True,True,5,10
2025-12-20,12903,Golden Temple Mail,RTM,109.0,12,5,True,False,True,True,6,10
2025-12-20,12903,Golden Temple Mail,KOTA,129.5,12,5,True,False,True,True,7,10
2025-12-20,12903,Golden Temple Mail,SWM,168.3,12,5,True,False,True,True,8,10
2025-12-20,12903,Golden Temple Mail,MTJ,202.1,12,5,True,False,True,True,9,10
2025-12-20,12903,Golden Temple Mail,NDLS,237.2,12,5,True,False,True,True,10,10
2025-12-20,12925,Paschim Express,MMCT,2.7,12,5,True,False,True,True,1,9
2025-12-20,12925,Paschim Express,BVI,9.9,12,5,True,False,True,True,2,9
2025-12-20,12925,Paschim Express,ST,11.6,12,5,True,False,True,True,3,9
2025-12-20,12925,Paschim Express,BRC,8.0,12,5,True,False,True,True,4,9
2025-12-20,12925,Paschim Express,RTM,26.8,12,5,True,False,True,True,5,9
2025-12-20,12925,Paschim Express,KOTA,40.8,12,5,True,False,True,True,6,9
2025-12-20,12925,Paschim Express,SWM,55.6,12,5,True,False,True,True,7,9
2025-12-20,12925,Paschim Express,MTJ,64.8,12,5,True,False,True,True,8,9
2025-12-20,12925,Paschim Express,NDLS,84.6,12,5,True,False,True,True,9,9
2025-12-20,12909,Garib Rath,MMCT,4.2,12,5,True,False,True,True,1,6
2025-12-20,12909,Garib Rath,BVI,0.0,12,5,True,False,True,True,2,6
2025-12-20,12909,Garib Rath,ST,0.8,12,5,True,False,True,True,3,6
2025-12-20,12909,Garib Rath,BRC,3.9,12,5,True,False,True,True,4,6
2025-12-20,12909,Garib Rath,KOTA,12.7,12,5,True,False,True,True,5,6
2025-12-20,12909,Garib Rath,NDLS,23.0,12,5,True,False,True,True,6,6
2025-12-20,12137,Punjab Mail,CSMT,11.2,12,5,True,False,True,True,1,12
2025-12-20,12137,Punjab Mail,KYN,31.4,12,5,True,False,True,True,2,12
2025-12-20,12137,Punjab Mail,NMD,34.0,12,5,True,False,True,True,3,12
2025-12-20,12137,Punjab Mail,MMR,60.9,12,5,True,False,True,True,4,12
2025-12-20,12137,Punjab Mail,BSL,60.0,12,5,True,False,True,True,5,12
2025-12-20,12137,Punjab Mail,ET,59.2,12,5,True,False,True,True,6,12
2025-12-20,12137,Punjab Mail,BPL,75.0,12,5,True,False,True,True,7,12
2025-12-20,12137,Punjab Mail,JHS,80.1,12,5,True,False,True,True,8,12
2025-12-20,12137,Punjab Mail,GWL,89.9,12,5,True,False,True,True,9,12
2025-12-20,12137,Punjab Mail,AGC,96.8,12,5,True,False,True,True,10,12
2025-12-20,12137,Punjab Mail,MTJ,98.2,12,5,True,False,True,True,11,12
2025-12-20,12137,Punjab Mail,NDLS,113.7,12,5,True,False,True,True,12,12
2025-12-20,12621,Tamil Nadu Express,CSMT,0.0,12,5,True,False,True,True,1,9
2025-12-20,12621,Tamil Nadu Express,KYN,0.0,12,5,True,False,True,True,2,9
2025-12-20,12621,Tamil Nadu Express,MMR,7.9,12,5,True,False,True,True,3,9
2025-12-20,12621,Tamil Nadu Express,BSL,4.6,12,5,True,False,True,True,4,9
2025-12-20,12621,Tamil Nadu Express,ET,2.0,12,5,True,False,True,True,5,9
2025-12-20,12621,Tamil Nadu Express,BPL,0.0,12,5,True,False,True,True,6,9
2025-12-20,12621,Tamil Nadu Express,JHS,7.7,12,5,True,False,True,True,7,9
2025-12-20,12621,Tamil Nadu Express,AGC,24.9,12,5,True,False,True,True,8,9
2025-12-20,12621,Tamil Nadu Express,NDLS,44.1,12,5,True,False,True,True,9,9
2025-12-20,12261,Mumbai Duronto Central,CSMT,3.8,12,5,True,False,True,True,1,2
2025-12-20,12261,Mumbai Duronto Central,NDLS,13.1,12,5,True,False,True,True,2,2
2025-12-20,12187,Mumbai Garib Rath,CSMT,43.2,12,5,True,False,True,True,1,7
2025-12-20,12187,Mumbai Garib Rath,KYN,26.5,12,5,True,False,True,True,2,7
2025-12-20,12187,Mumbai Garib Rath,BSL,45.8,12,5,True,False,True,True,3,7
2025-12-20,12187,Mumbai Garib Rath,BPL,72.8,12,5,True,False,True,True,4,7
2025-12-20,12187,Mumbai Garib Rath,JHS,96.5,12,5,True,False,True,True,5,7
2025-12-20,12187,Mumbai Garib Rath,GWL,113.1,12,5,True,False,True,True,6,7
2025-12-20,12187,Mumbai Garib Rath,NDLS,140.6,12,5,True,False,True,True,7,7
2025-12-19,12951,Mumbai Rajdhani,MMCT,15.5,12,4,False,False,True,True,1,5
2025-12-19,12951,Mumbai Rajdhani,BRC,0.0,12,4,False,False,True,True,2,5
2025-12-19,12951,Mumbai Rajdhani,KOTA,5.7,12,4,False,False,True,True,3,5
2025-12-19,12951,Mumbai Rajdhani,SWM,13.6,12,4,False,False,True,True,4,5
2025-12-19,12951,Mumbai Rajdhani,NDLS,28.2,12,4,False,False,True,True,5,5
2025-12-19,12953,August Kranti Rajdhani,MMCT,0.4,12,4,False,False,True,True,1,6
2025-12-19,12953,August Kranti Rajdhani,ST,0.0,12,4,False,False,True,True,2,6
2025-12-19,12953,August Kranti Rajdhani,BRC,10.4,12,4,False,False,True,True,3,6
2025-12-19,12953,August Kranti Rajdhani,RTM,14.8,12,4,False,False,True,True,4,6
2025-12-19,12953,August Kranti Rajdhani,KOTA,24.0,12,4,False,False,True,True,5,6
2025-12-19,12953,August Kranti Rajdhani,NDLS,50.1,12,4,False,False,True,True,6,6
2025-12-19,12267,Mumbai Duronto,MMCT,49.1,12,4,False,False,True,True,1,2
2025-12-19,12267,Mumbai Duronto,NDLS,35.1,12,4,False,False,True,True,2,2
2025-12-19,12903,Golden Temple Mail,MMCT,2.2,12,4,False,False,True,True,1,10
2025-12-19,12903,Golden Temple Mail,BVI,8.5,12,4,False,False,True,True,2,10
2025-12-19,12903,Golden Temple Mail,BL,3.5,12,4,False,False,True,True,3,10
2025-12-19,12903,Golden Temple Mail,ST,0.0,12,4,False,False,True,True,4,10
2025-12-19,12903,Golden Temple Mail,BRC,0.3,12,4,False,False,True,True,5,10
2025-12-19,12903,Golden Temple Mail,RTM,0.1,12,4,False,False,True,True,6,10
2025-12-19,12903,Golden Temple Mail,KOTA,23.3,12,4,False,False,True,True,7,10
2025-12-19,12903,Golden Temple Mail,SWM,22.9,12,4,False,False,True,True,8,10
2025-12-19,12903,Golden Temple Mail,MTJ,25.1,12,4,False,False,True,True,9,10
2025-12-19,12903,Golden Temple Mail,NDLS,48.3,12,4,False,False,True,True,10,10
2025-12-19,12925,Paschim Express,MMCT,4.5,12,4,False,False,True,True,1,9
2025-12-19,12925,Paschim Express,BVI,16.7,12,4,False,False,True,True,2,9
2025-12-19,12925,Paschim Express,ST,15.5,12,4,False,False,True,True,3,9
2025-12-19,12925,Paschim Express,BRC,32.4,12,4,False,False,True,True,4,9
2025-12-19,12925,Paschim Express,RTM,42.2,12,4,False,False,True,True,5,9
2025-12-19,12925,Paschim Express,KOTA,47.9,12,4,False,False,True,True,6,9
2025-12-19,12925,Paschim Express,SWM,58.9,12,4,False,False,True,True,7,9
2025-12-19,12925,Paschim Express,MTJ,78.8,12,4,False,False,True,True,8,9
2025-12-19,12925,Paschim Express,NDLS,119.0,12,4,False,False,True,True,9,9
2025-12-19,12909,Garib Rath,MMCT,1.5,12,4,False,False,True,True,1,6
2025-12-19,12909,Garib Rath,BVI,12.6,12,4,False,False,True,True,2,6
2025-12-19,12909,Garib Rath,ST,25.1,12,4,False,False,True,True,3,6
2025-12-19,12909,Garib Rath,BRC,20.8,12,4,False,False,True,True,4,6
2025-12-19,12909,Garib Rath,KOTA,26.5,12,4,False,False,True,True,5,6
2025-12-19,12909,Garib Rath,NDLS,34.3,12,4,False,False,True,True,6,6
2025-12-19,12137,Punjab Mail,CSMT,15.7,12,4,False,False,True,True,1,12
2025-12-19,12137,Punjab Mail,KYN,18.0,12,4,False,False,True,True,2,12
2025-12-19,12137,Punjab Mail,NMD,23.3,12,4,False,False,True,True,3,12
2025-12-19,12137,Punjab Mail,MMR,22.5,12,4,False,False,True,True,4,12
2025-12-19,12137,Punjab Mail,BSL,38.8,12,4,False,False,True,True,5,12
2025-12-19,12137,Punjab Mail,ET,53.9,12,4,False,False,True,True,6,12
2025-12-19,12137,Punjab Mail,BPL,62.2,12,4,False,False,True,True,7,12
2025-12-19,12137,Punjab Mail,JHS,71.6,12,4,False,False,True,True,8,12
2025-12-19,12137,Punjab Mail,GWL,80.0,12,4,False,False,True,True,9,12
2025-12-19,12137,Punjab Mail,AGC,90.9,12,4,False,False,True,True,10,12
2025-12-19,12137,Punjab Mail,MTJ,106.6,12,4,False,False,True,True,11,12
2025-12-19,12137,Punjab Mail,NDLS,117.3,12,4,False,False,True,True,12,12
2025-12-19,12621,Tamil Nadu Express,CSMT,0.0,12,4,False,False,True,True,1,9
2025-12-19,12621,Tamil Nadu Express,KYN,13.6,12,4,False,False,True,True,2,9
2025-12-19,12621,Tamil Nadu Express,MMR,15.8,12,4,False,False,True,True,3,9
2025-12-19,12621,Tamil Nadu Express,BSL,35.9,12,4,False,False,True,True,4,9
2025-12-19,12621,Tamil Nadu Express,ET,45.6,12,4,False,False,True,True,5,9
2025-12-19,12621,Tamil Nadu Express,BPL,40.6,12,4,False,False,True,True,6,9
2025-12-19,12621,Tamil Nadu Express,JHS,37.5,12,4,False,False,True,True,7,9
2025-12-19,12621,Tamil Nadu Express,AGC,48.8,12,4,False,False,True,True,8,9
2025-12-19,12621,Tamil Nadu Express,NDLS,46.6,12,4,False,False,True,True,9,9
2025-12-19,12261,Mumbai Duronto Central,CSMT,4.8,12,4,False,False,True,True,1,2
2025-12-19,12261,Mumbai Duronto Central,NDLS,5.1,12,4,False,False,True,True,2,2
2025-12-19,12187,Mumbai Garib Rath,CSMT,6.5,12,4,False,False,True,True,1,7
2025-12-19,12187,Mumbai Garib Rath,KYN,13.0,12,4,False,False,True,True,2,7
2025-12-19,12187,Mumbai Garib Rath,BSL,19.4,12,4,False,False,True,True,3,7
2025-12-19,12187,Mumbai Garib Rath,BPL,23.6,12,4,False,False,True,True,4,7
2025-12-19,12187,Mumbai Garib Rath,JHS,38.0,12,4,False,False,True,True,5,7
2025-12-19,12187,Mumbai Garib Rath,GWL,40.4,12,4,False,False,True,True,6,7
2025-12-19,12187,Mumbai Garib Rath,NDLS,47.2,12,4,False,False,True,True,7,7
2025-12-18,12951,Mumbai Rajdhani,MMCT,3.1,12,3,False,False,True,True,1,5
2025-12-18,12951,Mumbai Rajdhani,BRC,0.0,12,3,False,False,True,True,2,5
2025-12-18,12951,Mumbai Rajdhani,KOTA,13.8,12,3,False,False,True,True,3,5
2025-12-18,12951,Mumbai Rajdhani,SWM,8.8,12,3,False,False,True,True,4,5
2025-12-18,12951,Mumbai Rajdhani,NDLS,13.9,12,3,False,False,True,True,5,5
2025-12-18,12953,August Kranti Rajdhani,MMCT,2.1,12,3,False,False,True,True,1,6
2025-12-18,12953,August Kranti Rajdhani,ST,0.0,12,3,False,False,True,True,2,6
2025-12-18,12953,August Kranti Rajdhani,BRC,7.1,12,3,False,False,True,True,3,6
2025-12-18,12953,August Kranti Rajdhani,RTM,10.4,12,3,False,False,True,True,4,6
2025-12-18,12953,August Kranti Rajdhani,KOTA,19.5,12,3,False,False,True,True,5,6
2025-12-18,12953,August Kranti Rajdhani,NDLS,26.1,12,3,False,False,True,True,6,6
2025-12-18,12267,Mumbai Duronto,MMCT,0.0,12,3,False,False,True,True,1,2
2025-12-18,12267,Mumbai Duronto,NDLS,3.9,12,3,False,False,True,True,2,2
2025-12-18,12903,Golden Temple Mail,MMCT,6.5,12,3,False,False,True,True,1,10
2025-12-18,12903,Golden Temple Mail,BVI,3.7,12,3,False,False,True,True,2,10
2025-12-18,12903,Golden Temple Mail,BL,1.7,12,3,False,False,True,True,3,10
2025-12-18,12903,Golden Temple Mail,ST,7.9,12,3,False,False,True,True,4,10
2025-12-18,12903,Golden Temple Mail,BRC,15.2,12,3,False,False,True,True,5,10
2025-12-18,12903,Golden Temple Mail,RTM,22.6,12,3,False,False,True,True,6,10
2025-12-18,12903,Golden Temple Mail,KOTA,34.1,12,3,False,False,True,True,7,10
2025-12-18,12903,Golden Temple Mail,SWM,42.1,12,3,False,False,True,True,8,10
2025-12-18,12903,Golden Temple Mail,MTJ,40.6,12,3,False,False,True,True,9,10
2025-12-18,12903,Golden Temple Mail,NDLS,36.7,12,3,False,False,True,True,10,10
2025-12-18,12925,Paschim Express,MMCT,14.4,12,3,False,False,True,True,1,9
2025-12-18,12925,Paschim Express,BVI,30.0,12,3,False,False,True,True,2,9
2025-12-18,12925,Paschim Express,ST,30.0,12,3,False,False,True,True,3,9
2025-12-18,12925,Paschim Express,BRC,54.4,12,3,False,False,True,True,4,9
2025-12-18,12925,Paschim Express,RTM,68.6,12,3,False,False,True,True,5,9
2025-12-18,12925,Paschim Express,KOTA,72.5,12,3,False,False,True,True,6,9
2025-12-18,12925,Paschim Express,SWM,84.1,12,3,False,False,True,True,7,9
2025-12-18,12925,Paschim Express,MTJ,102.9,12,3,False,False,True,True,8,9
2025-12-18,12925,Paschim Express,NDLS,107.8,12,3,False,False,True,True,9,9
2025-12-18,12909,Garib Rath,MMCT,7.0,12,3,False,False,True,True,1,6
2025-12-18,12909,Garib Rath,BVI,5.3,12,3,False,False,True,True,2,6
2025-12-18,12909,Garib Rath,ST,18.2,12,3,False,False,True,True,3,6
2025-12-18,12909,Garib Rath,BRC,24.9,12,3,False,False,True,True,4,6
2025-12-18,12909,Garib Rath,KOTA,26.8,12,3,False,False,True,True,5,6
2025-12-18,12909,Garib Rath,NDLS,34.4,12,3,False,False,True,True,6,6
2025-12-18,12137,Punjab Mail,CSMT,7.3,12,3,False,False,True,True,1,12
2025-12-18,12137,Punjab Mail,KYN,17.7,12,3,False,False,True,True,2,12
2025-12-18,12137,Punjab Mail,NMD,26.4,12,3,False,False,True,True,3,12
2025-12-18,12137,Punjab Mail,MMR,43.2,12,3,False,False,True,True,4,12
2025-12-18,12137,Punjab Mail,BSL,52.6,12,3,False,False,True,True,5,12
2025-12-18,12137,Punjab Mail,ET,66.0,12,3,False,False,True,True,6,12
2025-12-18,12137,Punjab Mail,BPL,78.8,12,3,False,False,True,True,7,12
2025-12-18,12137,Punjab Mail,JHS,87.0,12,3,False,False,True,True,8,12
2025-12-18,12137,Punjab Mail,GWL,93.5,12,3,False,False,True,True,9,12
2025-12-18,12137,Punjab Mail,AGC,102.6,12,3,False,False,True,True,10,12
2025-12-18,12137,Punjab Mail,MTJ,117.0,12,3,False,False,True,True,11,12
2025-12-18,12137,Punjab Mail,NDLS,126.4,12,3,False,False,True,True,12,12
2025-12-18,12621,Tamil Nadu Express,CSMT,19.2,12,3,False,False,True,True,1,9
2025-12-18,12621,Tamil Nadu Express,KYN,19.1,12,3,False,False,True,True,2,9
2025-12-18,12621,Tamil Nadu Express,MMR,31.6,12,3,False,False,True,True,3,9
2025-12-18,12621,Tamil Nadu Express,BSL,32.0,12,3,False,False,True,True,4,9
2025-12-18,12621,Tamil Nadu Express,ET,70.4,12,3,False,False,True,True,5,9
2025-12-18,12621,Tamil Nadu Express,BPL,76.2,12,3,False,False,True,True,6,9
2025-12-18,12621,Tamil Nadu Express,JHS,82.9,12,3,False,False,True,True,7,9
2025-12-18,12621,Tamil Nadu Express,AGC,101.8,12,3,False,False,True,True,8,9
2025-12-18,12621,Tamil Nadu Express,NDLS,113.2,12,3,False,False,True,True,9,9
2025-12-18,12261,Mumbai Duronto Central,CSMT,7.9,12,3,False,False,True,True,1,2
2025-12-18,12261,Mumbai Duronto Central,NDLS,2.5,12,3,False,False,True,True,2,2
2025-12-18,12187,Mumbai Garib Rath,CSMT,0.0,12,3,False,False,True,True,1,7
2025-12-18,12187,Mumbai Garib Rath,KYN,6.8,12,3,False,False,True,True,2,7
2025-12-18,12187,Mumbai Garib Rath,BSL,16.0,12,3,False,False,True,True,3,7
2025-12-18,12187,Mumbai Garib Rath,BPL,11.0,12,3,False,False,True,True,4,7
2025-12-18,12187,Mumbai Garib Rath,JHS,20.4,12,3,False,False,True,True,5,7
2025-12-18,12187,Mumbai Garib Rath,GWL,26.5,12,3,False,False,True,True,6,7
2025-12-18,12187,Mumbai Garib Rath,NDLS,33.7,12,3,False,False,True,True,7,7
2025-12-17,12951,Mumbai Rajdhani,MMCT,8.9,12,2,False,False,True,True,1,5
2025-12-17,12951,Mumbai Rajdhani,BRC,11.7,12,2,False,False,True,True,2,5
2025-12-17,12951,Mumbai Rajdhani,KOTA,18.9,12,2,False,False,True,True,3,5
2025-12-17,12951,Mumbai Rajdhani,SWM,13.9,12,2,False,False,True,True,4,5
2025-12-17,12951,Mumbai Rajdhani,NDLS,34.0,12,2,False,False,True,True,5,5
2025-12-17,12953,August Kranti Rajdhani,MMCT,4.9,12,2,False,False,True,True,1,6
2025-12-17,12953,August Kranti Rajdhani,ST,0.0,12,2,False,False,True,True,2,6
2025-12-17,12953,August Kranti Rajdhani,BRC,16.5,12,2,False,False,True,True,3,6
2025-12-17,12953,August Kranti Rajdhani,RTM,32.3,12,2,False,False,True,True,4,6
2025-12-17,12953,August Kranti Rajdhani,KOTA,36.6,12,2,False,False,True,True,5,6
2025-12-17,12953,August Kranti Rajdhani,NDLS,31.6,12,2,False,False,True,True,6,6
2025-12-17,12267,Mumbai Duronto,MMCT,12.8,12,2,False,False,True,True,1,2
2025-12-17,12267,Mumbai Duronto,NDLS,0.0,12,2,False,False,True,True,2,2
2025-12-17,12903,Golden Temple Mail,MMCT,10.1,12,2,False,False,True,True,1,10
2025-12-17,12903,Golden Temple Mail,BVI,11.4,12,2,False,False,True,True,2,10
2025-12-17,12903,Golden Temple Mail,BL,6.4,12,2,False,False,True,True,3,10
2025-12-17,12903,Golden Temple Mail,ST,2.6,12,2,False,False,True,True,4,10
2025-12-17,12903,Golden Temple Mail,BRC,13.9,12,2,False,False,True,True,5,10
2025-12-17,12903,Golden Temple Mail,RTM,31.3,12,2,False,False,True,True,6,10
2025-12-17,12903,Golden Temple Mail,KOTA,30.2,12,2,False,False,True,True,7,10
2025-12-17,12903,Golden Temple Mail,SWM,30.6,12,2,False,False,True,True,8,10
2025-12-17,12903,Golden Temple Mail,MTJ,37.0,12,2,False,False,True,True,9,10
2025-12-17,12903,Golden Temple Mail,NDLS,59.6,12,2,False,False,True,True,10,10
2025-12-17,12925,Paschim Express,MMCT,12.1,12,2,False,False,True,True,1,9
2025-12-17,12925,Paschim Express,BVI,15.2,12,2,False,False,True,True,2,9
2025-12-17,12925,Paschim Express,ST,30.4,12,2,False,False,True,True,3,9
2025-12-17,12925,Paschim Express,BRC,52.2,12,2,False,False,True,True,4,9
2025-12-17,12925,Paschim Express,RTM,70.5,12,2,False,False,True,True,5,9
2025-12-17,12925,Paschim Express,KOTA,73.1,12,2,False,False,True,True,6,9
2025-12-17,12925,Paschim Express,SWM,82.0,12,2,False,False,True,True,7,9
2025-12-17,12925,Paschim Express,MTJ,90.4,12,2,False,False,True,True,8,9
2025-12-17,12925,Paschim Express,NDLS,105.9,12,2,False,False,True,True,9,9
2025-12-17,12909,Garib Rath,MMCT,0.0,12,2,False,False,True,True,1,6
2025-12-17,12909,Garib Rath,BVI,8.8,12,2,False,False,True,True,2,6
2025-12-17,12909,Garib Rath,ST,3.8,12,2,False,False,True,True,3,6
2025-12-17,12909,Garib Rath,BRC,11.2,12,2,False,False,True,True,4,6
2025-12-17,12909,Garib Rath,KOTA,18.2,12,2,False,False,True,True,5,6
2025-12-17,12909,Garib Rath,NDLS,24.3,12,2,False,False,True,True,6,6
2025-12-17,12137,Punjab Mail,CSMT,6.7,12,2,False,False,True,True,1,12
2025-12-17,12137,Punjab Mail,KYN,9.7,12,2,False,False,True,True,2,12
2025-12-17,12137,Punjab Mail,NMD,4.7,12,2,False,False,True,True,3,12
2025-12-17,12137,Punjab Mail,MMR,0.1,12,2,False,False,True,True,4,12
2025-12-17,12137,Punjab Mail,BSL,20.0,12,2,False,False,True,True,5,12
2025-12-17,12137,Punjab Mail,ET,16.6,12,2,False,False,True,True,6,12
2025-12-17,12137,Punjab Mail,BPL,11.6,12,2,False,False,True,True,7,12
2025-12-17,12137,Punjab Mail,JHS,9.1,12,2,False,False,True,True,8,12
2025-12-17,12137,Punjab Mail,GWL,9.3,12,2,False,False,True,True,9,12
2025-12-17,12137,Punjab Mail,AGC,21.5,12,2,False,False,True,True,10,12
2025-12-17,12137,Punjab Mail,MTJ,40.2,12,2,False,False,True,True,11,12
2025-12-17,12137,Punjab Mail,NDLS,54.9,12,2,False,False,True,True,12,12
2025-12-17,12621,Tamil Nadu Express,CSMT,4.6,12,2,False,False,True,True,1,9
2025-12-17,12621,Tamil Nadu Express,KYN,4.3,12,2,False,False,True,True,2,9
2025-12-17,12621,Tamil Nadu Express,MMR,15.2,12,2,False,False,True,True,3,9
2025-12-17,12621,Tamil Nadu Express,BSL,20.0,12,2,False,False,True,True,4,9
2025-12-17,12621,Tamil Nadu Express,ET,17.3,12,2,False,False,True,True,5,9
2025-12-17,12621,Tamil Nadu Express,BPL,12.3,12,2,False,False,True,True,6,9
2025-12-17,12621,Tamil Nadu Express,JHS,21.3,12,2,False,False,True,True,7,9
2025-12-17,12621,Tamil Nadu Express,AGC,28.9,12,2,False,False,True,True,8,9
2025-12-17,12621,Tamil Nadu Express,NDLS,26.4,12,2,False,False,True,True,9,9
2025-12-17,12261,Mumbai Duronto Central,CSMT,6.6,12,2,False,False,True,True,1,2
2025-12-17,12261,Mumbai Duronto Central,NDLS,12.7,12,2,False,False,True,True,2,2
2025-12-17,12187,Mumbai Garib Rath,CSMT,14.8,12,2,False,False,True,True,1,7
2025-12-17,12187,Mumbai Garib Rath,KYN,0.0,12,2,False,False,True,True,2,7
2025-12-17,12187,Mumbai Garib Rath,BSL,0.0,12,2,False,False,True,True,3,7
2025-12-17,12187,Mumbai Garib Rath,BPL,10.1,12,2,False,False,True,True,4,7
2025-12-17,12187,Mumbai Garib Rath,JHS,20.5,12,2,False,False,True,True,5,7
2025-12-17,12187,Mumbai Garib Rath,GWL,21.8,12,2,False,False,True,True,6,7
2025-12-17,12187,Mumbai Garib Rath,NDLS,24.0,12,2,False,False,True,True,7,7
2025-12-16,12951,Mumbai Rajdhani,MMCT,1.4,12,1,False,False,True,True,1,5
2025-12-16,12951,Mumbai Rajdhani,BRC,6.8,12,1,False,False,True,True,2,5
2025-12-16,12951,Mumbai Rajdhani,KOTA,18.3,12,1,False,False,True,True,3,5
2025-12-16,12951,Mumbai Rajdhani,SWM,13.3,12,1,False,False,True,True,4,5
2025-12-16,12951,Mumbai Rajdhani,NDLS,10.5,12,1,False,False,True,True,5,5
2025-12-16,12953,August Kranti Rajdhani,MMCT,18.3,12,1,False,False,True,True,1,6
2025-12-16,12953,August Kranti Rajdhani,ST,5.6,12,1,False,False,True,True,2,6
2025-12-16,12953,August Kranti Rajdhani,BRC,3.2,12,1,False,False,True,True,3,6
2025-12-16,12953,August Kranti Rajdhani,RTM,18.7,12,1,False,False,True,True,4,6
2025-12-16,12953,August Kranti Rajdhani,KOTA,23.9,12,1,False,False,True,True,5,6
2025-12-16,12953,August Kranti Rajdhani,NDLS,27.8,12,1,False,False,True,True,6,6
2025-12-16,12267,Mumbai Duronto,MMCT,13.8,12,1,False,False,True,True,1,2
2025-12-16,12267,Mumbai Duronto,NDLS,16.6,12,1,False,False,True,True,2,2
2025-12-16,12903,Golden Temple Mail,MMCT,2.5,12,1,False,False,True,True,1,10
2025-12-16,12903,Golden Temple Mail,BVI,17.1,12,1,False,False,True,True,2,10
2025-12-16,12903,Golden Temple Mail,BL,23.1,12,1,False,False,True,True,3,10
2025-12-16,12903,Golden Temple Mail,ST,29.0,12,1,False,False,True,True,4,10
2025-12-16,12903,Golden Temple Mail,BRC,41.6,12,1,False,False,True,True,5,10
2025-12-16,12903,Golden Temple Mail,RTM,58.4,12,1,False,False,True,True,6,10
2025-12-16,12903,Golden Temple Mail,KOTA,58.3,12,1,False,False,True,True,7,10
2025-12-16,12903,Golden Temple Mail,SWM,53.3,12,1,False,False,True,True,8,10
2025-12-16,12903,Golden Temple Mail,MTJ,60.8,12,1,False,False,True,True,9,10
2025-12-16,12903,Golden Temple Mail,NDLS,66.8,12,1,False,False,True,True,10,10
2025-12-16,12925,Paschim Express,MMCT,4.8,12,1,False,False,True,True,1,9
2025-12-16,12925,Paschim Express,BVI,0.0,12,1,False,False,True,True,2,9
2025-12-16,12925,Paschim Express,ST,0.0,12,1,False,False,True,True,3,9
2025-12-16,12925,Paschim Express,BRC,6.9,12,1,False,False,True,True,4,9
2025-12-16,12925,Paschim Express,RTM,24.7,12,1,False,False,True,True,5,9
2025-12-16,12925,Paschim Express,KOTA,33.2,12,1,False,False,True,True,6,9
2025-12-16,12925,Paschim Express,SWM,32.7,12,1,False,False,True,True,7,9
2025-12-16,12925,Paschim Express,MTJ,35.2,12,1,False,False,True,True,8,9
2025-12-16,12925,Paschim Express,NDLS,42.8,12,1,False,False,True,True,9,9
2025-12-16,12909,Garib Rath,MMCT,29.0,12,1,False,False,True,True,1,6
2025-12-16,12909,Garib Rath,BVI,21.1,12,1,False,False,True,True,2,6
2025-12-16,12909,Garib Rath,ST,26.3,12,1,False,False,True,True,3,6
2025-12-16,12909,Garib Rath,BRC,36.1,12,1,False,False,True,True,4,6
2025-12-16,12909,Garib Rath,KOTA,42.2,12,1,False,False,True,True,5,6
2025-12-16,12909,Garib Rath,NDLS,62.2,12,1,False,False,True,True,6,6
2025-12-16,12137,Punjab Mail,CSMT,7.6,12,1,False,False,True,True,1,12
2025-12-16,12137,Punjab Mail,KYN,15.7,12,1,False,False,True,True,2,12
2025-12-16,12137,Punjab Mail,NMD,10.7,12,1,False,False,True,True,3,12
2025-12-16,12137,Punjab Mail,MMR,23.4,12,1,False,False,True,True,4,12
2025-12-16,12137,Punjab Mail,BSL,29.4,12,1,False,False,True,True,5,12
2025-12-16,12137,Punjab Mail,ET,30.5,12,1,False,False,True,True,6,12
2025-12-16,12137,Punjab Mail,BPL,30.0,12,1,False,False,True,True,7,12
2025-12-16,12137,Punjab Mail,JHS,31.9,12,1,False,False,True,True,8,12
2025-12-16,12137,Punjab Mail,GWL,41.6,12,1,False,False,True,True,9,12
2025-12-16,12137,Punjab Mail,AGC,47.1,12,1,False,False,True,True,10,12
2025-12-16,12137,Punjab Mail,MTJ,57.5,12,1,False,False,True,True,11,12
2025-12-16,12137,Punjab Mail,NDLS,58.8,12,1,False,False,True,True,12,12
2025-12-16,12621,Tamil Nadu Express,CSMT,8.8,12,1,False,False,True,True,1,9
2025-12-16,12621,Tamil Nadu Express,KYN,9.7,12,1,False,False,True,True,2,9
2025-12-16,12621,Tamil Nadu Express,MMR,17.2,12,1,False,False,True,True,3,9
2025-12-16,12621,Tamil Nadu Express,BSL,21.7,12,1,False,False,True,True,4,9
2025-12-16,12621,Tamil Nadu Express,ET,29.8,12,1,False,False,True,True,5,9
2025-12-16,12621,Tamil Nadu Express,BPL,42.8,12,1,False,False,True,True,6,9
2025-12-16,12621,Tamil Nadu Express,JHS,41.8,12,1,False,False,True,True,7,9
2025-12-16,12621,Tamil Nadu Express,AGC,36.8,12,1,False,False,True,True,8,9
2025-12-16,12621,Tamil Nadu Express,NDLS,42.5,12,1,False,False,True,True,9,9
2025-12-16,12261,Mumbai Duronto Central,CSMT,21.5,12,1,False,False,True,True,1,2
2025-12-16,12261,Mumbai Duronto Central,NDLS,18.2,12,1,False,False,True,True,2,2
2025-12-16,12187,Mumbai Garib Rath,CSMT,33.4,12,1,False,False,True,True,1,7
2025-12-16,12187,Mumbai Garib Rath,KYN,17.2,12,1,False,False,True,True,2,7
2025-12-16,12187,Mumbai Garib Rath,BSL,44.6,12,1,False,False,True,True,3,7
2025-12-16,12187,Mumbai Garib Rath,BPL,65.3,12,1,False,False,True,True,4,7
2025-12-16,12187,Mumbai Garib Rath,JHS,89.3,12,1,False,False,True,True,5,7
2025-12-16,12187,Mumbai Garib Rath,GWL,121.8,12,1,False,False,True,True,6,7
2025-12-16,12187,Mumbai Garib Rath,NDLS,139.1,12,1,False,False,True,True,7,7
2025-12-15,12951,Mumbai Rajdhani,MMCT,0.1,12,0,False,False,True,True,1,5
2025-12-15,12951,Mumbai Rajdhani,BRC,8.6,12,0,False,False,True,True,2,5
2025-12-15,12951,Mumbai Rajdhani,KOTA,31.7,12,0,False,False,True,True,3,5
2025-12-15,12951,Mumbai Rajdhani,SWM,29.1,12,0,False,False,True,True,4,5
2025-12-15,12951,Mumbai Rajdhani,NDLS,24.4,12,0,False,False,True,True,5,5
2025-12-15,12953,August Kranti Rajdhani,MMCT,3.8,12,0,False,False,True,True,1,6
2025-12-15,12953,August Kranti Rajdhani,ST,0.0,12,0,False,False,True,True,2,6
2025-12-15,12953,August Kranti Rajdhani,BRC,7.7,12,0,False,False,True,True,3,6
2025-12-15,12953,August Kranti Rajdhani,RTM,9.8,12,0,False,False,True,True,4,6
2025-12-15,12953,August Kranti Rajdhani,KOTA,9.6,12,0,False,False,True,True,5,6
2025-12-15,12953,August Kranti Rajdhani,NDLS,6.7,12,0,False,False,True,True,6,6
2025-12-15,12267,Mumbai Duronto,MMCT,0.1,12,0,False,False,True,True,1,2
2025-12-15,12267,Mumbai Duronto,NDLS,21.4,12,0,False,False,True,True,2,2
2025-12-15,12903,Golden Temple Mail,MMCT,0.0,12,0,False,False,True,True,1,10
2025-12-15,12903,Golden Temple Mail,BVI,6.9,12,0,False,False,True,True,2,10
2025-12-15,12903,Golden Temple Mail,BL,18.0,12,0,False,False,True,True,3,10
2025-12-15,12903,Golden Temple Mail,ST,18.7,12,0,False,False,True,True,4,10
2025-12-15,12903,Golden Temple Mail,BRC,15.3,12,0,False,False,True,True,5,10
2025-12-15,12903,Golden Temple Mail,RTM,19.0,12,0,False,False,True,True,6,10
2025-12-15,12903,Golden Temple Mail,KOTA,16.8,12,0,False,False,True,True,7,10
2025-12-15,12903,Golden Temple Mail,SWM,19.5,12,0,False,False,True,True,8,10
2025-12-15,12903,Golden Temple Mail,MTJ,32.1,12,0,False,False,True,True,9,10
2025-12-15,12903,Golden Temple Mail,NDLS,43.9,12,0,False,False,True,True,10,10
2025-12-15,12925,Paschim Express,MMCT,2.5,12,0,False,False,True,True,1,9
2025-12-15,12925,Paschim Express,BVI,5.5,12,0,False,False,True,True,2,9
2025-12-15,12925,Paschim Express,ST,12.7,12,0,False,False,True,True,3,9
2025-12-15,12925,Paschim Express,BRC,29.7,12,0,False,False,True,True,4,9
2025-12-15,12925,Paschim Express,RTM,34.3,12,0,False,False,True,True,5,9
2025-12-15,12925,Paschim Express,KOTA,57.4,12,0,False,False,True,True,6,9
2025-12-15,12925,Paschim Express,SWM,67.3,12,0,False,False,True,True,7,9
2025-12-15,12925,Paschim Express,MTJ,68.0,12,0,False,False,True,True,8,9
2025-12-15,12925,Paschim Express,NDLS,93.7,12,0,False,False,True,True,9,9
2025-12-15,12909,Garib Rath,MMCT,0.0,12,0,False,False,True,True,1,6
2025-12-15,12909,Garib Rath,BVI,11.6,12,0,False,False,True,True,2,6
2025-12-15,12909,Garib Rath,ST,16.4,12,0,False,False,True,True,3,6
2025-12-15,12909,Garib Rath,BRC,33.5,12,0,False,False,True,True,4,6
2025-12-15,12909,Garib Rath,KOTA,43.8,12,0,False,False,True,True,5,6
2025-12-15,12909,Garib Rath,NDLS,46.5,12,0,False,False,True,True,6,6
2025-12-15,12137,Punjab Mail,CSMT,10.2,12,0,False,False,True,True,1,12
2025-12-15,12137,Punjab Mail,KYN,7.4,12,0,False,False,True,True,2,12
2025-12-15,12137,Punjab Mail,NMD,21.3,12,0,False,False,True,True,3,12
2025-12-15,12137,Punjab Mail,MMR,37.3,12,0,False,False,True,True,4,12
2025-12-15,12137,Punjab Mail,BSL,62.6,12,0,False,False,True,True,5,12
2025-12-15,12137,Punjab Mail,ET,90.6,12,0,False,False,True,True,6,12
2025-12-15,12137,Punjab Mail,BPL,96.9,12,0,False,False,True,True,7,12
2025-12-15,12137,Punjab Mail,JHS,127.1,12,0,False,False,True,True,8,12
2025-12-15,12137,Punjab Mail,GWL,132.4,12,0,False,False,True,True,9,12
2025-12-15,12137,Punjab Mail,AGC,147.2,12,0,False,False,True,True,10,12
2025-12-15,12137,Punjab Mail,MTJ,164.9,12,0,False,False,True,True,11,12
2025-12-15,12137,Punjab Mail,NDLS,163.4,12,0,False,False,True,True,12,12
2025-12-15,12621,Tamil Nadu Express,CSMT,17.5,12,0,False,False,True,True,1,9
2025-12-15,12621,Tamil Nadu Express,KYN,16.6,12,0,False,False,True,True,2,9
2025-12-15,12621,Tamil Nadu Express,MMR,37.9,12,0,False,False,True,True,3,9
2025-12-15,12621,Tamil Nadu Express,BSL,40.9,12,0,False,False,True,True,4,9
2025-12-15,12621,Tamil Nadu Express,ET,64.3,12,0,False,False,True,True,5,9
2025-12-15,12621,Tamil Nadu Express,BPL,71.8,12,0,False,False,True,True,6,9
2025-12-15,12621,Tamil Nadu Express,JHS,97.1,12,0,False,False,True,True,7,9
2025-12-15,12621,Tamil Nadu Express,AGC,95.9,12,0,False,False,True,True,8,9
2025-12-15,12621,Tamil Nadu Express,NDLS,100.6,12,0,False,False,True,True,9,9
2025-12-15,12261,Mumbai Duronto Central,CSMT,3.1,12,0,False,False,True,True,1,2
2025-12-15,12261,Mumbai Duronto Central,NDLS,0.0,12,0,False,False,True,True,2,2
2025-12-15,12187,Mumbai Garib Rath,CSMT,0.0,12,0,False,False,True,True,1,7
2025-12-15,12187,Mumbai Garib Rath,KYN,15.2,12,0,False,False,True,True,2,7
2025-12-15,12187,Mumbai Garib Rath,BSL,16.5,12,0,False,False,True,True,3,7
2025-12-15,12187,Mumbai Garib Rath,BPL,31.0,12,0,False,False,True,True,4,7
2025-12-15,12187,Mumbai Garib Rath,JHS,45.1,12,0,False,False,True,True,5,7
2025-12-15,12187,Mumbai Garib Rath,GWL,43.7,12,0,False,False,True,True,6,7
2025-12-15,12187,Mumbai Garib Rath,NDLS,82.4,12,0,False,False,True,True,7,7
2025-12-14,12951,Mumbai Rajdhani,MMCT,0.0,12,6,True,False,True,True,1,5
2025-12-14,12951,Mumbai Rajdhani,BRC,1.6,12,6,True,False,True,True,2,5
2025-12-14,12951,Mumbai Rajdhani,KOTA,0.1,12,6,True,False,True,True,3,5
2025-12-14,12951,Mumbai Rajdhani,SWM,5.1,12,6,True,False,True,True,4,5
2025-12-14,12951,Mumbai Rajdhani,NDLS,2.8,12,6,True,False,True,True,5,5
2025-12-14,12953,August Kranti Rajdhani,MMCT,1.5,12,6,True,False,True,True,1,6
2025-12-14,12953,August Kranti Rajdhani,ST,0.0,12,6,True,False,True,True,2,6
2025-12-14,12953,August Kranti Rajdhani,BRC,13.3,12,6,True,False,True,True,3,6
2025-12-14,12953,August Kranti Rajdhani,RTM,33.7,12,6,True,False,True,True,4,6
2025-12-14,12953,August Kranti Rajdhani,KOTA,32.0,12,6,True,False,True,True,5,6
2025-12-14,12953,August Kranti Rajdhani,NDLS,40.9,12,6,True,False,True,True,6,6
2025-12-14,12267,Mumbai Duronto,MMCT,3.7,12,6,True,False,True,True,1,2
2025-12-14,12267,Mumbai Duronto,NDLS,12.6,12,6,True,False,True,True,2,2
2025-12-14,12903,Golden Temple Mail,MMCT,16.0,12,6,True,False,True,True,1,10
2025-12-14,12903,Golden Temple Mail,BVI,7.3,12,6,True,False,True,True,2,10
2025-12-14,12903,Golden Temple Mail,BL,19.7,12,6,True,False,True,True,3,10
2025-12-14,12903,Golden Temple Mail,ST,30.2,12,6,True,False,True,True,4,10
2025-12-14,12903,Golden Temple Mail,BRC,33.5,12,6,True,False,True,True,5,10
2025-12-14,12903,Golden Temple Mail,RTM,51.8,12,6,True,False,True,True,6,10
2025-12-14,12903,Golden Temple Mail,KOTA,69.8,12,6,True,False,True,True,7,10
2025-12-14,12903,Golden Temple Mail,SWM,79.3,12,6,True,False,True,True,8,10
2025-12-14,12903,Golden Temple Mail,MTJ,99.9,12,6,True,False,True,True,9,10
2025-12-14,12903,Golden Temple Mail,NDLS,118.9,12,6,True,False,True,True,10,10
2025-12-14,12925,Paschim Express,MMCT,40.3,12,6,True,False,True,True,1,9
2025-12-14,12925,Paschim Express,BVI,16.4,12,6,True,False,True,True,2,9
2025-12-14,12925,Paschim Express,ST,31.5,12,6,True,False,True,True,3,9
2025-12-14,12925,Paschim Express,BRC,45.5,12,6,True,False,True,True,4,9
2025-12-14,12925,Paschim Express,RTM,54.2,12,6,True,False,True,True,5,9
2025-12-14,12925,Paschim Express,KOTA,78.2,12,6,True,False,True,True,6,9
2025-12-14,12925,Paschim Express,SWM,95.3,12,6,True,False,True,True,7,9
2025-12-14,12925,Paschim Express,MTJ,139.8,12,6,True,False,True,True,8,9
2025-12-14,12925,Paschim Express,NDLS,155.0,12,6,True,False,True,True,9,9
2025-12-14,12909,Garib Rath,MMCT,22.2,12,6,True,False,True,True,1,6
2025-12-14,12909,Garib Rath,BVI,0.0,12,6,True,False,True,True,2,6
2025-12-14,12909,Garib Rath,ST,9.2,12,6,True,False,True,True,3,6
2025-12-14,12909,Garib Rath,BRC,19.6,12,6,True,False,True,True,4,6
2025-12-14,12909,Garib Rath,KOTA,58.5,12,6,True,False,True,True,5,6
2025-12-14,12909,Garib Rath,NDLS,75.0,12,6,True,False,True,True,6,6
2025-12-14,12137,Punjab Mail,CSMT,4.8,12,6,True,False,True,True,1,12
2025-12-14,12137,Punjab Mail,KYN,0.0,12,6,True,False,True,True,2,12
2025-12-14,12137,Punjab Mail,NMD,10.0,12,6,True,False,True,True,3,12
2025-12-14,12137,Punjab Mail,MMR,9.7,12,6,True,False,True,True,4,12
2025-12-14,12137,Punjab Mail,BSL,22.2,12,6,True,False,True,True,5,12
2025-12-14,12137,Punjab Mail,ET,26.0,12,6,True,False,True,True,6,12
2025-12-14,12137,Punjab Mail,BPL,24.2,12,6,True,False,True,True,7,12
2025-12-14,12137,Punjab Mail,JHS,30.7,12,6,True,False,True,True,8,12
2025-12-14,12137,Punjab Mail,GWL,32.0,12,6,True,False,True,True,9,12
2025-12-14,12137,Punjab Mail,AGC,36.2,12,6,True,False,True,True,10,12
2025-12-14,12137,Punjab Mail,MTJ,49.7,12,6,True,False,True,True,11,12
2025-12-14,12137,Punjab Mail,NDLS,72.9,12,6,True,False,True,True,12,12
2025-12-14,12621,Tamil Nadu Express,CSMT,0.0,12,6,True,False,True,True,1,9
2025-12-14,12621,Tamil Nadu Express,KYN,7.3,12,6,True,False,True,True,2,9
2025-12-14,12621,Tamil Nadu Express,MMR,16.3,12,6,True,False,True,True,3,9
2025-12-14,12621,Tamil Nadu Express,BSL,19.7,12,6,True,False,True,True,4,9
2025-12-14,12621,Tamil Nadu Express,ET,17.8,12,6,True,False,True,True,5,9
2025-12-14,12621,Tamil Nadu Express,BPL,12.8,12,6,True,False,True,True,6,9
2025-12-14,12621,Tamil Nadu Express,JHS,16.0,12,6,True,False,True,True,7,9
2025-12-14,12621,Tamil Nadu Express,AGC,14.2,12,6,True,False,True,True,8,9
2025-12-14,12621,Tamil Nadu Express,NDLS,11.5,12,6,True,False,True,True,9,9
2025-12-14,12261,Mumbai Duronto Central,CSMT,10.4,12,6,True,False,True,True,1,2
2025-12-14,12261,Mumbai Duronto Central,NDLS,31.3,12,6,True,False,True,True,2,2
2025-12-14,12187,Mumbai Garib Rath,CSMT,0.3,12,6,True,False,True,True,1,7
2025-12-14,12187,Mumbai Garib Rath,KYN,4.0,12,6,True,False,True,True,2,7
2025-12-14,12187,Mumbai Garib Rath,BSL,2.7,12,6,True,False,True,True,3,7
2025-12-14,12187,Mumbai Garib Rath,BPL,7.3,12,6,True,False,True,True,4,7
2025-12-14,12187,Mumbai Garib Rath,JHS,18.3,12,6,True,False,True,True,5,7
2025-12-14,12187,Mumbai Garib Rath,GWL,23.7,12,6,True,False,True,True,6,7
2025-12-14,12187,Mumbai Garib Rath,NDLS,19.0,12,6,True,False,True,True,7,7
2025-12-13,12951,Mumbai Rajdhani,MMCT,9.0,12,5,True,False,True,True,1,5
2025-12-13,12951,Mumbai Rajdhani,BRC,5.7,12,5,True,False,True,True,2,5
2025-12-13,12951,Mumbai Rajdhani,KOTA,5.5,12,5,True,False,True,True,3,5
2025-12-13,12951,Mumbai Rajdhani,SWM,9.9,12,5,True,False,True,True,4,5
2025-12-13,12951,Mumbai Rajdhani,NDLS,50.7,12,5,True,False,True,True,5,5
2025-12-13,12953,August Kranti Rajdhani,MMCT,4.4,12,5,True,False,True,True,1,6
2025-12-13,12953,August Kranti Rajdhani,ST,0.0,12,5,True,False,True,True,2,6
2025-12-13,12953,August Kranti Rajdhani,BRC,0.0,12,5,True,False,True,True,3,6
2025-12-13,12953,August Kranti Rajdhani,RTM,21.8,12,5,True,False,True,True,4,6
2025-12-13,12953,August Kranti Rajdhani,KOTA,26.7,12,5,True,False,True,True,5,6
2025-12-13,12953,August Kranti Rajdhani,NDLS,40.6,12,5,True,False,True,True,6,6
2025-12-13,12267,Mumbai Duronto,MMCT,4.2,12,5,True,False,True,True,1,2
2025-12-13,12267,Mumbai Duronto,NDLS,11.1,12,5,True,False,True,True,2,2
2025-12-13,12903,Golden Temple Mail,MMCT,1.1,12,5,True,False,True,True,1,10
2025-12-13,12903,Golden Temple Mail,BVI,0.0,12,5,True,False,True,True,2,10
2025-12-13,12903,Golden Temple Mail,BL,1.7,12,5,True,False,True,True,3,10
2025-12-13,12903,Golden Temple Mail,ST,1.5,12,5,True,False,True,True,4,10
2025-12-13,12903,Golden Temple Mail,BRC,0.0,12,5,True,False,True,True,5,10
2025-12-13,12903,Golden Temple Mail,RTM,19.2,12,5,True,False,True,True,6,10
2025-12-13,12903,Golden Temple Mail,KOTA,27.6,12,5,True,False,True,True,7,10
2025-12-13,12903,Golden Temple Mail,SWM,37.2,12,5,True,False,True,True,8,10
2025-12-13,12903,Golden Temple Mail,MTJ,36.4,12,5,True,False,True,True,9,10
2025-12-13,12903,Golden Temple Mail,NDLS,47.2,12,5,True,False,True,True,10,10
2025-12-13,12925,Paschim Express,MMCT,7.3,12,5,True,False,True,True,1,9
2025-12-13,12925,Paschim Express,BVI,11.2,12,5,True,False,True,True,2,9
2025-12-13,12925,Paschim Express,ST,6.2,12,5,True,False,True,True,3,9
2025-12-13,12925,Paschim Express,BRC,4.8,12,5,True,False,True,True,4,9
2025-12-13,12925,Paschim Express,RTM,19.0,12,5,True,False,True,True,5,9
2025-12-13,12925,Paschim Express,KOTA,57.5,12,5,True,False,True,True,6,9
2025-12-13,12925,Paschim Express,SWM,60.6,12,5,True,False,True,True,7,9
2025-12-13,12925,Paschim Express,MTJ,56.6,12,5,True,False,True,True,8,9
2025-12-13,12925,Paschim Express,NDLS,59.2,12,5,True,False,True,True,9,9
2025-12-13,12909,Garib Rath,MMCT,11.4,12,5,True,False,True,True,1,6
2025-12-13,12909,Garib Rath,BVI,8.6,12,5,True,False,True,True,2,6
2025-12-13,12909,Garib Rath,ST,10.5,12,5,True,False,True,True,3,6
2025-12-13,12909,Garib Rath,BRC,25.3,12,5,True,False,True,True,4,6
2025-12-13,12909,Garib Rath,KOTA,22.3,12,5,True,False,True,True,5,6
2025-12-13,12909,Garib Rath,NDLS,42.9,12,5,True,False,True,True,6,6
2025-12-13,12137,Punjab Mail,CSMT,5.1,12,5,True,False,True,True,1,12
2025-12-13,12137,Punjab Mail,KYN,6.1,12,5,True,False,True,True,2,12
2025-12-13,12137,Punjab Mail,NMD,8.8,12,5,True,False,True,True,3,12
2025-12-13,12137,Punjab Mail,MMR,16.2,12,5,True,False,True,True,4,12
2025-12-13,12137,Punjab Mail,BSL,16.6,12,5,True,False,True,True,5,12
2025-12-13,12137,Punjab Mail,ET,26.8,12,5,True,False,True,True,6,12
2025-12-13,12137,Punjab Mail,BPL,22.3,12,5,True,False,True,True,7,12
2025-12-13,12137,Punjab Mail,JHS,26.6,12,5,True,False,True,True,8,12
2025-12-13,12137,Punjab Mail,GWL,26.1,12,5,True,False,True,True,9,12
2025-12-13,12137,Punjab Mail,AGC,21.6,12,5,True,False,True,True,10,12
2025-12-13,12137,Punjab Mail,MTJ,27.0,12,5,True,False,True,True,11,12
2025-12-13,12137,Punjab Mail,NDLS,34.6,12,5,True,False,True,True,12,12
2025-12-13,12621,Tamil Nadu Express,CSMT,52.7,12,5,True,False,True,True,1,9
2025-12-13,12621,Tamil Nadu Express,KYN,36.9,12,5,True,False,True,True,2,9
2025-12-13,12621,Tamil Nadu Express,MMR,57.0,12,5,True,False,True,True,3,9
2025-12-13,12621,Tamil Nadu Express,BSL,80.1,12,5,True,False,True,True,4,9
2025-12-13,12621,Tamil Nadu Express,ET,102.4,12,5,True,False,True,True,5,9
2025-12-13,12621,Tamil Nadu Express,BPL,139.5,12,5,True,False,True,True,6,9
2025-12-13,12621,Tamil Nadu Express,JHS,157.2,12,5,True,False,True,True,7,9
2025-12-13,12621,Tamil Nadu Express,AGC,175.4,12,5,True,False,True,True,8,9
2025-12-13,12621,Tamil Nadu Express,NDLS,197.2,12,5,True,False,True,True,9,9
2025-12-13,12261,Mumbai Duronto Central,CSMT,0.0,12,5,True,False,True,True,1,2
2025-12-13,12261,Mumbai Duronto Central,NDLS,15.1,12,5,True,False,True,True,2,2
2025-12-13,12187,Mumbai Garib Rath,CSMT,25.6,12,5,True,False,True,True,1,7
2025-12-13,12187,Mumbai Garib Rath,KYN,7.4,12,5,True,False,True,True,2,7
2025-12-13,12187,Mumbai Garib Rath,BSL,14.8,12,5,True,False,True,True,3,7
2025-12-13,12187,Mumbai Garib Rath,BPL,17.2,12,5,True,False,True,True,4,7
2025-12-13,12187,Mumbai Garib Rath,JHS,40.7,12,5,True,False,True,True,5,7
2025-12-13,12187,Mumbai Garib Rath,GWL,45.4,12,5,True,False,True,True,6,7
2025-12-13,12187,Mumbai Garib Rath,NDLS,79.4,12,5,True,False,True,True,7,7
