date,station_code,station_name,hour,passenger_count,platform_capacity,utilization,crowd_level,day_of_week
2026-03-12,MMCT,Mumbai Central,0,1861,4000,0.465,Moderate,3
2026-03-12,MMCT,Mumbai Central,1,1494,4000,0.373,Low,3
2026-03-12,MMCT,Mumbai Central,2,1067,4000,0.267,Low,3
2026-03-12,MMCT,Mumbai Central,3,1305,4000,0.326,Low,3
2026-03-12,MMCT,Mumbai Central,4,1444,4000,0.361,Low,3
2026-03-12,MMCT,Mumbai Central,5,6144,4000,1.536,Critical,3
2026-03-12,MMCT,Mumbai Central,6,4763,4000,1.191,Critical,3
2026-03-12,MMCT,Mumbai Central,7,15702,4000,3.925,Critical,3
2026-03-12,MMCT,Mumbai Central,8,17684,4000,4.421,Critical,3
2026-03-12,MMCT,Mumbai Central,9,21051,4000,5.263,Critical,3
2026-03-12,MMCT,Mumbai Central,10,8588,4000,2.147,Critical,3
2026-03-12,MMCT,Mumbai Central,11,6479,4000,1.62,Critical,3
2026-03-12,MMCT,Mumbai Central,12,7476,4000,1.869,Critical,3
2026-03-12,MMCT,Mumbai Central,13,4473,4000,1.118,Critical,3
2026-03-12,MMCT,Mumbai Central,14,5219,4000,1.305,Critical,3
2026-03-12,MMCT,Mumbai Central,15,9080,4000,2.27,Critical,3
2026-03-12,MMCT,Mumbai Central,16,10981,4000,2.745,Critical,3
2026-03-12,MMCT,Mumbai Central,17,15878,4000,3.97,Critical,3
2026-03-12,MMCT,Mumbai Central,18,14352,4000,3.588,Critical,3
2026-03-12,MMCT,Mumbai Central,19,17930,4000,4.482,Critical,3
2026-03-12,MMCT,Mumbai Central,20,9862,4000,2.466,Critical,3
2026-03-12,MMCT,Mumbai Central,21,7978,4000,1.994,Critical,3
2026-03-12,MMCT,Mumbai Central,22,6665,4000,1.666,Critical,3
2026-03-12,MMCT,Mumbai Central,23,6778,4000,1.694,Critical,3
2026-03-12,BVI,Borivali,0,524,3000,0.175,Low,3
2026-03-12,BVI,Borivali,1,500,3000,0.167,Low,3
2026-03-12,BVI,Borivali,2,584,3000,0.195,Low,3
2026-03-12,BVI,Borivali,3,436,3000,0.145,Low,3
2026-03-12,BVI,Borivali,4,582,3000,0.194,Low,3
2026-03-12,BVI,Borivali,5,2941,3000,0.98,Critical,3
2026-03-12,BVI,Borivali,6,4487,3000,1.496,Critical,3
2026-03-12,BVI,Borivali,7,9106,3000,3.035,Critical,3
2026-03-12,BVI,Borivali,8,7169,3000,2.39,Critical,3
2026-03-12,BVI,Borivali,9,8188,3000,2.729,Critical,3
2026-03-12,BVI,Borivali,10,5072,3000,1.691,Critical,3
2026-03-12,BVI,Borivali,11,4796,3000,1.599,Critical,3
2026-03-12,BVI,Borivali,12,2791,3000,0.93,Critical,3
2026-03-12,BVI,Borivali,13,3888,3000,1.296,Critical,3
2026-03-12,BVI,Borivali,14,3263,3000,1.088,Critical,3
2026-03-12,BVI,Borivali,15,4092,3000,1.364,Critical,3
2026-03-12,BVI,Borivali,16,3884,3000,1.295,Critical,3
2026-03-12,BVI,Borivali,17,6767,3000,2.256,Critical,3
2026-03-12,BVI,Borivali,18,11353,3000,3.784,Critical,3
2026-03-12,BVI,Borivali,19,6983,3000,2.328,Critical,3
2026-03-12,BVI,Borivali,20,5664,3000,1.888,Critical,3
2026-03-12,BVI,Borivali,21,5110,3000,1.703,Critical,3
2026-03-12,BVI,Borivali,22,2498,3000,0.833,High,3
2026-03-12,BVI,Borivali,23,2716,3000,0.905,Critical,3
2026-03-12,BL,Valsad,0,170,1500,0.113,Low,3
2026-03-12,BL,Valsad,1,161,1500,0.107,Low,3
2026-03-12,BL,Valsad,2,90,1500,0.06,Low,3
2026-03-12,BL,Valsad,3,66,1500,0.044,Low,3
2026-03-12,BL,Valsad,4,90,1500,0.06,Low,3
2026-03-12,BL,Valsad,5,668,1500,0.445,Moderate,3
2026-03-12,BL,Valsad,6,538,1500,0.359,Low,3
2026-03-12,BL,Valsad,7,2182,1500,1.455,Critical,3
2026-03-12,BL,Valsad,8,1030,1500,0.687,Moderate,3
2026-03-12,BL,Valsad,9,1861,1500,1.241,Critical,3
2026-03-12,BL,Valsad,10,862,1500,0.575,Moderate,3
2026-03-12,BL,Valsad,11,983,1500,0.655,Moderate,3
2026-03-12,BL,Valsad,12,621,1500,0.414,Moderate,3
2026-03-12,BL,Valsad,13,643,1500,0.429,Moderate,3
2026-03-12,BL,Valsad,14,454,1500,0.303,Low,3
2026-03-12,BL,Valsad,15,1022,1500,0.681,Moderate,3
2026-03-12,BL,Valsad,16,895,1500,0.597,Moderate,3
2026-03-12,BL,Valsad,17,2462,1500,1.641,Critical,3
2026-03-12,BL,Valsad,18,1685,1500,1.123,Critical,3
2026-03-12,BL,Valsad,19,2211,1500,1.474,Critical,3
2026-03-12,BL,Valsad,20,667,1500,0.445,Moderate,3
2026-03-12,BL,Valsad,21,902,1500,0.601,Moderate,3
2026-03-12,BL,Valsad,22,538,1500,0.359,Low,3
2026-03-12,BL,Valsad,23,498,1500,0.332,Low,3
2026-03-12,ST,Surat,0,1357,3000,0.452,Moderate,3
2026-03-12,ST,Surat,1,849,3000,0.283,Low,3
2026-03-12,ST,Surat,2,1285,3000,0.428,Moderate,3
2026-03-12,ST,Surat,3,646,3000,0.215,Low,3
2026-03-12,ST,Surat,4,468,3000,0.156,Low,3
2026-03-12,ST,Surat,5,3706,3000,1.235,Critical,3
2026-03-12,ST,Surat,6,4273,3000,1.424,Critical,3
2026-03-12,ST,Surat,7,8572,3000,2.857,Critical,3
2026-03-12,ST,Surat,8,8310,3000,2.77,Critical,3
2026-03-12,ST,Surat,9,9380,3000,3.127,Critical,3
2026-03-12,ST,Surat,10,8132,3000,2.711,Critical,3
2026-03-12,ST,Surat,11,6627,3000,2.209,Critical,3
2026-03-12,ST,Surat,12,3842,3000,1.281,Critical,3
2026-03-12,ST,Surat,13,3450,3000,1.15,Critical,3
2026-03-12,ST,Surat,14,3793,3000,1.264,Critical,3
2026-03-12,ST,Surat,15,6371,3000,2.124,Critical,3
2026-03-12,ST,Surat,16,5609,3000,1.87,Critical,3
2026-03-12,ST,Surat,17,10533,3000,3.511,Critical,3
2026-03-12,ST,Surat,18,9815,3000,3.272,Critical,3
2026-03-12,ST,Surat,19,9821,3000,3.274,Critical,3
2026-03-12,ST,Surat,20,6691,3000,2.23,Critical,3
2026-03-12,ST,Surat,21,5385,3000,1.795,Critical,3
2026-03-12,ST,Surat,22,4117,3000,1.372,Critical,3
2026-03-12,ST,Surat,23,3535,3000,1.178,Critical,3
2026-03-12,BRC,Vadodara Junction,0,308,3500,0.088,Low,3
2026-03-12,BRC,Vadodara Junction,1,606,3500,0.173,Low,3
2026-03-12,BRC,Vadodara Junction,2,375,3500,0.107,Low,3
2026-03-12,BRC,Vadodara Junction,3,522,3500,0.149,Low,3
2026-03-12,BRC,Vadodara Junction,4,505,3500,0.144,Low,3
2026-03-12,BRC,Vadodara Junction,5,3357,3500,0.959,Critical,3
2026-03-12,BRC,Vadodara Junction,6,2430,3500,0.694,Moderate,3
2026-03-12,BRC,Vadodara Junction,7,11208,3500,3.202,Critical,3
2026-03-12,BRC,Vadodara Junction,8,12392,3500,3.541,Critical,3
2026-03-12,BRC,Vadodara Junction,9,7312,3500,2.089,Critical,3
2026-03-12,BRC,Vadodara Junction,10,4974,3500,1.421,Critical,3
2026-03-12,BRC,Vadodara Junction,11,7309,3500,2.088,Critical,3
2026-03-12,BRC,Vadodara Junction,12,4194,3500,1.198,Critical,3
2026-03-12,BRC,Vadodara Junction,13,2750,3500,0.786,High,3
2026-03-12,BRC,Vadodara Junction,14,3621,3500,1.035,Critical,3
2026-03-12,BRC,Vadodara Junction,15,5915,3500,1.69,Critical,3
2026-03-12,BRC,Vadodara Junction,16,5257,3500,1.502,Critical,3
2026-03-12,BRC,Vadodara Junction,17,6646,3500,1.899,Critical,3
2026-03-12,BRC,Vadodara Junction,18,13984,3500,3.995,Critical,3
2026-03-12,BRC,Vadodara Junction,19,11148,3500,3.185,Critical,3
2026-03-12,BRC,Vadodara Junction,20,5877,3500,1.679,Critical,3
2026-03-12,BRC,Vadodara Junction,21,5946,3500,1.699,Critical,3
2026-03-12,BRC,Vadodara Junction,22,4273,3500,1.221,Critical,3
2026-03-12,BRC,Vadodara Junction,23,3297,3500,0.942,Critical,3
2026-03-12,RTM,Ratlam Junction,0,253,2500,0.101,Low,3
2026-03-12,RTM,Ratlam Junction,1,308,2500,0.123,Low,3
2026-03-12,RTM,Ratlam Junction,2,282,2500,0.113,Low,3
2026-03-12,RTM,Ratlam Junction,3,337,2500,0.135,Low,3
2026-03-12,RTM,Ratlam Junction,4,432,2500,0.173,Low,3
2026-03-12,RTM,Ratlam Junction,5,1331,2500,0.532,Moderate,3
2026-03-12,RTM,Ratlam Junction,6,1681,2500,0.672,Moderate,3
2026-03-12,RTM,Ratlam Junction,7,3405,2500,1.362,Critical,3
2026-03-12,RTM,Ratlam Junction,8,3704,2500,1.482,Critical,3
2026-03-12,RTM,Ratlam Junction,9,3621,2500,1.448,Critical,3
2026-03-12,RTM,Ratlam Junction,10,1961,2500,0.784,High,3
2026-03-12,RTM,Ratlam Junction,11,2316,2500,0.926,Critical,3
2026-03-12,RTM,Ratlam Junction,12,1740,2500,0.696,Moderate,3
2026-03-12,RTM,Ratlam Junction,13,1293,2500,0.517,Moderate,3
2026-03-12,RTM,Ratlam Junction,14,1197,2500,0.479,Moderate,3
2026-03-12,RTM,Ratlam Junction,15,2017,2500,0.807,High,3
2026-03-12,RTM,Ratlam Junction,16,1761,2500,0.704,High,3
2026-03-12,RTM,Ratlam Junction,17,3988,2500,1.595,Critical,3
2026-03-12,RTM,Ratlam Junction,18,3260,2500,1.304,Critical,3
2026-03-12,RTM,Ratlam Junction,19,3882,2500,1.553,Critical,3
2026-03-12,RTM,Ratlam Junction,20,2492,2500,0.997,Critical,3
2026-03-12,RTM,Ratlam Junction,21,1753,2500,0.701,High,3
2026-03-12,RTM,Ratlam Junction,22,2009,2500,0.804,High,3
2026-03-12,RTM,Ratlam Junction,23,1459,2500,0.584,Moderate,3
2026-03-12,KOTA,Kota Junction,0,574,3000,0.191,Low,3
2026-03-12,KOTA,Kota Junction,1,511,3000,0.17,Low,3
2026-03-12,KOTA,Kota Junction,2,545,3000,0.182,Low,3
2026-03-12,KOTA,Kota Junction,3,508,3000,0.169,Low,3
2026-03-12,KOTA,Kota Junction,4,484,3000,0.161,Low,3
2026-03-12,KOTA,Kota Junction,5,2159,3000,0.72,High,3
2026-03-12,KOTA,Kota Junction,6,2486,3000,0.829,High,3
2026-03-12,KOTA,Kota Junction,7,6333,3000,2.111,Critical,3
2026-03-12,KOTA,Kota Junction,8,4511,3000,1.504,Critical,3
2026-03-12,KOTA,Kota Junction,9,4742,3000,1.581,Critical,3
2026-03-12,KOTA,Kota Junction,10,2347,3000,0.782,High,3
2026-03-12,KOTA,Kota Junction,11,2405,3000,0.802,High,3
2026-03-12,KOTA,Kota Junction,12,2460,3000,0.82,High,3
2026-03-12,KOTA,Kota Junction,13,2685,3000,0.895,High,3
2026-03-12,KOTA,Kota Junction,14,1674,3000,0.558,Moderate,3
2026-03-12,KOTA,Kota Junction,15,3576,3000,1.192,Critical,3
2026-03-12,KOTA,Kota Junction,16,3042,3000,1.014,Critical,3
2026-03-12,KOTA,Kota Junction,17,4644,3000,1.548,Critical,3
2026-03-12,KOTA,Kota Junction,18,5044,3000,1.681,Critical,3
2026-03-12,KOTA,Kota Junction,19,6383,3000,2.128,Critical,3
2026-03-12,KOTA,Kota Junction,20,3849,3000,1.283,Critical,3
2026-03-12,KOTA,Kota Junction,21,3456,3000,1.152,Critical,3
2026-03-12,KOTA,Kota Junction,22,2873,3000,0.958,Critical,3
2026-03-12,KOTA,Kota Junction,23,1493,3000,0.498,Moderate,3
2026-03-12,SWM,Sawai Madhopur,0,187,2000,0.093,Low,3
2026-03-12,SWM,Sawai Madhopur,1,212,2000,0.106,Low,3
2026-03-12,SWM,Sawai Madhopur,2,228,2000,0.114,Low,3
2026-03-12,SWM,Sawai Madhopur,3,276,2000,0.138,Low,3
2026-03-12,SWM,Sawai Madhopur,4,242,2000,0.121,Low,3
2026-03-12,SWM,Sawai Madhopur,5,849,2000,0.424,Moderate,3
2026-03-12,SWM,Sawai Madhopur,6,937,2000,0.469,Moderate,3
2026-03-12,SWM,Sawai Madhopur,7,2885,2000,1.442,Critical,3
2026-03-12,SWM,Sawai Madhopur,8,2801,2000,1.401,Critical,3
2026-03-12,SWM,Sawai Madhopur,9,2124,2000,1.062,Critical,3
2026-03-12,SWM,Sawai Madhopur,10,1679,2000,0.84,High,3
2026-03-12,SWM,Sawai Madhopur,11,1041,2000,0.52,Moderate,3
2026-03-12,SWM,Sawai Madhopur,12,556,2000,0.278,Low,3
2026-03-12,SWM,Sawai Madhopur,13,760,2000,0.38,Low,3
2026-03-12,SWM,Sawai Madhopur,14,779,2000,0.39,Low,3
2026-03-12,SWM,Sawai Madhopur,15,1424,2000,0.712,High,3
2026-03-12,SWM,Sawai Madhopur,16,1153,2000,0.577,Moderate,3
2026-03-12,SWM,Sawai Madhopur,17,1946,2000,0.973,Critical,3
2026-03-12,SWM,Sawai Madhopur,18,1581,2000,0.79,High,3
2026-03-12,SWM,Sawai Madhopur,19,1506,2000,0.753,High,3
2026-03-12,SWM,Sawai Madhopur,20,1142,2000,0.571,Moderate,3
2026-03-12,SWM,Sawai Madhopur,21,1413,2000,0.707,High,3
2026-03-12,SWM,Sawai Madhopur,22,1034,2000,0.517,Moderate,3
2026-03-12,SWM,Sawai Madhopur,23,1001,2000,0.5,Moderate,3
2026-03-12,MTJ,Mathura Junction,0,408,3000,0.136,Low,3
2026-03-12,MTJ,Mathura Junction,1,264,3000,0.088,Low,3
2026-03-12,MTJ,Mathura Junction,2,719,3000,0.24,Low,3
2026-03-12,MTJ,Mathura Junction,3,359,3000,0.12,Low,3
2026-03-12,MTJ,Mathura Junction,4,346,3000,0.115,Low,3
2026-03-12,MTJ,Mathura Junction,5,1701,3000,0.567,Moderate,3
2026-03-12,MTJ,Mathura Junction,6,1960,3000,0.653,Moderate,3
2026-03-12,MTJ,Mathura Junction,7,5423,3000,1.808,Critical,3
2026-03-12,MTJ,Mathura Junction,8,8041,3000,2.68,Critical,3
2026-03-12,MTJ,Mathura Junction,9,5360,3000,1.787,Critical,3
2026-03-12,MTJ,Mathura Junction,10,3619,3000,1.206,Critical,3
2026-03-12,MTJ,Mathura Junction,11,2608,3000,0.869,High,3
2026-03-12,MTJ,Mathura Junction,12,1679,3000,0.56,Moderate,3
2026-03-12,MTJ,Mathura Junction,13,2805,3000,0.935,Critical,3
2026-03-12,MTJ,Mathura Junction,14,2523,3000,0.841,High,3
2026-03-12,MTJ,Mathura Junction,15,2298,3000,0.766,High,3
2026-03-12,MTJ,Mathura Junction,16,3197,3000,1.066,Critical,3
2026-03-12,MTJ,Mathura Junction,17,9080,3000,3.027,Critical,3
2026-03-12,MTJ,Mathura Junction,18,5672,3000,1.891,Critical,3
2026-03-12,MTJ,Mathura Junction,19,5913,3000,1.971,Critical,3
2026-03-12,MTJ,Mathura Junction,20,3264,3000,1.088,Critical,3
2026-03-12,MTJ,Mathura Junction,21,2931,3000,0.977,Critical,3
2026-03-12,MTJ,Mathura Junction,22,1916,3000,0.639,Moderate,3
2026-03-12,MTJ,Mathura Junction,23,2284,3000,0.761,High,3
2026-03-12,NDLS,New Delhi,0,4057,8000,0.507,Moderate,3
2026-03-12,NDLS,New Delhi,1,4227,8000,0.528,Moderate,3
2026-03-12,NDLS,New Delhi,2,2566,8000,0.321,Low,3
2026-03-12,NDLS,New Delhi,3,5432,8000,0.679,Moderate,3
2026-03-12,NDLS,New Delhi,4,3719,8000,0.465,Moderate,3
2026-03-12,NDLS,New Delhi,5,16216,8000,2.027,Critical,3
2026-03-12,NDLS,New Delhi,6,24213,8000,3.027,Critical,3
2026-03-12,NDLS,New Delhi,7,49675,8000,6.209,Critical,3
2026-03-12,NDLS,New Delhi,8,40314,8000,5.039,Critical,3
2026-03-12,NDLS,New Delhi,9,65216,8000,8.152,Critical,3
2026-03-12,NDLS,New Delhi,10,31598,8000,3.95,Critical,3
2026-03-12,NDLS,New Delhi,11,29054,8000,3.632,Critical,3
2026-03-12,NDLS,New Delhi,12,19409,8000,2.426,Critical,3
2026-03-12,NDLS,New Delhi,13,19722,8000,2.465,Critical,3
2026-03-12,NDLS,New Delhi,14,22475,8000,2.809,Critical,3
2026-03-12,NDLS,New Delhi,15,25792,8000,3.224,Critical,3
2026-03-12,NDLS,New Delhi,16,30545,8000,3.818,Critical,3
2026-03-12,NDLS,New Delhi,17,75255,8000,9.407,Critical,3
2026-03-12,NDLS,New Delhi,18,64072,8000,8.009,Critical,3
2026-03-12,NDLS,New Delhi,19,73024,8000,9.128,Critical,3
2026-03-12,NDLS,New Delhi,20,31705,8000,3.963,Critical,3
2026-03-12,NDLS,New Delhi,21,26302,8000,3.288,Critical,3
2026-03-12,NDLS,New Delhi,22,15189,8000,1.899,Critical,3
2026-03-12,NDLS,New Delhi,23,13600,8000,1.7,Critical,3
2026-03-12,CSMT,Mumbai CSMT,0,3119,9000,0.347,Low,3
2026-03-12,CSMT,Mumbai CSMT,1,3300,9000,0.367,Low,3
2026-03-12,CSMT,Mumbai CSMT,2,3385,9000,0.376,Low,3
2026-03-12,CSMT,Mumbai CSMT,3,1697,9000,0.189,Low,3
2026-03-12,CSMT,Mumbai CSMT,4,4240,9000,0.471,Moderate,3
2026-03-12,CSMT,Mumbai CSMT,5,17462,9000,1.94,Critical,3
2026-03-12,CSMT,Mumbai CSMT,6,14471,9000,1.608,Critical,3
2026-03-12,CSMT,Mumbai CSMT,7,49721,9000,5.525,Critical,3
2026-03-12,CSMT,Mumbai CSMT,8,44021,9000,4.891,Critical,3
2026-03-12,CSMT,Mumbai CSMT,9,42489,9000,4.721,Critical,3
2026-03-12,CSMT,Mumbai CSMT,10,23453,9000,2.606,Critical,3
2026-03-12,CSMT,Mumbai CSMT,11,21096,9000,2.344,Critical,3
2026-03-12,CSMT,Mumbai CSMT,12,15780,9000,1.753,Critical,3
2026-03-12,CSMT,Mumbai CSMT,13,14574,9000,1.619,Critical,3
2026-03-12,CSMT,Mumbai CSMT,14,19265,9000,2.141,Critical,3
2026-03-12,CSMT,Mumbai CSMT,15,20749,9000,2.305,Critical,3
2026-03-12,CSMT,Mumbai CSMT,16,20667,9000,2.296,Critical,3
2026-03-12,CSMT,Mumbai CSMT,17,29833,9000,3.315,Critical,3
2026-03-12,CSMT,Mumbai CSMT,18,41338,9000,4.593,Critical,3
2026-03-12,CSMT,Mumbai CSMT,19,46381,9000,5.153,Critical,3
2026-03-12,CSMT,Mumbai CSMT,20,18527,9000,2.059,Critical,3
2026-03-12,CSMT,Mumbai CSMT,21,19321,9000,2.147,Critical,3
2026-03-12,CSMT,Mumbai CSMT,22,14670,9000,1.63,Critical,3
2026-03-12,CSMT,Mumbai CSMT,23,15014,9000,1.668,Critical,3
2026-03-12,KYN,Kalyan Junction,0,946,4000,0.236,Low,3
2026-03-12,KYN,Kalyan Junction,1,822,4000,0.205,Low,3
2026-03-12,KYN,Kalyan Junction,2,858,4000,0.214,Low,3
2026-03-12,KYN,Kalyan Junction,3,1257,4000,0.314,Low,3
2026-03-12,KYN,Kalyan Junction,4,1109,4000,0.277,Low,3
2026-03-12,KYN,Kalyan Junction,5,3918,4000,0.98,Critical,3
2026-03-12,KYN,Kalyan Junction,6,3784,4000,0.946,Critical,3
2026-03-12,KYN,Kalyan Junction,7,12643,4000,3.161,Critical,3
2026-03-12,KYN,Kalyan Junction,8,8841,4000,2.21,Critical,3
2026-03-12,KYN,Kalyan Junction,9,10100,4000,2.525,Critical,3
2026-03-12,KYN,Kalyan Junction,10,8099,4000,2.025,Critical,3
2026-03-12,KYN,Kalyan Junction,11,5836,4000,1.459,Critical,3
2026-03-12,KYN,Kalyan Junction,12,3584,4000,0.896,High,3
2026-03-12,KYN,Kalyan Junction,13,4378,4000,1.095,Critical,3
2026-03-12,KYN,Kalyan Junction,14,3645,4000,0.911,Critical,3
2026-03-12,KYN,Kalyan Junction,15,4850,4000,1.212,Critical,3
2026-03-12,KYN,Kalyan Junction,16,6292,4000,1.573,Critical,3
2026-03-12,KYN,Kalyan Junction,17,13950,4000,3.487,Critical,3
2026-03-12,KYN,Kalyan Junction,18,11301,4000,2.825,Critical,3
2026-03-12,KYN,Kalyan Junction,19,9031,4000,2.258,Critical,3
2026-03-12,KYN,Kalyan Junction,20,6485,4000,1.621,Critical,3
2026-03-12,KYN,Kalyan Junction,21,6065,4000,1.516,Critical,3
2026-03-12,KYN,Kalyan Junction,22,3895,4000,0.974,Critical,3
2026-03-12,KYN,Kalyan Junction,23,4634,4000,1.159,Critical,3
2026-03-12,NMD,Nashik Road,0,267,2000,0.134,Low,3
2026-03-12,NMD,Nashik Road,1,435,2000,0.217,Low,3
2026-03-12,NMD,Nashik Road,2,323,2000,0.162,Low,3
2026-03-12,NMD,Nashik Road,3,544,2000,0.272,Low,3
2026-03-12,NMD,Nashik Road,4,195,2000,0.098,Low,3
2026-03-12,NMD,Nashik Road,5,1548,2000,0.774,High,3
2026-03-12,NMD,Nashik Road,6,1473,2000,0.737,High,3
2026-03-12,NMD,Nashik Road,7,4872,2000,2.436,Critical,3
2026-03-12,NMD,Nashik Road,8,5434,2000,2.717,Critical,3
2026-03-12,NMD,Nashik Road,9,5351,2000,2.675,Critical,3
2026-03-12,NMD,Nashik Road,10,2413,2000,1.206,Critical,3
2026-03-12,NMD,Nashik Road,11,2141,2000,1.071,Critical,3
2026-03-12,NMD,Nashik Road,12,1599,2000,0.799,High,3
2026-03-12,NMD,Nashik Road,13,1279,2000,0.639,Moderate,3
2026-03-12,NMD,Nashik Road,14,2350,2000,1.175,Critical,3
2026-03-12,NMD,Nashik Road,15,2316,2000,1.158,Critical,3
2026-03-12,NMD,Nashik Road,16,2957,2000,1.478,Critical,3
2026-03-12,NMD,Nashik Road,17,4531,2000,2.265,Critical,3
2026-03-12,NMD,Nashik Road,18,3727,2000,1.863,Critical,3
2026-03-12,NMD,Nashik Road,19,5979,2000,2.99,Critical,3
2026-03-12,NMD,Nashik Road,20,2897,2000,1.448,Critical,3
2026-03-12,NMD,Nashik Road,21,2281,2000,1.141,Critical,3
2026-03-12,NMD,Nashik Road,22,1412,2000,0.706,High,3
2026-03-12,NMD,Nashik Road,23,1452,2000,0.726,High,3
2026-03-12,MMR,Manmad Junction,0,257,2500,0.103,Low,3
2026-03-12,MMR,Manmad Junction,1,203,2500,0.081,Low,3
2026-03-12,MMR,Manmad Junction,2,144,2500,0.058,Low,3
2026-03-12,MMR,Manmad Junction,3,226,2500,0.09,Low,3
2026-03-12,MMR,Manmad Junction,4,283,2500,0.113,Low,3
2026-03-12,MMR,Manmad Junction,5,1162,2500,0.465,Moderate,3
2026-03-12,MMR,Manmad Junction,6,1452,2500,0.581,Moderate,3
2026-03-12,MMR,Manmad Junction,7,4179,2500,1.672,Critical,3
2026-03-12,MMR,Manmad Junction,8,3309,2500,1.324,Critical,3
2026-03-12,MMR,Manmad Junction,9,4198,2500,1.679,Critical,3
2026-03-12,MMR,Manmad Junction,10,1381,2500,0.552,Moderate,3
2026-03-12,MMR,Manmad Junction,11,2201,2500,0.88,High,3
2026-03-12,MMR,Manmad Junction,12,1081,2500,0.432,Moderate,3
2026-03-12,MMR,Manmad Junction,13,1201,2500,0.48,Moderate,3
2026-03-12,MMR,Manmad Junction,14,1392,2500,0.557,Moderate,3
2026-03-12,MMR,Manmad Junction,15,2177,2500,0.871,High,3
2026-03-12,MMR,Manmad Junction,16,1734,2500,0.694,Moderate,3
2026-03-12,MMR,Manmad Junction,17,2844,2500,1.138,Critical,3
2026-03-12,MMR,Manmad Junction,18,3414,2500,1.366,Critical,3
2026-03-12,MMR,Manmad Junction,19,4341,2500,1.736,Critical,3
2026-03-12,MMR,Manmad Junction,20,2086,2500,0.834,High,3
2026-03-12,MMR,Manmad Junction,21,1659,2500,0.664,Moderate,3
2026-03-12,MMR,Manmad Junction,22,1161,2500,0.464,Moderate,3
2026-03-12,MMR,Manmad Junction,23,935,2500,0.374,Low,3
2026-03-12,BSL,Bhusawal Junction,0,183,3000,0.061,Low,3
2026-03-12,BSL,Bhusawal Junction,1,286,3000,0.095,Low,3
2026-03-12,BSL,Bhusawal Junction,2,367,3000,0.122,Low,3
2026-03-12,BSL,Bhusawal Junction,3,578,3000,0.193,Low,3
2026-03-12,BSL,Bhusawal Junction,4,409,3000,0.136,Low,3
2026-03-12,BSL,Bhusawal Junction,5,1765,3000,0.588,Moderate,3
2026-03-12,BSL,Bhusawal Junction,6,1993,3000,0.664,Moderate,3
2026-03-12,BSL,Bhusawal Junction,7,5839,3000,1.946,Critical,3
2026-03-12,BSL,Bhusawal Junction,8,5653,3000,1.884,Critical,3
2026-03-12,BSL,Bhusawal Junction,9,5808,3000,1.936,Critical,3
2026-03-12,BSL,Bhusawal Junction,10,2325,3000,0.775,High,3
2026-03-12,BSL,Bhusawal Junction,11,2910,3000,0.97,Critical,3
2026-03-12,BSL,Bhusawal Junction,12,1978,3000,0.659,Moderate,3
2026-03-12,BSL,Bhusawal Junction,13,1923,3000,0.641,Moderate,3
2026-03-12,BSL,Bhusawal Junction,14,1793,3000,0.598,Moderate,3
2026-03-12,BSL,Bhusawal Junction,15,2183,3000,0.728,High,3
2026-03-12,BSL,Bhusawal Junction,16,3008,3000,1.003,Critical,3
2026-03-12,BSL,Bhusawal Junction,17,4074,3000,1.358,Critical,3
2026-03-12,BSL,Bhusawal Junction,18,5012,3000,1.671,Critical,3
2026-03-12,BSL,Bhusawal Junction,19,4810,3000,1.603,Critical,3
2026-03-12,BSL,Bhusawal Junction,20,2315,3000,0.772,High,3
2026-03-12,BSL,Bhusawal Junction,21,2595,3000,0.865,High,3
2026-03-12,BSL,Bhusawal Junction,22,1803,3000,0.601,Moderate,3
2026-03-12,BSL,Bhusawal Junction,23,2076,3000,0.692,Moderate,3
2026-03-12,ET,Itarsi Junction,0,320,3500,0.091,Low,3
2026-03-12,ET,Itarsi Junction,1,287,3500,0.082,Low,3
2026-03-12,ET,Itarsi Junction,2,297,3500,0.085,Low,3
2026-03-12,ET,Itarsi Junction,3,174,3500,0.05,Low,3
2026-03-12,ET,Itarsi Junction,4,420,3500,0.12,Low,3
2026-03-12,ET,Itarsi Junction,5,2043,3500,0.584,Moderate,3
2026-03-12,ET,Itarsi Junction,6,1493,3500,0.427,Moderate,3
2026-03-12,ET,Itarsi Junction,7,5523,3500,1.578,Critical,3
2026-03-12,ET,Itarsi Junction,8,6663,3500,1.904,Critical,3
2026-03-12,ET,Itarsi Junction,9,4395,3500,1.256,Critical,3
2026-03-12,ET,Itarsi Junction,10,2960,3500,0.846,High,3
2026-03-12,ET,Itarsi Junction,11,1736,3500,0.496,Moderate,3
2026-03-12,ET,Itarsi Junction,12,1658,3500,0.474,Moderate,3
2026-03-12,ET,Itarsi Junction,13,1074,3500,0.307,Low,3
2026-03-12,ET,Itarsi Junction,14,1718,3500,0.491,Moderate,3
2026-03-12,ET,Itarsi Junction,15,2389,3500,0.683,Moderate,3
2026-03-12,ET,Itarsi Junction,16,2214,3500,0.633,Moderate,3
2026-03-12,ET,Itarsi Junction,17,3637,3500,1.039,Critical,3
2026-03-12,ET,Itarsi Junction,18,4192,3500,1.198,Critical,3
2026-03-12,ET,Itarsi Junction,19,5307,3500,1.516,Critical,3
2026-03-12,ET,Itarsi Junction,20,2318,3500,0.662,Moderate,3
2026-03-12,ET,Itarsi Junction,21,2245,3500,0.641,Moderate,3
2026-03-12,ET,Itarsi Junction,22,1802,3500,0.515,Moderate,3
2026-03-12,ET,Itarsi Junction,23,1635,3500,0.467,Moderate,3
2026-03-12,BPL,Bhopal Junction,0,645,3000,0.215,Low,3
2026-03-12,BPL,Bhopal Junction,1,771,3000,0.257,Low,3
2026-03-12,BPL,Bhopal Junction,2,755,3000,0.252,Low,3
2026-03-12,BPL,Bhopal Junction,3,356,3000,0.119,Low,3
2026-03-12,BPL,Bhopal Junction,4,493,3000,0.164,Low,3
2026-03-12,BPL,Bhopal Junction,5,2726,3000,0.909,Critical,3
2026-03-12,BPL,Bhopal Junction,6,2437,3000,0.812,High,3
2026-03-12,BPL,Bhopal Junction,7,6772,3000,2.257,Critical,3
2026-03-12,BPL,Bhopal Junction,8,8137,3000,2.712,Critical,3
2026-03-12,BPL,Bhopal Junction,9,5920,3000,1.973,Critical,3
2026-03-12,BPL,Bhopal Junction,10,4331,3000,1.444,Critical,3
2026-03-12,BPL,Bhopal Junction,11,3984,3000,1.328,Critical,3
2026-03-12,BPL,Bhopal Junction,12,2638,3000,0.879,High,3
2026-03-12,BPL,Bhopal Junction,13,2199,3000,0.733,High,3
2026-03-12,BPL,Bhopal Junction,14,2732,3000,0.911,Critical,3
2026-03-12,BPL,Bhopal Junction,15,4724,3000,1.575,Critical,3
2026-03-12,BPL,Bhopal Junction,16,4227,3000,1.409,Critical,3
2026-03-12,BPL,Bhopal Junction,17,7343,3000,2.448,Critical,3
2026-03-12,BPL,Bhopal Junction,18,9639,3000,3.213,Critical,3
2026-03-12,BPL,Bhopal Junction,19,10178,3000,3.393,Critical,3
2026-03-12,BPL,Bhopal Junction,20,5616,3000,1.872,Critical,3
2026-03-12,BPL,Bhopal Junction,21,3829,3000,1.276,Critical,3
2026-03-12,BPL,Bhopal Junction,22,3133,3000,1.044,Critical,3
2026-03-12,BPL,Bhopal Junction,23,3709,3000,1.236,Critical,3
2026-03-12,JHS,Jhansi Junction,0,352,4000,0.088,Low,3
2026-03-12,JHS,Jhansi Junction,1,267,4000,0.067,Low,3
2026-03-12,JHS,Jhansi Junction,2,399,4000,0.1,Low,3
2026-03-12,JHS,Jhansi Junction,3,306,4000,0.076,Low,3
2026-03-12,JHS,Jhansi Junction,4,359,4000,0.09,Low,3
2026-03-12,JHS,Jhansi Junction,5,3195,4000,0.799,High,3
2026-03-12,JHS,Jhansi Junction,6,2422,4000,0.606,Moderate,3
2026-03-12,JHS,Jhansi Junction,7,5637,4000,1.409,Critical,3
2026-03-12,JHS,Jhansi Junction,8,5113,4000,1.278,Critical,3
2026-03-12,JHS,Jhansi Junction,9,6632,4000,1.658,Critical,3
2026-03-12,JHS,Jhansi Junction,10,3625,4000,0.906,Critical,3
2026-03-12,JHS,Jhansi Junction,11,4147,4000,1.037,Critical,3
2026-03-12,JHS,Jhansi Junction,12,2919,4000,0.73,High,3
2026-03-12,JHS,Jhansi Junction,13,2975,4000,0.744,High,3
2026-03-12,JHS,Jhansi Junction,14,2285,4000,0.571,Moderate,3
2026-03-12,JHS,Jhansi Junction,15,2621,4000,0.655,Moderate,3
2026-03-12,JHS,Jhansi Junction,16,3707,4000,0.927,Critical,3
2026-03-12,JHS,Jhansi Junction,17,5914,4000,1.478,Critical,3
2026-03-12,JHS,Jhansi Junction,18,6511,4000,1.628,Critical,3
2026-03-12,JHS,Jhansi Junction,19,6856,4000,1.714,Critical,3
2026-03-12,JHS,Jhansi Junction,20,3605,4000,0.901,Critical,3
2026-03-12,JHS,Jhansi Junction,21,3273,4000,0.818,High,3
2026-03-12,JHS,Jhansi Junction,22,1802,4000,0.451,Moderate,3
2026-03-12,JHS,Jhansi Junction,23,1631,4000,0.408,Moderate,3
2026-03-12,GWL,Gwalior Junction,0,242,2500,0.097,Low,3
2026-03-12,GWL,Gwalior Junction,1,203,2500,0.081,Low,3
2026-03-12,GWL,Gwalior Junction,2,471,2500,0.188,Low,3
2026-03-12,GWL,Gwalior Junction,3,394,2500,0.158,Low,3
2026-03-12,GWL,Gwalior Junction,4,367,2500,0.147,Low,3
2026-03-12,GWL,Gwalior Junction,5,1956,2500,0.782,High,3
2026-03-12,GWL,Gwalior Junction,6,1663,2500,0.665,Moderate,3
2026-03-12,GWL,Gwalior Junction,7,5160,2500,2.064,Critical,3
2026-03-12,GWL,Gwalior Junction,8,3500,2500,1.4,Critical,3
2026-03-12,GWL,Gwalior Junction,9,5753,2500,2.301,Critical,3
2026-03-12,GWL,Gwalior Junction,10,2324,2500,0.93,Critical,3
2026-03-12,GWL,Gwalior Junction,11,3079,2500,1.232,Critical,3
2026-03-12,GWL,Gwalior Junction,12,1859,2500,0.744,High,3
2026-03-12,GWL,Gwalior Junction,13,2294,2500,0.918,Critical,3
2026-03-12,GWL,Gwalior Junction,14,2149,2500,0.86,High,3
2026-03-12,GWL,Gwalior Junction,15,2305,2500,0.922,Critical,3
2026-03-12,GWL,Gwalior Junction,16,3143,2500,1.257,Critical,3
2026-03-12,GWL,Gwalior Junction,17,4510,2500,1.804,Critical,3
2026-03-12,GWL,Gwalior Junction,18,4922,2500,1.969,Critical,3
2026-03-12,GWL,Gwalior Junction,19,6528,2500,2.611,Critical,3
2026-03-12,GWL,Gwalior Junction,20,1954,2500,0.782,High,3
2026-03-12,GWL,Gwalior Junction,21,3018,2500,1.207,Critical,3
2026-03-12,GWL,Gwalior Junction,22,1376,2500,0.55,Moderate,3
2026-03-12,GWL,Gwalior Junction,23,1558,2500,0.623,Moderate,3
2026-03-12,AGC,Agra Cantt,0,546,3000,0.182,Low,3
2026-03-12,AGC,Agra Cantt,1,557,3000,0.186,Low,3
2026-03-12,AGC,Agra Cantt,2,429,3000,0.143,Low,3
2026-03-12,AGC,Agra Cantt,3,219,3000,0.073,Low,3
2026-03-12,AGC,Agra Cantt,4,225,3000,0.075,Low,3
2026-03-12,AGC,Agra Cantt,5,2319,3000,0.773,High,3
2026-03-12,AGC,Agra Cantt,6,2938,3000,0.979,Critical,3
2026-03-12,AGC,Agra Cantt,7,8879,3000,2.96,Critical,3
2026-03-12,AGC,Agra Cantt,8,7022,3000,2.341,Critical,3
2026-03-12,AGC,Agra Cantt,9,5931,3000,1.977,Critical,3
2026-03-12,AGC,Agra Cantt,10,2566,3000,0.855,High,3
2026-03-12,AGC,Agra Cantt,11,2499,3000,0.833,High,3
2026-03-12,AGC,Agra Cantt,12,2453,3000,0.818,High,3
2026-03-12,AGC,Agra Cantt,13,2616,3000,0.872,High,3
2026-03-12,AGC,Agra Cantt,14,1818,3000,0.606,Moderate,3
2026-03-12,AGC,Agra Cantt,15,3602,3000,1.201,Critical,3
2026-03-12,AGC,Agra Cantt,16,3285,3000,1.095,Critical,3
2026-03-12,AGC,Agra Cantt,17,8359,3000,2.786,Critical,3
2026-03-12,AGC,Agra Cantt,18,6501,3000,2.167,Critical,3
2026-03-12,AGC,Agra Cantt,19,6731,3000,2.244,Critical,3
2026-03-12,AGC,Agra Cantt,20,3113,3000,1.038,Critical,3
2026-03-12,AGC,Agra Cantt,21,3486,3000,1.162,Critical,3
2026-03-12,AGC,Agra Cantt,22,2344,3000,0.781,High,3
2026-03-12,AGC,Agra Cantt,23,2807,3000,0.936,Critical,3
2026-03-11,MMCT,Mumbai Central,0,1720,4000,0.43,Moderate,2
2026-03-11,MMCT,Mumbai Central,1,1437,4000,0.359,Low,2
2026-03-11,MMCT,Mumbai Central,2,1633,4000,0.408,Moderate,2
2026-03-11,MMCT,Mumbai Central,3,1247,4000,0.312,Low,2
2026-03-11,MMCT,Mumbai Central,4,1159,4000,0.29,Low,2
2026-03-11,MMCT,Mumbai Central,5,6305,4000,1.576,Critical,2
2026-03-11,MMCT,Mumbai Central,6,5572,4000,1.393,Critical,2
2026-03-11,MMCT,Mumbai Central,7,13760,4000,3.44,Critical,2
2026-03-11,MMCT,Mumbai Central,8,14799,4000,3.7,Critical,2
2026-03-11,MMCT,Mumbai Central,9,17743,4000,4.436,Critical,2
2026-03-11,MMCT,Mumbai Central,10,7560,4000,1.89,Critical,2
2026-03-11,MMCT,Mumbai Central,11,8487,4000,2.122,Critical,2
2026-03-11,MMCT,Mumbai Central,12,5822,4000,1.456,Critical,2
2026-03-11,MMCT,Mumbai Central,13,5940,4000,1.485,Critical,2
2026-03-11,MMCT,Mumbai Central,14,7642,4000,1.911,Critical,2
2026-03-11,MMCT,Mumbai Central,15,11082,4000,2.771,Critical,2
2026-03-11,MMCT,Mumbai Central,16,9395,4000,2.349,Critical,2
2026-03-11,MMCT,Mumbai Central,17,12525,4000,3.131,Critical,2
2026-03-11,MMCT,Mumbai Central,18,15328,4000,3.832,Critical,2
2026-03-11,MMCT,Mumbai Central,19,19465,4000,4.866,Critical,2
2026-03-11,MMCT,Mumbai Central,20,8525,4000,2.131,Critical,2
2026-03-11,MMCT,Mumbai Central,21,9187,4000,2.297,Critical,2
2026-03-11,MMCT,Mumbai Central,22,5137,4000,1.284,Critical,2
2026-03-11,MMCT,Mumbai Central,23,5110,4000,1.278,Critical,2
2026-03-11,BVI,Borivali,0,799,3000,0.266,Low,2
2026-03-11,BVI,Borivali,1,791,3000,0.264,Low,2
2026-03-11,BVI,Borivali,2,972,3000,0.324,Low,2
2026-03-11,BVI,Borivali,3,867,3000,0.289,Low,2
2026-03-11,BVI,Borivali,4,419,3000,0.14,Low,2
2026-03-11,BVI,Borivali,5,4223,3000,1.408,Critical,2
2026-03-11,BVI,Borivali,6,2642,3000,0.881,High,2
2026-03-11,BVI,Borivali,7,10379,3000,3.46,Critical,2
2026-03-11,BVI,Borivali,8,10295,3000,3.432,Critical,2
2026-03-11,BVI,Borivali,9,7218,3000,2.406,Critical,2
2026-03-11,BVI,Borivali,10,4818,3000,1.606,Critical,2
2026-03-11,BVI,Borivali,11,4635,3000,1.545,Critical,2
2026-03-11,BVI,Borivali,12,4305,3000,1.435,Critical,2
2026-03-11,BVI,Borivali,13,3316,3000,1.105,Critical,2
2026-03-11,BVI,Borivali,14,3734,3000,1.245,Critical,2
2026-03-11,BVI,Borivali,15,4592,3000,1.531,Critical,2
2026-03-11,BVI,Borivali,16,4366,3000,1.455,Critical,2
2026-03-11,BVI,Borivali,17,7242,3000,2.414,Critical,2
2026-03-11,BVI,Borivali,18,6953,3000,2.318,Critical,2
2026-03-11,BVI,Borivali,19,11235,3000,3.745,Critical,2
2026-03-11,BVI,Borivali,20,4873,3000,1.624,Critical,2
2026-03-11,BVI,Borivali,21,3832,3000,1.277,Critical,2
2026-03-11,BVI,Borivali,22,4275,3000,1.425,Critical,2
2026-03-11,BVI,Borivali,23,3205,3000,1.068,Critical,2
2026-03-11,BL,Valsad,0,157,1500,0.105,Low,2
2026-03-11,BL,Valsad,1,86,1500,0.057,Low,2
2026-03-11,BL,Valsad,2,92,1500,0.061,Low,2
2026-03-11,BL,Valsad,3,79,1500,0.053,Low,2
2026-03-11,BL,Valsad,4,69,1500,0.046,Low,2
2026-03-11,BL,Valsad,5,658,1500,0.439,Moderate,2
2026-03-11,BL,Valsad,6,479,1500,0.319,Low,2
2026-03-11,BL,Valsad,7,1207,1500,0.805,High,2
2026-03-11,BL,Valsad,8,1605,1500,1.07,Critical,2
2026-03-11,BL,Valsad,9,1406,1500,0.937,Critical,2
2026-03-11,BL,Valsad,10,793,1500,0.529,Moderate,2
2026-03-11,BL,Valsad,11,1189,1500,0.793,High,2
2026-03-11,BL,Valsad,12,799,1500,0.533,Moderate,2
2026-03-11,BL,Valsad,13,598,1500,0.399,Low,2
2026-03-11,BL,Valsad,14,503,1500,0.335,Low,2
2026-03-11,BL,Valsad,15,748,1500,0.499,Moderate,2
2026-03-11,BL,Valsad,16,975,1500,0.65,Moderate,2
2026-03-11,BL,Valsad,17,1553,1500,1.035,Critical,2
2026-03-11,BL,Valsad,18,1817,1500,1.211,Critical,2
2026-03-11,BL,Valsad,19,2278,1500,1.519,Critical,2
2026-03-11,BL,Valsad,20,656,1500,0.437,Moderate,2
2026-03-11,BL,Valsad,21,813,1500,0.542,Moderate,2
2026-03-11,BL,Valsad,22,668,1500,0.445,Moderate,2
2026-03-11,BL,Valsad,23,797,1500,0.531,Moderate,2
2026-03-11,ST,Surat,0,794,3000,0.265,Low,2
2026-03-11,ST,Surat,1,382,3000,0.127,Low,2
2026-03-11,ST,Surat,2,346,3000,0.115,Low,2
2026-03-11,ST,Surat,3,971,3000,0.324,Low,2
2026-03-11,ST,Surat,4,934,3000,0.311,Low,2
2026-03-11,ST,Surat,5,2848,3000,0.949,Critical,2
2026-03-11,ST,Surat,6,3892,3000,1.297,Critical,2
2026-03-11,ST,Surat,7,9043,3000,3.014,Critical,2
2026-03-11,ST,Surat,8,12354,3000,4.118,Critical,2
2026-03-11,ST,Surat,9,10140,3000,3.38,Critical,2
2026-03-11,ST,Surat,10,6076,3000,2.025,Critical,2
2026-03-11,ST,Surat,11,7203,3000,2.401,Critical,2
2026-03-11,ST,Surat,12,3844,3000,1.281,Critical,2
2026-03-11,ST,Surat,13,5039,3000,1.68,Critical,2
2026-03-11,ST,Surat,14,4562,3000,1.521,Critical,2
2026-03-11,ST,Surat,15,5490,3000,1.83,Critical,2
2026-03-11,ST,Surat,16,6338,3000,2.113,Critical,2
2026-03-11,ST,Surat,17,9739,3000,3.246,Critical,2
2026-03-11,ST,Surat,18,7555,3000,2.518,Critical,2
2026-03-11,ST,Surat,19,11096,3000,3.699,Critical,2
2026-03-11,ST,Surat,20,5784,3000,1.928,Critical,2
2026-03-11,ST,Surat,21,6442,3000,2.147,Critical,2
2026-03-11,ST,Surat,22,3630,3000,1.21,Critical,2
2026-03-11,ST,Surat,23,4077,3000,1.359,Critical,2
2026-03-11,BRC,Vadodara Junction,0,1174,3500,0.335,Low,2
2026-03-11,BRC,Vadodara Junction,1,1057,3500,0.302,Low,2
2026-03-11,BRC,Vadodara Junction,2,511,3500,0.146,Low,2
2026-03-11,BRC,Vadodara Junction,3,373,3500,0.107,Low,2
2026-03-11,BRC,Vadodara Junction,4,524,3500,0.15,Low,2
2026-03-11,BRC,Vadodara Junction,5,2621,3500,0.749,High,2
2026-03-11,BRC,Vadodara Junction,6,3297,3500,0.942,Critical,2
2026-03-11,BRC,Vadodara Junction,7,10346,3500,2.956,Critical,2
2026-03-11,BRC,Vadodara Junction,8,12663,3500,3.618,Critical,2
2026-03-11,BRC,Vadodara Junction,9,11371,3500,3.249,Critical,2
2026-03-11,BRC,Vadodara Junction,10,5807,3500,1.659,Critical,2
2026-03-11,BRC,Vadodara Junction,11,4064,3500,1.161,Critical,2
2026-03-11,BRC,Vadodara Junction,12,3750,3500,1.071,Critical,2
2026-03-11,BRC,Vadodara Junction,13,2658,3500,0.759,High,2
2026-03-11,BRC,Vadodara Junction,14,2907,3500,0.831,High,2
2026-03-11,BRC,Vadodara Junction,15,4971,3500,1.42,Critical,2
2026-03-11,BRC,Vadodara Junction,16,4718,3500,1.348,Critical,2
2026-03-11,BRC,Vadodara Junction,17,11969,3500,3.42,Critical,2
2026-03-11,BRC,Vadodara Junction,18,11508,3500,3.288,Critical,2
2026-03-11,BRC,Vadodara Junction,19,11335,3500,3.239,Critical,2
2026-03-11,BRC,Vadodara Junction,20,4466,3500,1.276,Critical,2
2026-03-11,BRC,Vadodara Junction,21,6437,3500,1.839,Critical,2
2026-03-11,BRC,Vadodara Junction,22,2828,3500,0.808,High,2
2026-03-11,BRC,Vadodara Junction,23,3053,3500,0.872,High,2
2026-03-11,RTM,Ratlam Junction,0,354,2500,0.142,Low,2
2026-03-11,RTM,Ratlam Junction,1,358,2500,0.143,Low,2
2026-03-11,RTM,Ratlam Junction,2,474,2500,0.19,Low,2
2026-03-11,RTM,Ratlam Junction,3,334,2500,0.134,Low,2
2026-03-11,RTM,Ratlam Junction,4,267,2500,0.107,Low,2
2026-03-11,RTM,Ratlam Junction,5,1843,2500,0.737,High,2
2026-03-11,RTM,Ratlam Junction,6,1623,2500,0.649,Moderate,2
2026-03-11,RTM,Ratlam Junction,7,5155,2500,2.062,Critical,2
2026-03-11,RTM,Ratlam Junction,8,4334,2500,1.734,Critical,2
2026-03-11,RTM,Ratlam Junction,9,4354,2500,1.742,Critical,2
2026-03-11,RTM,Ratlam Junction,10,2302,2500,0.921,Critical,2
2026-03-11,RTM,Ratlam Junction,11,1942,2500,0.777,High,2
2026-03-11,RTM,Ratlam Junction,12,1384,2500,0.554,Moderate,2
2026-03-11,RTM,Ratlam Junction,13,1783,2500,0.713,High,2
2026-03-11,RTM,Ratlam Junction,14,1627,2500,0.651,Moderate,2
2026-03-11,RTM,Ratlam Junction,15,2168,2500,0.867,High,2
2026-03-11,RTM,Ratlam Junction,16,1942,2500,0.777,High,2
2026-03-11,RTM,Ratlam Junction,17,4222,2500,1.689,Critical,2
2026-03-11,RTM,Ratlam Junction,18,2599,2500,1.04,Critical,2
2026-03-11,RTM,Ratlam Junction,19,4185,2500,1.674,Critical,2
2026-03-11,RTM,Ratlam Junction,20,1909,2500,0.764,High,2
2026-03-11,RTM,Ratlam Junction,21,1726,2500,0.69,Moderate,2
2026-03-11,RTM,Ratlam Junction,22,1295,2500,0.518,Moderate,2
2026-03-11,RTM,Ratlam Junction,23,1428,2500,0.571,Moderate,2
2026-03-11,KOTA,Kota Junction,0,476,3000,0.159,Low,2
2026-03-11,KOTA,Kota Junction,1,426,3000,0.142,Low,2
2026-03-11,KOTA,Kota Junction,2,588,3000,0.196,Low,2
2026-03-11,KOTA,Kota Junction,3,197,3000,0.066,Low,2
2026-03-11,KOTA,Kota Junction,4,436,3000,0.145,Low,2
2026-03-11,KOTA,Kota Junction,5,2129,3000,0.71,High,2
2026-03-11,KOTA,Kota Junction,6,1608,3000,0.536,Moderate,2
2026-03-11,KOTA,Kota Junction,7,5618,3000,1.873,Critical,2
2026-03-11,KOTA,Kota Junction,8,5326,3000,1.775,Critical,2
2026-03-11,KOTA,Kota Junction,9,5795,3000,1.932,Critical,2
2026-03-11,KOTA,Kota Junction,10,4120,3000,1.373,Critical,2
2026-03-11,KOTA,Kota Junction,11,3102,3000,1.034,Critical,2
2026-03-11,KOTA,Kota Junction,12,2549,3000,0.85,High,2
2026-03-11,KOTA,Kota Junction,13,1761,3000,0.587,Moderate,2
2026-03-11,KOTA,Kota Junction,14,1655,3000,0.552,Moderate,2
2026-03-11,KOTA,Kota Junction,15,3140,3000,1.047,Critical,2
2026-03-11,KOTA,Kota Junction,16,2756,3000,0.919,Critical,2
2026-03-11,KOTA,Kota Junction,17,5638,3000,1.879,Critical,2
2026-03-11,KOTA,Kota Junction,18,5605,3000,1.868,Critical,2
2026-03-11,KOTA,Kota Junction,19,6210,3000,2.07,Critical,2
2026-03-11,KOTA,Kota Junction,20,2951,3000,0.984,Critical,2
2026-03-11,KOTA,Kota Junction,21,3379,3000,1.126,Critical,2
2026-03-11,KOTA,Kota Junction,22,2152,3000,0.717,High,2
2026-03-11,KOTA,Kota Junction,23,2087,3000,0.696,Moderate,2
2026-03-11,SWM,Sawai Madhopur,0,167,2000,0.084,Low,2
2026-03-11,SWM,Sawai Madhopur,1,142,2000,0.071,Low,2
2026-03-11,SWM,Sawai Madhopur,2,154,2000,0.077,Low,2
2026-03-11,SWM,Sawai Madhopur,3,200,2000,0.1,Low,2
2026-03-11,SWM,Sawai Madhopur,4,109,2000,0.054,Low,2
2026-03-11,SWM,Sawai Madhopur,5,798,2000,0.399,Low,2
2026-03-11,SWM,Sawai Madhopur,6,915,2000,0.458,Moderate,2
2026-03-11,SWM,Sawai Madhopur,7,2976,2000,1.488,Critical,2
2026-03-11,SWM,Sawai Madhopur,8,2450,2000,1.225,Critical,2
2026-03-11,SWM,Sawai Madhopur,9,2395,2000,1.198,Critical,2
2026-03-11,SWM,Sawai Madhopur,10,910,2000,0.455,Moderate,2
2026-03-11,SWM,Sawai Madhopur,11,1711,2000,0.856,High,2
2026-03-11,SWM,Sawai Madhopur,12,793,2000,0.397,Low,2
2026-03-11,SWM,Sawai Madhopur,13,974,2000,0.487,Moderate,2
2026-03-11,SWM,Sawai Madhopur,14,727,2000,0.363,Low,2
2026-03-11,SWM,Sawai Madhopur,15,1366,2000,0.683,Moderate,2
2026-03-11,SWM,Sawai Madhopur,16,980,2000,0.49,Moderate,2
2026-03-11,SWM,Sawai Madhopur,17,2467,2000,1.234,Critical,2
2026-03-11,SWM,Sawai Madhopur,18,2932,2000,1.466,Critical,2
2026-03-11,SWM,Sawai Madhopur,19,2025,2000,1.012,Critical,2
2026-03-11,SWM,Sawai Madhopur,20,1422,2000,0.711,High,2
2026-03-11,SWM,Sawai Madhopur,21,890,2000,0.445,Moderate,2
2026-03-11,SWM,Sawai Madhopur,22,1056,2000,0.528,Moderate,2
2026-03-11,SWM,Sawai Madhopur,23,742,2000,0.371,Low,2
2026-03-11,MTJ,Mathura Junction,0,720,3000,0.24,Low,2
2026-03-11,MTJ,Mathura Junction,1,531,3000,0.177,Low,2
2026-03-11,MTJ,Mathura Junction,2,399,3000,0.133,Low,2
2026-03-11,MTJ,Mathura Junction,3,707,3000,0.236,Low,2
2026-03-11,MTJ,Mathura Junction,4,282,3000,0.094,Low,2
2026-03-11,MTJ,Mathura Junction,5,2421,3000,0.807,High,2
2026-03-11,MTJ,Mathura Junction,6,1913,3000,0.638,Moderate,2
2026-03-11,MTJ,Mathura Junction,7,4889,3000,1.63,Critical,2
2026-03-11,MTJ,Mathura Junction,8,6364,3000,2.121,Critical,2
2026-03-11,MTJ,Mathura Junction,9,4524,3000,1.508,Critical,2
2026-03-11,MTJ,Mathura Junction,10,3463,3000,1.154,Critical,2
2026-03-11,MTJ,Mathura Junction,11,2736,3000,0.912,Critical,2
2026-03-11,MTJ,Mathura Junction,12,2084,3000,0.695,Moderate,2
2026-03-11,MTJ,Mathura Junction,13,2402,3000,0.801,High,2
2026-03-11,MTJ,Mathura Junction,14,2201,3000,0.734,High,2
2026-03-11,MTJ,Mathura Junction,15,3524,3000,1.175,Critical,2
2026-03-11,MTJ,Mathura Junction,16,4002,3000,1.334,Critical,2
2026-03-11,MTJ,Mathura Junction,17,5887,3000,1.962,Critical,2
2026-03-11,MTJ,Mathura Junction,18,6554,3000,2.185,Critical,2
2026-03-11,MTJ,Mathura Junction,19,7195,3000,2.398,Critical,2
2026-03-11,MTJ,Mathura Junction,20,3203,3000,1.068,Critical,2
2026-03-11,MTJ,Mathura Junction,21,3345,3000,1.115,Critical,2
2026-03-11,MTJ,Mathura Junction,22,3023,3000,1.008,Critical,2
2026-03-11,MTJ,Mathura Junction,23,2108,3000,0.703,High,2
2026-03-11,NDLS,New Delhi,0,4176,8000,0.522,Moderate,2
2026-03-11,NDLS,New Delhi,1,2957,8000,0.37,Low,2
2026-03-11,NDLS,New Delhi,2,3092,8000,0.387,Low,2
2026-03-11,NDLS,New Delhi,3,1819,8000,0.227,Low,2
2026-03-11,NDLS,New Delhi,4,1811,8000,0.226,Low,2
2026-03-11,NDLS,New Delhi,5,18850,8000,2.356,Critical,2
2026-03-11,NDLS,New Delhi,6,18051,8000,2.256,Critical,2
2026-03-11,NDLS,New Delhi,7,44124,8000,5.516,Critical,2
2026-03-11,NDLS,New Delhi,8,49562,8000,6.195,Critical,2
2026-03-11,NDLS,New Delhi,9,49002,8000,6.125,Critical,2
2026-03-11,NDLS,New Delhi,10,20508,8000,2.563,Critical,2
2026-03-11,NDLS,New Delhi,11,19786,8000,2.473,Critical,2
2026-03-11,NDLS,New Delhi,12,13298,8000,1.662,Critical,2
2026-03-11,NDLS,New Delhi,13,19519,8000,2.44,Critical,2
2026-03-11,NDLS,New Delhi,14,20432,8000,2.554,Critical,2
2026-03-11,NDLS,New Delhi,15,23027,8000,2.878,Critical,2
2026-03-11,NDLS,New Delhi,16,28224,8000,3.528,Critical,2
2026-03-11,NDLS,New Delhi,17,59851,8000,7.481,Critical,2
2026-03-11,NDLS,New Delhi,18,54780,8000,6.848,Critical,2
2026-03-11,NDLS,New Delhi,19,69120,8000,8.64,Critical,2
2026-03-11,NDLS,New Delhi,20,26233,8000,3.279,Critical,2
2026-03-11,NDLS,New Delhi,21,32714,8000,4.089,Critical,2
2026-03-11,NDLS,New Delhi,22,15505,8000,1.938,Critical,2
2026-03-11,NDLS,New Delhi,23,15663,8000,1.958,Critical,2
2026-03-11,CSMT,Mumbai CSMT,0,3697,9000,0.411,Moderate,2
2026-03-11,CSMT,Mumbai CSMT,1,3651,9000,0.406,Moderate,2
2026-03-11,CSMT,Mumbai CSMT,2,1797,9000,0.2,Low,2
2026-03-11,CSMT,Mumbai CSMT,3,4125,9000,0.458,Moderate,2
2026-03-11,CSMT,Mumbai CSMT,4,3078,9000,0.342,Low,2
2026-03-11,CSMT,Mumbai CSMT,5,16102,9000,1.789,Critical,2
2026-03-11,CSMT,Mumbai CSMT,6,16170,9000,1.797,Critical,2
2026-03-11,CSMT,Mumbai CSMT,7,35046,9000,3.894,Critical,2
2026-03-11,CSMT,Mumbai CSMT,8,45068,9000,5.008,Critical,2
2026-03-11,CSMT,Mumbai CSMT,9,49236,9000,5.471,Critical,2
2026-03-11,CSMT,Mumbai CSMT,10,21587,9000,2.399,Critical,2
2026-03-11,CSMT,Mumbai CSMT,11,25693,9000,2.855,Critical,2
2026-03-11,CSMT,Mumbai CSMT,12,14225,9000,1.581,Critical,2
2026-03-11,CSMT,Mumbai CSMT,13,12889,9000,1.432,Critical,2
2026-03-11,CSMT,Mumbai CSMT,14,12875,9000,1.431,Critical,2
2026-03-11,CSMT,Mumbai CSMT,15,17405,9000,1.934,Critical,2
2026-03-11,CSMT,Mumbai CSMT,16,20378,9000,2.264,Critical,2
2026-03-11,CSMT,Mumbai CSMT,17,36864,9000,4.096,Critical,2
2026-03-11,CSMT,Mumbai CSMT,18,43438,9000,4.826,Critical,2
2026-03-11,CSMT,Mumbai CSMT,19,31907,9000,3.545,Critical,2
2026-03-11,CSMT,Mumbai CSMT,20,20260,9000,2.251,Critical,2
2026-03-11,CSMT,Mumbai CSMT,21,16639,9000,1.849,Critical,2
2026-03-11,CSMT,Mumbai CSMT,22,16386,9000,1.821,Critical,2
2026-03-11,CSMT,Mumbai CSMT,23,15412,9000,1.712,Critical,2
2026-03-11,KYN,Kalyan Junction,0,674,4000,0.169,Low,2
2026-03-11,KYN,Kalyan Junction,1,1187,4000,0.297,Low,2
2026-03-11,KYN,Kalyan Junction,2,461,4000,0.115,Low,2
2026-03-11,KYN,Kalyan Junction,3,868,4000,0.217,Low,2
2026-03-11,KYN,Kalyan Junction,4,997,4000,0.249,Low,2
2026-03-11,KYN,Kalyan Junction,5,4074,4000,1.018,Critical,2
2026-03-11,KYN,Kalyan Junction,6,3560,4000,0.89,High,2
2026-03-11,KYN,Kalyan Junction,7,9021,4000,2.255,Critical,2
2026-03-11,KYN,Kalyan Junction,8,15028,4000,3.757,Critical,2
2026-03-11,KYN,Kalyan Junction,9,13065,4000,3.266,Critical,2
2026-03-11,KYN,Kalyan Junction,10,6542,4000,1.635,Critical,2
2026-03-11,KYN,Kalyan Junction,11,5395,4000,1.349,Critical,2
2026-03-11,KYN,Kalyan Junction,12,4871,4000,1.218,Critical,2
2026-03-11,KYN,Kalyan Junction,13,3853,4000,0.963,Critical,2
2026-03-11,KYN,Kalyan Junction,14,4116,4000,1.029,Critical,2
2026-03-11,KYN,Kalyan Junction,15,5609,4000,1.402,Critical,2
2026-03-11,KYN,Kalyan Junction,16,8398,4000,2.099,Critical,2
2026-03-11,KYN,Kalyan Junction,17,9814,4000,2.454,Critical,2
2026-03-11,KYN,Kalyan Junction,18,11135,4000,2.784,Critical,2
2026-03-11,KYN,Kalyan Junction,19,13494,4000,3.373,Critical,2
2026-03-11,KYN,Kalyan Junction,20,6974,4000,1.744,Critical,2
2026-03-11,KYN,Kalyan Junction,21,5811,4000,1.453,Critical,2
2026-03-11,KYN,Kalyan Junction,22,3827,4000,0.957,Critical,2
2026-03-11,KYN,Kalyan Junction,23,2798,4000,0.7,Moderate,2
2026-03-11,NMD,Nashik Road,0,365,2000,0.182,Low,2
2026-03-11,NMD,Nashik Road,1,324,2000,0.162,Low,2
2026-03-11,NMD,Nashik Road,2,437,2000,0.218,Low,2
2026-03-11,NMD,Nashik Road,3,341,2000,0.171,Low,2
2026-03-11,NMD,Nashik Road,4,405,2000,0.203,Low,2
2026-03-11,NMD,Nashik Road,5,1453,2000,0.727,High,2
2026-03-11,NMD,Nashik Road,6,1475,2000,0.738,High,2
2026-03-11,NMD,Nashik Road,7,4385,2000,2.192,Critical,2
2026-03-11,NMD,Nashik Road,8,5660,2000,2.83,Critical,2
2026-03-11,NMD,Nashik Road,9,3182,2000,1.591,Critical,2
2026-03-11,NMD,Nashik Road,10,3364,2000,1.682,Critical,2
2026-03-11,NMD,Nashik Road,11,2567,2000,1.284,Critical,2
2026-03-11,NMD,Nashik Road,12,1618,2000,0.809,High,2
2026-03-11,NMD,Nashik Road,13,1275,2000,0.637,Moderate,2
2026-03-11,NMD,Nashik Road,14,2138,2000,1.069,Critical,2
2026-03-11,NMD,Nashik Road,15,2375,2000,1.188,Critical,2
2026-03-11,NMD,Nashik Road,16,2149,2000,1.075,Critical,2
2026-03-11,NMD,Nashik Road,17,6423,2000,3.212,Critical,2
2026-03-11,NMD,Nashik Road,18,4288,2000,2.144,Critical,2
2026-03-11,NMD,Nashik Road,19,4700,2000,2.35,Critical,2
2026-03-11,NMD,Nashik Road,20,1820,2000,0.91,Critical,2
2026-03-11,NMD,Nashik Road,21,2768,2000,1.384,Critical,2
2026-03-11,NMD,Nashik Road,22,1678,2000,0.839,High,2
2026-03-11,NMD,Nashik Road,23,1596,2000,0.798,High,2
2026-03-11,MMR,Manmad Junction,0,300,2500,0.12,Low,2
2026-03-11,MMR,Manmad Junction,1,348,2500,0.139,Low,2
2026-03-11,MMR,Manmad Junction,2,414,2500,0.166,Low,2
2026-03-11,MMR,Manmad Junction,3,298,2500,0.119,Low,2
2026-03-11,MMR,Manmad Junction,4,311,2500,0.124,Low,2
2026-03-11,MMR,Manmad Junction,5,1409,2500,0.564,Moderate,2
2026-03-11,MMR,Manmad Junction,6,1101,2500,0.44,Moderate,2
2026-03-11,MMR,Manmad Junction,7,2845,2500,1.138,Critical,2
2026-03-11,MMR,Manmad Junction,8,3110,2500,1.244,Critical,2
2026-03-11,MMR,Manmad Junction,9,2204,2500,0.882,High,2
2026-03-11,MMR,Manmad Junction,10,1697,2500,0.679,Moderate,2
2026-03-11,MMR,Manmad Junction,11,2302,2500,0.921,Critical,2
2026-03-11,MMR,Manmad Junction,12,884,2500,0.354,Low,2
2026-03-11,MMR,Manmad Junction,13,1451,2500,0.58,Moderate,2
2026-03-11,MMR,Manmad Junction,14,1143,2500,0.457,Moderate,2
2026-03-11,MMR,Manmad Junction,15,1905,2500,0.762,High,2
2026-03-11,MMR,Manmad Junction,16,1744,2500,0.698,Moderate,2
2026-03-11,MMR,Manmad Junction,17,4561,2500,1.824,Critical,2
2026-03-11,MMR,Manmad Junction,18,4006,2500,1.602,Critical,2
2026-03-11,MMR,Manmad Junction,19,4053,2500,1.621,Critical,2
2026-03-11,MMR,Manmad Junction,20,1328,2500,0.531,Moderate,2
2026-03-11,MMR,Manmad Junction,21,1609,2500,0.644,Moderate,2
2026-03-11,MMR,Manmad Junction,22,1165,2500,0.466,Moderate,2
2026-03-11,MMR,Manmad Junction,23,1261,2500,0.504,Moderate,2
2026-03-11,BSL,Bhusawal Junction,0,239,3000,0.08,Low,2
2026-03-11,BSL,Bhusawal Junction,1,426,3000,0.142,Low,2
2026-03-11,BSL,Bhusawal Junction,2,212,3000,0.071,Low,2
2026-03-11,BSL,Bhusawal Junction,3,305,3000,0.102,Low,2
2026-03-11,BSL,Bhusawal Junction,4,276,3000,0.092,Low,2
2026-03-11,BSL,Bhusawal Junction,5,1758,3000,0.586,Moderate,2
2026-03-11,BSL,Bhusawal Junction,6,1544,3000,0.515,Moderate,2
2026-03-11,BSL,Bhusawal Junction,7,5227,3000,1.742,Critical,2
2026-03-11,BSL,Bhusawal Junction,8,6369,3000,2.123,Critical,2
2026-03-11,BSL,Bhusawal Junction,9,5036,3000,1.679,Critical,2
2026-03-11,BSL,Bhusawal Junction,10,3071,3000,1.024,Critical,2
2026-03-11,BSL,Bhusawal Junction,11,2175,3000,0.725,High,2
2026-03-11,BSL,Bhusawal Junction,12,1783,3000,0.594,Moderate,2
2026-03-11,BSL,Bhusawal Junction,13,2512,3000,0.837,High,2
2026-03-11,BSL,Bhusawal Junction,14,1871,3000,0.624,Moderate,2
2026-03-11,BSL,Bhusawal Junction,15,2873,3000,0.958,Critical,2
2026-03-11,BSL,Bhusawal Junction,16,2642,3000,0.881,High,2
2026-03-11,BSL,Bhusawal Junction,17,5085,3000,1.695,Critical,2
2026-03-11,BSL,Bhusawal Junction,18,4987,3000,1.662,Critical,2
2026-03-11,BSL,Bhusawal Junction,19,4115,3000,1.372,Critical,2
2026-03-11,BSL,Bhusawal Junction,20,2325,3000,0.775,High,2
2026-03-11,BSL,Bhusawal Junction,21,2562,3000,0.854,High,2
2026-03-11,BSL,Bhusawal Junction,22,1579,3000,0.526,Moderate,2
2026-03-11,BSL,Bhusawal Junction,23,1382,3000,0.461,Moderate,2
2026-03-11,ET,Itarsi Junction,0,239,3500,0.068,Low,2
2026-03-11,ET,Itarsi Junction,1,334,3500,0.095,Low,2
2026-03-11,ET,Itarsi Junction,2,225,3500,0.064,Low,2
2026-03-11,ET,Itarsi Junction,3,426,3500,0.122,Low,2
2026-03-11,ET,Itarsi Junction,4,580,3500,0.166,Low,2
2026-03-11,ET,Itarsi Junction,5,2077,3500,0.593,Moderate,2
2026-03-11,ET,Itarsi Junction,6,1795,3500,0.513,Moderate,2
2026-03-11,ET,Itarsi Junction,7,4630,3500,1.323,Critical,2
2026-03-11,ET,Itarsi Junction,8,4593,3500,1.312,Critical,2
2026-03-11,ET,Itarsi Junction,9,3346,3500,0.956,Critical,2
2026-03-11,ET,Itarsi Junction,10,1681,3500,0.48,Moderate,2
2026-03-11,ET,Itarsi Junction,11,2446,3500,0.699,Moderate,2
2026-03-11,ET,Itarsi Junction,12,1563,3500,0.447,Moderate,2
2026-03-11,ET,Itarsi Junction,13,1638,3500,0.468,Moderate,2
2026-03-11,ET,Itarsi Junction,14,1221,3500,0.349,Low,2
2026-03-11,ET,Itarsi Junction,15,2352,3500,0.672,Moderate,2
2026-03-11,ET,Itarsi Junction,16,2242,3500,0.641,Moderate,2
2026-03-11,ET,Itarsi Junction,17,3966,3500,1.133,Critical,2
2026-03-11,ET,Itarsi Junction,18,5271,3500,1.506,Critical,2
2026-03-11,ET,Itarsi Junction,19,4452,3500,1.272,Critical,2
2026-03-11,ET,Itarsi Junction,20,3035,3500,0.867,High,2
2026-03-11,ET,Itarsi Junction,21,2451,3500,0.7,High,2
2026-03-11,ET,Itarsi Junction,22,2016,3500,0.576,Moderate,2
2026-03-11,ET,Itarsi Junction,23,1972,3500,0.563,Moderate,2
2026-03-11,BPL,Bhopal Junction,0,288,3000,0.096,Low,2
2026-03-11,BPL,Bhopal Junction,1,742,3000,0.247,Low,2
2026-03-11,BPL,Bhopal Junction,2,254,3000,0.085,Low,2
2026-03-11,BPL,Bhopal Junction,3,586,3000,0.195,Low,2
2026-03-11,BPL,Bhopal Junction,4,427,3000,0.142,Low,2
2026-03-11,BPL,Bhopal Junction,5,2752,3000,0.917,Critical,2
2026-03-11,BPL,Bhopal Junction,6,2502,3000,0.834,High,2
2026-03-11,BPL,Bhopal Junction,7,7803,3000,2.601,Critical,2
2026-03-11,BPL,Bhopal Junction,8,6782,3000,2.261,Critical,2
2026-03-11,BPL,Bhopal Junction,9,6654,3000,2.218,Critical,2
2026-03-11,BPL,Bhopal Junction,10,5524,3000,1.841,Critical,2
2026-03-11,BPL,Bhopal Junction,11,3986,3000,1.329,Critical,2
2026-03-11,BPL,Bhopal Junction,12,2602,3000,0.867,High,2
2026-03-11,BPL,Bhopal Junction,13,2843,3000,0.948,Critical,2
2026-03-11,BPL,Bhopal Junction,14,3890,3000,1.297,Critical,2
2026-03-11,BPL,Bhopal Junction,15,4852,3000,1.617,Critical,2
2026-03-11,BPL,Bhopal Junction,16,3614,3000,1.205,Critical,2
2026-03-11,BPL,Bhopal Junction,17,7198,3000,2.399,Critical,2
2026-03-11,BPL,Bhopal Junction,18,11406,3000,3.802,Critical,2
2026-03-11,BPL,Bhopal Junction,19,10022,3000,3.341,Critical,2
2026-03-11,BPL,Bhopal Junction,20,4799,3000,1.6,Critical,2
2026-03-11,BPL,Bhopal Junction,21,4556,3000,1.519,Critical,2
2026-03-11,BPL,Bhopal Junction,22,2830,3000,0.943,Critical,2
2026-03-11,BPL,Bhopal Junction,23,2648,3000,0.883,High,2
2026-03-11,JHS,Jhansi Junction,0,263,4000,0.066,Low,2
2026-03-11,JHS,Jhansi Junction,1,294,4000,0.073,Low,2
2026-03-11,JHS,Jhansi Junction,2,350,4000,0.087,Low,2
2026-03-11,JHS,Jhansi Junction,3,273,4000,0.068,Low,2
2026-03-11,JHS,Jhansi Junction,4,275,4000,0.069,Low,2
2026-03-11,JHS,Jhansi Junction,5,2115,4000,0.529,Moderate,2
2026-03-11,JHS,Jhansi Junction,6,2179,4000,0.545,Moderate,2
2026-03-11,JHS,Jhansi Junction,7,6477,4000,1.619,Critical,2
2026-03-11,JHS,Jhansi Junction,8,5902,4000,1.476,Critical,2
2026-03-11,JHS,Jhansi Junction,9,7709,4000,1.927,Critical,2
2026-03-11,JHS,Jhansi Junction,10,3667,4000,0.917,Critical,2
2026-03-11,JHS,Jhansi Junction,11,3687,4000,0.922,Critical,2
2026-03-11,JHS,Jhansi Junction,12,1946,4000,0.486,Moderate,2
2026-03-11,JHS,Jhansi Junction,13,1663,4000,0.416,Moderate,2
2026-03-11,JHS,Jhansi Junction,14,2531,4000,0.633,Moderate,2
2026-03-11,JHS,Jhansi Junction,15,3935,4000,0.984,Critical,2
2026-03-11,JHS,Jhansi Junction,16,4311,4000,1.078,Critical,2
2026-03-11,JHS,Jhansi Junction,17,6350,4000,1.587,Critical,2
2026-03-11,JHS,Jhansi Junction,18,8010,4000,2.002,Critical,2
2026-03-11,JHS,Jhansi Junction,19,7951,4000,1.988,Critical,2
2026-03-11,JHS,Jhansi Junction,20,4196,4000,1.049,Critical,2
2026-03-11,JHS,Jhansi Junction,21,2742,4000,0.685,Moderate,2
2026-03-11,JHS,Jhansi Junction,22,2475,4000,0.619,Moderate,2
2026-03-11,JHS,Jhansi Junction,23,2961,4000,0.74,High,2
2026-03-11,GWL,Gwalior Junction,0,229,2500,0.092,Low,2
2026-03-11,GWL,Gwalior Junction,1,345,2500,0.138,Low,2
2026-03-11,GWL,Gwalior Junction,2,195,2500,0.078,Low,2
2026-03-11,GWL,Gwalior Junction,3,217,2500,0.087,Low,2
2026-03-11,GWL,Gwalior Junction,4,418,2500,0.167,Low,2
2026-03-11,GWL,Gwalior Junction,5,1556,2500,0.622,Moderate,2
2026-03-11,GWL,Gwalior Junction,6,1511,2500,0.604,Moderate,2
2026-03-11,GWL,Gwalior Junction,7,4128,2500,1.651,Critical,2
2026-03-11,GWL,Gwalior Junction,8,4889,2500,1.956,Critical,2
2026-03-11,GWL,Gwalior Junction,9,4338,2500,1.735,Critical,2
2026-03-11,GWL,Gwalior Junction,10,2866,2500,1.146,Critical,2
2026-03-11,GWL,Gwalior Junction,11,2207,2500,0.883,High,2
2026-03-11,GWL,Gwalior Junction,12,1506,2500,0.602,Moderate,2
2026-03-11,GWL,Gwalior Junction,13,2048,2500,0.819,High,2
2026-03-11,GWL,Gwalior Junction,14,2627,2500,1.051,Critical,2
2026-03-11,GWL,Gwalior Junction,15,2812,2500,1.125,Critical,2
2026-03-11,GWL,Gwalior Junction,16,2435,2500,0.974,Critical,2
2026-03-11,GWL,Gwalior Junction,17,4533,2500,1.813,Critical,2
2026-03-11,GWL,Gwalior Junction,18,5383,2500,2.153,Critical,2
2026-03-11,GWL,Gwalior Junction,19,4433,2500,1.773,Critical,2
2026-03-11,GWL,Gwalior Junction,20,2565,2500,1.026,Critical,2
2026-03-11,GWL,Gwalior Junction,21,2685,2500,1.074,Critical,2
2026-03-11,GWL,Gwalior Junction,22,1919,2500,0.768,High,2
2026-03-11,GWL,Gwalior Junction,23,1291,2500,0.516,Moderate,2
2026-03-11,AGC,Agra Cantt,0,757,3000,0.252,Low,2
2026-03-11,AGC,Agra Cantt,1,641,3000,0.214,Low,2
2026-03-11,AGC,Agra Cantt,2,745,3000,0.248,Low,2
2026-03-11,AGC,Agra Cantt,3,676,3000,0.225,Low,2
2026-03-11,AGC,Agra Cantt,4,636,3000,0.212,Low,2
2026-03-11,AGC,Agra Cantt,5,2437,3000,0.812,High,2
2026-03-11,AGC,Agra Cantt,6,2732,3000,0.911,Critical,2
2026-03-11,AGC,Agra Cantt,7,5851,3000,1.95,Critical,2
2026-03-11,AGC,Agra Cantt,8,6513,3000,2.171,Critical,2
2026-03-11,AGC,Agra Cantt,9,9424,3000,3.141,Critical,2
2026-03-11,AGC,Agra Cantt,10,4589,3000,1.53,Critical,2
2026-03-11,AGC,Agra Cantt,11,4609,3000,1.536,Critical,2
2026-03-11,AGC,Agra Cantt,12,2770,3000,0.923,Critical,2
2026-03-11,AGC,Agra Cantt,13,2400,3000,0.8,High,2
2026-03-11,AGC,Agra Cantt,14,1997,3000,0.666,Moderate,2
2026-03-11,AGC,Agra Cantt,15,3971,3000,1.324,Critical,2
2026-03-11,AGC,Agra Cantt,16,3314,3000,1.105,Critical,2
2026-03-11,AGC,Agra Cantt,17,6337,3000,2.112,Critical,2
2026-03-11,AGC,Agra Cantt,18,5710,3000,1.903,Critical,2
2026-03-11,AGC,Agra Cantt,19,5068,3000,1.689,Critical,2
2026-03-11,AGC,Agra Cantt,20,4821,3000,1.607,Critical,2
2026-03-11,AGC,Agra Cantt,21,3555,3000,1.185,Critical,2
2026-03-11,AGC,Agra Cantt,22,2166,3000,0.722,High,2
2026-03-11,AGC,Agra Cantt,23,2850,3000,0.95,Critical,2
2026-03-10,MMCT,Mumbai Central,0,1642,4000,0.41,Moderate,1
2026-03-10,MMCT,Mumbai Central,1,841,4000,0.21,Low,1
2026-03-10,MMCT,Mumbai Central,2,1789,4000,0.447,Moderate,1
2026-03-10,MMCT,Mumbai Central,3,791,4000,0.198,Low,1
2026-03-10,MMCT,Mumbai Central,4,1403,4000,0.351,Low,1
2026-03-10,MMCT,Mumbai Central,5,4879,4000,1.22,Critical,1
2026-03-10,MMCT,Mumbai Central,6,5987,4000,1.497,Critical,1
2026-03-10,MMCT,Mumbai Central,7,15391,4000,3.848,Critical,1
2026-03-10,MMCT,Mumbai Central,8,20908,4000,5.227,Critical,1
2026-03-10,MMCT,Mumbai Central,9,14187,4000,3.547,Critical,1
2026-03-10,MMCT,Mumbai Central,10,11957,4000,2.989,Critical,1
2026-03-10,MMCT,Mumbai Central,11,10409,4000,2.602,Critical,1
2026-03-10,MMCT,Mumbai Central,12,7019,4000,1.755,Critical,1
2026-03-10,MMCT,Mumbai Central,13,5846,4000,1.462,Critical,1
2026-03-10,MMCT,Mumbai Central,14,4978,4000,1.244,Critical,1
2026-03-10,MMCT,Mumbai Central,15,10582,4000,2.646,Critical,1
2026-03-10,MMCT,Mumbai Central,16,8909,4000,2.227,Critical,1
2026-03-10,MMCT,Mumbai Central,17,13178,4000,3.295,Critical,1
2026-03-10,MMCT,Mumbai Central,18,18582,4000,4.646,Critical,1
2026-03-10,MMCT,Mumbai Central,19,17020,4000,4.255,Critical,1
2026-03-10,MMCT,Mumbai Central,20,10066,4000,2.517,Critical,1
2026-03-10,MMCT,Mumbai Central,21,7862,4000,1.966,Critical,1
2026-03-10,MMCT,Mumbai Central,22,6158,4000,1.54,Critical,1
2026-03-10,MMCT,Mumbai Central,23,6805,4000,1.701,Critical,1
2026-03-10,BVI,Borivali,0,715,3000,0.238,Low,1
2026-03-10,BVI,Borivali,1,741,3000,0.247,Low,1
2026-03-10,BVI,Borivali,2,708,3000,0.236,Low,1
2026-03-10,BVI,Borivali,3,588,3000,0.196,Low,1
2026-03-10,BVI,Borivali,4,839,3000,0.28,Low,1
2026-03-10,BVI,Borivali,5,3116,3000,1.039,Critical,1
2026-03-10,BVI,Borivali,6,3193,3000,1.064,Critical,1
2026-03-10,BVI,Borivali,7,8955,3000,2.985,Critical,1
2026-03-10,BVI,Borivali,8,11818,3000,3.939,Critical,1
2026-03-10,BVI,Borivali,9,6559,3000,2.186,Critical,1
2026-03-10,BVI,Borivali,10,4606,3000,1.535,Critical,1
2026-03-10,BVI,Borivali,11,5060,3000,1.687,Critical,1
2026-03-10,BVI,Borivali,12,3653,3000,1.218,Critical,1
2026-03-10,BVI,Borivali,13,3581,3000,1.194,Critical,1
2026-03-10,BVI,Borivali,14,2878,3000,0.959,Critical,1
2026-03-10,BVI,Borivali,15,4795,3000,1.598,Critical,1
2026-03-10,BVI,Borivali,16,5638,3000,1.879,Critical,1
2026-03-10,BVI,Borivali,17,8404,3000,2.801,Critical,1
2026-03-10,BVI,Borivali,18,5727,3000,1.909,Critical,1
2026-03-10,BVI,Borivali,19,8125,3000,2.708,Critical,1
2026-03-10,BVI,Borivali,20,5702,3000,1.901,Critical,1
2026-03-10,BVI,Borivali,21,4260,3000,1.42,Critical,1
2026-03-10,BVI,Borivali,22,4576,3000,1.525,Critical,1
2026-03-10,BVI,Borivali,23,2693,3000,0.898,High,1
2026-03-10,BL,Valsad,0,88,1500,0.059,Low,1
2026-03-10,BL,Valsad,1,200,1500,0.133,Low,1
2026-03-10,BL,Valsad,2,56,1500,0.037,Low,1
2026-03-10,BL,Valsad,3,114,1500,0.076,Low,1
2026-03-10,BL,Valsad,4,221,1500,0.147,Low,1
2026-03-10,BL,Valsad,5,635,1500,0.423,Moderate,1
2026-03-10,BL,Valsad,6,520,1500,0.347,Low,1
2026-03-10,BL,Valsad,7,2027,1500,1.351,Critical,1
2026-03-10,BL,Valsad,8,1633,1500,1.089,Critical,1
2026-03-10,BL,Valsad,9,1870,1500,1.247,Critical,1
2026-03-10,BL,Valsad,10,1197,1500,0.798,High,1
2026-03-10,BL,Valsad,11,1030,1500,0.687,Moderate,1
2026-03-10,BL,Valsad,12,597,1500,0.398,Low,1
2026-03-10,BL,Valsad,13,763,1500,0.509,Moderate,1
2026-03-10,BL,Valsad,14,541,1500,0.361,Low,1
2026-03-10,BL,Valsad,15,746,1500,0.497,Moderate,1
2026-03-10,BL,Valsad,16,1129,1500,0.753,High,1
2026-03-10,BL,Valsad,17,1409,1500,0.939,Critical,1
2026-03-10,BL,Valsad,18,1323,1500,0.882,High,1
2026-03-10,BL,Valsad,19,1646,1500,1.097,Critical,1
2026-03-10,BL,Valsad,20,909,1500,0.606,Moderate,1
2026-03-10,BL,Valsad,21,932,1500,0.621,Moderate,1
2026-03-10,BL,Valsad,22,473,1500,0.315,Low,1
2026-03-10,BL,Valsad,23,476,1500,0.317,Low,1
2026-03-10,ST,Surat,0,999,3000,0.333,Low,1
2026-03-10,ST,Surat,1,1074,3000,0.358,Low,1
2026-03-10,ST,Surat,2,527,3000,0.176,Low,1
2026-03-10,ST,Surat,3,1133,3000,0.378,Low,1
2026-03-10,ST,Surat,4,747,3000,0.249,Low,1
2026-03-10,ST,Surat,5,3731,3000,1.244,Critical,1
2026-03-10,ST,Surat,6,4815,3000,1.605,Critical,1
2026-03-10,ST,Surat,7,12118,3000,4.039,Critical,1
2026-03-10,ST,Surat,8,7547,3000,2.516,Critical,1
2026-03-10,ST,Surat,9,9567,3000,3.189,Critical,1
2026-03-10,ST,Surat,10,8232,3000,2.744,Critical,1
2026-03-10,ST,Surat,11,5893,3000,1.964,Critical,1
2026-03-10,ST,Surat,12,3440,3000,1.147,Critical,1
2026-03-10,ST,Surat,13,3254,3000,1.085,Critical,1
2026-03-10,ST,Surat,14,4614,3000,1.538,Critical,1
2026-03-10,ST,Surat,15,4704,3000,1.568,Critical,1
2026-03-10,ST,Surat,16,5460,3000,1.82,Critical,1
2026-03-10,ST,Surat,17,10982,3000,3.661,Critical,1
2026-03-10,ST,Surat,18,11363,3000,3.788,Critical,1
2026-03-10,ST,Surat,19,15266,3000,5.089,Critical,1
2026-03-10,ST,Surat,20,5805,3000,1.935,Critical,1
2026-03-10,ST,Surat,21,5291,3000,1.764,Critical,1
2026-03-10,ST,Surat,22,3751,3000,1.25,Critical,1
2026-03-10,ST,Surat,23,4082,3000,1.361,Critical,1
2026-03-10,BRC,Vadodara Junction,0,336,3500,0.096,Low,1
2026-03-10,BRC,Vadodara Junction,1,973,3500,0.278,Low,1
2026-03-10,BRC,Vadodara Junction,2,654,3500,0.187,Low,1
2026-03-10,BRC,Vadodara Junction,3,895,3500,0.256,Low,1
2026-03-10,BRC,Vadodara Junction,4,1082,3500,0.309,Low,1
2026-03-10,BRC,Vadodara Junction,5,3234,3500,0.924,Critical,1
2026-03-10,BRC,Vadodara Junction,6,3850,3500,1.1,Critical,1
2026-03-10,BRC,Vadodara Junction,7,12550,3500,3.586,Critical,1
2026-03-10,BRC,Vadodara Junction,8,11472,3500,3.278,Critical,1
2026-03-10,BRC,Vadodara Junction,9,11353,3500,3.244,Critical,1
2026-03-10,BRC,Vadodara Junction,10,5622,3500,1.606,Critical,1
2026-03-10,BRC,Vadodara Junction,11,3818,3500,1.091,Critical,1
2026-03-10,BRC,Vadodara Junction,12,4275,3500,1.221,Critical,1
2026-03-10,BRC,Vadodara Junction,13,3349,3500,0.957,Critical,1
2026-03-10,BRC,Vadodara Junction,14,2996,3500,0.856,High,1
2026-03-10,BRC,Vadodara Junction,15,4704,3500,1.344,Critical,1
2026-03-10,BRC,Vadodara Junction,16,5000,3500,1.429,Critical,1
2026-03-10,BRC,Vadodara Junction,17,9004,3500,2.573,Critical,1
2026-03-10,BRC,Vadodara Junction,18,10102,3500,2.886,Critical,1
2026-03-10,BRC,Vadodara Junction,19,13500,3500,3.857,Critical,1
2026-03-10,BRC,Vadodara Junction,20,3999,3500,1.143,Critical,1
2026-03-10,BRC,Vadodara Junction,21,5846,3500,1.67,Critical,1
2026-03-10,BRC,Vadodara Junction,22,3404,3500,0.973,Critical,1
2026-03-10,BRC,Vadodara Junction,23,4036,3500,1.153,Critical,1
2026-03-10,RTM,Ratlam Junction,0,245,2500,0.098,Low,1
2026-03-10,RTM,Ratlam Junction,1,332,2500,0.133,Low,1
2026-03-10,RTM,Ratlam Junction,2,454,2500,0.182,Low,1
2026-03-10,RTM,Ratlam Junction,3,259,2500,0.104,Low,1
2026-03-10,RTM,Ratlam Junction,4,297,2500,0.119,Low,1
2026-03-10,RTM,Ratlam Junction,5,1567,2500,0.627,Moderate,1
2026-03-10,RTM,Ratlam Junction,6,1058,2500,0.423,Moderate,1
2026-03-10,RTM,Ratlam Junction,7,2792,2500,1.117,Critical,1
2026-03-10,RTM,Ratlam Junction,8,3809,2500,1.524,Critical,1
2026-03-10,RTM,Ratlam Junction,9,4788,2500,1.915,Critical,1
2026-03-10,RTM,Ratlam Junction,10,1860,2500,0.744,High,1
2026-03-10,RTM,Ratlam Junction,11,1881,2500,0.752,High,1
2026-03-10,RTM,Ratlam Junction,12,1624,2500,0.65,Moderate,1
2026-03-10,RTM,Ratlam Junction,13,1433,2500,0.573,Moderate,1
2026-03-10,RTM,Ratlam Junction,14,1503,2500,0.601,Moderate,1
2026-03-10,RTM,Ratlam Junction,15,2303,2500,0.921,Critical,1
2026-03-10,RTM,Ratlam Junction,16,2404,2500,0.962,Critical,1
2026-03-10,RTM,Ratlam Junction,17,3490,2500,1.396,Critical,1
2026-03-10,RTM,Ratlam Junction,18,2685,2500,1.074,Critical,1
2026-03-10,RTM,Ratlam Junction,19,2883,2500,1.153,Critical,1
2026-03-10,RTM,Ratlam Junction,20,2940,2500,1.176,Critical,1
2026-03-10,RTM,Ratlam Junction,21,1811,2500,0.724,High,1
2026-03-10,RTM,Ratlam Junction,22,1272,2500,0.509,Moderate,1
2026-03-10,RTM,Ratlam Junction,23,1285,2500,0.514,Moderate,1
2026-03-10,KOTA,Kota Junction,0,456,3000,0.152,Low,1
2026-03-10,KOTA,Kota Junction,1,468,3000,0.156,Low,1
2026-03-10,KOTA,Kota Junction,2,363,3000,0.121,Low,1
2026-03-10,KOTA,Kota Junction,3,369,3000,0.123,Low,1
2026-03-10,KOTA,Kota Junction,4,422,3000,0.141,Low,1
2026-03-10,KOTA,Kota Junction,5,1817,3000,0.606,Moderate,1
2026-03-10,KOTA,Kota Junction,6,2027,3000,0.676,Moderate,1
2026-03-10,KOTA,Kota Junction,7,6169,3000,2.056,Critical,1
2026-03-10,KOTA,Kota Junction,8,6353,3000,2.118,Critical,1
2026-03-10,KOTA,Kota Junction,9,4286,3000,1.429,Critical,1
2026-03-10,KOTA,Kota Junction,10,2942,3000,0.981,Critical,1
2026-03-10,KOTA,Kota Junction,11,2684,3000,0.895,High,1
2026-03-10,KOTA,Kota Junction,12,2101,3000,0.7,High,1
2026-03-10,KOTA,Kota Junction,13,2295,3000,0.765,High,1
2026-03-10,KOTA,Kota Junction,14,1904,3000,0.635,Moderate,1
2026-03-10,KOTA,Kota Junction,15,2393,3000,0.798,High,1
2026-03-10,KOTA,Kota Junction,16,3470,3000,1.157,Critical,1
2026-03-10,KOTA,Kota Junction,17,7209,3000,2.403,Critical,1
2026-03-10,KOTA,Kota Junction,18,5515,3000,1.838,Critical,1
2026-03-10,KOTA,Kota Junction,19,7558,3000,2.519,Critical,1
2026-03-10,KOTA,Kota Junction,20,3791,3000,1.264,Critical,1
2026-03-10,KOTA,Kota Junction,21,3987,3000,1.329,Critical,1
2026-03-10,KOTA,Kota Junction,22,2504,3000,0.835,High,1
2026-03-10,KOTA,Kota Junction,23,2493,3000,0.831,High,1
2026-03-10,SWM,Sawai Madhopur,0,123,2000,0.061,Low,1
2026-03-10,SWM,Sawai Madhopur,1,181,2000,0.09,Low,1
2026-03-10,SWM,Sawai Madhopur,2,98,2000,0.049,Low,1
2026-03-10,SWM,Sawai Madhopur,3,159,2000,0.08,Low,1
2026-03-10,SWM,Sawai Madhopur,4,215,2000,0.107,Low,1
2026-03-10,SWM,Sawai Madhopur,5,772,2000,0.386,Low,1
2026-03-10,SWM,Sawai Madhopur,6,621,2000,0.31,Low,1
2026-03-10,SWM,Sawai Madhopur,7,2497,2000,1.248,Critical,1
2026-03-10,SWM,Sawai Madhopur,8,1975,2000,0.988,Critical,1
2026-03-10,SWM,Sawai Madhopur,9,3047,2000,1.524,Critical,1
2026-03-10,SWM,Sawai Madhopur,10,1244,2000,0.622,Moderate,1
2026-03-10,SWM,Sawai Madhopur,11,1064,2000,0.532,Moderate,1
2026-03-10,SWM,Sawai Madhopur,12,1043,2000,0.521,Moderate,1
2026-03-10,SWM,Sawai Madhopur,13,641,2000,0.321,Low,1
2026-03-10,SWM,Sawai Madhopur,14,747,2000,0.373,Low,1
2026-03-10,SWM,Sawai Madhopur,15,1172,2000,0.586,Moderate,1
2026-03-10,SWM,Sawai Madhopur,16,1293,2000,0.646,Moderate,1
2026-03-10,SWM,Sawai Madhopur,17,2585,2000,1.292,Critical,1
2026-03-10,SWM,Sawai Madhopur,18,2081,2000,1.04,Critical,1
2026-03-10,SWM,Sawai Madhopur,19,2599,2000,1.3,Critical,1
2026-03-10,SWM,Sawai Madhopur,20,1167,2000,0.584,Moderate,1
2026-03-10,SWM,Sawai Madhopur,21,1244,2000,0.622,Moderate,1
2026-03-10,SWM,Sawai Madhopur,22,633,2000,0.317,Low,1
2026-03-10,SWM,Sawai Madhopur,23,983,2000,0.491,Moderate,1
2026-03-10,MTJ,Mathura Junction,0,580,3000,0.193,Low,1
2026-03-10,MTJ,Mathura Junction,1,361,3000,0.12,Low,1
2026-03-10,MTJ,Mathura Junction,2,361,3000,0.12,Low,1
2026-03-10,MTJ,Mathura Junction,3,545,3000,0.182,Low,1
2026-03-10,MTJ,Mathura Junction,4,490,3000,0.163,Low,1
2026-03-10,MTJ,Mathura Junction,5,1627,3000,0.542,Moderate,1
2026-03-10,MTJ,Mathura Junction,6,2476,3000,0.825,High,1
2026-03-10,MTJ,Mathura Junction,7,4466,3000,1.489,Critical,1
2026-03-10,MTJ,Mathura Junction,8,5370,3000,1.79,Critical,1
2026-03-10,MTJ,Mathura Junction,9,6072,3000,2.024,Critical,1
2026-03-10,MTJ,Mathura Junction,10,3620,3000,1.207,Critical,1
2026-03-10,MTJ,Mathura Junction,11,4058,3000,1.353,Critical,1
2026-03-10,MTJ,Mathura Junction,12,2246,3000,0.749,High,1
2026-03-10,MTJ,Mathura Junction,13,2593,3000,0.864,High,1
2026-03-10,MTJ,Mathura Junction,14,1689,3000,0.563,Moderate,1
2026-03-10,MTJ,Mathura Junction,15,2850,3000,0.95,Critical,1
2026-03-10,MTJ,Mathura Junction,16,2460,3000,0.82,High,1
2026-03-10,MTJ,Mathura Junction,17,5337,3000,1.779,Critical,1
2026-03-10,MTJ,Mathura Junction,18,6514,3000,2.171,Critical,1
2026-03-10,MTJ,Mathura Junction,19,4762,3000,1.587,Critical,1
2026-03-10,MTJ,Mathura Junction,20,3906,3000,1.302,Critical,1
2026-03-10,MTJ,Mathura Junction,21,2599,3000,0.866,High,1
2026-03-10,MTJ,Mathura Junction,22,2947,3000,0.982,Critical,1
2026-03-10,MTJ,Mathura Junction,23,1970,3000,0.657,Moderate,1
2026-03-10,NDLS,New Delhi,0,3644,8000,0.456,Moderate,1
2026-03-10,NDLS,New Delhi,1,2176,8000,0.272,Low,1
2026-03-10,NDLS,New Delhi,2,2121,8000,0.265,Low,1
2026-03-10,NDLS,New Delhi,3,3346,8000,0.418,Moderate,1
2026-03-10,NDLS,New Delhi,4,3986,8000,0.498,Moderate,1
2026-03-10,NDLS,New Delhi,5,20232,8000,2.529,Critical,1
2026-03-10,NDLS,New Delhi,6,21182,8000,2.648,Critical,1
2026-03-10,NDLS,New Delhi,7,45338,8000,5.667,Critical,1
2026-03-10,NDLS,New Delhi,8,56808,8000,7.101,Critical,1
2026-03-10,NDLS,New Delhi,9,72336,8000,9.042,Critical,1
2026-03-10,NDLS,New Delhi,10,30631,8000,3.829,Critical,1
2026-03-10,NDLS,New Delhi,11,36332,8000,4.542,Critical,1
2026-03-10,NDLS,New Delhi,12,19736,8000,2.467,Critical,1
2026-03-10,NDLS,New Delhi,13,14849,8000,1.856,Critical,1
2026-03-10,NDLS,New Delhi,14,16620,8000,2.078,Critical,1
2026-03-10,NDLS,New Delhi,15,28879,8000,3.61,Critical,1
2026-03-10,NDLS,New Delhi,16,25526,8000,3.191,Critical,1
2026-03-10,NDLS,New Delhi,17,62396,8000,7.8,Critical,1
2026-03-10,NDLS,New Delhi,18,68216,8000,8.527,Critical,1
2026-03-10,NDLS,New Delhi,19,46189,8000,5.774,Critical,1
2026-03-10,NDLS,New Delhi,20,26265,8000,3.283,Critical,1
2026-03-10,NDLS,New Delhi,21,33950,8000,4.244,Critical,1
2026-03-10,NDLS,New Delhi,22,15925,8000,1.991,Critical,1
2026-03-10,NDLS,New Delhi,23,20224,8000,2.528,Critical,1
2026-03-10,CSMT,Mumbai CSMT,0,1553,9000,0.173,Low,1
2026-03-10,CSMT,Mumbai CSMT,1,3785,9000,0.421,Moderate,1
2026-03-10,CSMT,Mumbai CSMT,2,2736,9000,0.304,Low,1
2026-03-10,CSMT,Mumbai CSMT,3,2570,9000,0.286,Low,1
2026-03-10,CSMT,Mumbai CSMT,4,2261,9000,0.251,Low,1
2026-03-10,CSMT,Mumbai CSMT,5,18515,9000,2.057,Critical,1
2026-03-10,CSMT,Mumbai CSMT,6,11683,9000,1.298,Critical,1
2026-03-10,CSMT,Mumbai CSMT,7,49720,9000,5.524,Critical,1
2026-03-10,CSMT,Mumbai CSMT,8,38563,9000,4.285,Critical,1
2026-03-10,CSMT,Mumbai CSMT,9,33533,9000,3.726,Critical,1
2026-03-10,CSMT,Mumbai CSMT,10,20948,9000,2.328,Critical,1
2026-03-10,CSMT,Mumbai CSMT,11,23653,9000,2.628,Critical,1
2026-03-10,CSMT,Mumbai CSMT,12,17795,9000,1.977,Critical,1
2026-03-10,CSMT,Mumbai CSMT,13,15295,9000,1.699,Critical,1
2026-03-10,CSMT,Mumbai CSMT,14,12027,9000,1.336,Critical,1
2026-03-10,CSMT,Mumbai CSMT,15,22030,9000,2.448,Critical,1
2026-03-10,CSMT,Mumbai CSMT,16,19916,9000,2.213,Critical,1
2026-03-10,CSMT,Mumbai CSMT,17,29854,9000,3.317,Critical,1
2026-03-10,CSMT,Mumbai CSMT,18,32462,9000,3.607,Critical,1
2026-03-10,CSMT,Mumbai CSMT,19,33146,9000,3.683,Critical,1
2026-03-10,CSMT,Mumbai CSMT,20,16751,9000,1.861,Critical,1
2026-03-10,CSMT,Mumbai CSMT,21,18760,9000,2.084,Critical,1
2026-03-10,CSMT,Mumbai CSMT,22,13846,9000,1.538,Critical,1
2026-03-10,CSMT,Mumbai CSMT,23,18814,9000,2.09,Critical,1
2026-03-10,KYN,Kalyan Junction,0,665,4000,0.166,Low,1
2026-03-10,KYN,Kalyan Junction,1,689,4000,0.172,Low,1
2026-03-10,KYN,Kalyan Junction,2,642,4000,0.161,Low,1
2026-03-10,KYN,Kalyan Junction,3,786,4000,0.197,Low,1
2026-03-10,KYN,Kalyan Junction,4,593,4000,0.148,Low,1
2026-03-10,KYN,Kalyan Junction,5,4012,4000,1.003,Critical,1
2026-03-10,KYN,Kalyan Junction,6,4746,4000,1.187,Critical,1
2026-03-10,KYN,Kalyan Junction,7,9381,4000,2.345,Critical,1
2026-03-10,KYN,Kalyan Junction,8,13559,4000,3.39,Critical,1
2026-03-10,KYN,Kalyan Junction,9,14234,4000,3.558,Critical,1
2026-03-10,KYN,Kalyan Junction,10,4309,4000,1.077,Critical,1
2026-03-10,KYN,Kalyan Junction,11,6426,4000,1.607,Critical,1
2026-03-10,KYN,Kalyan Junction,12,4239,4000,1.06,Critical,1
2026-03-10,KYN,Kalyan Junction,13,4679,4000,1.17,Critical,1
2026-03-10,KYN,Kalyan Junction,14,3506,4000,0.876,High,1
2026-03-10,KYN,Kalyan Junction,15,6345,4000,1.586,Critical,1
2026-03-10,KYN,Kalyan Junction,16,5339,4000,1.335,Critical,1
2026-03-10,KYN,Kalyan Junction,17,9963,4000,2.491,Critical,1
2026-03-10,KYN,Kalyan Junction,18,14202,4000,3.55,Critical,1
2026-03-10,KYN,Kalyan Junction,19,11290,4000,2.822,Critical,1
2026-03-10,KYN,Kalyan Junction,20,8024,4000,2.006,Critical,1
2026-03-10,KYN,Kalyan Junction,21,7787,4000,1.947,Critical,1
2026-03-10,KYN,Kalyan Junction,22,3623,4000,0.906,Critical,1
2026-03-10,KYN,Kalyan Junction,23,3800,4000,0.95,Critical,1
2026-03-10,NMD,Nashik Road,0,265,2000,0.133,Low,1
2026-03-10,NMD,Nashik Road,1,457,2000,0.229,Low,1
2026-03-10,NMD,Nashik Road,2,347,2000,0.173,Low,1
2026-03-10,NMD,Nashik Road,3,314,2000,0.157,Low,1
2026-03-10,NMD,Nashik Road,4,397,2000,0.199,Low,1
2026-03-10,NMD,Nashik Road,5,2083,2000,1.042,Critical,1
2026-03-10,NMD,Nashik Road,6,1974,2000,0.987,Critical,1
2026-03-10,NMD,Nashik Road,7,4254,2000,2.127,Critical,1
2026-03-10,NMD,Nashik Road,8,6413,2000,3.207,Critical,1
2026-03-10,NMD,Nashik Road,9,3539,2000,1.77,Critical,1
2026-03-10,NMD,Nashik Road,10,2356,2000,1.178,Critical,1
2026-03-10,NMD,Nashik Road,11,2124,2000,1.062,Critical,1
2026-03-10,NMD,Nashik Road,12,1564,2000,0.782,High,1
2026-03-10,NMD,Nashik Road,13,1325,2000,0.662,Moderate,1
2026-03-10,NMD,Nashik Road,14,1851,2000,0.925,Critical,1
2026-03-10,NMD,Nashik Road,15,2534,2000,1.267,Critical,1
2026-03-10,NMD,Nashik Road,16,2364,2000,1.182,Critical,1
2026-03-10,NMD,Nashik Road,17,5019,2000,2.51,Critical,1
2026-03-10,NMD,Nashik Road,18,4813,2000,2.406,Critical,1
2026-03-10,NMD,Nashik Road,19,5254,2000,2.627,Critical,1
2026-03-10,NMD,Nashik Road,20,2392,2000,1.196,Critical,1
2026-03-10,NMD,Nashik Road,21,1949,2000,0.975,Critical,1
2026-03-10,NMD,Nashik Road,22,2010,2000,1.005,Critical,1
2026-03-10,NMD,Nashik Road,23,1548,2000,0.774,High,1
2026-03-10,MMR,Manmad Junction,0,151,2500,0.06,Low,1
2026-03-10,MMR,Manmad Junction,1,157,2500,0.063,Low,1
2026-03-10,MMR,Manmad Junction,2,181,2500,0.072,Low,1
2026-03-10,MMR,Manmad Junction,3,177,2500,0.071,Low,1
2026-03-10,MMR,Manmad Junction,4,376,2500,0.15,Low,1
2026-03-10,MMR,Manmad Junction,5,1513,2500,0.605,Moderate,1
2026-03-10,MMR,Manmad Junction,6,1111,2500,0.444,Moderate,1
2026-03-10,MMR,Manmad Junction,7,3765,2500,1.506,Critical,1
2026-03-10,MMR,Manmad Junction,8,3537,2500,1.415,Critical,1
2026-03-10,MMR,Manmad Junction,9,2845,2500,1.138,Critical,1
2026-03-10,MMR,Manmad Junction,10,1657,2500,0.663,Moderate,1
2026-03-10,MMR,Manmad Junction,11,2130,2500,0.852,High,1
2026-03-10,MMR,Manmad Junction,12,1191,2500,0.476,Moderate,1
2026-03-10,MMR,Manmad Junction,13,1409,2500,0.564,Moderate,1
2026-03-10,MMR,Manmad Junction,14,852,2500,0.341,Low,1
2026-03-10,MMR,Manmad Junction,15,2430,2500,0.972,Critical,1
2026-03-10,MMR,Manmad Junction,16,2149,2500,0.86,High,1
2026-03-10,MMR,Manmad Junction,17,2840,2500,1.136,Critical,1
2026-03-10,MMR,Manmad Junction,18,4527,2500,1.811,Critical,1
2026-03-10,MMR,Manmad Junction,19,3600,2500,1.44,Critical,1
2026-03-10,MMR,Manmad Junction,20,2553,2500,1.021,Critical,1
2026-03-10,MMR,Manmad Junction,21,1966,2500,0.786,High,1
2026-03-10,MMR,Manmad Junction,22,1284,2500,0.514,Moderate,1
2026-03-10,MMR,Manmad Junction,23,1093,2500,0.437,Moderate,1
2026-03-10,BSL,Bhusawal Junction,0,327,3000,0.109,Low,1
2026-03-10,BSL,Bhusawal Junction,1,450,3000,0.15,Low,1
2026-03-10,BSL,Bhusawal Junction,2,210,3000,0.07,Low,1
2026-03-10,BSL,Bhusawal Junction,3,421,3000,0.14,Low,1
2026-03-10,BSL,Bhusawal Junction,4,468,3000,0.156,Low,1
2026-03-10,BSL,Bhusawal Junction,5,1565,3000,0.522,Moderate,1
2026-03-10,BSL,Bhusawal Junction,6,1833,3000,0.611,Moderate,1
2026-03-10,BSL,Bhusawal Junction,7,3982,3000,1.327,Critical,1
2026-03-10,BSL,Bhusawal Junction,8,4508,3000,1.503,Critical,1
2026-03-10,BSL,Bhusawal Junction,9,6394,3000,2.131,Critical,1
2026-03-10,BSL,Bhusawal Junction,10,3493,3000,1.164,Critical,1
2026-03-10,BSL,Bhusawal Junction,11,2477,3000,0.826,High,1
2026-03-10,BSL,Bhusawal Junction,12,1640,3000,0.547,Moderate,1
2026-03-10,BSL,Bhusawal Junction,13,1511,3000,0.504,Moderate,1
2026-03-10,BSL,Bhusawal Junction,14,1803,3000,0.601,Moderate,1
2026-03-10,BSL,Bhusawal Junction,15,3129,3000,1.043,Critical,1
2026-03-10,BSL,Bhusawal Junction,16,2650,3000,0.883,High,1
2026-03-10,BSL,Bhusawal Junction,17,4235,3000,1.412,Critical,1
2026-03-10,BSL,Bhusawal Junction,18,4096,3000,1.365,Critical,1
2026-03-10,BSL,Bhusawal Junction,19,6736,3000,2.245,Critical,1
2026-03-10,BSL,Bhusawal Junction,20,2305,3000,0.768,High,1
2026-03-10,BSL,Bhusawal Junction,21,3658,3000,1.219,Critical,1
2026-03-10,BSL,Bhusawal Junction,22,1738,3000,0.579,Moderate,1
2026-03-10,BSL,Bhusawal Junction,23,1324,3000,0.441,Moderate,1
2026-03-10,ET,Itarsi Junction,0,286,3500,0.082,Low,1
2026-03-10,ET,Itarsi Junction,1,268,3500,0.077,Low,1
2026-03-10,ET,Itarsi Junction,2,528,3500,0.151,Low,1
2026-03-10,ET,Itarsi Junction,3,242,3500,0.069,Low,1
2026-03-10,ET,Itarsi Junction,4,158,3500,0.045,Low,1
2026-03-10,ET,Itarsi Junction,5,1587,3500,0.453,Moderate,1
2026-03-10,ET,Itarsi Junction,6,1561,3500,0.446,Moderate,1
2026-03-10,ET,Itarsi Junction,7,4695,3500,1.341,Critical,1
2026-03-10,ET,Itarsi Junction,8,3569,3500,1.02,Critical,1
2026-03-10,ET,Itarsi Junction,9,5451,3500,1.557,Critical,1
2026-03-10,ET,Itarsi Junction,10,3084,3500,0.881,High,1
2026-03-10,ET,Itarsi Junction,11,2739,3500,0.783,High,1
2026-03-10,ET,Itarsi Junction,12,1221,3500,0.349,Low,1
2026-03-10,ET,Itarsi Junction,13,1494,3500,0.427,Moderate,1
2026-03-10,ET,Itarsi Junction,14,1706,3500,0.487,Moderate,1
2026-03-10,ET,Itarsi Junction,15,2176,3500,0.622,Moderate,1
2026-03-10,ET,Itarsi Junction,16,2591,3500,0.74,High,1
2026-03-10,ET,Itarsi Junction,17,4959,3500,1.417,Critical,1
2026-03-10,ET,Itarsi Junction,18,3127,3500,0.893,High,1
2026-03-10,ET,Itarsi Junction,19,4058,3500,1.159,Critical,1
2026-03-10,ET,Itarsi Junction,20,2001,3500,0.572,Moderate,1
2026-03-10,ET,Itarsi Junction,21,2658,3500,0.759,High,1
2026-03-10,ET,Itarsi Junction,22,1258,3500,0.359,Low,1
2026-03-10,ET,Itarsi Junction,23,1476,3500,0.422,Moderate,1
2026-03-10,BPL,Bhopal Junction,0,917,3000,0.306,Low,1
2026-03-10,BPL,Bhopal Junction,1,974,3000,0.325,Low,1
2026-03-10,BPL,Bhopal Junction,2,657,3000,0.219,Low,1
2026-03-10,BPL,Bhopal Junction,3,395,3000,0.132,Low,1
2026-03-10,BPL,Bhopal Junction,4,836,3000,0.279,Low,1
2026-03-10,BPL,Bhopal Junction,5,3100,3000,1.033,Critical,1
2026-03-10,BPL,Bhopal Junction,6,3445,3000,1.148,Critical,1
2026-03-10,BPL,Bhopal Junction,7,6519,3000,2.173,Critical,1
2026-03-10,BPL,Bhopal Junction,8,11579,3000,3.86,Critical,1
2026-03-10,BPL,Bhopal Junction,9,6398,3000,2.133,Critical,1
2026-03-10,BPL,Bhopal Junction,10,5100,3000,1.7,Critical,1
2026-03-10,BPL,Bhopal Junction,11,4619,3000,1.54,Critical,1
2026-03-10,BPL,Bhopal Junction,12,2833,3000,0.944,Critical,1
2026-03-10,BPL,Bhopal Junction,13,2789,3000,0.93,Critical,1
2026-03-10,BPL,Bhopal Junction,14,2693,3000,0.898,High,1
2026-03-10,BPL,Bhopal Junction,15,4354,3000,1.451,Critical,1
2026-03-10,BPL,Bhopal Junction,16,3889,3000,1.296,Critical,1
2026-03-10,BPL,Bhopal Junction,17,5849,3000,1.95,Critical,1
2026-03-10,BPL,Bhopal Junction,18,8045,3000,2.682,Critical,1
2026-03-10,BPL,Bhopal Junction,19,8006,3000,2.669,Critical,1
2026-03-10,BPL,Bhopal Junction,20,4152,3000,1.384,Critical,1
2026-03-10,BPL,Bhopal Junction,21,5481,3000,1.827,Critical,1
2026-03-10,BPL,Bhopal Junction,22,3800,3000,1.267,Critical,1
2026-03-10,BPL,Bhopal Junction,23,3179,3000,1.06,Critical,1
2026-03-10,JHS,Jhansi Junction,0,440,4000,0.11,Low,1
2026-03-10,JHS,Jhansi Junction,1,355,4000,0.089,Low,1
2026-03-10,JHS,Jhansi Junction,2,554,4000,0.139,Low,1
2026-03-10,JHS,Jhansi Junction,3,251,4000,0.063,Low,1
2026-03-10,JHS,Jhansi Junction,4,361,4000,0.09,Low,1
2026-03-10,JHS,Jhansi Junction,5,2943,4000,0.736,High,1
2026-03-10,JHS,Jhansi Junction,6,2166,4000,0.541,Moderate,1
2026-03-10,JHS,Jhansi Junction,7,4585,4000,1.146,Critical,1
2026-03-10,JHS,Jhansi Junction,8,5627,4000,1.407,Critical,1
2026-03-10,JHS,Jhansi Junction,9,6045,4000,1.511,Critical,1
2026-03-10,JHS,Jhansi Junction,10,2998,4000,0.75,High,1
2026-03-10,JHS,Jhansi Junction,11,3189,4000,0.797,High,1
2026-03-10,JHS,Jhansi Junction,12,2171,4000,0.543,Moderate,1
2026-03-10,JHS,Jhansi Junction,13,2563,4000,0.641,Moderate,1
2026-03-10,JHS,Jhansi Junction,14,2507,4000,0.627,Moderate,1
2026-03-10,JHS,Jhansi Junction,15,2996,4000,0.749,High,1
2026-03-10,JHS,Jhansi Junction,16,2600,4000,0.65,Moderate,1
2026-03-10,JHS,Jhansi Junction,17,5522,4000,1.381,Critical,1
2026-03-10,JHS,Jhansi Junction,18,7772,4000,1.943,Critical,1
2026-03-10,JHS,Jhansi Junction,19,5856,4000,1.464,Critical,1
2026-03-10,JHS,Jhansi Junction,20,2768,4000,0.692,Moderate,1
2026-03-10,JHS,Jhansi Junction,21,3136,4000,0.784,High,1
2026-03-10,JHS,Jhansi Junction,22,2110,4000,0.527,Moderate,1
2026-03-10,JHS,Jhansi Junction,23,2301,4000,0.575,Moderate,1
2026-03-10,GWL,Gwalior Junction,0,363,2500,0.145,Low,1
2026-03-10,GWL,Gwalior Junction,1,345,2500,0.138,Low,1
2026-03-10,GWL,Gwalior Junction,2,394,2500,0.158,Low,1
2026-03-10,GWL,Gwalior Junction,3,323,2500,0.129,Low,1
2026-03-10,GWL,Gwalior Junction,4,294,2500,0.118,Low,1
2026-03-10,GWL,Gwalior Junction,5,1826,2500,0.73,High,1
2026-03-10,GWL,Gwalior Junction,6,1869,2500,0.748,High,1
2026-03-10,GWL,Gwalior Junction,7,4039,2500,1.616,Critical,1
2026-03-10,GWL,Gwalior Junction,8,5953,2500,2.381,Critical,1
2026-03-10,GWL,Gwalior Junction,9,5969,2500,2.388,Critical,1
2026-03-10,GWL,Gwalior Junction,10,2944,2500,1.178,Critical,1
2026-03-10,GWL,Gwalior Junction,11,2564,2500,1.026,Critical,1
2026-03-10,GWL,Gwalior Junction,12,1526,2500,0.61,Moderate,1
2026-03-10,GWL,Gwalior Junction,13,2039,2500,0.816,High,1
2026-03-10,GWL,Gwalior Junction,14,1685,2500,0.674,Moderate,1
2026-03-10,GWL,Gwalior Junction,15,3244,2500,1.298,Critical,1
2026-03-10,GWL,Gwalior Junction,16,2459,2500,0.984,Critical,1
2026-03-10,GWL,Gwalior Junction,17,5255,2500,2.102,Critical,1
2026-03-10,GWL,Gwalior Junction,18,4515,2500,1.806,Critical,1
2026-03-10,GWL,Gwalior Junction,19,4367,2500,1.747,Critical,1
2026-03-10,GWL,Gwalior Junction,20,2614,2500,1.046,Critical,1
2026-03-10,GWL,Gwalior Junction,21,2765,2500,1.106,Critical,1
2026-03-10,GWL,Gwalior Junction,22,1729,2500,0.692,Moderate,1
2026-03-10,GWL,Gwalior Junction,23,2087,2500,0.835,High,1
2026-03-10,AGC,Agra Cantt,0,510,3000,0.17,Low,1
2026-03-10,AGC,Agra Cantt,1,299,3000,0.1,Low,1
2026-03-10,AGC,Agra Cantt,2,334,3000,0.111,Low,1
2026-03-10,AGC,Agra Cantt,3,593,3000,0.198,Low,1
2026-03-10,AGC,Agra Cantt,4,359,3000,0.12,Low,1
2026-03-10,AGC,Agra Cantt,5,2423,3000,0.808,High,1
2026-03-10,AGC,Agra Cantt,6,2859,3000,0.953,Critical,1
2026-03-10,AGC,Agra Cantt,7,6537,3000,2.179,Critical,1
2026-03-10,AGC,Agra Cantt,8,6290,3000,2.097,Critical,1
2026-03-10,AGC,Agra Cantt,9,7502,3000,2.501,Critical,1
2026-03-10,AGC,Agra Cantt,10,4044,3000,1.348,Critical,1
2026-03-10,AGC,Agra Cantt,11,3081,3000,1.027,Critical,1
2026-03-10,AGC,Agra Cantt,12,3197,3000,1.066,Critical,1
2026-03-10,AGC,Agra Cantt,13,2690,3000,0.897,High,1
2026-03-10,AGC,Agra Cantt,14,2724,3000,0.908,Critical,1
2026-03-10,AGC,Agra Cantt,15,3849,3000,1.283,Critical,1
2026-03-10,AGC,Agra Cantt,16,3730,3000,1.243,Critical,1
2026-03-10,AGC,Agra Cantt,17,5849,3000,1.95,Critical,1
2026-03-10,AGC,Agra Cantt,18,7232,3000,2.411,Critical,1
2026-03-10,AGC,Agra Cantt,19,7805,3000,2.602,Critical,1
2026-03-10,AGC,Agra Cantt,20,3328,3000,1.109,Critical,1
2026-03-10,AGC,Agra Cantt,21,4467,3000,1.489,Critical,1
2026-03-10,AGC,Agra Cantt,22,2122,3000,0.707,High,1
2026-03-10,AGC,Agra Cantt,23,3175,3000,1.058,Critical,1
2026-03-09,MMCT,Mumbai Central,0,582,4000,0.145,Low,0
2026-03-09,MMCT,Mumbai Central,1,1311,4000,0.328,Low,0
2026-03-09,MMCT,Mumbai Central,2,734,4000,0.183,Low,0
2026-03-09,MMCT,Mumbai Central,3,1405,4000,0.351,Low,0
2026-03-09,MMCT,Mumbai Central,4,1345,4000,0.336,Low,0
2026-03-09,MMCT,Mumbai Central,5,5480,4000,1.37,Critical,0
2026-03-09,MMCT,Mumbai Central,6,4449,4000,1.112,Critical,0
2026-03-09,MMCT,Mumbai Central,7,16913,4000,4.228,Critical,0
2026-03-09,MMCT,Mumbai Central,8,14693,4000,3.673,Critical,0
2026-03-09,MMCT,Mumbai Central,9,12684,4000,3.171,Critical,0
2026-03-09,MMCT,Mumbai Central,10,11254,4000,2.813,Critical,0
2026-03-09,MMCT,Mumbai Central,11,10996,4000,2.749,Critical,0
2026-03-09,MMCT,Mumbai Central,12,4156,4000,1.039,Critical,0
2026-03-09,MMCT,Mumbai Central,13,6558,4000,1.639,Critical,0
2026-03-09,MMCT,Mumbai Central,14,5808,4000,1.452,Critical,0
2026-03-09,MMCT,Mumbai Central,15,9803,4000,2.451,Critical,0
2026-03-09,MMCT,Mumbai Central,16,7373,4000,1.843,Critical,0
2026-03-09,MMCT,Mumbai Central,17,14839,4000,3.71,Critical,0
2026-03-09,MMCT,Mumbai Central,18,17019,4000,4.255,Critical,0
2026-03-09,MMCT,Mumbai Central,19,20572,4000,5.143,Critical,0
2026-03-09,MMCT,Mumbai Central,20,13307,4000,3.327,Critical,0
2026-03-09,MMCT,Mumbai Central,21,9310,4000,2.328,Critical,0
2026-03-09,MMCT,Mumbai Central,22,4678,4000,1.169,Critical,0
2026-03-09,MMCT,Mumbai Central,23,6780,4000,1.695,Critical,0
2026-03-09,BVI,Borivali,0,517,3000,0.172,Low,0
2026-03-09,BVI,Borivali,1,593,3000,0.198,Low,0
2026-03-09,BVI,Borivali,2,740,3000,0.247,Low,0
2026-03-09,BVI,Borivali,3,683,3000,0.228,Low,0
2026-03-09,BVI,Borivali,4,1133,3000,0.378,Low,0
2026-03-09,BVI,Borivali,5,3479,3000,1.16,Critical,0
2026-03-09,BVI,Borivali,6,3939,3000,1.313,Critical,0
2026-03-09,BVI,Borivali,7,11076,3000,3.692,Critical,0
2026-03-09,BVI,Borivali,8,10903,3000,3.634,Critical,0
2026-03-09,BVI,Borivali,9,8795,3000,2.932,Critical,0
2026-03-09,BVI,Borivali,10,6178,3000,2.059,Critical,0
2026-03-09,BVI,Borivali,11,4595,3000,1.532,Critical,0
2026-03-09,BVI,Borivali,12,3581,3000,1.194,Critical,0
2026-03-09,BVI,Borivali,13,2956,3000,0.985,Critical,0
2026-03-09,BVI,Borivali,14,3418,3000,1.139,Critical,0
2026-03-09,BVI,Borivali,15,5540,3000,1.847,Critical,0
2026-03-09,BVI,Borivali,16,5009,3000,1.67,Critical,0
2026-03-09,BVI,Borivali,17,6199,3000,2.066,Critical,0
2026-03-09,BVI,Borivali,18,11867,3000,3.956,Critical,0
2026-03-09,BVI,Borivali,19,11523,3000,3.841,Critical,0
2026-03-09,BVI,Borivali,20,3558,3000,1.186,Critical,0
2026-03-09,BVI,Borivali,21,4513,3000,1.504,Critical,0
2026-03-09,BVI,Borivali,22,3589,3000,1.196,Critical,0
2026-03-09,BVI,Borivali,23,3599,3000,1.2,Critical,0
2026-03-09,BL,Valsad,0,169,1500,0.113,Low,0
2026-03-09,BL,Valsad,1,166,1500,0.111,Low,0
2026-03-09,BL,Valsad,2,122,1500,0.081,Low,0
2026-03-09,BL,Valsad,3,144,1500,0.096,Low,0
2026-03-09,BL,Valsad,4,143,1500,0.095,Low,0
2026-03-09,BL,Valsad,5,710,1500,0.473,Moderate,0
2026-03-09,BL,Valsad,6,779,1500,0.519,Moderate,0
2026-03-09,BL,Valsad,7,2167,1500,1.445,Critical,0
2026-03-09,BL,Valsad,8,1175,1500,0.783,High,0
2026-03-09,BL,Valsad,9,2164,1500,1.443,Critical,0
2026-03-09,BL,Valsad,10,803,1500,0.535,Moderate,0
2026-03-09,BL,Valsad,11,1125,1500,0.75,High,0
2026-03-09,BL,Valsad,12,467,1500,0.311,Low,0
2026-03-09,BL,Valsad,13,645,1500,0.43,Moderate,0
2026-03-09,BL,Valsad,14,539,1500,0.359,Low,0
2026-03-09,BL,Valsad,15,1000,1500,0.667,Moderate,0
2026-03-09,BL,Valsad,16,717,1500,0.478,Moderate,0
2026-03-09,BL,Valsad,17,1476,1500,0.984,Critical,0
2026-03-09,BL,Valsad,18,1623,1500,1.082,Critical,0
2026-03-09,BL,Valsad,19,1459,1500,0.973,Critical,0
2026-03-09,BL,Valsad,20,772,1500,0.515,Moderate,0
2026-03-09,BL,Valsad,21,763,1500,0.509,Moderate,0
2026-03-09,BL,Valsad,22,534,1500,0.356,Low,0
2026-03-09,BL,Valsad,23,496,1500,0.331,Low,0
2026-03-09,ST,Surat,0,688,3000,0.229,Low,0
2026-03-09,ST,Surat,1,773,3000,0.258,Low,0
2026-03-09,ST,Surat,2,786,3000,0.262,Low,0
2026-03-09,ST,Surat,3,660,3000,0.22,Low,0
2026-03-09,ST,Surat,4,496,3000,0.165,Low,0
2026-03-09,ST,Surat,5,4024,3000,1.341,Critical,0
2026-03-09,ST,Surat,6,4073,3000,1.358,Critical,0
2026-03-09,ST,Surat,7,12880,3000,4.293,Critical,0
2026-03-09,ST,Surat,8,11685,3000,3.895,Critical,0
2026-03-09,ST,Surat,9,9874,3000,3.291,Critical,0
2026-03-09,ST,Surat,10,6685,3000,2.228,Critical,0
2026-03-09,ST,Surat,11,4641,3000,1.547,Critical,0
2026-03-09,ST,Surat,12,2847,3000,0.949,Critical,0
2026-03-09,ST,Surat,13,4655,3000,1.552,Critical,0
2026-03-09,ST,Surat,14,3937,3000,1.312,Critical,0
2026-03-09,ST,Surat,15,7478,3000,2.493,Critical,0
2026-03-09,ST,Surat,16,5741,3000,1.914,Critical,0
2026-03-09,ST,Surat,17,14647,3000,4.882,Critical,0
2026-03-09,ST,Surat,18,8012,3000,2.671,Critical,0
2026-03-09,ST,Surat,19,11269,3000,3.756,Critical,0
2026-03-09,ST,Surat,20,7246,3000,2.415,Critical,0
2026-03-09,ST,Surat,21,6494,3000,2.165,Critical,0
2026-03-09,ST,Surat,22,4942,3000,1.647,Critical,0
2026-03-09,ST,Surat,23,4038,3000,1.346,Critical,0
2026-03-09,BRC,Vadodara Junction,0,539,3500,0.154,Low,0
2026-03-09,BRC,Vadodara Junction,1,705,3500,0.201,Low,0
2026-03-09,BRC,Vadodara Junction,2,974,3500,0.278,Low,0
2026-03-09,BRC,Vadodara Junction,3,643,3500,0.184,Low,0
2026-03-09,BRC,Vadodara Junction,4,863,3500,0.247,Low,0
2026-03-09,BRC,Vadodara Junction,5,3520,3500,1.006,Critical,0
2026-03-09,BRC,Vadodara Junction,6,4139,3500,1.183,Critical,0
2026-03-09,BRC,Vadodara Junction,7,12941,3500,3.697,Critical,0
2026-03-09,BRC,Vadodara Junction,8,9732,3500,2.781,Critical,0
2026-03-09,BRC,Vadodara Junction,9,12736,3500,3.639,Critical,0
2026-03-09,BRC,Vadodara Junction,10,6112,3500,1.746,Critical,0
2026-03-09,BRC,Vadodara Junction,11,6420,3500,1.834,Critical,0
2026-03-09,BRC,Vadodara Junction,12,3272,3500,0.935,Critical,0
2026-03-09,BRC,Vadodara Junction,13,2778,3500,0.794,High,0
2026-03-09,BRC,Vadodara Junction,14,4766,3500,1.362,Critical,0
2026-03-09,BRC,Vadodara Junction,15,4607,3500,1.316,Critical,0
2026-03-09,BRC,Vadodara Junction,16,6539,3500,1.868,Critical,0
2026-03-09,BRC,Vadodara Junction,17,7119,3500,2.034,Critical,0
2026-03-09,BRC,Vadodara Junction,18,9141,3500,2.612,Critical,0
2026-03-09,BRC,Vadodara Junction,19,11306,3500,3.23,Critical,0
2026-03-09,BRC,Vadodara Junction,20,6356,3500,1.816,Critical,0
2026-03-09,BRC,Vadodara Junction,21,5329,3500,1.523,Critical,0
2026-03-09,BRC,Vadodara Junction,22,3535,3500,1.01,Critical,0
2026-03-09,BRC,Vadodara Junction,23,2438,3500,0.697,Moderate,0
2026-03-09,RTM,Ratlam Junction,0,335,2500,0.134,Low,0
2026-03-09,RTM,Ratlam Junction,1,344,2500,0.138,Low,0
2026-03-09,RTM,Ratlam Junction,2,266,2500,0.106,Low,0
2026-03-09,RTM,Ratlam Junction,3,161,2500,0.064,Low,0
2026-03-09,RTM,Ratlam Junction,4,144,2500,0.058,Low,0
2026-03-09,RTM,Ratlam Junction,5,1301,2500,0.52,Moderate,0
2026-03-09,RTM,Ratlam Junction,6,1103,2500,0.441,Moderate,0
2026-03-09,RTM,Ratlam Junction,7,5185,2500,2.074,Critical,0
2026-03-09,RTM,Ratlam Junction,8,3375,2500,1.35,Critical,0
2026-03-09,RTM,Ratlam Junction,9,3473,2500,1.389,Critical,0
2026-03-09,RTM,Ratlam Junction,10,1951,2500,0.78,High,0
2026-03-09,RTM,Ratlam Junction,11,2032,2500,0.813,High,0
2026-03-09,RTM,Ratlam Junction,12,1323,2500,0.529,Moderate,0
2026-03-09,RTM,Ratlam Junction,13,1332,2500,0.533,Moderate,0
2026-03-09,RTM,Ratlam Junction,14,1683,2500,0.673,Moderate,0
2026-03-09,RTM,Ratlam Junction,15,1856,2500,0.742,High,0
2026-03-09,RTM,Ratlam Junction,16,1978,2500,0.791,High,0
2026-03-09,RTM,Ratlam Junction,17,3250,2500,1.3,Critical,0
2026-03-09,RTM,Ratlam Junction,18,5290,2500,2.116,Critical,0
2026-03-09,RTM,Ratlam Junction,19,3009,2500,1.204,Critical,0
2026-03-09,RTM,Ratlam Junction,20,2575,2500,1.03,Critical,0
2026-03-09,RTM,Ratlam Junction,21,1578,2500,0.631,Moderate,0
2026-03-09,RTM,Ratlam Junction,22,1404,2500,0.562,Moderate,0
2026-03-09,RTM,Ratlam Junction,23,1342,2500,0.537,Moderate,0
2026-03-09,KOTA,Kota Junction,0,244,3000,0.081,Low,0
2026-03-09,KOTA,Kota Junction,1,343,3000,0.114,Low,0
2026-03-09,KOTA,Kota Junction,2,198,3000,0.066,Low,0
2026-03-09,KOTA,Kota Junction,3,546,3000,0.182,Low,0
2026-03-09,KOTA,Kota Junction,4,272,3000,0.091,Low,0
2026-03-09,KOTA,Kota Junction,5,2586,3000,0.862,High,0
2026-03-09,KOTA,Kota Junction,6,1561,3000,0.52,Moderate,0
2026-03-09,KOTA,Kota Junction,7,5638,3000,1.879,Critical,0
2026-03-09,KOTA,Kota Junction,8,3784,3000,1.261,Critical,0
2026-03-09,KOTA,Kota Junction,9,5252,3000,1.751,Critical,0
2026-03-09,KOTA,Kota Junction,10,3377,3000,1.126,Critical,0
2026-03-09,KOTA,Kota Junction,11,2894,3000,0.965,Critical,0
2026-03-09,KOTA,Kota Junction,12,2454,3000,0.818,High,0
2026-03-09,KOTA,Kota Junction,13,2322,3000,0.774,High,0
2026-03-09,KOTA,Kota Junction,14,1845,3000,0.615,Moderate,0
2026-03-09,KOTA,Kota Junction,15,3568,3000,1.189,Critical,0
2026-03-09,KOTA,Kota Junction,16,3971,3000,1.324,Critical,0
2026-03-09,KOTA,Kota Junction,17,7459,3000,2.486,Critical,0
2026-03-09,KOTA,Kota Junction,18,7123,3000,2.374,Critical,0
2026-03-09,KOTA,Kota Junction,19,6925,3000,2.308,Critical,0
2026-03-09,KOTA,Kota Junction,20,2470,3000,0.823,High,0
2026-03-09,KOTA,Kota Junction,21,2687,3000,0.896,High,0
2026-03-09,KOTA,Kota Junction,22,2082,3000,0.694,Moderate,0
2026-03-09,KOTA,Kota Junction,23,2129,3000,0.71,High,0
2026-03-09,SWM,Sawai Madhopur,0,129,2000,0.065,Low,0
2026-03-09,SWM,Sawai Madhopur,1,89,2000,0.044,Low,0
2026-03-09,SWM,Sawai Madhopur,2,229,2000,0.115,Low,0
2026-03-09,SWM,Sawai Madhopur,3,113,2000,0.057,Low,0
2026-03-09,SWM,Sawai Madhopur,4,195,2000,0.098,Low,0
2026-03-09,SWM,Sawai Madhopur,5,737,2000,0.368,Low,0
2026-03-09,SWM,Sawai Madhopur,6,1027,2000,0.513,Moderate,0
2026-03-09,SWM,Sawai Madhopur,7,1397,2000,0.699,Moderate,0
2026-03-09,SWM,Sawai Madhopur,8,1595,2000,0.797,High,0
2026-03-09,SWM,Sawai Madhopur,9,2079,2000,1.04,Critical,0
2026-03-09,SWM,Sawai Madhopur,10,1433,2000,0.717,High,0
2026-03-09,SWM,Sawai Madhopur,11,1011,2000,0.505,Moderate,0
2026-03-09,SWM,Sawai Madhopur,12,832,2000,0.416,Moderate,0
2026-03-09,SWM,Sawai Madhopur,13,685,2000,0.343,Low,0
2026-03-09,SWM,Sawai Madhopur,14,610,2000,0.305,Low,0
2026-03-09,SWM,Sawai Madhopur,15,1313,2000,0.656,Moderate,0
2026-03-09,SWM,Sawai Madhopur,16,1724,2000,0.862,High,0
2026-03-09,SWM,Sawai Madhopur,17,2367,2000,1.183,Critical,0
2026-03-09,SWM,Sawai Madhopur,18,2854,2000,1.427,Critical,0
2026-03-09,SWM,Sawai Madhopur,19,2976,2000,1.488,Critical,0
2026-03-09,SWM,Sawai Madhopur,20,1215,2000,0.608,Moderate,0
2026-03-09,SWM,Sawai Madhopur,21,1152,2000,0.576,Moderate,0
2026-03-09,SWM,Sawai Madhopur,22,912,2000,0.456,Moderate,0
2026-03-09,SWM,Sawai Madhopur,23,665,2000,0.333,Low,0
2026-03-09,MTJ,Mathura Junction,0,471,3000,0.157,Low,0
2026-03-09,MTJ,Mathura Junction,1,573,3000,0.191,Low,0
2026-03-09,MTJ,Mathura Junction,2,215,3000,0.072,Low,0
2026-03-09,MTJ,Mathura Junction,3,539,3000,0.18,Low,0
2026-03-09,MTJ,Mathura Junction,4,642,3000,0.214,Low,0
2026-03-09,MTJ,Mathura Junction,5,1787,3000,0.596,Moderate,0
2026-03-09,MTJ,Mathura Junction,6,2205,3000,0.735,High,0
2026-03-09,MTJ,Mathura Junction,7,7305,3000,2.435,Critical,0
2026-03-09,MTJ,Mathura Junction,8,8126,3000,2.709,Critical,0
2026-03-09,MTJ,Mathura Junction,9,4814,3000,1.605,Critical,0
2026-03-09,MTJ,Mathura Junction,10,2689,3000,0.896,High,0
2026-03-09,MTJ,Mathura Junction,11,2883,3000,0.961,Critical,0
2026-03-09,MTJ,Mathura Junction,12,1659,3000,0.553,Moderate,0
2026-03-09,MTJ,Mathura Junction,13,3089,3000,1.03,Critical,0
2026-03-09,MTJ,Mathura Junction,14,2270,3000,0.757,High,0
2026-03-09,MTJ,Mathura Junction,15,2636,3000,0.879,High,0
2026-03-09,MTJ,Mathura Junction,16,4003,3000,1.334,Critical,0
2026-03-09,MTJ,Mathura Junction,17,5391,3000,1.797,Critical,0
2026-03-09,MTJ,Mathura Junction,18,5074,3000,1.691,Critical,0
2026-03-09,MTJ,Mathura Junction,19,7309,3000,2.436,Critical,0
2026-03-09,MTJ,Mathura Junction,20,3092,3000,1.031,Critical,0
2026-03-09,MTJ,Mathura Junction,21,2936,3000,0.979,Critical,0
2026-03-09,MTJ,Mathura Junction,22,3118,3000,1.039,Critical,0
2026-03-09,MTJ,Mathura Junction,23,2229,3000,0.743,High,0
2026-03-09,NDLS,New Delhi,0,6301,8000,0.788,High,0
2026-03-09,NDLS,New Delhi,1,4437,8000,0.555,Moderate,0
2026-03-09,NDLS,New Delhi,2,2365,8000,0.296,Low,0
2026-03-09,NDLS,New Delhi,3,4661,8000,0.583,Moderate,0
2026-03-09,NDLS,New Delhi,4,4724,8000,0.591,Moderate,0
2026-03-09,NDLS,New Delhi,5,16808,8000,2.101,Critical,0
2026-03-09,NDLS,New Delhi,6,18923,8000,2.365,Critical,0
2026-03-09,NDLS,New Delhi,7,39418,8000,4.927,Critical,0
2026-03-09,NDLS,New Delhi,8,53897,8000,6.737,Critical,0
2026-03-09,NDLS,New Delhi,9,67996,8000,8.499,Critical,0
2026-03-09,NDLS,New Delhi,10,31815,8000,3.977,Critical,0
2026-03-09,NDLS,New Delhi,11,27100,8000,3.388,Critical,0
2026-03-09,NDLS,New Delhi,12,20406,8000,2.551,Critical,0
2026-03-09,NDLS,New Delhi,13,18151,8000,2.269,Critical,0
2026-03-09,NDLS,New Delhi,14,16396,8000,2.05,Critical,0
2026-03-09,NDLS,New Delhi,15,33908,8000,4.239,Critical,0
2026-03-09,NDLS,New Delhi,16,31304,8000,3.913,Critical,0
2026-03-09,NDLS,New Delhi,17,58396,8000,7.3,Critical,0
2026-03-09,NDLS,New Delhi,18,48067,8000,6.008,Critical,0
2026-03-09,NDLS,New Delhi,19,32699,8000,4.087,Critical,0
2026-03-09,NDLS,New Delhi,20,27464,8000,3.433,Critical,0
2026-03-09,NDLS,New Delhi,21,29181,8000,3.648,Critical,0
2026-03-09,NDLS,New Delhi,22,17626,8000,2.203,Critical,0
2026-03-09,NDLS,New Delhi,23,25467,8000,3.183,Critical,0
2026-03-09,CSMT,Mumbai CSMT,0,4244,9000,0.472,Moderate,0
2026-03-09,CSMT,Mumbai CSMT,1,2510,9000,0.279,Low,0
2026-03-09,CSMT,Mumbai CSMT,2,3168,9000,0.352,Low,0
2026-03-09,CSMT,Mumbai CSMT,3,2767,9000,0.307,Low,0
2026-03-09,CSMT,Mumbai CSMT,4,3480,9000,0.387,Low,0
2026-03-09,CSMT,Mumbai CSMT,5,11248,9000,1.25,Critical,0
2026-03-09,CSMT,Mumbai CSMT,6,14388,9000,1.599,Critical,0
2026-03-09,CSMT,Mumbai CSMT,7,33935,9000,3.771,Critical,0
2026-03-09,CSMT,Mumbai CSMT,8,50739,9000,5.638,Critical,0
2026-03-09,CSMT,Mumbai CSMT,9,34821,9000,3.869,Critical,0
2026-03-09,CSMT,Mumbai CSMT,10,27209,9000,3.023,Critical,0
2026-03-09,CSMT,Mumbai CSMT,11,26938,9000,2.993,Critical,0
2026-03-09,CSMT,Mumbai CSMT,12,14130,9000,1.57,Critical,0
2026-03-09,CSMT,Mumbai CSMT,13,12498,9000,1.389,Critical,0
2026-03-09,CSMT,Mumbai CSMT,14,18717,9000,2.08,Critical,0
2026-03-09,CSMT,Mumbai CSMT,15,27170,9000,3.019,Critical,0
2026-03-09,CSMT,Mumbai CSMT,16,17837,9000,1.982,Critical,0
2026-03-09,CSMT,Mumbai CSMT,17,29601,9000,3.289,Critical,0
2026-03-09,CSMT,Mumbai CSMT,18,47348,9000,5.261,Critical,0
2026-03-09,CSMT,Mumbai CSMT,19,29796,9000,3.311,Critical,0
2026-03-09,CSMT,Mumbai CSMT,20,26940,9000,2.993,Critical,0
2026-03-09,CSMT,Mumbai CSMT,21,24422,9000,2.714,Critical,0
2026-03-09,CSMT,Mumbai CSMT,22,19053,9000,2.117,Critical,0
2026-03-09,CSMT,Mumbai CSMT,23,11710,9000,1.301,Critical,0
2026-03-09,KYN,Kalyan Junction,0,1143,4000,0.286,Low,0
2026-03-09,KYN,Kalyan Junction,1,486,4000,0.121,Low,0
2026-03-09,KYN,Kalyan Junction,2,1087,4000,0.272,Low,0
2026-03-09,KYN,Kalyan Junction,3,1062,4000,0.266,Low,0
2026-03-09,KYN,Kalyan Junction,4,780,4000,0.195,Low,0
2026-03-09,KYN,Kalyan Junction,5,5359,4000,1.34,Critical,0
2026-03-09,KYN,Kalyan Junction,6,4220,4000,1.055,Critical,0
2026-03-09,KYN,Kalyan Junction,7,11709,4000,2.927,Critical,0
2026-03-09,KYN,Kalyan Junction,8,7429,4000,1.857,Critical,0
2026-03-09,KYN,Kalyan Junction,9,11007,4000,2.752,Critical,0
2026-03-09,KYN,Kalyan Junction,10,4728,4000,1.182,Critical,0
2026-03-09,KYN,Kalyan Junction,11,7184,4000,1.796,Critical,0
2026-03-09,KYN,Kalyan Junction,12,4784,4000,1.196,Critical,0
2026-03-09,KYN,Kalyan Junction,13,4235,4000,1.059,Critical,0
2026-03-09,KYN,Kalyan Junction,14,5659,4000,1.415,Critical,0
2026-03-09,KYN,Kalyan Junction,15,7489,4000,1.872,Critical,0
2026-03-09,KYN,Kalyan Junction,16,5793,4000,1.448,Critical,0
2026-03-09,KYN,Kalyan Junction,17,10987,4000,2.747,Critical,0
2026-03-09,KYN,Kalyan Junction,18,8769,4000,2.192,Critical,0
2026-03-09,KYN,Kalyan Junction,19,11785,4000,2.946,Critical,0
2026-03-09,KYN,Kalyan Junction,20,7494,4000,1.873,Critical,0
2026-03-09,KYN,Kalyan Junction,21,6233,4000,1.558,Critical,0
2026-03-09,KYN,Kalyan Junction,22,3635,4000,0.909,Critical,0
2026-03-09,KYN,Kalyan Junction,23,4906,4000,1.226,Critical,0
2026-03-09,NMD,Nashik Road,0,169,2000,0.085,Low,0
2026-03-09,NMD,Nashik Road,1,271,2000,0.136,Low,0
2026-03-09,NMD,Nashik Road,2,422,2000,0.211,Low,0
2026-03-09,NMD,Nashik Road,3,278,2000,0.139,Low,0
2026-03-09,NMD,Nashik Road,4,303,2000,0.151,Low,0
2026-03-09,NMD,Nashik Road,5,1635,2000,0.818,High,0
2026-03-09,NMD,Nashik Road,6,1686,2000,0.843,High,0
2026-03-09,NMD,Nashik Road,7,4942,2000,2.471,Critical,0
2026-03-09,NMD,Nashik Road,8,5755,2000,2.877,Critical,0
2026-03-09,NMD,Nashik Road,9,5106,2000,2.553,Critical,0
2026-03-09,NMD,Nashik Road,10,2513,2000,1.256,Critical,0
2026-03-09,NMD,Nashik Road,11,2766,2000,1.383,Critical,0
2026-03-09,NMD,Nashik Road,12,1190,2000,0.595,Moderate,0
2026-03-09,NMD,Nashik Road,13,1837,2000,0.918,Critical,0
2026-03-09,NMD,Nashik Road,14,1908,2000,0.954,Critical,0
2026-03-09,NMD,Nashik Road,15,2397,2000,1.198,Critical,0
2026-03-09,NMD,Nashik Road,16,2764,2000,1.382,Critical,0
2026-03-09,NMD,Nashik Road,17,4986,2000,2.493,Critical,0
2026-03-09,NMD,Nashik Road,18,4657,2000,2.329,Critical,0
2026-03-09,NMD,Nashik Road,19,3214,2000,1.607,Critical,0
2026-03-09,NMD,Nashik Road,20,2444,2000,1.222,Critical,0
2026-03-09,NMD,Nashik Road,21,2183,2000,1.091,Critical,0
2026-03-09,NMD,Nashik Road,22,1684,2000,0.842,High,0
2026-03-09,NMD,Nashik Road,23,1428,2000,0.714,High,0
2026-03-09,MMR,Manmad Junction,0,374,2500,0.15,Low,0
2026-03-09,MMR,Manmad Junction,1,362,2500,0.145,Low,0
2026-03-09,MMR,Manmad Junction,2,428,2500,0.171,Low,0
2026-03-09,MMR,Manmad Junction,3,318,2500,0.127,Low,0
2026-03-09,MMR,Manmad Junction,4,204,2500,0.082,Low,0
2026-03-09,MMR,Manmad Junction,5,1361,2500,0.544,Moderate,0
2026-03-09,MMR,Manmad Junction,6,1137,2500,0.455,Moderate,0
2026-03-09,MMR,Manmad Junction,7,3258,2500,1.303,Critical,0
2026-03-09,MMR,Manmad Junction,8,3134,2500,1.254,Critical,0
2026-03-09,MMR,Manmad Junction,9,2904,2500,1.162,Critical,0
2026-03-09,MMR,Manmad Junction,10,1753,2500,0.701,High,0
2026-03-09,MMR,Manmad Junction,11,1834,2500,0.734,High,0
2026-03-09,MMR,Manmad Junction,12,1095,2500,0.438,Moderate,0
2026-03-09,MMR,Manmad Junction,13,1210,2500,0.484,Moderate,0
2026-03-09,MMR,Manmad Junction,14,1077,2500,0.431,Moderate,0
2026-03-09,MMR,Manmad Junction,15,2559,2500,1.024,Critical,0
2026-03-09,MMR,Manmad Junction,16,2643,2500,1.057,Critical,0
2026-03-09,MMR,Manmad Junction,17,3814,2500,1.526,Critical,0
2026-03-09,MMR,Manmad Junction,18,2951,2500,1.18,Critical,0
2026-03-09,MMR,Manmad Junction,19,4060,2500,1.624,Critical,0
2026-03-09,MMR,Manmad Junction,20,1697,2500,0.679,Moderate,0
2026-03-09,MMR,Manmad Junction,21,2106,2500,0.842,High,0
2026-03-09,MMR,Manmad Junction,22,1315,2500,0.526,Moderate,0
2026-03-09,MMR,Manmad Junction,23,869,2500,0.348,Low,0
2026-03-09,BSL,Bhusawal Junction,0,617,3000,0.206,Low,0
2026-03-09,BSL,Bhusawal Junction,1,484,3000,0.161,Low,0
2026-03-09,BSL,Bhusawal Junction,2,362,3000,0.121,Low,0
2026-03-09,BSL,Bhusawal Junction,3,302,3000,0.101,Low,0
2026-03-09,BSL,Bhusawal Junction,4,334,3000,0.111,Low,0
2026-03-09,BSL,Bhusawal Junction,5,1698,3000,0.566,Moderate,0
2026-03-09,BSL,Bhusawal Junction,6,1970,3000,0.657,Moderate,0
2026-03-09,BSL,Bhusawal Junction,7,4180,3000,1.393,Critical,0
2026-03-09,BSL,Bhusawal Junction,8,5949,3000,1.983,Critical,0
2026-03-09,BSL,Bhusawal Junction,9,4510,3000,1.503,Critical,0
2026-03-09,BSL,Bhusawal Junction,10,2514,3000,0.838,High,0
2026-03-09,BSL,Bhusawal Junction,11,2588,3000,0.863,High,0
2026-03-09,BSL,Bhusawal Junction,12,2355,3000,0.785,High,0
2026-03-09,BSL,Bhusawal Junction,13,1886,3000,0.629,Moderate,0
2026-03-09,BSL,Bhusawal Junction,14,1507,3000,0.502,Moderate,0
2026-03-09,BSL,Bhusawal Junction,15,2828,3000,0.943,Critical,0
2026-03-09,BSL,Bhusawal Junction,16,2255,3000,0.752,High,0
2026-03-09,BSL,Bhusawal Junction,17,6377,3000,2.126,Critical,0
2026-03-09,BSL,Bhusawal Junction,18,5578,3000,1.859,Critical,0
2026-03-09,BSL,Bhusawal Junction,19,5805,3000,1.935,Critical,0
2026-03-09,BSL,Bhusawal Junction,20,3512,3000,1.171,Critical,0
2026-03-09,BSL,Bhusawal Junction,21,2782,3000,0.927,Critical,0
2026-03-09,BSL,Bhusawal Junction,22,1917,3000,0.639,Moderate,0
2026-03-09,BSL,Bhusawal Junction,23,1543,3000,0.514,Moderate,0
2026-03-09,ET,Itarsi Junction,0,182,3500,0.052,Low,0
2026-03-09,ET,Itarsi Junction,1,308,3500,0.088,Low,0
2026-03-09,ET,Itarsi Junction,2,239,3500,0.068,Low,0
2026-03-09,ET,Itarsi Junction,3,221,3500,0.063,Low,0
2026-03-09,ET,Itarsi Junction,4,252,3500,0.072,Low,0
2026-03-09,ET,Itarsi Junction,5,1588,3500,0.454,Moderate,0
2026-03-09,ET,Itarsi Junction,6,1705,3500,0.487,Moderate,0
2026-03-09,ET,Itarsi Junction,7,4255,3500,1.216,Critical,0
2026-03-09,ET,Itarsi Junction,8,3969,3500,1.134,Critical,0
2026-03-09,ET,Itarsi Junction,9,3723,3500,1.064,Critical,0
2026-03-09,ET,Itarsi Junction,10,2244,3500,0.641,Moderate,0
2026-03-09,ET,Itarsi Junction,11,2400,3500,0.686,Moderate,0
2026-03-09,ET,Itarsi Junction,12,1571,3500,0.449,Moderate,0
2026-03-09,ET,Itarsi Junction,13,1654,3500,0.473,Moderate,0
2026-03-09,ET,Itarsi Junction,14,1103,3500,0.315,Low,0
2026-03-09,ET,Itarsi Junction,15,2312,3500,0.661,Moderate,0
2026-03-09,ET,Itarsi Junction,16,2023,3500,0.578,Moderate,0
2026-03-09,ET,Itarsi Junction,17,4560,3500,1.303,Critical,0
2026-03-09,ET,Itarsi Junction,18,4761,3500,1.36,Critical,0
2026-03-09,ET,Itarsi Junction,19,2929,3500,0.837,High,0
2026-03-09,ET,Itarsi Junction,20,2558,3500,0.731,High,0
2026-03-09,ET,Itarsi Junction,21,2234,3500,0.638,Moderate,0
2026-03-09,ET,Itarsi Junction,22,1436,3500,0.41,Moderate,0
2026-03-09,ET,Itarsi Junction,23,1384,3500,0.395,Low,0
2026-03-09,BPL,Bhopal Junction,0,595,3000,0.198,Low,0
2026-03-09,BPL,Bhopal Junction,1,977,3000,0.326,Low,0
2026-03-09,BPL,Bhopal Junction,2,670,3000,0.223,Low,0
2026-03-09,BPL,Bhopal Junction,3,340,3000,0.113,Low,0
2026-03-09,BPL,Bhopal Junction,4,721,3000,0.24,Low,0
2026-03-09,BPL,Bhopal Junction,5,2930,3000,0.977,Critical,0
2026-03-09,BPL,Bhopal Junction,6,2670,3000,0.89,High,0
2026-03-09,BPL,Bhopal Junction,7,6897,3000,2.299,Critical,0
2026-03-09,BPL,Bhopal Junction,8,6720,3000,2.24,Critical,0
2026-03-09,BPL,Bhopal Junction,9,7026,3000,2.342,Critical,0
2026-03-09,BPL,Bhopal Junction,10,4244,3000,1.415,Critical,0
2026-03-09,BPL,Bhopal Junction,11,4590,3000,1.53,Critical,0
2026-03-09,BPL,Bhopal Junction,12,2450,3000,0.817,High,0
2026-03-09,BPL,Bhopal Junction,13,2668,3000,0.889,High,0
2026-03-09,BPL,Bhopal Junction,14,2941,3000,0.98,Critical,0
2026-03-09,BPL,Bhopal Junction,15,3977,3000,1.326,Critical,0
2026-03-09,BPL,Bhopal Junction,16,4333,3000,1.444,Critical,0
2026-03-09,BPL,Bhopal Junction,17,9793,3000,3.264,Critical,0
2026-03-09,BPL,Bhopal Junction,18,11413,3000,3.804,Critical,0
2026-03-09,BPL,Bhopal Junction,19,11742,3000,3.914,Critical,0
2026-03-09,BPL,Bhopal Junction,20,3205,3000,1.068,Critical,0
2026-03-09,BPL,Bhopal Junction,21,5130,3000,1.71,Critical,0
2026-03-09,BPL,Bhopal Junction,22,3241,3000,1.08,Critical,0
2026-03-09,BPL,Bhopal Junction,23,3441,3000,1.147,Critical,0
2026-03-09,JHS,Jhansi Junction,0,434,4000,0.108,Low,0
2026-03-09,JHS,Jhansi Junction,1,438,4000,0.11,Low,0
2026-03-09,JHS,Jhansi Junction,2,299,4000,0.075,Low,0
2026-03-09,JHS,Jhansi Junction,3,505,4000,0.126,Low,0
2026-03-09,JHS,Jhansi Junction,4,520,4000,0.13,Low,0
2026-03-09,JHS,Jhansi Junction,5,2437,4000,0.609,Moderate,0
2026-03-09,JHS,Jhansi Junction,6,1962,4000,0.49,Moderate,0
2026-03-09,JHS,Jhansi Junction,7,4739,4000,1.185,Critical,0
2026-03-09,JHS,Jhansi Junction,8,4865,4000,1.216,Critical,0
2026-03-09,JHS,Jhansi Junction,9,5280,4000,1.32,Critical,0
2026-03-09,JHS,Jhansi Junction,10,3725,4000,0.931,Critical,0
2026-03-09,JHS,Jhansi Junction,11,2880,4000,0.72,High,0
2026-03-09,JHS,Jhansi Junction,12,1665,4000,0.416,Moderate,0
2026-03-09,JHS,Jhansi Junction,13,2312,4000,0.578,Moderate,0
2026-03-09,JHS,Jhansi Junction,14,2599,4000,0.65,Moderate,0
2026-03-09,JHS,Jhansi Junction,15,4021,4000,1.005,Critical,0
2026-03-09,JHS,Jhansi Junction,16,2874,4000,0.719,High,0
2026-03-09,JHS,Jhansi Junction,17,6677,4000,1.669,Critical,0
2026-03-09,JHS,Jhansi Junction,18,6380,4000,1.595,Critical,0
2026-03-09,JHS,Jhansi Junction,19,4299,4000,1.075,Critical,0
2026-03-09,JHS,Jhansi Junction,20,4123,4000,1.031,Critical,0
2026-03-09,JHS,Jhansi Junction,21,2736,4000,0.684,Moderate,0
2026-03-09,JHS,Jhansi Junction,22,2331,4000,0.583,Moderate,0
2026-03-09,JHS,Jhansi Junction,23,1981,4000,0.495,Moderate,0
2026-03-09,GWL,Gwalior Junction,0,254,2500,0.102,Low,0
2026-03-09,GWL,Gwalior Junction,1,625,2500,0.25,Low,0
2026-03-09,GWL,Gwalior Junction,2,471,2500,0.188,Low,0
2026-03-09,GWL,Gwalior Junction,3,370,2500,0.148,Low,0
2026-03-09,GWL,Gwalior Junction,4,443,2500,0.177,Low,0
2026-03-09,GWL,Gwalior Junction,5,1495,2500,0.598,Moderate,0
2026-03-09,GWL,Gwalior Junction,6,2628,2500,1.051,Critical,0
2026-03-09,GWL,Gwalior Junction,7,5853,2500,2.341,Critical,0
2026-03-09,GWL,Gwalior Junction,8,4851,2500,1.94,Critical,0
2026-03-09,GWL,Gwalior Junction,9,3916,2500,1.566,Critical,0
2026-03-09,GWL,Gwalior Junction,10,2718,2500,1.087,Critical,0
2026-03-09,GWL,Gwalior Junction,11,2780,2500,1.112,Critical,0
2026-03-09,GWL,Gwalior Junction,12,1713,2500,0.685,Moderate,0
2026-03-09,GWL,Gwalior Junction,13,2033,2500,0.813,High,0
2026-03-09,GWL,Gwalior Junction,14,1218,2500,0.487,Moderate,0
2026-03-09,GWL,Gwalior Junction,15,2976,2500,1.19,Critical,0
2026-03-09,GWL,Gwalior Junction,16,3120,2500,1.248,Critical,0
2026-03-09,GWL,Gwalior Junction,17,6254,2500,2.502,Critical,0
2026-03-09,GWL,Gwalior Junction,18,5955,2500,2.382,Critical,0
2026-03-09,GWL,Gwalior Junction,19,5588,2500,2.235,Critical,0
2026-03-09,GWL,Gwalior Junction,20,3145,2500,1.258,Critical,0
2026-03-09,GWL,Gwalior Junction,21,3721,2500,1.488,Critical,0
2026-03-09,GWL,Gwalior Junction,22,2120,2500,0.848,High,0
2026-03-09,GWL,Gwalior Junction,23,1425,2500,0.57,Moderate,0
2026-03-09,AGC,Agra Cantt,0,523,3000,0.174,Low,0
2026-03-09,AGC,Agra Cantt,1,720,3000,0.24,Low,0
2026-03-09,AGC,Agra Cantt,2,752,3000,0.251,Low,0
2026-03-09,AGC,Agra Cantt,3,503,3000,0.168,Low,0
2026-03-09,AGC,Agra Cantt,4,860,3000,0.287,Low,0
2026-03-09,AGC,Agra Cantt,5,2716,3000,0.905,Critical,0
2026-03-09,AGC,Agra Cantt,6,2533,3000,0.844,High,0
2026-03-09,AGC,Agra Cantt,7,4438,3000,1.479,Critical,0
2026-03-09,AGC,Agra Cantt,8,7631,3000,2.544,Critical,0
2026-03-09,AGC,Agra Cantt,9,7277,3000,2.426,Critical,0
2026-03-09,AGC,Agra Cantt,10,3581,3000,1.194,Critical,0
2026-03-09,AGC,Agra Cantt,11,2517,3000,0.839,High,0
2026-03-09,AGC,Agra Cantt,12,3154,3000,1.051,Critical,0
2026-03-09,AGC,Agra Cantt,13,1980,3000,0.66,Moderate,0
2026-03-09,AGC,Agra Cantt,14,2758,3000,0.919,Critical,0
2026-03-09,AGC,Agra Cantt,15,3454,3000,1.151,Critical,0
2026-03-09,AGC,Agra Cantt,16,4585,3000,1.528,Critical,0
2026-03-09,AGC,Agra Cantt,17,4720,3000,1.573,Critical,0
2026-03-09,AGC,Agra Cantt,18,7556,3000,2.519,Critical,0
2026-03-09,AGC,Agra Cantt,19,5334,3000,1.778,Critical,0
2026-03-09,AGC,Agra Cantt,20,3249,3000,1.083,Critical,0
2026-03-09,AGC,Agra Cantt,21,3235,3000,1.078,Critical,0
2026-03-09,AGC,Agra Cantt,22,2445,3000,0.815,High,0
2026-03-09,AGC,Agra Cantt,23,2745,3000,0.915,Critical,0
2026-03-08,MMCT,Mumbai Central,0,723,4000,0.181,Low,6
2026-03-08,MMCT,Mumbai Central,1,604,4000,0.151,Low,6
2026-03-08,MMCT,Mumbai Central,2,1545,4000,0.386,Low,6
2026-03-08,MMCT,Mumbai Central,3,1246,4000,0.311,Low,6
2026-03-08,MMCT,Mumbai Central,4,1398,4000,0.349,Low,6
2026-03-08,MMCT,Mumbai Central,5,5793,4000,1.448,Critical,6
2026-03-08,MMCT,Mumbai Central,6,6441,4000,1.61,Critical,6
2026-03-08,MMCT,Mumbai Central,7,13498,4000,3.374,Critical,6
2026-03-08,MMCT,Mumbai Central,8,17662,4000,4.415,Critical,6
2026-03-08,MMCT,Mumbai Central,9,16257,4000,4.064,Critical,6
2026-03-08,MMCT,Mumbai Central,10,8153,4000,2.038,Critical,6
2026-03-08,MMCT,Mumbai Central,11,9406,4000,2.352,Critical,6
2026-03-08,MMCT,Mumbai Central,12,6540,4000,1.635,Critical,6
2026-03-08,MMCT,Mumbai Central,13,5613,4000,1.403,Critical,6
2026-03-08,MMCT,Mumbai Central,14,5734,4000,1.433,Critical,6
2026-03-08,MMCT,Mumbai Central,15,9318,4000,2.329,Critical,6
2026-03-08,MMCT,Mumbai Central,16,7744,4000,1.936,Critical,6
2026-03-08,MMCT,Mumbai Central,17,12127,4000,3.032,Critical,6
2026-03-08,MMCT,Mumbai Central,18,17168,4000,4.292,Critical,6
2026-03-08,MMCT,Mumbai Central,19,17531,4000,4.383,Critical,6
2026-03-08,MMCT,Mumbai Central,20,9830,4000,2.458,Critical,6
2026-03-08,MMCT,Mumbai Central,21,9746,4000,2.437,Critical,6
2026-03-08,MMCT,Mumbai Central,22,5109,4000,1.277,Critical,6
2026-03-08,MMCT,Mumbai Central,23,6515,4000,1.629,Critical,6
2026-03-08,BVI,Borivali,0,693,3000,0.231,Low,6
2026-03-08,BVI,Borivali,1,577,3000,0.192,Low,6
2026-03-08,BVI,Borivali,2,478,3000,0.159,Low,6
2026-03-08,BVI,Borivali,3,423,3000,0.141,Low,6
2026-03-08,BVI,Borivali,4,713,3000,0.238,Low,6
2026-03-08,BVI,Borivali,5,3758,3000,1.253,Critical,6
2026-03-08,BVI,Borivali,6,3023,3000,1.008,Critical,6
2026-03-08,BVI,Borivali,7,7209,3000,2.403,Critical,6
2026-03-08,BVI,Borivali,8,7660,3000,2.553,Critical,6
2026-03-08,BVI,Borivali,9,7762,3000,2.587,Critical,6
2026-03-08,BVI,Borivali,10,6094,3000,2.031,Critical,6
2026-03-08,BVI,Borivali,11,5653,3000,1.884,Critical,6
2026-03-08,BVI,Borivali,12,3976,3000,1.325,Critical,6
2026-03-08,BVI,Borivali,13,2414,3000,0.805,High,6
2026-03-08,BVI,Borivali,14,3571,3000,1.19,Critical,6
2026-03-08,BVI,Borivali,15,3833,3000,1.278,Critical,6
2026-03-08,BVI,Borivali,16,4856,3000,1.619,Critical,6
2026-03-08,BVI,Borivali,17,10298,3000,3.433,Critical,6
2026-03-08,BVI,Borivali,18,10663,3000,3.554,Critical,6
2026-03-08,BVI,Borivali,19,10601,3000,3.534,Critical,6
2026-03-08,BVI,Borivali,20,3922,3000,1.307,Critical,6
2026-03-08,BVI,Borivali,21,5073,3000,1.691,Critical,6
2026-03-08,BVI,Borivali,22,3247,3000,1.082,Critical,6
2026-03-08,BVI,Borivali,23,2658,3000,0.886,High,6
2026-03-08,BL,Valsad,0,77,1500,0.051,Low,6
2026-03-08,BL,Valsad,1,81,1500,0.054,Low,6
2026-03-08,BL,Valsad,2,133,1500,0.089,Low,6
2026-03-08,BL,Valsad,3,153,1500,0.102,Low,6
2026-03-08,BL,Valsad,4,137,1500,0.091,Low,6
2026-03-08,BL,Valsad,5,578,1500,0.385,Low,6
2026-03-08,BL,Valsad,6,456,1500,0.304,Low,6
2026-03-08,BL,Valsad,7,2138,1500,1.425,Critical,6
2026-03-08,BL,Valsad,8,2169,1500,1.446,Critical,6
2026-03-08,BL,Valsad,9,2064,1500,1.376,Critical,6
2026-03-08,BL,Valsad,10,847,1500,0.565,Moderate,6
2026-03-08,BL,Valsad,11,965,1500,0.643,Moderate,6
2026-03-08,BL,Valsad,12,607,1500,0.405,Moderate,6
2026-03-08,BL,Valsad,13,693,1500,0.462,Moderate,6
2026-03-08,BL,Valsad,14,457,1500,0.305,Low,6
2026-03-08,BL,Valsad,15,818,1500,0.545,Moderate,6
2026-03-08,BL,Valsad,16,792,1500,0.528,Moderate,6
2026-03-08,BL,Valsad,17,1691,1500,1.127,Critical,6
2026-03-08,BL,Valsad,18,2158,1500,1.439,Critical,6
2026-03-08,BL,Valsad,19,1746,1500,1.164,Critical,6
2026-03-08,BL,Valsad,20,887,1500,0.591,Moderate,6
2026-03-08,BL,Valsad,21,1311,1500,0.874,High,6
2026-03-08,BL,Valsad,22,593,1500,0.395,Low,6
2026-03-08,BL,Valsad,23,634,1500,0.423,Moderate,6
2026-03-08,ST,Surat,0,422,3000,0.141,Low,6
2026-03-08,ST,Surat,1,463,3000,0.154,Low,6
2026-03-08,ST,Surat,2,822,3000,0.274,Low,6
2026-03-08,ST,Surat,3,1275,3000,0.425,Moderate,6
2026-03-08,ST,Surat,4,493,3000,0.164,Low,6
2026-03-08,ST,Surat,5,3236,3000,1.079,Critical,6
2026-03-08,ST,Surat,6,2770,3000,0.923,Critical,6
2026-03-08,ST,Surat,7,12782,3000,4.261,Critical,6
2026-03-08,ST,Surat,8,9612,3000,3.204,Critical,6
2026-03-08,ST,Surat,9,12464,3000,4.155,Critical,6
2026-03-08,ST,Surat,10,5468,3000,1.823,Critical,6
2026-03-08,ST,Surat,11,6054,3000,2.018,Critical,6
2026-03-08,ST,Surat,12,5087,3000,1.696,Critical,6
2026-03-08,ST,Surat,13,3470,3000,1.157,Critical,6
2026-03-08,ST,Surat,14,4610,3000,1.537,Critical,6
2026-03-08,ST,Surat,15,6867,3000,2.289,Critical,6
2026-03-08,ST,Surat,16,4902,3000,1.634,Critical,6
2026-03-08,ST,Surat,17,10752,3000,3.584,Critical,6
2026-03-08,ST,Surat,18,6397,3000,2.132,Critical,6
2026-03-08,ST,Surat,19,15292,3000,5.097,Critical,6
2026-03-08,ST,Surat,20,4344,3000,1.448,Critical,6
2026-03-08,ST,Surat,21,5686,3000,1.895,Critical,6
2026-03-08,ST,Surat,22,3422,3000,1.141,Critical,6
2026-03-08,ST,Surat,23,3859,3000,1.286,Critical,6
2026-03-08,BRC,Vadodara Junction,0,816,3500,0.233,Low,6
2026-03-08,BRC,Vadodara Junction,1,816,3500,0.233,Low,6
2026-03-08,BRC,Vadodara Junction,2,1091,3500,0.312,Low,6
2026-03-08,BRC,Vadodara Junction,3,825,3500,0.236,Low,6
2026-03-08,BRC,Vadodara Junction,4,414,3500,0.118,Low,6
2026-03-08,BRC,Vadodara Junction,5,3631,3500,1.037,Critical,6
2026-03-08,BRC,Vadodara Junction,6,4022,3500,1.149,Critical,6
2026-03-08,BRC,Vadodara Junction,7,9864,3500,2.818,Critical,6
2026-03-08,BRC,Vadodara Junction,8,8592,3500,2.455,Critical,6
2026-03-08,BRC,Vadodara Junction,9,8538,3500,2.439,Critical,6
2026-03-08,BRC,Vadodara Junction,10,7343,3500,2.098,Critical,6
2026-03-08,BRC,Vadodara Junction,11,4579,3500,1.308,Critical,6
2026-03-08,BRC,Vadodara Junction,12,3610,3500,1.031,Critical,6
2026-03-08,BRC,Vadodara Junction,13,4303,3500,1.229,Critical,6
2026-03-08,BRC,Vadodara Junction,14,2987,3500,0.853,High,6
2026-03-08,BRC,Vadodara Junction,15,5352,3500,1.529,Critical,6
2026-03-08,BRC,Vadodara Junction,16,5176,3500,1.479,Critical,6
2026-03-08,BRC,Vadodara Junction,17,8376,3500,2.393,Critical,6
2026-03-08,BRC,Vadodara Junction,18,8847,3500,2.528,Critical,6
2026-03-08,BRC,Vadodara Junction,19,6942,3500,1.983,Critical,6
2026-03-08,BRC,Vadodara Junction,20,4498,3500,1.285,Critical,6
2026-03-08,BRC,Vadodara Junction,21,6982,3500,1.995,Critical,6
2026-03-08,BRC,Vadodara Junction,22,3937,3500,1.125,Critical,6
2026-03-08,BRC,Vadodara Junction,23,4370,3500,1.249,Critical,6
2026-03-08,RTM,Ratlam Junction,0,409,2500,0.164,Low,6
2026-03-08,RTM,Ratlam Junction,1,330,2500,0.132,Low,6
2026-03-08,RTM,Ratlam Junction,2,221,2500,0.088,Low,6
2026-03-08,RTM,Ratlam Junction,3,295,2500,0.118,Low,6
2026-03-08,RTM,Ratlam Junction,4,201,2500,0.08,Low,6
2026-03-08,RTM,Ratlam Junction,5,1938,2500,0.775,High,6
2026-03-08,RTM,Ratlam Junction,6,1694,2500,0.678,Moderate,6
2026-03-08,RTM,Ratlam Junction,7,3756,2500,1.502,Critical,6
2026-03-08,RTM,Ratlam Junction,8,3169,2500,1.268,Critical,6
2026-03-08,RTM,Ratlam Junction,9,3250,2500,1.3,Critical,6
2026-03-08,RTM,Ratlam Junction,10,2043,2500,0.817,High,6
2026-03-08,RTM,Ratlam Junction,11,2277,2500,0.911,Critical,6
2026-03-08,RTM,Ratlam Junction,12,1365,2500,0.546,Moderate,6
2026-03-08,RTM,Ratlam Junction,13,1267,2500,0.507,Moderate,6
2026-03-08,RTM,Ratlam Junction,14,1501,2500,0.6,Moderate,6
2026-03-08,RTM,Ratlam Junction,15,1707,2500,0.683,Moderate,6
2026-03-08,RTM,Ratlam Junction,16,1789,2500,0.716,High,6
2026-03-08,RTM,Ratlam Junction,17,3645,2500,1.458,Critical,6
2026-03-08,RTM,Ratlam Junction,18,2759,2500,1.104,Critical,6
2026-03-08,RTM,Ratlam Junction,19,5590,2500,2.236,Critical,6
2026-03-08,RTM,Ratlam Junction,20,2290,2500,0.916,Critical,6
2026-03-08,RTM,Ratlam Junction,21,2122,2500,0.849,High,6
2026-03-08,RTM,Ratlam Junction,22,1678,2500,0.671,Moderate,6
2026-03-08,RTM,Ratlam Junction,23,1352,2500,0.541,Moderate,6
2026-03-08,KOTA,Kota Junction,0,265,3000,0.088,Low,6
2026-03-08,KOTA,Kota Junction,1,404,3000,0.135,Low,6
2026-03-08,KOTA,Kota Junction,2,311,3000,0.104,Low,6
2026-03-08,KOTA,Kota Junction,3,585,3000,0.195,Low,6
2026-03-08,KOTA,Kota Junction,4,350,3000,0.117,Low,6
2026-03-08,KOTA,Kota Junction,5,1654,3000,0.551,Moderate,6
2026-03-08,KOTA,Kota Junction,6,1460,3000,0.487,Moderate,6
2026-03-08,KOTA,Kota Junction,7,3729,3000,1.243,Critical,6
2026-03-08,KOTA,Kota Junction,8,5105,3000,1.702,Critical,6
2026-03-08,KOTA,Kota Junction,9,6579,3000,2.193,Critical,6
2026-03-08,KOTA,Kota Junction,10,3752,3000,1.251,Critical,6
2026-03-08,KOTA,Kota Junction,11,2464,3000,0.821,High,6
2026-03-08,KOTA,Kota Junction,12,1783,3000,0.594,Moderate,6
2026-03-08,KOTA,Kota Junction,13,1918,3000,0.639,Moderate,6
2026-03-08,KOTA,Kota Junction,14,2594,3000,0.865,High,6
2026-03-08,KOTA,Kota Junction,15,3692,3000,1.231,Critical,6
2026-03-08,KOTA,Kota Junction,16,3075,3000,1.025,Critical,6
2026-03-08,KOTA,Kota Junction,17,7033,3000,2.344,Critical,6
2026-03-08,KOTA,Kota Junction,18,5282,3000,1.761,Critical,6
2026-03-08,KOTA,Kota Junction,19,6548,3000,2.183,Critical,6
2026-03-08,KOTA,Kota Junction,20,2527,3000,0.842,High,6
2026-03-08,KOTA,Kota Junction,21,2844,3000,0.948,Critical,6
2026-03-08,KOTA,Kota Junction,22,2008,3000,0.669,Moderate,6
2026-03-08,KOTA,Kota Junction,23,2094,3000,0.698,Moderate,6
2026-03-08,SWM,Sawai Madhopur,0,97,2000,0.049,Low,6
2026-03-08,SWM,Sawai Madhopur,1,193,2000,0.097,Low,6
2026-03-08,SWM,Sawai Madhopur,2,218,2000,0.109,Low,6
2026-03-08,SWM,Sawai Madhopur,3,199,2000,0.1,Low,6
2026-03-08,SWM,Sawai Madhopur,4,77,2000,0.038,Low,6
2026-03-08,SWM,Sawai Madhopur,5,783,2000,0.392,Low,6
2026-03-08,SWM,Sawai Madhopur,6,836,2000,0.418,Moderate,6
2026-03-08,SWM,Sawai Madhopur,7,1794,2000,0.897,High,6
2026-03-08,SWM,Sawai Madhopur,8,1968,2000,0.984,Critical,6
2026-03-08,SWM,Sawai Madhopur,9,2048,2000,1.024,Critical,6
2026-03-08,SWM,Sawai Madhopur,10,960,2000,0.48,Moderate,6
2026-03-08,SWM,Sawai Madhopur,11,1592,2000,0.796,High,6
2026-03-08,SWM,Sawai Madhopur,12,696,2000,0.348,Low,6
2026-03-08,SWM,Sawai Madhopur,13,877,2000,0.439,Moderate,6
2026-03-08,SWM,Sawai Madhopur,14,689,2000,0.344,Low,6
2026-03-08,SWM,Sawai Madhopur,15,1381,2000,0.691,Moderate,6
2026-03-08,SWM,Sawai Madhopur,16,1283,2000,0.641,Moderate,6
2026-03-08,SWM,Sawai Madhopur,17,1528,2000,0.764,High,6
2026-03-08,SWM,Sawai Madhopur,18,1629,2000,0.815,High,6
2026-03-08,SWM,Sawai Madhopur,19,2054,2000,1.027,Critical,6
2026-03-08,SWM,Sawai Madhopur,20,1197,2000,0.599,Moderate,6
2026-03-08,SWM,Sawai Madhopur,21,1362,2000,0.681,Moderate,6
2026-03-08,SWM,Sawai Madhopur,22,902,2000,0.451,Moderate,6
2026-03-08,SWM,Sawai Madhopur,23,735,2000,0.367,Low,6
2026-03-08,MTJ,Mathura Junction,0,388,3000,0.129,Low,6
2026-03-08,MTJ,Mathura Junction,1,360,3000,0.12,Low,6
2026-03-08,MTJ,Mathura Junction,2,578,3000,0.193,Low,6
2026-03-08,MTJ,Mathura Junction,3,266,3000,0.089,Low,6
2026-03-08,MTJ,Mathura Junction,4,277,3000,0.092,Low,6
2026-03-08,MTJ,Mathura Junction,5,3030,3000,1.01,Critical,6
2026-03-08,MTJ,Mathura Junction,6,2256,3000,0.752,High,6
2026-03-08,MTJ,Mathura Junction,7,6250,3000,2.083,Critical,6
2026-03-08,MTJ,Mathura Junction,8,8088,3000,2.696,Critical,6
2026-03-08,MTJ,Mathura Junction,9,6198,3000,2.066,Critical,6
2026-03-08,MTJ,Mathura Junction,10,3632,3000,1.211,Critical,6
2026-03-08,MTJ,Mathura Junction,11,3446,3000,1.149,Critical,6
2026-03-08,MTJ,Mathura Junction,12,2088,3000,0.696,Moderate,6
2026-03-08,MTJ,Mathura Junction,13,2325,3000,0.775,High,6
2026-03-08,MTJ,Mathura Junction,14,2386,3000,0.795,High,6
2026-03-08,MTJ,Mathura Junction,15,3327,3000,1.109,Critical,6
2026-03-08,MTJ,Mathura Junction,16,4476,3000,1.492,Critical,6
2026-03-08,MTJ,Mathura Junction,17,8308,3000,2.769,Critical,6
2026-03-08,MTJ,Mathura Junction,18,7083,3000,2.361,Critical,6
2026-03-08,MTJ,Mathura Junction,19,7137,3000,2.379,Critical,6
2026-03-08,MTJ,Mathura Junction,20,3383,3000,1.128,Critical,6
2026-03-08,MTJ,Mathura Junction,21,3095,3000,1.032,Critical,6
2026-03-08,MTJ,Mathura Junction,22,2213,3000,0.738,High,6
2026-03-08,MTJ,Mathura Junction,23,2475,3000,0.825,High,6
2026-03-08,NDLS,New Delhi,0,5038,8000,0.63,Moderate,6
2026-03-08,NDLS,New Delhi,1,3597,8000,0.45,Moderate,6
2026-03-08,NDLS,New Delhi,2,2979,8000,0.372,Low,6
2026-03-08,NDLS,New Delhi,3,4920,8000,0.615,Moderate,6
2026-03-08,NDLS,New Delhi,4,5254,8000,0.657,Moderate,6
2026-03-08,NDLS,New Delhi,5,14508,8000,1.813,Critical,6
2026-03-08,NDLS,New Delhi,6,22004,8000,2.751,Critical,6
2026-03-08,NDLS,New Delhi,7,54574,8000,6.822,Critical,6
2026-03-08,NDLS,New Delhi,8,46335,8000,5.792,Critical,6
2026-03-08,NDLS,New Delhi,9,45002,8000,5.625,Critical,6
2026-03-08,NDLS,New Delhi,10,28277,8000,3.535,Critical,6
2026-03-08,NDLS,New Delhi,11,35461,8000,4.433,Critical,6
2026-03-08,NDLS,New Delhi,12,21573,8000,2.697,Critical,6
2026-03-08,NDLS,New Delhi,13,17018,8000,2.127,Critical,6
2026-03-08,NDLS,New Delhi,14,21233,8000,2.654,Critical,6
2026-03-08,NDLS,New Delhi,15,29370,8000,3.671,Critical,6
2026-03-08,NDLS,New Delhi,16,23989,8000,2.999,Critical,6
2026-03-08,NDLS,New Delhi,17,57795,8000,7.224,Critical,6
2026-03-08,NDLS,New Delhi,18,44546,8000,5.568,Critical,6
2026-03-08,NDLS,New Delhi,19,64974,8000,8.122,Critical,6
2026-03-08,NDLS,New Delhi,20,27569,8000,3.446,Critical,6
2026-03-08,NDLS,New Delhi,21,33817,8000,4.227,Critical,6
2026-03-08,NDLS,New Delhi,22,18516,8000,2.314,Critical,6
2026-03-08,NDLS,New Delhi,23,14277,8000,1.785,Critical,6
2026-03-08,CSMT,Mumbai CSMT,0,3784,9000,0.42,Moderate,6
2026-03-08,CSMT,Mumbai CSMT,1,1908,9000,0.212,Low,6
2026-03-08,CSMT,Mumbai CSMT,2,3722,9000,0.414,Moderate,6
2026-03-08,CSMT,Mumbai CSMT,3,4232,9000,0.47,Moderate,6
2026-03-08,CSMT,Mumbai CSMT,4,1910,9000,0.212,Low,6
2026-03-08,CSMT,Mumbai CSMT,5,12304,9000,1.367,Critical,6
2026-03-08,CSMT,Mumbai CSMT,6,17014,9000,1.89,Critical,6
2026-03-08,CSMT,Mumbai CSMT,7,47733,9000,5.304,Critical,6
2026-03-08,CSMT,Mumbai CSMT,8,35828,9000,3.981,Critical,6
2026-03-08,CSMT,Mumbai CSMT,9,53970,9000,5.997,Critical,6
2026-03-08,CSMT,Mumbai CSMT,10,25468,9000,2.83,Critical,6
2026-03-08,CSMT,Mumbai CSMT,11,15485,9000,1.721,Critical,6
2026-03-08,CSMT,Mumbai CSMT,12,17752,9000,1.972,Critical,6
2026-03-08,CSMT,Mumbai CSMT,13,11661,9000,1.296,Critical,6
2026-03-08,CSMT,Mumbai CSMT,14,13697,9000,1.522,Critical,6
2026-03-08,CSMT,Mumbai CSMT,15,20534,9000,2.282,Critical,6
2026-03-08,CSMT,Mumbai CSMT,16,19558,9000,2.173,Critical,6
2026-03-08,CSMT,Mumbai CSMT,17,48383,9000,5.376,Critical,6
2026-03-08,CSMT,Mumbai CSMT,18,39397,9000,4.377,Critical,6
2026-03-08,CSMT,Mumbai CSMT,19,29742,9000,3.305,Critical,6
2026-03-08,CSMT,Mumbai CSMT,20,15730,9000,1.748,Critical,6
2026-03-08,CSMT,Mumbai CSMT,21,24835,9000,2.759,Critical,6
2026-03-08,CSMT,Mumbai CSMT,22,15661,9000,1.74,Critical,6
2026-03-08,CSMT,Mumbai CSMT,23,13338,9000,1.482,Critical,6
2026-03-08,KYN,Kalyan Junction,0,666,4000,0.167,Low,6
2026-03-08,KYN,Kalyan Junction,1,1033,4000,0.258,Low,6
2026-03-08,KYN,Kalyan Junction,2,583,4000,0.146,Low,6
2026-03-08,KYN,Kalyan Junction,3,835,4000,0.209,Low,6
2026-03-08,KYN,Kalyan Junction,4,738,4000,0.184,Low,6
2026-03-08,KYN,Kalyan Junction,5,4259,4000,1.065,Critical,6
2026-03-08,KYN,Kalyan Junction,6,4905,4000,1.226,Critical,6
2026-03-08,KYN,Kalyan Junction,7,10665,4000,2.666,Critical,6
2026-03-08,KYN,Kalyan Junction,8,10350,4000,2.587,Critical,6
2026-03-08,KYN,Kalyan Junction,9,16294,4000,4.074,Critical,6
2026-03-08,KYN,Kalyan Junction,10,6493,4000,1.623,Critical,6
2026-03-08,KYN,Kalyan Junction,11,7460,4000,1.865,Critical,6
2026-03-08,KYN,Kalyan Junction,12,3076,4000,0.769,High,6
2026-03-08,KYN,Kalyan Junction,13,4708,4000,1.177,Critical,6
2026-03-08,KYN,Kalyan Junction,14,4830,4000,1.208,Critical,6
2026-03-08,KYN,Kalyan Junction,15,5896,4000,1.474,Critical,6
2026-03-08,KYN,Kalyan Junction,16,4569,4000,1.142,Critical,6
2026-03-08,KYN,Kalyan Junction,17,7045,4000,1.761,Critical,6
2026-03-08,KYN,Kalyan Junction,18,12138,4000,3.034,Critical,6
2026-03-08,KYN,Kalyan Junction,19,15992,4000,3.998,Critical,6
2026-03-08,KYN,Kalyan Junction,20,8338,4000,2.084,Critical,6
2026-03-08,KYN,Kalyan Junction,21,5357,4000,1.339,Critical,6
2026-03-08,KYN,Kalyan Junction,22,3538,4000,0.884,High,6
2026-03-08,KYN,Kalyan Junction,23,3239,4000,0.81,High,6
2026-03-08,NMD,Nashik Road,0,420,2000,0.21,Low,6
2026-03-08,NMD,Nashik Road,1,270,2000,0.135,Low,6
2026-03-08,NMD,Nashik Road,2,236,2000,0.118,Low,6
2026-03-08,NMD,Nashik Road,3,410,2000,0.205,Low,6
2026-03-08,NMD,Nashik Road,4,279,2000,0.14,Low,6
2026-03-08,NMD,Nashik Road,5,1845,2000,0.922,Critical,6
2026-03-08,NMD,Nashik Road,6,2255,2000,1.127,Critical,6
2026-03-08,NMD,Nashik Road,7,4342,2000,2.171,Critical,6
2026-03-08,NMD,Nashik Road,8,4561,2000,2.28,Critical,6
2026-03-08,NMD,Nashik Road,9,4427,2000,2.213,Critical,6
2026-03-08,NMD,Nashik Road,10,2175,2000,1.087,Critical,6
2026-03-08,NMD,Nashik Road,11,1974,2000,0.987,Critical,6
2026-03-08,NMD,Nashik Road,12,2126,2000,1.063,Critical,6
2026-03-08,NMD,Nashik Road,13,1298,2000,0.649,Moderate,6
2026-03-08,NMD,Nashik Road,14,1525,2000,0.762,High,6
2026-03-08,NMD,Nashik Road,15,2863,2000,1.431,Critical,6
2026-03-08,NMD,Nashik Road,16,2548,2000,1.274,Critical,6
2026-03-08,NMD,Nashik Road,17,5870,2000,2.935,Critical,6
2026-03-08,NMD,Nashik Road,18,5634,2000,2.817,Critical,6
2026-03-08,NMD,Nashik Road,19,4700,2000,2.35,Critical,6
2026-03-08,NMD,Nashik Road,20,2595,2000,1.298,Critical,6
2026-03-08,NMD,Nashik Road,21,2607,2000,1.304,Critical,6
2026-03-08,NMD,Nashik Road,22,1231,2000,0.616,Moderate,6
2026-03-08,NMD,Nashik Road,23,1423,2000,0.712,High,6
2026-03-08,MMR,Manmad Junction,0,206,2500,0.082,Low,6
2026-03-08,MMR,Manmad Junction,1,351,2500,0.14,Low,6
2026-03-08,MMR,Manmad Junction,2,156,2500,0.062,Low,6
2026-03-08,MMR,Manmad Junction,3,321,2500,0.128,Low,6
2026-03-08,MMR,Manmad Junction,4,364,2500,0.146,Low,6
2026-03-08,MMR,Manmad Junction,5,1393,2500,0.557,Moderate,6
2026-03-08,MMR,Manmad Junction,6,1220,2500,0.488,Moderate,6
2026-03-08,MMR,Manmad Junction,7,3189,2500,1.276,Critical,6
2026-03-08,MMR,Manmad Junction,8,3084,2500,1.234,Critical,6
2026-03-08,MMR,Manmad Junction,9,3676,2500,1.47,Critical,6
2026-03-08,MMR,Manmad Junction,10,1989,2500,0.796,High,6
2026-03-08,MMR,Manmad Junction,11,1778,2500,0.711,High,6
2026-03-08,MMR,Manmad Junction,12,1443,2500,0.577,Moderate,6
2026-03-08,MMR,Manmad Junction,13,1326,2500,0.53,Moderate,6
2026-03-08,MMR,Manmad Junction,14,1336,2500,0.534,Moderate,6
2026-03-08,MMR,Manmad Junction,15,1788,2500,0.715,High,6
2026-03-08,MMR,Manmad Junction,16,1360,2500,0.544,Moderate,6
2026-03-08,MMR,Manmad Junction,17,2575,2500,1.03,Critical,6
2026-03-08,MMR,Manmad Junction,18,3787,2500,1.515,Critical,6
2026-03-08,MMR,Manmad Junction,19,4262,2500,1.705,Critical,6
2026-03-08,MMR,Manmad Junction,20,1796,2500,0.718,High,6
2026-03-08,MMR,Manmad Junction,21,1874,2500,0.75,High,6
2026-03-08,MMR,Manmad Junction,22,870,2500,0.348,Low,6
2026-03-08,MMR,Manmad Junction,23,1312,2500,0.525,Moderate,6
2026-03-08,BSL,Bhusawal Junction,0,478,3000,0.159,Low,6
2026-03-08,BSL,Bhusawal Junction,1,462,3000,0.154,Low,6
2026-03-08,BSL,Bhusawal Junction,2,232,3000,0.077,Low,6
2026-03-08,BSL,Bhusawal Junction,3,395,3000,0.132,Low,6
2026-03-08,BSL,Bhusawal Junction,4,223,3000,0.074,Low,6
2026-03-08,BSL,Bhusawal Junction,5,2095,3000,0.698,Moderate,6
2026-03-08,BSL,Bhusawal Junction,6,1802,3000,0.601,Moderate,6
2026-03-08,BSL,Bhusawal Junction,7,4265,3000,1.422,Critical,6
2026-03-08,BSL,Bhusawal Junction,8,4510,3000,1.503,Critical,6
2026-03-08,BSL,Bhusawal Junction,9,6727,3000,2.242,Critical,6
2026-03-08,BSL,Bhusawal Junction,10,2470,3000,0.823,High,6
2026-03-08,BSL,Bhusawal Junction,11,3442,3000,1.147,Critical,6
2026-03-08,BSL,Bhusawal Junction,12,1685,3000,0.562,Moderate,6
2026-03-08,BSL,Bhusawal Junction,13,2043,3000,0.681,Moderate,6
2026-03-08,BSL,Bhusawal Junction,14,1968,3000,0.656,Moderate,6
2026-03-08,BSL,Bhusawal Junction,15,3246,3000,1.082,Critical,6
2026-03-08,BSL,Bhusawal Junction,16,3065,3000,1.022,Critical,6
2026-03-08,BSL,Bhusawal Junction,17,5039,3000,1.68,Critical,6
2026-03-08,BSL,Bhusawal Junction,18,5355,3000,1.785,Critical,6
2026-03-08,BSL,Bhusawal Junction,19,5666,3000,1.889,Critical,6
2026-03-08,BSL,Bhusawal Junction,20,2990,3000,0.997,Critical,6
2026-03-08,BSL,Bhusawal Junction,21,2194,3000,0.731,High,6
2026-03-08,BSL,Bhusawal Junction,22,1787,3000,0.596,Moderate,6
2026-03-08,BSL,Bhusawal Junction,23,1909,3000,0.636,Moderate,6
2026-03-08,ET,Itarsi Junction,0,229,3500,0.065,Low,6
2026-03-08,ET,Itarsi Junction,1,346,3500,0.099,Low,6
2026-03-08,ET,Itarsi Junction,2,514,3500,0.147,Low,6
2026-03-08,ET,Itarsi Junction,3,406,3500,0.116,Low,6
2026-03-08,ET,Itarsi Junction,4,511,3500,0.146,Low,6
2026-03-08,ET,Itarsi Junction,5,1375,3500,0.393,Low,6
2026-03-08,ET,Itarsi Junction,6,2037,3500,0.582,Moderate,6
2026-03-08,ET,Itarsi Junction,7,4102,3500,1.172,Critical,6
2026-03-08,ET,Itarsi Junction,8,3510,3500,1.003,Critical,6
2026-03-08,ET,Itarsi Junction,9,4051,3500,1.157,Critical,6
2026-03-08,ET,Itarsi Junction,10,2604,3500,0.744,High,6
2026-03-08,ET,Itarsi Junction,11,2957,3500,0.845,High,6
2026-03-08,ET,Itarsi Junction,12,1463,3500,0.418,Moderate,6
2026-03-08,ET,Itarsi Junction,13,1511,3500,0.432,Moderate,6
2026-03-08,ET,Itarsi Junction,14,1572,3500,0.449,Moderate,6
2026-03-08,ET,Itarsi Junction,15,2630,3500,0.751,High,6
2026-03-08,ET,Itarsi Junction,16,2741,3500,0.783,High,6
2026-03-08,ET,Itarsi Junction,17,4692,3500,1.341,Critical,6
2026-03-08,ET,Itarsi Junction,18,4487,3500,1.282,Critical,6
2026-03-08,ET,Itarsi Junction,19,6385,3500,1.824,Critical,6
2026-03-08,ET,Itarsi Junction,20,2755,3500,0.787,High,6
2026-03-08,ET,Itarsi Junction,21,2593,3500,0.741,High,6
2026-03-08,ET,Itarsi Junction,22,1417,3500,0.405,Moderate,6
2026-03-08,ET,Itarsi Junction,23,1704,3500,0.487,Moderate,6
2026-03-08,BPL,Bhopal Junction,0,477,3000,0.159,Low,6
2026-03-08,BPL,Bhopal Junction,1,467,3000,0.156,Low,6
2026-03-08,BPL,Bhopal Junction,2,556,3000,0.185,Low,6
2026-03-08,BPL,Bhopal Junction,3,484,3000,0.161,Low,6
2026-03-08,BPL,Bhopal Junction,4,445,3000,0.148,Low,6
2026-03-08,BPL,Bhopal Junction,5,3793,3000,1.264,Critical,6
2026-03-08,BPL,Bhopal Junction,6,2953,3000,0.984,Critical,6
2026-03-08,BPL,Bhopal Junction,7,6737,3000,2.246,Critical,6
2026-03-08,BPL,Bhopal Junction,8,8660,3000,2.887,Critical,6
2026-03-08,BPL,Bhopal Junction,9,10640,3000,3.547,Critical,6
2026-03-08,BPL,Bhopal Junction,10,3695,3000,1.232,Critical,6
2026-03-08,BPL,Bhopal Junction,11,5969,3000,1.99,Critical,6
2026-03-08,BPL,Bhopal Junction,12,2694,3000,0.898,High,6
2026-03-08,BPL,Bhopal Junction,13,3231,3000,1.077,Critical,6
2026-03-08,BPL,Bhopal Junction,14,2735,3000,0.912,Critical,6
2026-03-08,BPL,Bhopal Junction,15,5540,3000,1.847,Critical,6
2026-03-08,BPL,Bhopal Junction,16,3613,3000,1.204,Critical,6
2026-03-08,BPL,Bhopal Junction,17,6920,3000,2.307,Critical,6
2026-03-08,BPL,Bhopal Junction,18,8335,3000,2.778,Critical,6
2026-03-08,BPL,Bhopal Junction,19,8003,3000,2.668,Critical,6
2026-03-08,BPL,Bhopal Junction,20,4100,3000,1.367,Critical,6
2026-03-08,BPL,Bhopal Junction,21,3332,3000,1.111,Critical,6
2026-03-08,BPL,Bhopal Junction,22,3420,3000,1.14,Critical,6
2026-03-08,BPL,Bhopal Junction,23,2761,3000,0.92,Critical,6
2026-03-08,JHS,Jhansi Junction,0,332,4000,0.083,Low,6
2026-03-08,JHS,Jhansi Junction,1,273,4000,0.068,Low,6
2026-03-08,JHS,Jhansi Junction,2,554,4000,0.139,Low,6
2026-03-08,JHS,Jhansi Junction,3,618,4000,0.154,Low,6
2026-03-08,JHS,Jhansi Junction,4,734,4000,0.183,Low,6
2026-03-08,JHS,Jhansi Junction,5,2022,4000,0.505,Moderate,6
2026-03-08,JHS,Jhansi Junction,6,1710,4000,0.427,Moderate,6
2026-03-08,JHS,Jhansi Junction,7,6385,4000,1.596,Critical,6
2026-03-08,JHS,Jhansi Junction,8,7469,4000,1.867,Critical,6
2026-03-08,JHS,Jhansi Junction,9,7725,4000,1.931,Critical,6
2026-03-08,JHS,Jhansi Junction,10,2361,4000,0.59,Moderate,6
2026-03-08,JHS,Jhansi Junction,11,3665,4000,0.916,Critical,6
2026-03-08,JHS,Jhansi Junction,12,2426,4000,0.607,Moderate,6
2026-03-08,JHS,Jhansi Junction,13,1938,4000,0.484,Moderate,6
2026-03-08,JHS,Jhansi Junction,14,3190,4000,0.797,High,6
2026-03-08,JHS,Jhansi Junction,15,4088,4000,1.022,Critical,6
2026-03-08,JHS,Jhansi Junction,16,3960,4000,0.99,Critical,6
2026-03-08,JHS,Jhansi Junction,17,4970,4000,1.242,Critical,6
2026-03-08,JHS,Jhansi Junction,18,4827,4000,1.207,Critical,6
2026-03-08,JHS,Jhansi Junction,19,7042,4000,1.76,Critical,6
2026-03-08,JHS,Jhansi Junction,20,2908,4000,0.727,High,6
2026-03-08,JHS,Jhansi Junction,21,2581,4000,0.645,Moderate,6
2026-03-08,JHS,Jhansi Junction,22,2881,4000,0.72,High,6
2026-03-08,JHS,Jhansi Junction,23,2224,4000,0.556,Moderate,6
2026-03-08,GWL,Gwalior Junction,0,468,2500,0.187,Low,6
2026-03-08,GWL,Gwalior Junction,1,383,2500,0.153,Low,6
2026-03-08,GWL,Gwalior Junction,2,216,2500,0.086,Low,6
2026-03-08,GWL,Gwalior Junction,3,327,2500,0.131,Low,6
2026-03-08,GWL,Gwalior Junction,4,393,2500,0.157,Low,6
2026-03-08,GWL,Gwalior Junction,5,2151,2500,0.86,High,6
2026-03-08,GWL,Gwalior Junction,6,2367,2500,0.947,Critical,6
2026-03-08,GWL,Gwalior Junction,7,7678,2500,3.071,Critical,6
2026-03-08,GWL,Gwalior Junction,8,4477,2500,1.791,Critical,6
2026-03-08,GWL,Gwalior Junction,9,4691,2500,1.876,Critical,6
2026-03-08,GWL,Gwalior Junction,10,2701,2500,1.08,Critical,6
2026-03-08,GWL,Gwalior Junction,11,3830,2500,1.532,Critical,6
2026-03-08,GWL,Gwalior Junction,12,2371,2500,0.948,Critical,6
2026-03-08,GWL,Gwalior Junction,13,1682,2500,0.673,Moderate,6
2026-03-08,GWL,Gwalior Junction,14,2167,2500,0.867,High,6
2026-03-08,GWL,Gwalior Junction,15,3067,2500,1.227,Critical,6
2026-03-08,GWL,Gwalior Junction,16,2706,2500,1.082,Critical,6
2026-03-08,GWL,Gwalior Junction,17,4573,2500,1.829,Critical,6
2026-03-08,GWL,Gwalior Junction,18,4806,2500,1.922,Critical,6
2026-03-08,GWL,Gwalior Junction,19,4072,2500,1.629,Critical,6
2026-03-08,GWL,Gwalior Junction,20,2887,2500,1.155,Critical,6
2026-03-08,GWL,Gwalior Junction,21,2360,2500,0.944,Critical,6
2026-03-08,GWL,Gwalior Junction,22,1808,2500,0.723,High,6
2026-03-08,GWL,Gwalior Junction,23,1764,2500,0.706,High,6
2026-03-08,AGC,Agra Cantt,0,435,3000,0.145,Low,6
2026-03-08,AGC,Agra Cantt,1,254,3000,0.085,Low,6
2026-03-08,AGC,Agra Cantt,2,516,3000,0.172,Low,6
2026-03-08,AGC,Agra Cantt,3,592,3000,0.197,Low,6
2026-03-08,AGC,Agra Cantt,4,322,3000,0.107,Low,6
2026-03-08,AGC,Agra Cantt,5,2776,3000,0.925,Critical,6
2026-03-08,AGC,Agra Cantt,6,2281,3000,0.76,High,6
2026-03-08,AGC,Agra Cantt,7,5532,3000,1.844,Critical,6
2026-03-08,AGC,Agra Cantt,8,9130,3000,3.043,Critical,6
2026-03-08,AGC,Agra Cantt,9,6030,3000,2.01,Critical,6
2026-03-08,AGC,Agra Cantt,10,4196,3000,1.399,Critical,6
2026-03-08,AGC,Agra Cantt,11,4614,3000,1.538,Critical,6
2026-03-08,AGC,Agra Cantt,12,2799,3000,0.933,Critical,6
2026-03-08,AGC,Agra Cantt,13,2417,3000,0.806,High,6
2026-03-08,AGC,Agra Cantt,14,2249,3000,0.75,High,6
2026-03-08,AGC,Agra Cantt,15,4155,3000,1.385,Critical,6
2026-03-08,AGC,Agra Cantt,16,3435,3000,1.145,Critical,6
2026-03-08,AGC,Agra Cantt,17,5733,3000,1.911,Critical,6
2026-03-08,AGC,Agra Cantt,18,4820,3000,1.607,Critical,6
2026-03-08,AGC,Agra Cantt,19,6780,3000,2.26,Critical,6
2026-03-08,AGC,Agra Cantt,20,4150,3000,1.383,Critical,6
2026-03-08,AGC,Agra Cantt,21,3732,3000,1.244,Critical,6
2026-03-08,AGC,Agra Cantt,22,2477,3000,0.826,High,6
2026-03-08,AGC,Agra Cantt,23,2870,3000,0.957,Critical,6
2026-03-07,MMCT,Mumbai Central,0,1057,4000,0.264,Low,5
2026-03-07,MMCT,Mumbai Central,1,1044,4000,0.261,Low,5
2026-03-07,MMCT,Mumbai Central,2,1084,4000,0.271,Low,5
2026-03-07,MMCT,Mumbai Central,3,850,4000,0.212,Low,5
2026-03-07,MMCT,Mumbai Central,4,1262,4000,0.316,Low,5
2026-03-07,MMCT,Mumbai Central,5,8652,4000,2.163,Critical,5
2026-03-07,MMCT,Mumbai Central,6,7919,4000,1.98,Critical,5
2026-03-07,MMCT,Mumbai Central,7,20204,4000,5.051,Critical,5
2026-03-07,MMCT,Mumbai Central,8,24132,4000,6.033,Critical,5
2026-03-07,MMCT,Mumbai Central,9,17246,4000,4.311,Critical,5
2026-03-07,MMCT,Mumbai Central,10,10621,4000,2.655,Critical,5
2026-03-07,MMCT,Mumbai Central,11,7903,4000,1.976,Critical,5
2026-03-07,MMCT,Mumbai Central,12,7231,4000,1.808,Critical,5
2026-03-07,MMCT,Mumbai Central,13,5365,4000,1.341,Critical,5
2026-03-07,MMCT,Mumbai Central,14,7220,4000,1.805,Critical,5
2026-03-07,MMCT,Mumbai Central,15,8222,4000,2.055,Critical,5
2026-03-07,MMCT,Mumbai Central,16,8988,4000,2.247,Critical,5
2026-03-07,MMCT,Mumbai Central,17,16393,4000,4.098,Critical,5
2026-03-07,MMCT,Mumbai Central,18,15817,4000,3.954,Critical,5
2026-03-07,MMCT,Mumbai Central,19,17876,4000,4.469,Critical,5
2026-03-07,MMCT,Mumbai Central,20,6529,4000,1.632,Critical,5
2026-03-07,MMCT,Mumbai Central,21,11411,4000,2.853,Critical,5
2026-03-07,MMCT,Mumbai Central,22,4778,4000,1.194,Critical,5
2026-03-07,MMCT,Mumbai Central,23,4913,4000,1.228,Critical,5
2026-03-07,BVI,Borivali,0,620,3000,0.207,Low,5
2026-03-07,BVI,Borivali,1,533,3000,0.178,Low,5
2026-03-07,BVI,Borivali,2,504,3000,0.168,Low,5
2026-03-07,BVI,Borivali,3,720,3000,0.24,Low,5
2026-03-07,BVI,Borivali,4,317,3000,0.106,Low,5
2026-03-07,BVI,Borivali,5,3441,3000,1.147,Critical,5
2026-03-07,BVI,Borivali,6,2511,3000,0.837,High,5
2026-03-07,BVI,Borivali,7,7794,3000,2.598,Critical,5
2026-03-07,BVI,Borivali,8,9517,3000,3.172,Critical,5
2026-03-07,BVI,Borivali,9,6303,3000,2.101,Critical,5
2026-03-07,BVI,Borivali,10,4396,3000,1.465,Critical,5
2026-03-07,BVI,Borivali,11,4299,3000,1.433,Critical,5
2026-03-07,BVI,Borivali,12,2681,3000,0.894,High,5
2026-03-07,BVI,Borivali,13,3215,3000,1.072,Critical,5
2026-03-07,BVI,Borivali,14,3364,3000,1.121,Critical,5
2026-03-07,BVI,Borivali,15,5240,3000,1.747,Critical,5
2026-03-07,BVI,Borivali,16,5013,3000,1.671,Critical,5
2026-03-07,BVI,Borivali,17,9889,3000,3.296,Critical,5
2026-03-07,BVI,Borivali,18,9083,3000,3.028,Critical,5
2026-03-07,BVI,Borivali,19,7856,3000,2.619,Critical,5
2026-03-07,BVI,Borivali,20,4599,3000,1.533,Critical,5
2026-03-07,BVI,Borivali,21,4556,3000,1.519,Critical,5
2026-03-07,BVI,Borivali,22,3665,3000,1.222,Critical,5
2026-03-07,BVI,Borivali,23,3107,3000,1.036,Critical,5
2026-03-07,BL,Valsad,0,144,1500,0.096,Low,5
2026-03-07,BL,Valsad,1,149,1500,0.099,Low,5
2026-03-07,BL,Valsad,2,139,1500,0.093,Low,5
2026-03-07,BL,Valsad,3,187,1500,0.125,Low,5
2026-03-07,BL,Valsad,4,112,1500,0.075,Low,5
2026-03-07,BL,Valsad,5,664,1500,0.443,Moderate,5
2026-03-07,BL,Valsad,6,803,1500,0.535,Moderate,5
2026-03-07,BL,Valsad,7,1236,1500,0.824,High,5
2026-03-07,BL,Valsad,8,1851,1500,1.234,Critical,5
2026-03-07,BL,Valsad,9,1673,1500,1.115,Critical,5
2026-03-07,BL,Valsad,10,1169,1500,0.779,High,5
2026-03-07,BL,Valsad,11,1105,1500,0.737,High,5
2026-03-07,BL,Valsad,12,596,1500,0.397,Low,5
2026-03-07,BL,Valsad,13,659,1500,0.439,Moderate,5
2026-03-07,BL,Valsad,14,725,1500,0.483,Moderate,5
2026-03-07,BL,Valsad,15,685,1500,0.457,Moderate,5
2026-03-07,BL,Valsad,16,1134,1500,0.756,High,5
2026-03-07,BL,Valsad,17,1757,1500,1.171,Critical,5
2026-03-07,BL,Valsad,18,1944,1500,1.296,Critical,5
2026-03-07,BL,Valsad,19,2125,1500,1.417,Critical,5
2026-03-07,BL,Valsad,20,1246,1500,0.831,High,5
2026-03-07,BL,Valsad,21,891,1500,0.594,Moderate,5
2026-03-07,BL,Valsad,22,752,1500,0.501,Moderate,5
2026-03-07,BL,Valsad,23,597,1500,0.398,Low,5
2026-03-07,ST,Surat,0,969,3000,0.323,Low,5
2026-03-07,ST,Surat,1,902,3000,0.301,Low,5
2026-03-07,ST,Surat,2,716,3000,0.239,Low,5
2026-03-07,ST,Surat,3,1207,3000,0.402,Moderate,5
2026-03-07,ST,Surat,4,1054,3000,0.351,Low,5
2026-03-07,ST,Surat,5,4853,3000,1.618,Critical,5
2026-03-07,ST,Surat,6,3297,3000,1.099,Critical,5
2026-03-07,ST,Surat,7,9348,3000,3.116,Critical,5
2026-03-07,ST,Surat,8,6996,3000,2.332,Critical,5
2026-03-07,ST,Surat,9,12114,3000,4.038,Critical,5
2026-03-07,ST,Surat,10,6903,3000,2.301,Critical,5
2026-03-07,ST,Surat,11,4603,3000,1.534,Critical,5
2026-03-07,ST,Surat,12,5340,3000,1.78,Critical,5
2026-03-07,ST,Surat,13,3525,3000,1.175,Critical,5
2026-03-07,ST,Surat,14,3662,3000,1.221,Critical,5
2026-03-07,ST,Surat,15,4788,3000,1.596,Critical,5
2026-03-07,ST,Surat,16,6271,3000,2.09,Critical,5
2026-03-07,ST,Surat,17,14744,3000,4.915,Critical,5
2026-03-07,ST,Surat,18,9311,3000,3.104,Critical,5
2026-03-07,ST,Surat,19,13176,3000,4.392,Critical,5
2026-03-07,ST,Surat,20,6312,3000,2.104,Critical,5
2026-03-07,ST,Surat,21,5296,3000,1.765,Critical,5
2026-03-07,ST,Surat,22,3416,3000,1.139,Critical,5
2026-03-07,ST,Surat,23,3315,3000,1.105,Critical,5
2026-03-07,BRC,Vadodara Junction,0,577,3500,0.165,Low,5
2026-03-07,BRC,Vadodara Junction,1,740,3500,0.211,Low,5
2026-03-07,BRC,Vadodara Junction,2,323,3500,0.092,Low,5
2026-03-07,BRC,Vadodara Junction,3,562,3500,0.161,Low,5
2026-03-07,BRC,Vadodara Junction,4,429,3500,0.123,Low,5
2026-03-07,BRC,Vadodara Junction,5,3583,3500,1.024,Critical,5
2026-03-07,BRC,Vadodara Junction,6,4157,3500,1.188,Critical,5
2026-03-07,BRC,Vadodara Junction,7,8451,3500,2.415,Critical,5
2026-03-07,BRC,Vadodara Junction,8,12365,3500,3.533,Critical,5
2026-03-07,BRC,Vadodara Junction,9,8209,3500,2.345,Critical,5
2026-03-07,BRC,Vadodara Junction,10,5363,3500,1.532,Critical,5
2026-03-07,BRC,Vadodara Junction,11,5593,3500,1.598,Critical,5
2026-03-07,BRC,Vadodara Junction,12,3137,3500,0.896,High,5
2026-03-07,BRC,Vadodara Junction,13,3875,3500,1.107,Critical,5
2026-03-07,BRC,Vadodara Junction,14,3548,3500,1.014,Critical,5
2026-03-07,BRC,Vadodara Junction,15,4273,3500,1.221,Critical,5
2026-03-07,BRC,Vadodara Junction,16,4650,3500,1.329,Critical,5
2026-03-07,BRC,Vadodara Junction,17,10691,3500,3.055,Critical,5
2026-03-07,BRC,Vadodara Junction,18,8219,3500,2.348,Critical,5
2026-03-07,BRC,Vadodara Junction,19,11075,3500,3.164,Critical,5
2026-03-07,BRC,Vadodara Junction,20,5886,3500,1.682,Critical,5
2026-03-07,BRC,Vadodara Junction,21,4874,3500,1.393,Critical,5
2026-03-07,BRC,Vadodara Junction,22,4082,3500,1.166,Critical,5
2026-03-07,BRC,Vadodara Junction,23,3916,3500,1.119,Critical,5
2026-03-07,RTM,Ratlam Junction,0,146,2500,0.058,Low,5
2026-03-07,RTM,Ratlam Junction,1,336,2500,0.134,Low,5
2026-03-07,RTM,Ratlam Junction,2,425,2500,0.17,Low,5
2026-03-07,RTM,Ratlam Junction,3,465,2500,0.186,Low,5
2026-03-07,RTM,Ratlam Junction,4,369,2500,0.148,Low,5
2026-03-07,RTM,Ratlam Junction,5,1338,2500,0.535,Moderate,5
2026-03-07,RTM,Ratlam Junction,6,1292,2500,0.517,Moderate,5
2026-03-07,RTM,Ratlam Junction,7,4507,2500,1.803,Critical,5
2026-03-07,RTM,Ratlam Junction,8,3551,2500,1.42,Critical,5
2026-03-07,RTM,Ratlam Junction,9,4409,2500,1.764,Critical,5
2026-03-07,RTM,Ratlam Junction,10,2167,2500,0.867,High,5
2026-03-07,RTM,Ratlam Junction,11,2117,2500,0.847,High,5
2026-03-07,RTM,Ratlam Junction,12,1389,2500,0.556,Moderate,5
2026-03-07,RTM,Ratlam Junction,13,1189,2500,0.476,Moderate,5
2026-03-07,RTM,Ratlam Junction,14,1608,2500,0.643,Moderate,5
2026-03-07,RTM,Ratlam Junction,15,2321,2500,0.928,Critical,5
2026-03-07,RTM,Ratlam Junction,16,2347,2500,0.939,Critical,5
2026-03-07,RTM,Ratlam Junction,17,4851,2500,1.94,Critical,5
2026-03-07,RTM,Ratlam Junction,18,3175,2500,1.27,Critical,5
2026-03-07,RTM,Ratlam Junction,19,5403,2500,2.161,Critical,5
2026-03-07,RTM,Ratlam Junction,20,1540,2500,0.616,Moderate,5
2026-03-07,RTM,Ratlam Junction,21,2112,2500,0.845,High,5
2026-03-07,RTM,Ratlam Junction,22,1650,2500,0.66,Moderate,5
2026-03-07,RTM,Ratlam Junction,23,1138,2500,0.455,Moderate,5
2026-03-07,KOTA,Kota Junction,0,432,3000,0.144,Low,5
2026-03-07,KOTA,Kota Junction,1,429,3000,0.143,Low,5
2026-03-07,KOTA,Kota Junction,2,489,3000,0.163,Low,5
2026-03-07,KOTA,Kota Junction,3,504,3000,0.168,Low,5
2026-03-07,KOTA,Kota Junction,4,393,3000,0.131,Low,5
2026-03-07,KOTA,Kota Junction,5,1606,3000,0.535,Moderate,5
2026-03-07,KOTA,Kota Junction,6,2428,3000,0.809,High,5
2026-03-07,KOTA,Kota Junction,7,4710,3000,1.57,Critical,5
2026-03-07,KOTA,Kota Junction,8,5663,3000,1.888,Critical,5
2026-03-07,KOTA,Kota Junction,9,7738,3000,2.579,Critical,5
2026-03-07,KOTA,Kota Junction,10,3335,3000,1.112,Critical,5
2026-03-07,KOTA,Kota Junction,11,3020,3000,1.007,Critical,5
2026-03-07,KOTA,Kota Junction,12,1813,3000,0.604,Moderate,5
2026-03-07,KOTA,Kota Junction,13,1620,3000,0.54,Moderate,5
2026-03-07,KOTA,Kota Junction,14,1819,3000,0.606,Moderate,5
2026-03-07,KOTA,Kota Junction,15,2970,3000,0.99,Critical,5
2026-03-07,KOTA,Kota Junction,16,3029,3000,1.01,Critical,5
2026-03-07,KOTA,Kota Junction,17,7094,3000,2.365,Critical,5
2026-03-07,KOTA,Kota Junction,18,6035,3000,2.012,Critical,5
2026-03-07,KOTA,Kota Junction,19,6781,3000,2.26,Critical,5
2026-03-07,KOTA,Kota Junction,20,2803,3000,0.934,Critical,5
2026-03-07,KOTA,Kota Junction,21,2368,3000,0.789,High,5
2026-03-07,KOTA,Kota Junction,22,1933,3000,0.644,Moderate,5
2026-03-07,KOTA,Kota Junction,23,1769,3000,0.59,Moderate,5
2026-03-07,SWM,Sawai Madhopur,0,103,2000,0.051,Low,5
2026-03-07,SWM,Sawai Madhopur,1,185,2000,0.092,Low,5
2026-03-07,SWM,Sawai Madhopur,2,117,2000,0.059,Low,5
2026-03-07,SWM,Sawai Madhopur,3,108,2000,0.054,Low,5
2026-03-07,SWM,Sawai Madhopur,4,228,2000,0.114,Low,5
2026-03-07,SWM,Sawai Madhopur,5,586,2000,0.293,Low,5
2026-03-07,SWM,Sawai Madhopur,6,568,2000,0.284,Low,5
2026-03-07,SWM,Sawai Madhopur,7,2045,2000,1.022,Critical,5
2026-03-07,SWM,Sawai Madhopur,8,1576,2000,0.788,High,5
2026-03-07,SWM,Sawai Madhopur,9,3128,2000,1.564,Critical,5
2026-03-07,SWM,Sawai Madhopur,10,1209,2000,0.605,Moderate,5
2026-03-07,SWM,Sawai Madhopur,11,1106,2000,0.553,Moderate,5
2026-03-07,SWM,Sawai Madhopur,12,1017,2000,0.508,Moderate,5
2026-03-07,SWM,Sawai Madhopur,13,704,2000,0.352,Low,5
2026-03-07,SWM,Sawai Madhopur,14,781,2000,0.391,Low,5
2026-03-07,SWM,Sawai Madhopur,15,1122,2000,0.561,Moderate,5
2026-03-07,SWM,Sawai Madhopur,16,889,2000,0.445,Moderate,5
2026-03-07,SWM,Sawai Madhopur,17,2401,2000,1.2,Critical,5
2026-03-07,SWM,Sawai Madhopur,18,2413,2000,1.206,Critical,5
2026-03-07,SWM,Sawai Madhopur,19,2117,2000,1.058,Critical,5
2026-03-07,SWM,Sawai Madhopur,20,1329,2000,0.664,Moderate,5
2026-03-07,SWM,Sawai Madhopur,21,1256,2000,0.628,Moderate,5
2026-03-07,SWM,Sawai Madhopur,22,967,2000,0.483,Moderate,5
2026-03-07,SWM,Sawai Madhopur,23,745,2000,0.372,Low,5
2026-03-07,MTJ,Mathura Junction,0,348,3000,0.116,Low,5
2026-03-07,MTJ,Mathura Junction,1,357,3000,0.119,Low,5
2026-03-07,MTJ,Mathura Junction,2,709,3000,0.236,Low,5
2026-03-07,MTJ,Mathura Junction,3,449,3000,0.15,Low,5
2026-03-07,MTJ,Mathura Junction,4,536,3000,0.179,Low,5
2026-03-07,MTJ,Mathura Junction,5,2699,3000,0.9,High,5
2026-03-07,MTJ,Mathura Junction,6,2680,3000,0.893,High,5
2026-03-07,MTJ,Mathura Junction,7,7335,3000,2.445,Critical,5
2026-03-07,MTJ,Mathura Junction,8,4672,3000,1.557,Critical,5
2026-03-07,MTJ,Mathura Junction,9,5480,3000,1.827,Critical,5
2026-03-07,MTJ,Mathura Junction,10,3307,3000,1.102,Critical,5
2026-03-07,MTJ,Mathura Junction,11,3374,3000,1.125,Critical,5
2026-03-07,MTJ,Mathura Junction,12,1710,3000,0.57,Moderate,5
2026-03-07,MTJ,Mathura Junction,13,1808,3000,0.603,Moderate,5
2026-03-07,MTJ,Mathura Junction,14,2212,3000,0.737,High,5
2026-03-07,MTJ,Mathura Junction,15,3545,3000,1.182,Critical,5
2026-03-07,MTJ,Mathura Junction,16,3404,3000,1.135,Critical,5
2026-03-07,MTJ,Mathura Junction,17,4194,3000,1.398,Critical,5
2026-03-07,MTJ,Mathura Junction,18,6238,3000,2.079,Critical,5
2026-03-07,MTJ,Mathura Junction,19,5339,3000,1.78,Critical,5
2026-03-07,MTJ,Mathura Junction,20,3019,3000,1.006,Critical,5
2026-03-07,MTJ,Mathura Junction,21,3752,3000,1.251,Critical,5
2026-03-07,MTJ,Mathura Junction,22,2968,3000,0.989,Critical,5
2026-03-07,MTJ,Mathura Junction,23,2211,3000,0.737,High,5
2026-03-07,NDLS,New Delhi,0,5587,8000,0.698,Moderate,5
2026-03-07,NDLS,New Delhi,1,5955,8000,0.744,High,5
2026-03-07,NDLS,New Delhi,2,2650,8000,0.331,Low,5
2026-03-07,NDLS,New Delhi,3,2715,8000,0.339,Low,5
2026-03-07,NDLS,New Delhi,4,2210,8000,0.276,Low,5
2026-03-07,NDLS,New Delhi,5,14621,8000,1.828,Critical,5
2026-03-07,NDLS,New Delhi,6,17080,8000,2.135,Critical,5
2026-03-07,NDLS,New Delhi,7,60504,8000,7.563,Critical,5
2026-03-07,NDLS,New Delhi,8,53647,8000,6.706,Critical,5
2026-03-07,NDLS,New Delhi,9,41093,8000,5.137,Critical,5
2026-03-07,NDLS,New Delhi,10,29470,8000,3.684,Critical,5
2026-03-07,NDLS,New Delhi,11,29764,8000,3.72,Critical,5
2026-03-07,NDLS,New Delhi,12,17440,8000,2.18,Critical,5
2026-03-07,NDLS,New Delhi,13,19589,8000,2.449,Critical,5
2026-03-07,NDLS,New Delhi,14,19895,8000,2.487,Critical,5
2026-03-07,NDLS,New Delhi,15,26473,8000,3.309,Critical,5
2026-03-07,NDLS,New Delhi,16,29743,8000,3.718,Critical,5
2026-03-07,NDLS,New Delhi,17,52927,8000,6.616,Critical,5
2026-03-07,NDLS,New Delhi,18,48715,8000,6.089,Critical,5
2026-03-07,NDLS,New Delhi,19,68937,8000,8.617,Critical,5
2026-03-07,NDLS,New Delhi,20,26765,8000,3.346,Critical,5
2026-03-07,NDLS,New Delhi,21,19127,8000,2.391,Critical,5
2026-03-07,NDLS,New Delhi,22,21882,8000,2.735,Critical,5
2026-03-07,NDLS,New Delhi,23,17059,8000,2.132,Critical,5
2026-03-07,CSMT,Mumbai CSMT,0,3249,9000,0.361,Low,5
2026-03-07,CSMT,Mumbai CSMT,1,2663,9000,0.296,Low,5
2026-03-07,CSMT,Mumbai CSMT,2,2270,9000,0.252,Low,5
2026-03-07,CSMT,Mumbai CSMT,3,3706,9000,0.412,Moderate,5
2026-03-07,CSMT,Mumbai CSMT,4,1791,9000,0.199,Low,5
2026-03-07,CSMT,Mumbai CSMT,5,14638,9000,1.626,Critical,5
2026-03-07,CSMT,Mumbai CSMT,6,13088,9000,1.454,Critical,5
2026-03-07,CSMT,Mumbai CSMT,7,35995,9000,3.999,Critical,5
2026-03-07,CSMT,Mumbai CSMT,8,33876,9000,3.764,Critical,5
2026-03-07,CSMT,Mumbai CSMT,9,28097,9000,3.122,Critical,5
2026-03-07,CSMT,Mumbai CSMT,10,24443,9000,2.716,Critical,5
2026-03-07,CSMT,Mumbai CSMT,11,19896,9000,2.211,Critical,5
2026-03-07,CSMT,Mumbai CSMT,12,13044,9000,1.449,Critical,5
2026-03-07,CSMT,Mumbai CSMT,13,11425,9000,1.269,Critical,5
2026-03-07,CSMT,Mumbai CSMT,14,11942,9000,1.327,Critical,5
2026-03-07,CSMT,Mumbai CSMT,15,22883,9000,2.543,Critical,5
2026-03-07,CSMT,Mumbai CSMT,16,17897,9000,1.989,Critical,5
2026-03-07,CSMT,Mumbai CSMT,17,38860,9000,4.318,Critical,5
2026-03-07,CSMT,Mumbai CSMT,18,30970,9000,3.441,Critical,5
2026-03-07,CSMT,Mumbai CSMT,19,38929,9000,4.325,Critical,5
2026-03-07,CSMT,Mumbai CSMT,20,20962,9000,2.329,Critical,5
2026-03-07,CSMT,Mumbai CSMT,21,19096,9000,2.122,Critical,5
2026-03-07,CSMT,Mumbai CSMT,22,14642,9000,1.627,Critical,5
2026-03-07,CSMT,Mumbai CSMT,23,12186,9000,1.354,Critical,5
2026-03-07,KYN,Kalyan Junction,0,1248,4000,0.312,Low,5
2026-03-07,KYN,Kalyan Junction,1,850,4000,0.212,Low,5
2026-03-07,KYN,Kalyan Junction,2,1242,4000,0.31,Low,5
2026-03-07,KYN,Kalyan Junction,3,888,4000,0.222,Low,5
2026-03-07,KYN,Kalyan Junction,4,832,4000,0.208,Low,5
2026-03-07,KYN,Kalyan Junction,5,3791,4000,0.948,Critical,5
2026-03-07,KYN,Kalyan Junction,6,4554,4000,1.139,Critical,5
2026-03-07,KYN,Kalyan Junction,7,11984,4000,2.996,Critical,5
2026-03-07,KYN,Kalyan Junction,8,9674,4000,2.418,Critical,5
2026-03-07,KYN,Kalyan Junction,9,13430,4000,3.357,Critical,5
2026-03-07,KYN,Kalyan Junction,10,5119,4000,1.28,Critical,5
2026-03-07,KYN,Kalyan Junction,11,5992,4000,1.498,Critical,5
2026-03-07,KYN,Kalyan Junction,12,4116,4000,1.029,Critical,5
2026-03-07,KYN,Kalyan Junction,13,3847,4000,0.962,Critical,5
2026-03-07,KYN,Kalyan Junction,14,3145,4000,0.786,High,5
2026-03-07,KYN,Kalyan Junction,15,7988,4000,1.997,Critical,5
2026-03-07,KYN,Kalyan Junction,16,4684,4000,1.171,Critical,5
2026-03-07,KYN,Kalyan Junction,17,13859,4000,3.465,Critical,5
2026-03-07,KYN,Kalyan Junction,18,7285,4000,1.821,Critical,5
2026-03-07,KYN,Kalyan Junction,19,9841,4000,2.46,Critical,5
2026-03-07,KYN,Kalyan Junction,20,5160,4000,1.29,Critical,5
2026-03-07,KYN,Kalyan Junction,21,6870,4000,1.718,Critical,5
2026-03-07,KYN,Kalyan Junction,22,3490,4000,0.873,High,5
2026-03-07,KYN,Kalyan Junction,23,3874,4000,0.969,Critical,5
2026-03-07,NMD,Nashik Road,0,418,2000,0.209,Low,5
2026-03-07,NMD,Nashik Road,1,309,2000,0.154,Low,5
2026-03-07,NMD,Nashik Road,2,412,2000,0.206,Low,5
2026-03-07,NMD,Nashik Road,3,453,2000,0.227,Low,5
2026-03-07,NMD,Nashik Road,4,274,2000,0.137,Low,5
2026-03-07,NMD,Nashik Road,5,1361,2000,0.68,Moderate,5
2026-03-07,NMD,Nashik Road,6,1516,2000,0.758,High,5
2026-03-07,NMD,Nashik Road,7,3972,2000,1.986,Critical,5
2026-03-07,NMD,Nashik Road,8,5684,2000,2.842,Critical,5
2026-03-07,NMD,Nashik Road,9,6596,2000,3.298,Critical,5
2026-03-07,NMD,Nashik Road,10,3226,2000,1.613,Critical,5
2026-03-07,NMD,Nashik Road,11,2767,2000,1.383,Critical,5
2026-03-07,NMD,Nashik Road,12,2234,2000,1.117,Critical,5
2026-03-07,NMD,Nashik Road,13,1345,2000,0.672,Moderate,5
2026-03-07,NMD,Nashik Road,14,1233,2000,0.617,Moderate,5
2026-03-07,NMD,Nashik Road,15,1913,2000,0.957,Critical,5
2026-03-07,NMD,Nashik Road,16,2165,2000,1.083,Critical,5
2026-03-07,NMD,Nashik Road,17,5512,2000,2.756,Critical,5
2026-03-07,NMD,Nashik Road,18,6039,2000,3.019,Critical,5
2026-03-07,NMD,Nashik Road,19,4945,2000,2.473,Critical,5
2026-03-07,NMD,Nashik Road,20,2430,2000,1.215,Critical,5
2026-03-07,NMD,Nashik Road,21,2789,2000,1.395,Critical,5
2026-03-07,NMD,Nashik Road,22,1385,2000,0.693,Moderate,5
2026-03-07,NMD,Nashik Road,23,1443,2000,0.722,High,5
2026-03-07,MMR,Manmad Junction,0,368,2500,0.147,Low,5
2026-03-07,MMR,Manmad Junction,1,284,2500,0.114,Low,5
2026-03-07,MMR,Manmad Junction,2,206,2500,0.082,Low,5
2026-03-07,MMR,Manmad Junction,3,312,2500,0.125,Low,5
2026-03-07,MMR,Manmad Junction,4,269,2500,0.108,Low,5
2026-03-07,MMR,Manmad Junction,5,1173,2500,0.469,Moderate,5
2026-03-07,MMR,Manmad Junction,6,1330,2500,0.532,Moderate,5
2026-03-07,MMR,Manmad Junction,7,4492,2500,1.797,Critical,5
2026-03-07,MMR,Manmad Junction,8,4173,2500,1.669,Critical,5
2026-03-07,MMR,Manmad Junction,9,3547,2500,1.419,Critical,5
2026-03-07,MMR,Manmad Junction,10,1605,2500,0.642,Moderate,5
2026-03-07,MMR,Manmad Junction,11,1626,2500,0.65,Moderate,5
2026-03-07,MMR,Manmad Junction,12,1364,2500,0.546,Moderate,5
2026-03-07,MMR,Manmad Junction,13,1101,2500,0.44,Moderate,5
2026-03-07,MMR,Manmad Junction,14,977,2500,0.391,Low,5
2026-03-07,MMR,Manmad Junction,15,2247,2500,0.899,High,5
2026-03-07,MMR,Manmad Junction,16,1371,2500,0.548,Moderate,5
2026-03-07,MMR,Manmad Junction,17,4360,2500,1.744,Critical,5
2026-03-07,MMR,Manmad Junction,18,3792,2500,1.517,Critical,5
2026-03-07,MMR,Manmad Junction,19,3314,2500,1.326,Critical,5
2026-03-07,MMR,Manmad Junction,20,2188,2500,0.875,High,5
2026-03-07,MMR,Manmad Junction,21,1390,2500,0.556,Moderate,5
2026-03-07,MMR,Manmad Junction,22,1367,2500,0.547,Moderate,5
2026-03-07,MMR,Manmad Junction,23,1365,2500,0.546,Moderate,5
2026-03-07,BSL,Bhusawal Junction,0,372,3000,0.124,Low,5
2026-03-07,BSL,Bhusawal Junction,1,311,3000,0.104,Low,5
2026-03-07,BSL,Bhusawal Junction,2,309,3000,0.103,Low,5
2026-03-07,BSL,Bhusawal Junction,3,238,3000,0.079,Low,5
2026-03-07,BSL,Bhusawal Junction,4,508,3000,0.169,Low,5
2026-03-07,BSL,Bhusawal Junction,5,1934,3000,0.645,Moderate,5
2026-03-07,BSL,Bhusawal Junction,6,1666,3000,0.555,Moderate,5
2026-03-07,BSL,Bhusawal Junction,7,4453,3000,1.484,Critical,5
2026-03-07,BSL,Bhusawal Junction,8,3609,3000,1.203,Critical,5
2026-03-07,BSL,Bhusawal Junction,9,6742,3000,2.247,Critical,5
2026-03-07,BSL,Bhusawal Junction,10,2656,3000,0.885,High,5
2026-03-07,BSL,Bhusawal Junction,11,1831,3000,0.61,Moderate,5
2026-03-07,BSL,Bhusawal Junction,12,1601,3000,0.534,Moderate,5
2026-03-07,BSL,Bhusawal Junction,13,1539,3000,0.513,Moderate,5
2026-03-07,BSL,Bhusawal Junction,14,1584,3000,0.528,Moderate,5
2026-03-07,BSL,Bhusawal Junction,15,2888,3000,0.963,Critical,5
2026-03-07,BSL,Bhusawal Junction,16,2688,3000,0.896,High,5
2026-03-07,BSL,Bhusawal Junction,17,5399,3000,1.8,Critical,5
2026-03-07,BSL,Bhusawal Junction,18,6374,3000,2.125,Critical,5
2026-03-07,BSL,Bhusawal Junction,19,4203,3000,1.401,Critical,5
2026-03-07,BSL,Bhusawal Junction,20,2542,3000,0.847,High,5
2026-03-07,BSL,Bhusawal Junction,21,2744,3000,0.915,Critical,5
2026-03-07,BSL,Bhusawal Junction,22,2123,3000,0.708,High,5
2026-03-07,BSL,Bhusawal Junction,23,2240,3000,0.747,High,5
2026-03-07,ET,Itarsi Junction,0,351,3500,0.1,Low,5
2026-03-07,ET,Itarsi Junction,1,253,3500,0.072,Low,5
2026-03-07,ET,Itarsi Junction,2,273,3500,0.078,Low,5
2026-03-07,ET,Itarsi Junction,3,435,3500,0.124,Low,5
2026-03-07,ET,Itarsi Junction,4,307,3500,0.088,Low,5
2026-03-07,ET,Itarsi Junction,5,2020,3500,0.577,Moderate,5
2026-03-07,ET,Itarsi Junction,6,1933,3500,0.552,Moderate,5
2026-03-07,ET,Itarsi Junction,7,4383,3500,1.252,Critical,5
2026-03-07,ET,Itarsi Junction,8,5583,3500,1.595,Critical,5
2026-03-07,ET,Itarsi Junction,9,4334,3500,1.238,Critical,5
2026-03-07,ET,Itarsi Junction,10,2760,3500,0.789,High,5
2026-03-07,ET,Itarsi Junction,11,2519,3500,0.72,High,5
2026-03-07,ET,Itarsi Junction,12,2149,3500,0.614,Moderate,5
2026-03-07,ET,Itarsi Junction,13,1616,3500,0.462,Moderate,5
2026-03-07,ET,Itarsi Junction,14,1680,3500,0.48,Moderate,5
2026-03-07,ET,Itarsi Junction,15,2278,3500,0.651,Moderate,5
2026-03-07,ET,Itarsi Junction,16,2657,3500,0.759,High,5
2026-03-07,ET,Itarsi Junction,17,2974,3500,0.85,High,5
2026-03-07,ET,Itarsi Junction,18,4157,3500,1.188,Critical,5
2026-03-07,ET,Itarsi Junction,19,3580,3500,1.023,Critical,5
2026-03-07,ET,Itarsi Junction,20,1615,3500,0.461,Moderate,5
2026-03-07,ET,Itarsi Junction,21,1931,3500,0.552,Moderate,5
2026-03-07,ET,Itarsi Junction,22,1648,3500,0.471,Moderate,5
2026-03-07,ET,Itarsi Junction,23,1390,3500,0.397,Low,5
2026-03-07,BPL,Bhopal Junction,0,549,3000,0.183,Low,5
2026-03-07,BPL,Bhopal Junction,1,676,3000,0.225,Low,5
2026-03-07,BPL,Bhopal Junction,2,532,3000,0.177,Low,5
2026-03-07,BPL,Bhopal Junction,3,614,3000,0.205,Low,5
2026-03-07,BPL,Bhopal Junction,4,434,3000,0.145,Low,5
2026-03-07,BPL,Bhopal Junction,5,2212,3000,0.737,High,5
2026-03-07,BPL,Bhopal Junction,6,2940,3000,0.98,Critical,5
2026-03-07,BPL,Bhopal Junction,7,5564,3000,1.855,Critical,5
2026-03-07,BPL,Bhopal Junction,8,7814,3000,2.605,Critical,5
2026-03-07,BPL,Bhopal Junction,9,8508,3000,2.836,Critical,5
2026-03-07,BPL,Bhopal Junction,10,3930,3000,1.31,Critical,5
2026-03-07,BPL,Bhopal Junction,11,4417,3000,1.472,Critical,5
2026-03-07,BPL,Bhopal Junction,12,2920,3000,0.973,Critical,5
2026-03-07,BPL,Bhopal Junction,13,3078,3000,1.026,Critical,5
2026-03-07,BPL,Bhopal Junction,14,2213,3000,0.738,High,5
2026-03-07,BPL,Bhopal Junction,15,4469,3000,1.49,Critical,5
2026-03-07,BPL,Bhopal Junction,16,4857,3000,1.619,Critical,5
2026-03-07,BPL,Bhopal Junction,17,9642,3000,3.214,Critical,5
2026-03-07,BPL,Bhopal Junction,18,10997,3000,3.666,Critical,5
2026-03-07,BPL,Bhopal Junction,19,8549,3000,2.85,Critical,5
2026-03-07,BPL,Bhopal Junction,20,4270,3000,1.423,Critical,5
2026-03-07,BPL,Bhopal Junction,21,3661,3000,1.22,Critical,5
2026-03-07,BPL,Bhopal Junction,22,2376,3000,0.792,High,5
2026-03-07,BPL,Bhopal Junction,23,3868,3000,1.289,Critical,5
2026-03-07,JHS,Jhansi Junction,0,281,4000,0.07,Low,5
2026-03-07,JHS,Jhansi Junction,1,678,4000,0.17,Low,5
2026-03-07,JHS,Jhansi Junction,2,509,4000,0.127,Low,5
2026-03-07,JHS,Jhansi Junction,3,451,4000,0.113,Low,5
2026-03-07,JHS,Jhansi Junction,4,383,4000,0.096,Low,5
2026-03-07,JHS,Jhansi Junction,5,2120,4000,0.53,Moderate,5
2026-03-07,JHS,Jhansi Junction,6,2304,4000,0.576,Moderate,5
2026-03-07,JHS,Jhansi Junction,7,5378,4000,1.345,Critical,5
2026-03-07,JHS,Jhansi Junction,8,7728,4000,1.932,Critical,5
2026-03-07,JHS,Jhansi Junction,9,5045,4000,1.261,Critical,5
2026-03-07,JHS,Jhansi Junction,10,3229,4000,0.807,High,5
2026-03-07,JHS,Jhansi Junction,11,3876,4000,0.969,Critical,5
2026-03-07,JHS,Jhansi Junction,12,2085,4000,0.521,Moderate,5
2026-03-07,JHS,Jhansi Junction,13,1702,4000,0.425,Moderate,5
2026-03-07,JHS,Jhansi Junction,14,2028,4000,0.507,Moderate,5
2026-03-07,JHS,Jhansi Junction,15,4248,4000,1.062,Critical,5
2026-03-07,JHS,Jhansi Junction,16,2336,4000,0.584,Moderate,5
2026-03-07,JHS,Jhansi Junction,17,6304,4000,1.576,Critical,5
2026-03-07,JHS,Jhansi Junction,18,7794,4000,1.948,Critical,5
2026-03-07,JHS,Jhansi Junction,19,8939,4000,2.235,Critical,5
2026-03-07,JHS,Jhansi Junction,20,3766,4000,0.942,Critical,5
2026-03-07,JHS,Jhansi Junction,21,2302,4000,0.576,Moderate,5
2026-03-07,JHS,Jhansi Junction,22,2546,4000,0.636,Moderate,5
2026-03-07,JHS,Jhansi Junction,23,1997,4000,0.499,Moderate,5
2026-03-07,GWL,Gwalior Junction,0,322,2500,0.129,Low,5
2026-03-07,GWL,Gwalior Junction,1,389,2500,0.156,Low,5
2026-03-07,GWL,Gwalior Junction,2,560,2500,0.224,Low,5
2026-03-07,GWL,Gwalior Junction,3,450,2500,0.18,Low,5
2026-03-07,GWL,Gwalior Junction,4,603,2500,0.241,Low,5
2026-03-07,GWL,Gwalior Junction,5,1924,2500,0.77,High,5
2026-03-07,GWL,Gwalior Junction,6,1847,2500,0.739,High,5
2026-03-07,GWL,Gwalior Junction,7,5411,2500,2.164,Critical,5
2026-03-07,GWL,Gwalior Junction,8,4695,2500,1.878,Critical,5
2026-03-07,GWL,Gwalior Junction,9,5730,2500,2.292,Critical,5
2026-03-07,GWL,Gwalior Junction,10,3096,2500,1.238,Critical,5
2026-03-07,GWL,Gwalior Junction,11,2816,2500,1.126,Critical,5
2026-03-07,GWL,Gwalior Junction,12,2466,2500,0.986,Critical,5
2026-03-07,GWL,Gwalior Junction,13,2491,2500,0.996,Critical,5
2026-03-07,GWL,Gwalior Junction,14,1907,2500,0.763,High,5
2026-03-07,GWL,Gwalior Junction,15,3159,2500,1.264,Critical,5
2026-03-07,GWL,Gwalior Junction,16,3115,2500,1.246,Critical,5
2026-03-07,GWL,Gwalior Junction,17,4945,2500,1.978,Critical,5
2026-03-07,GWL,Gwalior Junction,18,6380,2500,2.552,Critical,5
2026-03-07,GWL,Gwalior Junction,19,4486,2500,1.794,Critical,5
2026-03-07,GWL,Gwalior Junction,20,3072,2500,1.229,Critical,5
2026-03-07,GWL,Gwalior Junction,21,2551,2500,1.02,Critical,5
2026-03-07,GWL,Gwalior Junction,22,1833,2500,0.733,High,5
2026-03-07,GWL,Gwalior Junction,23,1553,2500,0.621,Moderate,5
2026-03-07,AGC,Agra Cantt,0,547,3000,0.182,Low,5
2026-03-07,AGC,Agra Cantt,1,617,3000,0.206,Low,5
2026-03-07,AGC,Agra Cantt,2,664,3000,0.221,Low,5
2026-03-07,AGC,Agra Cantt,3,344,3000,0.115,Low,5
2026-03-07,AGC,Agra Cantt,4,584,3000,0.195,Low,5
2026-03-07,AGC,Agra Cantt,5,2234,3000,0.745,High,5
2026-03-07,AGC,Agra Cantt,6,2336,3000,0.779,High,5
2026-03-07,AGC,Agra Cantt,7,6083,3000,2.028,Critical,5
2026-03-07,AGC,Agra Cantt,8,5273,3000,1.758,Critical,5
2026-03-07,AGC,Agra Cantt,9,7224,3000,2.408,Critical,5
2026-03-07,AGC,Agra Cantt,10,3734,3000,1.245,Critical,5
2026-03-07,AGC,Agra Cantt,11,5163,3000,1.721,Critical,5
2026-03-07,AGC,Agra Cantt,12,1855,3000,0.618,Moderate,5
2026-03-07,AGC,Agra Cantt,13,2563,3000,0.854,High,5
2026-03-07,AGC,Agra Cantt,14,2405,3000,0.802,High,5
2026-03-07,AGC,Agra Cantt,15,3926,3000,1.309,Critical,5
2026-03-07,AGC,Agra Cantt,16,3634,3000,1.211,Critical,5
2026-03-07,AGC,Agra Cantt,17,7671,3000,2.557,Critical,5
2026-03-07,AGC,Agra Cantt,18,6604,3000,2.201,Critical,5
2026-03-07,AGC,Agra Cantt,19,4252,3000,1.417,Critical,5
2026-03-07,AGC,Agra Cantt,20,4411,3000,1.47,Critical,5
2026-03-07,AGC,Agra Cantt,21,3806,3000,1.269,Critical,5
2026-03-07,AGC,Agra Cantt,22,3096,3000,1.032,Critical,5
2026-03-07,AGC,Agra Cantt,23,2950,3000,0.983,Critical,5
2026-03-06,MMCT,Mumbai Central,0,949,4000,0.237,Low,4
2026-03-06,MMCT,Mumbai Central,1,1091,4000,0.273,Low,4
2026-03-06,MMCT,Mumbai Central,2,1283,4000,0.321,Low,4
2026-03-06,MMCT,Mumbai Central,3,986,4000,0.246,Low,4
2026-03-06,MMCT,Mumbai Central,4,612,4000,0.153,Low,4
2026-03-06,MMCT,Mumbai Central,5,6260,4000,1.565,Critical,4
2026-03-06,MMCT,Mumbai Central,6,4779,4000,1.195,Critical,4
2026-03-06,MMCT,Mumbai Central,7,12766,4000,3.192,Critical,4
2026-03-06,MMCT,Mumbai Central,8,17990,4000,4.497,Critical,4
2026-03-06,MMCT,Mumbai Central,9,21669,4000,5.417,Critical,4
2026-03-06,MMCT,Mumbai Central,10,9169,4000,2.292,Critical,4
2026-03-06,MMCT,Mumbai Central,11,8418,4000,2.104,Critical,4
2026-03-06,MMCT,Mumbai Central,12,7066,4000,1.766,Critical,4
2026-03-06,MMCT,Mumbai Central,13,7954,4000,1.988,Critical,4
2026-03-06,MMCT,Mumbai Central,14,5884,4000,1.471,Critical,4
2026-03-06,MMCT,Mumbai Central,15,9528,4000,2.382,Critical,4
2026-03-06,MMCT,Mumbai Central,16,10125,4000,2.531,Critical,4
2026-03-06,MMCT,Mumbai Central,17,19624,4000,4.906,Critical,4
2026-03-06,MMCT,Mumbai Central,18,21513,4000,5.378,Critical,4
2026-03-06,MMCT,Mumbai Central,19,14506,4000,3.627,Critical,4
2026-03-06,MMCT,Mumbai Central,20,9800,4000,2.45,Critical,4
2026-03-06,MMCT,Mumbai Central,21,11721,4000,2.93,Critical,4
2026-03-06,MMCT,Mumbai Central,22,7457,4000,1.864,Critical,4
2026-03-06,MMCT,Mumbai Central,23,6612,4000,1.653,Critical,4
2026-03-06,BVI,Borivali,0,397,3000,0.132,Low,4
2026-03-06,BVI,Borivali,1,398,3000,0.133,Low,4
2026-03-06,BVI,Borivali,2,583,3000,0.194,Low,4
2026-03-06,BVI,Borivali,3,619,3000,0.206,Low,4
2026-03-06,BVI,Borivali,4,829,3000,0.276,Low,4
2026-03-06,BVI,Borivali,5,2928,3000,0.976,Critical,4
2026-03-06,BVI,Borivali,6,4079,3000,1.36,Critical,4
2026-03-06,BVI,Borivali,7,7114,3000,2.371,Critical,4
2026-03-06,BVI,Borivali,8,7760,3000,2.587,Critical,4
2026-03-06,BVI,Borivali,9,10014,3000,3.338,Critical,4
2026-03-06,BVI,Borivali,10,4855,3000,1.618,Critical,4
2026-03-06,BVI,Borivali,11,4696,3000,1.565,Critical,4
2026-03-06,BVI,Borivali,12,3120,3000,1.04,Critical,4
2026-03-06,BVI,Borivali,13,2644,3000,0.881,High,4
2026-03-06,BVI,Borivali,14,3973,3000,1.324,Critical,4
2026-03-06,BVI,Borivali,15,4832,3000,1.611,Critical,4
2026-03-06,BVI,Borivali,16,5222,3000,1.741,Critical,4
2026-03-06,BVI,Borivali,17,9252,3000,3.084,Critical,4
2026-03-06,BVI,Borivali,18,8776,3000,2.925,Critical,4
2026-03-06,BVI,Borivali,19,9212,3000,3.071,Critical,4
2026-03-06,BVI,Borivali,20,5339,3000,1.78,Critical,4
2026-03-06,BVI,Borivali,21,4887,3000,1.629,Critical,4
2026-03-06,BVI,Borivali,22,2532,3000,0.844,High,4
2026-03-06,BVI,Borivali,23,3132,3000,1.044,Critical,4
2026-03-06,BL,Valsad,0,125,1500,0.083,Low,4
2026-03-06,BL,Valsad,1,96,1500,0.064,Low,4
2026-03-06,BL,Valsad,2,139,1500,0.093,Low,4
2026-03-06,BL,Valsad,3,67,1500,0.045,Low,4
2026-03-06,BL,Valsad,4,99,1500,0.066,Low,4
2026-03-06,BL,Valsad,5,605,1500,0.403,Moderate,4
2026-03-06,BL,Valsad,6,586,1500,0.391,Low,4
2026-03-06,BL,Valsad,7,1659,1500,1.106,Critical,4
2026-03-06,BL,Valsad,8,1184,1500,0.789,High,4
2026-03-06,BL,Valsad,9,1847,1500,1.231,Critical,4
2026-03-06,BL,Valsad,10,1038,1500,0.692,Moderate,4
2026-03-06,BL,Valsad,11,1068,1500,0.712,High,4
2026-03-06,BL,Valsad,12,704,1500,0.469,Moderate,4
2026-03-06,BL,Valsad,13,653,1500,0.435,Moderate,4
2026-03-06,BL,Valsad,14,558,1500,0.372,Low,4
2026-03-06,BL,Valsad,15,744,1500,0.496,Moderate,4
2026-03-06,BL,Valsad,16,928,1500,0.619,Moderate,4
2026-03-06,BL,Valsad,17,1419,1500,0.946,Critical,4
2026-03-06,BL,Valsad,18,1429,1500,0.953,Critical,4
2026-03-06,BL,Valsad,19,2030,1500,1.353,Critical,4
2026-03-06,BL,Valsad,20,784,1500,0.523,Moderate,4
2026-03-06,BL,Valsad,21,1171,1500,0.781,High,4
2026-03-06,BL,Valsad,22,612,1500,0.408,Moderate,4
2026-03-06,BL,Valsad,23,702,1500,0.468,Moderate,4
2026-03-06,ST,Surat,0,1033,3000,0.344,Low,4
2026-03-06,ST,Surat,1,462,3000,0.154,Low,4
2026-03-06,ST,Surat,2,713,3000,0.238,Low,4
2026-03-06,ST,Surat,3,1095,3000,0.365,Low,4
2026-03-06,ST,Surat,4,1019,3000,0.34,Low,4
2026-03-06,ST,Surat,5,3969,3000,1.323,Critical,4
2026-03-06,ST,Surat,6,5118,3000,1.706,Critical,4
2026-03-06,ST,Surat,7,10029,3000,3.343,Critical,4
2026-03-06,ST,Surat,8,11711,3000,3.904,Critical,4
2026-03-06,ST,Surat,9,12209,3000,4.07,Critical,4
2026-03-06,ST,Surat,10,6754,3000,2.251,Critical,4
2026-03-06,ST,Surat,11,4478,3000,1.493,Critical,4
2026-03-06,ST,Surat,12,3255,3000,1.085,Critical,4
2026-03-06,ST,Surat,13,4432,3000,1.477,Critical,4
2026-03-06,ST,Surat,14,3314,3000,1.105,Critical,4
2026-03-06,ST,Surat,15,6315,3000,2.105,Critical,4
2026-03-06,ST,Surat,16,5094,3000,1.698,Critical,4
2026-03-06,ST,Surat,17,11154,3000,3.718,Critical,4
2026-03-06,ST,Surat,18,12065,3000,4.022,Critical,4
2026-03-06,ST,Surat,19,10100,3000,3.367,Critical,4
2026-03-06,ST,Surat,20,5748,3000,1.916,Critical,4
2026-03-06,ST,Surat,21,6478,3000,2.159,Critical,4
2026-03-06,ST,Surat,22,2849,3000,0.95,Critical,4
2026-03-06,ST,Surat,23,3762,3000,1.254,Critical,4
2026-03-06,BRC,Vadodara Junction,0,912,3500,0.261,Low,4
2026-03-06,BRC,Vadodara Junction,1,691,3500,0.197,Low,4
2026-03-06,BRC,Vadodara Junction,2,467,3500,0.133,Low,4
2026-03-06,BRC,Vadodara Junction,3,544,3500,0.155,Low,4
2026-03-06,BRC,Vadodara Junction,4,463,3500,0.132,Low,4
2026-03-06,BRC,Vadodara Junction,5,4026,3500,1.15,Critical,4
2026-03-06,BRC,Vadodara Junction,6,3685,3500,1.053,Critical,4
2026-03-06,BRC,Vadodara Junction,7,8013,3500,2.289,Critical,4
2026-03-06,BRC,Vadodara Junction,8,11237,3500,3.211,Critical,4
2026-03-06,BRC,Vadodara Junction,9,9179,3500,2.623,Critical,4
2026-03-06,BRC,Vadodara Junction,10,5384,3500,1.538,Critical,4
2026-03-06,BRC,Vadodara Junction,11,4724,3500,1.35,Critical,4
2026-03-06,BRC,Vadodara Junction,12,4269,3500,1.22,Critical,4
2026-03-06,BRC,Vadodara Junction,13,4156,3500,1.187,Critical,4
2026-03-06,BRC,Vadodara Junction,14,3547,3500,1.013,Critical,4
2026-03-06,BRC,Vadodara Junction,15,4195,3500,1.199,Critical,4
2026-03-06,BRC,Vadodara Junction,16,4775,3500,1.364,Critical,4
2026-03-06,BRC,Vadodara Junction,17,9186,3500,2.625,Critical,4
2026-03-06,BRC,Vadodara Junction,18,12147,3500,3.471,Critical,4
2026-03-06,BRC,Vadodara Junction,19,13799,3500,3.943,Critical,4
2026-03-06,BRC,Vadodara Junction,20,4943,3500,1.412,Critical,4
2026-03-06,BRC,Vadodara Junction,21,4746,3500,1.356,Critical,4
2026-03-06,BRC,Vadodara Junction,22,3381,3500,0.966,Critical,4
2026-03-06,BRC,Vadodara Junction,23,3487,3500,0.996,Critical,4
2026-03-06,RTM,Ratlam Junction,0,356,2500,0.142,Low,4
2026-03-06,RTM,Ratlam Junction,1,326,2500,0.13,Low,4
2026-03-06,RTM,Ratlam Junction,2,198,2500,0.079,Low,4
2026-03-06,RTM,Ratlam Junction,3,273,2500,0.109,Low,4
2026-03-06,RTM,Ratlam Junction,4,159,2500,0.064,Low,4
2026-03-06,RTM,Ratlam Junction,5,1441,2500,0.576,Moderate,4
2026-03-06,RTM,Ratlam Junction,6,1147,2500,0.459,Moderate,4
2026-03-06,RTM,Ratlam Junction,7,4374,2500,1.75,Critical,4
2026-03-06,RTM,Ratlam Junction,8,5463,2500,2.185,Critical,4
2026-03-06,RTM,Ratlam Junction,9,3510,2500,1.404,Critical,4
2026-03-06,RTM,Ratlam Junction,10,1681,2500,0.672,Moderate,4
2026-03-06,RTM,Ratlam Junction,11,2185,2500,0.874,High,4
2026-03-06,RTM,Ratlam Junction,12,1943,2500,0.777,High,4
2026-03-06,RTM,Ratlam Junction,13,1692,2500,0.677,Moderate,4
2026-03-06,RTM,Ratlam Junction,14,1297,2500,0.519,Moderate,4
2026-03-06,RTM,Ratlam Junction,15,1921,2500,0.768,High,4
2026-03-06,RTM,Ratlam Junction,16,2159,2500,0.864,High,4
2026-03-06,RTM,Ratlam Junction,17,3643,2500,1.457,Critical,4
2026-03-06,RTM,Ratlam Junction,18,5476,2500,2.19,Critical,4
2026-03-06,RTM,Ratlam Junction,19,4037,2500,1.615,Critical,4
2026-03-06,RTM,Ratlam Junction,20,2549,2500,1.02,Critical,4
2026-03-06,RTM,Ratlam Junction,21,1957,2500,0.783,High,4
2026-03-06,RTM,Ratlam Junction,22,1544,2500,0.618,Moderate,4
2026-03-06,RTM,Ratlam Junction,23,1759,2500,0.704,High,4
2026-03-06,KOTA,Kota Junction,0,313,3000,0.104,Low,4
2026-03-06,KOTA,Kota Junction,1,479,3000,0.16,Low,4
2026-03-06,KOTA,Kota Junction,2,536,3000,0.179,Low,4
2026-03-06,KOTA,Kota Junction,3,414,3000,0.138,Low,4
2026-03-06,KOTA,Kota Junction,4,293,3000,0.098,Low,4
2026-03-06,KOTA,Kota Junction,5,1570,3000,0.523,Moderate,4
2026-03-06,KOTA,Kota Junction,6,2277,3000,0.759,High,4
2026-03-06,KOTA,Kota Junction,7,5670,3000,1.89,Critical,4
2026-03-06,KOTA,Kota Junction,8,6799,3000,2.266,Critical,4
2026-03-06,KOTA,Kota Junction,9,5850,3000,1.95,Critical,4
2026-03-06,KOTA,Kota Junction,10,2998,3000,0.999,Critical,4
2026-03-06,KOTA,Kota Junction,11,3603,3000,1.201,Critical,4
2026-03-06,KOTA,Kota Junction,12,2114,3000,0.705,High,4
2026-03-06,KOTA,Kota Junction,13,1871,3000,0.624,Moderate,4
2026-03-06,KOTA,Kota Junction,14,2373,3000,0.791,High,4
2026-03-06,KOTA,Kota Junction,15,3342,3000,1.114,Critical,4
2026-03-06,KOTA,Kota Junction,16,2941,3000,0.98,Critical,4
2026-03-06,KOTA,Kota Junction,17,5580,3000,1.86,Critical,4
2026-03-06,KOTA,Kota Junction,18,4909,3000,1.636,Critical,4
2026-03-06,KOTA,Kota Junction,19,5570,3000,1.857,Critical,4
2026-03-06,KOTA,Kota Junction,20,3670,3000,1.223,Critical,4
2026-03-06,KOTA,Kota Junction,21,2537,3000,0.846,High,4
2026-03-06,KOTA,Kota Junction,22,2079,3000,0.693,Moderate,4
2026-03-06,KOTA,Kota Junction,23,2078,3000,0.693,Moderate,4
2026-03-06,SWM,Sawai Madhopur,0,138,2000,0.069,Low,4
2026-03-06,SWM,Sawai Madhopur,1,107,2000,0.053,Low,4
2026-03-06,SWM,Sawai Madhopur,2,245,2000,0.122,Low,4
2026-03-06,SWM,Sawai Madhopur,3,187,2000,0.093,Low,4
2026-03-06,SWM,Sawai Madhopur,4,148,2000,0.074,Low,4
2026-03-06,SWM,Sawai Madhopur,5,910,2000,0.455,Moderate,4
2026-03-06,SWM,Sawai Madhopur,6,826,2000,0.413,Moderate,4
2026-03-06,SWM,Sawai Madhopur,7,1410,2000,0.705,High,4
2026-03-06,SWM,Sawai Madhopur,8,1842,2000,0.921,Critical,4
2026-03-06,SWM,Sawai Madhopur,9,1944,2000,0.972,Critical,4
2026-03-06,SWM,Sawai Madhopur,10,1210,2000,0.605,Moderate,4
2026-03-06,SWM,Sawai Madhopur,11,966,2000,0.483,Moderate,4
2026-03-06,SWM,Sawai Madhopur,12,702,2000,0.351,Low,4
2026-03-06,SWM,Sawai Madhopur,13,710,2000,0.355,Low,4
2026-03-06,SWM,Sawai Madhopur,14,875,2000,0.438,Moderate,4
2026-03-06,SWM,Sawai Madhopur,15,1287,2000,0.643,Moderate,4
2026-03-06,SWM,Sawai Madhopur,16,1572,2000,0.786,High,4
2026-03-06,SWM,Sawai Madhopur,17,2844,2000,1.422,Critical,4
2026-03-06,SWM,Sawai Madhopur,18,1744,2000,0.872,High,4
2026-03-06,SWM,Sawai Madhopur,19,2567,2000,1.284,Critical,4
2026-03-06,SWM,Sawai Madhopur,20,1245,2000,0.623,Moderate,4
2026-03-06,SWM,Sawai Madhopur,21,1234,2000,0.617,Moderate,4
2026-03-06,SWM,Sawai Madhopur,22,1003,2000,0.501,Moderate,4
2026-03-06,SWM,Sawai Madhopur,23,849,2000,0.424,Moderate,4
2026-03-06,MTJ,Mathura Junction,0,351,3000,0.117,Low,4
2026-03-06,MTJ,Mathura Junction,1,323,3000,0.108,Low,4
2026-03-06,MTJ,Mathura Junction,2,593,3000,0.198,Low,4
2026-03-06,MTJ,Mathura Junction,3,399,3000,0.133,Low,4
2026-03-06,MTJ,Mathura Junction,4,517,3000,0.172,Low,4
2026-03-06,MTJ,Mathura Junction,5,2273,3000,0.758,High,4
2026-03-06,MTJ,Mathura Junction,6,1842,3000,0.614,Moderate,4
2026-03-06,MTJ,Mathura Junction,7,6120,3000,2.04,Critical,4
2026-03-06,MTJ,Mathura Junction,8,5389,3000,1.796,Critical,4
2026-03-06,MTJ,Mathura Junction,9,5377,3000,1.792,Critical,4
2026-03-06,MTJ,Mathura Junction,10,3751,3000,1.25,Critical,4
2026-03-06,MTJ,Mathura Junction,11,3312,3000,1.104,Critical,4
2026-03-06,MTJ,Mathura Junction,12,1844,3000,0.615,Moderate,4
2026-03-06,MTJ,Mathura Junction,13,2558,3000,0.853,High,4
2026-03-06,MTJ,Mathura Junction,14,3055,3000,1.018,Critical,4
2026-03-06,MTJ,Mathura Junction,15,3425,3000,1.142,Critical,4
2026-03-06,MTJ,Mathura Junction,16,3176,3000,1.059,Critical,4
2026-03-06,MTJ,Mathura Junction,17,6127,3000,2.042,Critical,4
2026-03-06,MTJ,Mathura Junction,18,7904,3000,2.635,Critical,4
2026-03-06,MTJ,Mathura Junction,19,5976,3000,1.992,Critical,4
2026-03-06,MTJ,Mathura Junction,20,3228,3000,1.076,Critical,4
2026-03-06,MTJ,Mathura Junction,21,3008,3000,1.003,Critical,4
2026-03-06,MTJ,Mathura Junction,22,3012,3000,1.004,Critical,4
2026-03-06,MTJ,Mathura Junction,23,2311,3000,0.77,High,4
2026-03-06,NDLS,New Delhi,0,1815,8000,0.227,Low,4
2026-03-06,NDLS,New Delhi,1,1658,8000,0.207,Low,4
2026-03-06,NDLS,New Delhi,2,4658,8000,0.582,Moderate,4
2026-03-06,NDLS,New Delhi,3,2761,8000,0.345,Low,4
2026-03-06,NDLS,New Delhi,4,5006,8000,0.626,Moderate,4
2026-03-06,NDLS,New Delhi,5,21247,8000,2.656,Critical,4
2026-03-06,NDLS,New Delhi,6,24247,8000,3.031,Critical,4
2026-03-06,NDLS,New Delhi,7,66160,8000,8.27,Critical,4
2026-03-06,NDLS,New Delhi,8,49511,8000,6.189,Critical,4
2026-03-06,NDLS,New Delhi,9,42700,8000,5.338,Critical,4
2026-03-06,NDLS,New Delhi,10,35319,8000,4.415,Critical,4
2026-03-06,NDLS,New Delhi,11,19475,8000,2.434,Critical,4
2026-03-06,NDLS,New Delhi,12,13783,8000,1.723,Critical,4
2026-03-06,NDLS,New Delhi,13,19078,8000,2.385,Critical,4
2026-03-06,NDLS,New Delhi,14,14585,8000,1.823,Critical,4
2026-03-06,NDLS,New Delhi,15,31161,8000,3.895,Critical,4
2026-03-06,NDLS,New Delhi,16,26074,8000,3.259,Critical,4
2026-03-06,NDLS,New Delhi,17,66112,8000,8.264,Critical,4
2026-03-06,NDLS,New Delhi,18,35868,8000,4.484,Critical,4
2026-03-06,NDLS,New Delhi,19,40382,8000,5.048,Critical,4
2026-03-06,NDLS,New Delhi,20,36226,8000,4.528,Critical,4
2026-03-06,NDLS,New Delhi,21,32894,8000,4.112,Critical,4
2026-03-06,NDLS,New Delhi,22,16672,8000,2.084,Critical,4
2026-03-06,NDLS,New Delhi,23,12889,8000,1.611,Critical,4
2026-03-06,CSMT,Mumbai CSMT,0,1601,9000,0.178,Low,4
2026-03-06,CSMT,Mumbai CSMT,1,1531,9000,0.17,Low,4
2026-03-06,CSMT,Mumbai CSMT,2,3496,9000,0.388,Low,4
2026-03-06,CSMT,Mumbai CSMT,3,2117,9000,0.235,Low,4
2026-03-06,CSMT,Mumbai CSMT,4,3703,9000,0.411,Moderate,4
2026-03-06,CSMT,Mumbai CSMT,5,11600,9000,1.289,Critical,4
2026-03-06,CSMT,Mumbai CSMT,6,13128,9000,1.459,Critical,4
2026-03-06,CSMT,Mumbai CSMT,7,28935,9000,3.215,Critical,4
2026-03-06,CSMT,Mumbai CSMT,8,41630,9000,4.626,Critical,4
2026-03-06,CSMT,Mumbai CSMT,9,35117,9000,3.902,Critical,4
2026-03-06,CSMT,Mumbai CSMT,10,20436,9000,2.271,Critical,4
2026-03-06,CSMT,Mumbai CSMT,11,22097,9000,2.455,Critical,4
2026-03-06,CSMT,Mumbai CSMT,12,15005,9000,1.667,Critical,4
2026-03-06,CSMT,Mumbai CSMT,13,11535,9000,1.282,Critical,4
2026-03-06,CSMT,Mumbai CSMT,14,14670,9000,1.63,Critical,4
2026-03-06,CSMT,Mumbai CSMT,15,19360,9000,2.151,Critical,4
2026-03-06,CSMT,Mumbai CSMT,16,24159,9000,2.684,Critical,4
2026-03-06,CSMT,Mumbai CSMT,17,30680,9000,3.409,Critical,4
2026-03-06,CSMT,Mumbai CSMT,18,46932,9000,5.215,Critical,4
2026-03-06,CSMT,Mumbai CSMT,19,53331,9000,5.926,Critical,4
2026-03-06,CSMT,Mumbai CSMT,20,20067,9000,2.23,Critical,4
2026-03-06,CSMT,Mumbai CSMT,21,22574,9000,2.508,Critical,4
2026-03-06,CSMT,Mumbai CSMT,22,13007,9000,1.445,Critical,4
2026-03-06,CSMT,Mumbai CSMT,23,16715,9000,1.857,Critical,4
2026-03-06,KYN,Kalyan Junction,0,735,4000,0.184,Low,4
2026-03-06,KYN,Kalyan Junction,1,449,4000,0.112,Low,4
2026-03-06,KYN,Kalyan Junction,2,1396,4000,0.349,Low,4
2026-03-06,KYN,Kalyan Junction,3,470,4000,0.117,Low,4
2026-03-06,KYN,Kalyan Junction,4,589,4000,0.147,Low,4
2026-03-06,KYN,Kalyan Junction,5,4386,4000,1.097,Critical,4
2026-03-06,KYN,Kalyan Junction,6,3347,4000,0.837,High,4
2026-03-06,KYN,Kalyan Junction,7,13760,4000,3.44,Critical,4
2026-03-06,KYN,Kalyan Junction,8,10731,4000,2.683,Critical,4
2026-03-06,KYN,Kalyan Junction,9,7975,4000,1.994,Critical,4
2026-03-06,KYN,Kalyan Junction,10,7859,4000,1.965,Critical,4
2026-03-06,KYN,Kalyan Junction,11,6425,4000,1.606,Critical,4
2026-03-06,KYN,Kalyan Junction,12,3673,4000,0.918,Critical,4
2026-03-06,KYN,Kalyan Junction,13,3617,4000,0.904,Critical,4
2026-03-06,KYN,Kalyan Junction,14,5694,4000,1.423,Critical,4
2026-03-06,KYN,Kalyan Junction,15,7453,4000,1.863,Critical,4
2026-03-06,KYN,Kalyan Junction,16,6568,4000,1.642,Critical,4
2026-03-06,KYN,Kalyan Junction,17,9563,4000,2.391,Critical,4
2026-03-06,KYN,Kalyan Junction,18,10549,4000,2.637,Critical,4
2026-03-06,KYN,Kalyan Junction,19,17403,4000,4.351,Critical,4
2026-03-06,KYN,Kalyan Junction,20,5941,4000,1.485,Critical,4
2026-03-06,KYN,Kalyan Junction,21,6766,4000,1.692,Critical,4
2026-03-06,KYN,Kalyan Junction,22,5299,4000,1.325,Critical,4
2026-03-06,KYN,Kalyan Junction,23,4461,4000,1.115,Critical,4
2026-03-06,NMD,Nashik Road,0,330,2000,0.165,Low,4
2026-03-06,NMD,Nashik Road,1,264,2000,0.132,Low,4
2026-03-06,NMD,Nashik Road,2,528,2000,0.264,Low,4
2026-03-06,NMD,Nashik Road,3,521,2000,0.261,Low,4
2026-03-06,NMD,Nashik Road,4,194,2000,0.097,Low,4
2026-03-06,NMD,Nashik Road,5,1724,2000,0.862,High,4
2026-03-06,NMD,Nashik Road,6,1662,2000,0.831,High,4
2026-03-06,NMD,Nashik Road,7,4324,2000,2.162,Critical,4
2026-03-06,NMD,Nashik Road,8,5100,2000,2.55,Critical,4
2026-03-06,NMD,Nashik Road,9,4305,2000,2.152,Critical,4
2026-03-06,NMD,Nashik Road,10,2448,2000,1.224,Critical,4
2026-03-06,NMD,Nashik Road,11,2505,2000,1.252,Critical,4
2026-03-06,NMD,Nashik Road,12,1956,2000,0.978,Critical,4
2026-03-06,NMD,Nashik Road,13,1325,2000,0.662,Moderate,4
2026-03-06,NMD,Nashik Road,14,1393,2000,0.697,Moderate,4
2026-03-06,NMD,Nashik Road,15,2742,2000,1.371,Critical,4
2026-03-06,NMD,Nashik Road,16,3023,2000,1.512,Critical,4
2026-03-06,NMD,Nashik Road,17,3373,2000,1.687,Critical,4
2026-03-06,NMD,Nashik Road,18,4086,2000,2.043,Critical,4
2026-03-06,NMD,Nashik Road,19,3962,2000,1.981,Critical,4
2026-03-06,NMD,Nashik Road,20,2681,2000,1.341,Critical,4
2026-03-06,NMD,Nashik Road,21,1967,2000,0.984,Critical,4
2026-03-06,NMD,Nashik Road,22,1618,2000,0.809,High,4
2026-03-06,NMD,Nashik Road,23,1651,2000,0.826,High,4
2026-03-06,MMR,Manmad Junction,0,359,2500,0.144,Low,4
2026-03-06,MMR,Manmad Junction,1,146,2500,0.058,Low,4
2026-03-06,MMR,Manmad Junction,2,365,2500,0.146,Low,4
2026-03-06,MMR,Manmad Junction,3,366,2500,0.146,Low,4
2026-03-06,MMR,Manmad Junction,4,234,2500,0.094,Low,4
2026-03-06,MMR,Manmad Junction,5,1131,2500,0.452,Moderate,4
2026-03-06,MMR,Manmad Junction,6,932,2500,0.373,Low,4
2026-03-06,MMR,Manmad Junction,7,4289,2500,1.716,Critical,4
2026-03-06,MMR,Manmad Junction,8,3868,2500,1.547,Critical,4
2026-03-06,MMR,Manmad Junction,9,3547,2500,1.419,Critical,4
2026-03-06,MMR,Manmad Junction,10,1667,2500,0.667,Moderate,4
2026-03-06,MMR,Manmad Junction,11,1626,2500,0.65,Moderate,4
2026-03-06,MMR,Manmad Junction,12,965,2500,0.386,Low,4
2026-03-06,MMR,Manmad Junction,13,1406,2500,0.562,Moderate,4
2026-03-06,MMR,Manmad Junction,14,1371,2500,0.548,Moderate,4
2026-03-06,MMR,Manmad Junction,15,1795,2500,0.718,High,4
2026-03-06,MMR,Manmad Junction,16,1489,2500,0.596,Moderate,4
2026-03-06,MMR,Manmad Junction,17,2446,2500,0.978,Critical,4
2026-03-06,MMR,Manmad Junction,18,2292,2500,0.917,Critical,4
2026-03-06,MMR,Manmad Junction,19,2367,2500,0.947,Critical,4
2026-03-06,MMR,Manmad Junction,20,1816,2500,0.726,High,4
2026-03-06,MMR,Manmad Junction,21,2016,2500,0.806,High,4
2026-03-06,MMR,Manmad Junction,22,1264,2500,0.506,Moderate,4
2026-03-06,MMR,Manmad Junction,23,1481,2500,0.592,Moderate,4
2026-03-06,BSL,Bhusawal Junction,0,178,3000,0.059,Low,4
2026-03-06,BSL,Bhusawal Junction,1,334,3000,0.111,Low,4
2026-03-06,BSL,Bhusawal Junction,2,435,3000,0.145,Low,4
2026-03-06,BSL,Bhusawal Junction,3,577,3000,0.192,Low,4
2026-03-06,BSL,Bhusawal Junction,4,468,3000,0.156,Low,4
2026-03-06,BSL,Bhusawal Junction,5,1917,3000,0.639,Moderate,4
2026-03-06,BSL,Bhusawal Junction,6,2523,3000,0.841,High,4
2026-03-06,BSL,Bhusawal Junction,7,3739,3000,1.246,Critical,4
2026-03-06,BSL,Bhusawal Junction,8,5287,3000,1.762,Critical,4
2026-03-06,BSL,Bhusawal Junction,9,6620,3000,2.207,Critical,4
2026-03-06,BSL,Bhusawal Junction,10,2674,3000,0.891,High,4
2026-03-06,BSL,Bhusawal Junction,11,2540,3000,0.847,High,4
2026-03-06,BSL,Bhusawal Junction,12,1594,3000,0.531,Moderate,4
2026-03-06,BSL,Bhusawal Junction,13,1632,3000,0.544,Moderate,4
2026-03-06,BSL,Bhusawal Junction,14,1964,3000,0.655,Moderate,4
2026-03-06,BSL,Bhusawal Junction,15,2752,3000,0.917,Critical,4
2026-03-06,BSL,Bhusawal Junction,16,3145,3000,1.048,Critical,4
2026-03-06,BSL,Bhusawal Junction,17,7153,3000,2.384,Critical,4
2026-03-06,BSL,Bhusawal Junction,18,5378,3000,1.793,Critical,4
2026-03-06,BSL,Bhusawal Junction,19,6624,3000,2.208,Critical,4
2026-03-06,BSL,Bhusawal Junction,20,2545,3000,0.848,High,4
2026-03-06,BSL,Bhusawal Junction,21,2832,3000,0.944,Critical,4
2026-03-06,BSL,Bhusawal Junction,22,2428,3000,0.809,High,4
2026-03-06,BSL,Bhusawal Junction,23,1815,3000,0.605,Moderate,4
2026-03-06,ET,Itarsi Junction,0,267,3500,0.076,Low,4
2026-03-06,ET,Itarsi Junction,1,294,3500,0.084,Low,4
2026-03-06,ET,Itarsi Junction,2,448,3500,0.128,Low,4
2026-03-06,ET,Itarsi Junction,3,328,3500,0.094,Low,4
2026-03-06,ET,Itarsi Junction,4,192,3500,0.055,Low,4
2026-03-06,ET,Itarsi Junction,5,1690,3500,0.483,Moderate,4
2026-03-06,ET,Itarsi Junction,6,1805,3500,0.516,Moderate,4
2026-03-06,ET,Itarsi Junction,7,3161,3500,0.903,Critical,4
2026-03-06,ET,Itarsi Junction,8,3981,3500,1.137,Critical,4
2026-03-06,ET,Itarsi Junction,9,3977,3500,1.136,Critical,4
2026-03-06,ET,Itarsi Junction,10,1794,3500,0.513,Moderate,4
2026-03-06,ET,Itarsi Junction,11,2930,3500,0.837,High,4
2026-03-06,ET,Itarsi Junction,12,1896,3500,0.542,Moderate,4
2026-03-06,ET,Itarsi Junction,13,1509,3500,0.431,Moderate,4
2026-03-06,ET,Itarsi Junction,14,1507,3500,0.431,Moderate,4
2026-03-06,ET,Itarsi Junction,15,2252,3500,0.643,Moderate,4
2026-03-06,ET,Itarsi Junction,16,2743,3500,0.784,High,4
2026-03-06,ET,Itarsi Junction,17,5946,3500,1.699,Critical,4
2026-03-06,ET,Itarsi Junction,18,5367,3500,1.533,Critical,4
2026-03-06,ET,Itarsi Junction,19,3268,3500,0.934,Critical,4
2026-03-06,ET,Itarsi Junction,20,2257,3500,0.645,Moderate,4
2026-03-06,ET,Itarsi Junction,21,2334,3500,0.667,Moderate,4
2026-03-06,ET,Itarsi Junction,22,1674,3500,0.478,Moderate,4
2026-03-06,ET,Itarsi Junction,23,1846,3500,0.527,Moderate,4
2026-03-06,BPL,Bhopal Junction,0,747,3000,0.249,Low,4
2026-03-06,BPL,Bhopal Junction,1,599,3000,0.2,Low,4
2026-03-06,BPL,Bhopal Junction,2,368,3000,0.123,Low,4
2026-03-06,BPL,Bhopal Junction,3,441,3000,0.147,Low,4
2026-03-06,BPL,Bhopal Junction,4,642,3000,0.214,Low,4
2026-03-06,BPL,Bhopal Junction,5,2435,3000,0.812,High,4
2026-03-06,BPL,Bhopal Junction,6,2811,3000,0.937,Critical,4
2026-03-06,BPL,Bhopal Junction,7,7958,3000,2.653,Critical,4
2026-03-06,BPL,Bhopal Junction,8,8231,3000,2.744,Critical,4
2026-03-06,BPL,Bhopal Junction,9,5340,3000,1.78,Critical,4
2026-03-06,BPL,Bhopal Junction,10,4107,3000,1.369,Critical,4
2026-03-06,BPL,Bhopal Junction,11,3374,3000,1.125,Critical,4
2026-03-06,BPL,Bhopal Junction,12,2882,3000,0.961,Critical,4
2026-03-06,BPL,Bhopal Junction,13,3497,3000,1.166,Critical,4
2026-03-06,BPL,Bhopal Junction,14,2853,3000,0.951,Critical,4
2026-03-06,BPL,Bhopal Junction,15,3793,3000,1.264,Critical,4
2026-03-06,BPL,Bhopal Junction,16,3896,3000,1.299,Critical,4
2026-03-06,BPL,Bhopal Junction,17,6454,3000,2.151,Critical,4
2026-03-06,BPL,Bhopal Junction,18,6866,3000,2.289,Critical,4
2026-03-06,BPL,Bhopal Junction,19,6901,3000,2.3,Critical,4
2026-03-06,BPL,Bhopal Junction,20,4455,3000,1.485,Critical,4
2026-03-06,BPL,Bhopal Junction,21,5682,3000,1.894,Critical,4
2026-03-06,BPL,Bhopal Junction,22,2943,3000,0.981,Critical,4
2026-03-06,BPL,Bhopal Junction,23,2883,3000,0.961,Critical,4
2026-03-06,JHS,Jhansi Junction,0,396,4000,0.099,Low,4
2026-03-06,JHS,Jhansi Junction,1,414,4000,0.103,Low,4
2026-03-06,JHS,Jhansi Junction,2,320,4000,0.08,Low,4
2026-03-06,JHS,Jhansi Junction,3,238,4000,0.059,Low,4
2026-03-06,JHS,Jhansi Junction,4,459,4000,0.115,Low,4
2026-03-06,JHS,Jhansi Junction,5,1816,4000,0.454,Moderate,4
2026-03-06,JHS,Jhansi Junction,6,1668,4000,0.417,Moderate,4
2026-03-06,JHS,Jhansi Junction,7,5296,4000,1.324,Critical,4
2026-03-06,JHS,Jhansi Junction,8,5115,4000,1.279,Critical,4
2026-03-06,JHS,Jhansi Junction,9,6617,4000,1.654,Critical,4
2026-03-06,JHS,Jhansi Junction,10,3058,4000,0.764,High,4
2026-03-06,JHS,Jhansi Junction,11,4255,4000,1.064,Critical,4
2026-03-06,JHS,Jhansi Junction,12,2933,4000,0.733,High,4
2026-03-06,JHS,Jhansi Junction,13,2163,4000,0.541,Moderate,4
2026-03-06,JHS,Jhansi Junction,14,1727,4000,0.432,Moderate,4
2026-03-06,JHS,Jhansi Junction,15,2844,4000,0.711,High,4
2026-03-06,JHS,Jhansi Junction,16,3905,4000,0.976,Critical,4
2026-03-06,JHS,Jhansi Junction,17,6125,4000,1.531,Critical,4
2026-03-06,JHS,Jhansi Junction,18,4937,4000,1.234,Critical,4
2026-03-06,JHS,Jhansi Junction,19,9219,4000,2.305,Critical,4
2026-03-06,JHS,Jhansi Junction,20,3253,4000,0.813,High,4
2026-03-06,JHS,Jhansi Junction,21,2866,4000,0.717,High,4
2026-03-06,JHS,Jhansi Junction,22,2402,4000,0.601,Moderate,4
2026-03-06,JHS,Jhansi Junction,23,2215,4000,0.554,Moderate,4
2026-03-06,GWL,Gwalior Junction,0,344,2500,0.138,Low,4
2026-03-06,GWL,Gwalior Junction,1,362,2500,0.145,Low,4
2026-03-06,GWL,Gwalior Junction,2,513,2500,0.205,Low,4
2026-03-06,GWL,Gwalior Junction,3,485,2500,0.194,Low,4
2026-03-06,GWL,Gwalior Junction,4,374,2500,0.15,Low,4
2026-03-06,GWL,Gwalior Junction,5,2059,2500,0.824,High,4
2026-03-06,GWL,Gwalior Junction,6,1535,2500,0.614,Moderate,4
2026-03-06,GWL,Gwalior Junction,7,4462,2500,1.785,Critical,4
2026-03-06,GWL,Gwalior Junction,8,3736,2500,1.494,Critical,4
2026-03-06,GWL,Gwalior Junction,9,4952,2500,1.981,Critical,4
2026-03-06,GWL,Gwalior Junction,10,2314,2500,0.926,Critical,4
2026-03-06,GWL,Gwalior Junction,11,2741,2500,1.096,Critical,4
2026-03-06,GWL,Gwalior Junction,12,1327,2500,0.531,Moderate,4
2026-03-06,GWL,Gwalior Junction,13,1859,2500,0.744,High,4
2026-03-06,GWL,Gwalior Junction,14,1705,2500,0.682,Moderate,4
2026-03-06,GWL,Gwalior Junction,15,2938,2500,1.175,Critical,4
2026-03-06,GWL,Gwalior Junction,16,2517,2500,1.007,Critical,4
2026-03-06,GWL,Gwalior Junction,17,4756,2500,1.902,Critical,4
2026-03-06,GWL,Gwalior Junction,18,3632,2500,1.453,Critical,4
2026-03-06,GWL,Gwalior Junction,19,4039,2500,1.616,Critical,4
2026-03-06,GWL,Gwalior Junction,20,2481,2500,0.992,Critical,4
2026-03-06,GWL,Gwalior Junction,21,2824,2500,1.13,Critical,4
2026-03-06,GWL,Gwalior Junction,22,2197,2500,0.879,High,4
2026-03-06,GWL,Gwalior Junction,23,2377,2500,0.951,Critical,4
2026-03-06,AGC,Agra Cantt,0,319,3000,0.106,Low,4
2026-03-06,AGC,Agra Cantt,1,636,3000,0.212,Low,4
2026-03-06,AGC,Agra Cantt,2,626,3000,0.209,Low,4
2026-03-06,AGC,Agra Cantt,3,344,3000,0.115,Low,4
2026-03-06,AGC,Agra Cantt,4,646,3000,0.215,Low,4
2026-03-06,AGC,Agra Cantt,5,2719,3000,0.906,Critical,4
2026-03-06,AGC,Agra Cantt,6,2149,3000,0.716,High,4
2026-03-06,AGC,Agra Cantt,7,7381,3000,2.46,Critical,4
2026-03-06,AGC,Agra Cantt,8,4469,3000,1.49,Critical,4
2026-03-06,AGC,Agra Cantt,9,9147,3000,3.049,Critical,4
2026-03-06,AGC,Agra Cantt,10,2836,3000,0.945,Critical,4
2026-03-06,AGC,Agra Cantt,11,4196,3000,1.399,Critical,4
2026-03-06,AGC,Agra Cantt,12,2009,3000,0.67,Moderate,4
2026-03-06,AGC,Agra Cantt,13,2115,3000,0.705,High,4
2026-03-06,AGC,Agra Cantt,14,1691,3000,0.564,Moderate,4
2026-03-06,AGC,Agra Cantt,15,4209,3000,1.403,Critical,4
2026-03-06,AGC,Agra Cantt,16,2839,3000,0.946,Critical,4
2026-03-06,AGC,Agra Cantt,17,5091,3000,1.697,Critical,4
2026-03-06,AGC,Agra Cantt,18,4920,3000,1.64,Critical,4
2026-03-06,AGC,Agra Cantt,19,6410,3000,2.137,Critical,4
2026-03-06,AGC,Agra Cantt,20,3186,3000,1.062,Critical,4
2026-03-06,AGC,Agra Cantt,21,4268,3000,1.423,Critical,4
2026-03-06,AGC,Agra Cantt,22,2149,3000,0.716,High,4
2026-03-06,AGC,Agra Cantt,23,2340,3000,0.78,High,4
2026-03-05,MMCT,Mumbai Central,0,1836,4000,0.459,Moderate,3
2026-03-05,MMCT,Mumbai Central,1,833,4000,0.208,Low,3
2026-03-05,MMCT,Mumbai Central,2,1850,4000,0.463,Moderate,3
2026-03-05,MMCT,Mumbai Central,3,1547,4000,0.387,Low,3
2026-03-05,MMCT,Mumbai Central,4,613,4000,0.153,Low,3
2026-03-05,MMCT,Mumbai Central,5,6834,4000,1.708,Critical,3
2026-03-05,MMCT,Mumbai Central,6,6571,4000,1.643,Critical,3
2026-03-05,MMCT,Mumbai Central,7,14328,4000,3.582,Critical,3
2026-03-05,MMCT,Mumbai Central,8,14945,4000,3.736,Critical,3
2026-03-05,MMCT,Mumbai Central,9,13579,4000,3.395,Critical,3
2026-03-05,MMCT,Mumbai Central,10,9765,4000,2.441,Critical,3
2026-03-05,MMCT,Mumbai Central,11,8049,4000,2.012,Critical,3
2026-03-05,MMCT,Mumbai Central,12,5502,4000,1.375,Critical,3
2026-03-05,MMCT,Mumbai Central,13,8117,4000,2.029,Critical,3
2026-03-05,MMCT,Mumbai Central,14,5587,4000,1.397,Critical,3
2026-03-05,MMCT,Mumbai Central,15,9921,4000,2.48,Critical,3
2026-03-05,MMCT,Mumbai Central,16,9637,4000,2.409,Critical,3
2026-03-05,MMCT,Mumbai Central,17,14592,4000,3.648,Critical,3
2026-03-05,MMCT,Mumbai Central,18,20623,4000,5.156,Critical,3
2026-03-05,MMCT,Mumbai Central,19,18377,4000,4.594,Critical,3
2026-03-05,MMCT,Mumbai Central,20,11628,4000,2.907,Critical,3
2026-03-05,MMCT,Mumbai Central,21,12265,4000,3.066,Critical,3
2026-03-05,MMCT,Mumbai Central,22,6452,4000,1.613,Critical,3
2026-03-05,MMCT,Mumbai Central,23,4344,4000,1.086,Critical,3
2026-03-05,BVI,Borivali,0,898,3000,0.299,Low,3
2026-03-05,BVI,Borivali,1,550,3000,0.183,Low,3
2026-03-05,BVI,Borivali,2,982,3000,0.327,Low,3
2026-03-05,BVI,Borivali,3,468,3000,0.156,Low,3
2026-03-05,BVI,Borivali,4,589,3000,0.196,Low,3
2026-03-05,BVI,Borivali,5,3480,3000,1.16,Critical,3
2026-03-05,BVI,Borivali,6,4136,3000,1.379,Critical,3
2026-03-05,BVI,Borivali,7,7159,3000,2.386,Critical,3
2026-03-05,BVI,Borivali,8,13084,3000,4.361,Critical,3
2026-03-05,BVI,Borivali,9,6573,3000,2.191,Critical,3
2026-03-05,BVI,Borivali,10,4299,3000,1.433,Critical,3
2026-03-05,BVI,Borivali,11,5252,3000,1.751,Critical,3
2026-03-05,BVI,Borivali,12,2785,3000,0.928,Critical,3
2026-03-05,BVI,Borivali,13,3482,3000,1.161,Critical,3
2026-03-05,BVI,Borivali,14,3264,3000,1.088,Critical,3
2026-03-05,BVI,Borivali,15,4891,3000,1.63,Critical,3
2026-03-05,BVI,Borivali,16,4785,3000,1.595,Critical,3
2026-03-05,BVI,Borivali,17,9444,3000,3.148,Critical,3
2026-03-05,BVI,Borivali,18,8059,3000,2.686,Critical,3
2026-03-05,BVI,Borivali,19,10597,3000,3.532,Critical,3
2026-03-05,BVI,Borivali,20,3667,3000,1.222,Critical,3
2026-03-05,BVI,Borivali,21,5996,3000,1.999,Critical,3
2026-03-05,BVI,Borivali,22,3363,3000,1.121,Critical,3
2026-03-05,BVI,Borivali,23,2865,3000,0.955,Critical,3
2026-03-05,BL,Valsad,0,101,1500,0.067,Low,3
2026-03-05,BL,Valsad,1,153,1500,0.102,Low,3
2026-03-05,BL,Valsad,2,214,1500,0.143,Low,3
2026-03-05,BL,Valsad,3,123,1500,0.082,Low,3
2026-03-05,BL,Valsad,4,150,1500,0.1,Low,3
2026-03-05,BL,Valsad,5,614,1500,0.409,Moderate,3
2026-03-05,BL,Valsad,6,663,1500,0.442,Moderate,3
2026-03-05,BL,Valsad,7,1759,1500,1.173,Critical,3
2026-03-05,BL,Valsad,8,1884,1500,1.256,Critical,3
2026-03-05,BL,Valsad,9,1991,1500,1.327,Critical,3
2026-03-05,BL,Valsad,10,926,1500,0.617,Moderate,3
2026-03-05,BL,Valsad,11,791,1500,0.527,Moderate,3
2026-03-05,BL,Valsad,12,662,1500,0.441,Moderate,3
2026-03-05,BL,Valsad,13,609,1500,0.406,Moderate,3
2026-03-05,BL,Valsad,14,519,1500,0.346,Low,3
2026-03-05,BL,Valsad,15,1103,1500,0.735,High,3
2026-03-05,BL,Valsad,16,669,1500,0.446,Moderate,3
2026-03-05,BL,Valsad,17,2085,1500,1.39,Critical,3
2026-03-05,BL,Valsad,18,2204,1500,1.469,Critical,3
2026-03-05,BL,Valsad,19,1887,1500,1.258,Critical,3
2026-03-05,BL,Valsad,20,812,1500,0.541,Moderate,3
2026-03-05,BL,Valsad,21,754,1500,0.503,Moderate,3
2026-03-05,BL,Valsad,22,484,1500,0.323,Low,3
2026-03-05,BL,Valsad,23,780,1500,0.52,Moderate,3
2026-03-05,ST,Surat,0,1071,3000,0.357,Low,3
2026-03-05,ST,Surat,1,882,3000,0.294,Low,3
2026-03-05,ST,Surat,2,1055,3000,0.352,Low,3
2026-03-05,ST,Surat,3,553,3000,0.184,Low,3
2026-03-05,ST,Surat,4,356,3000,0.119,Low,3
2026-03-05,ST,Surat,5,2934,3000,0.978,Critical,3
2026-03-05,ST,Surat,6,3981,3000,1.327,Critical,3
2026-03-05,ST,Surat,7,7906,3000,2.635,Critical,3
2026-03-05,ST,Surat,8,14655,3000,4.885,Critical,3
2026-03-05,ST,Surat,9,10084,3000,3.361,Critical,3
2026-03-05,ST,Surat,10,6185,3000,2.062,Critical,3
2026-03-05,ST,Surat,11,6247,3000,2.082,Critical,3
2026-03-05,ST,Surat,12,2949,3000,0.983,Critical,3
2026-03-05,ST,Surat,13,3564,3000,1.188,Critical,3
2026-03-05,ST,Surat,14,2878,3000,0.959,Critical,3
2026-03-05,ST,Surat,15,6017,3000,2.006,Critical,3
2026-03-05,ST,Surat,16,5795,3000,1.932,Critical,3
2026-03-05,ST,Surat,17,11102,3000,3.701,Critical,3
2026-03-05,ST,Surat,18,10911,3000,3.637,Critical,3
2026-03-05,ST,Surat,19,8606,3000,2.869,Critical,3
2026-03-05,ST,Surat,20,5660,3000,1.887,Critical,3
2026-03-05,ST,Surat,21,5898,3000,1.966,Critical,3
2026-03-05,ST,Surat,22,3774,3000,1.258,Critical,3
2026-03-05,ST,Surat,23,4766,3000,1.589,Critical,3
2026-03-05,BRC,Vadodara Junction,0,633,3500,0.181,Low,3
2026-03-05,BRC,Vadodara Junction,1,615,3500,0.176,Low,3
2026-03-05,BRC,Vadodara Junction,2,519,3500,0.148,Low,3
2026-03-05,BRC,Vadodara Junction,3,746,3500,0.213,Low,3
2026-03-05,BRC,Vadodara Junction,4,552,3500,0.158,Low,3
2026-03-05,BRC,Vadodara Junction,5,4754,3500,1.358,Critical,3
2026-03-05,BRC,Vadodara Junction,6,3715,3500,1.061,Critical,3
2026-03-05,BRC,Vadodara Junction,7,13482,3500,3.852,Critical,3
2026-03-05,BRC,Vadodara Junction,8,8606,3500,2.459,Critical,3
2026-03-05,BRC,Vadodara Junction,9,9488,3500,2.711,Critical,3
2026-03-05,BRC,Vadodara Junction,10,6264,3500,1.79,Critical,3
2026-03-05,BRC,Vadodara Junction,11,6458,3500,1.845,Critical,3
2026-03-05,BRC,Vadodara Junction,12,3193,3500,0.912,Critical,3
2026-03-05,BRC,Vadodara Junction,13,2843,3500,0.812,High,3
2026-03-05,BRC,Vadodara Junction,14,4913,3500,1.404,Critical,3
2026-03-05,BRC,Vadodara Junction,15,3839,3500,1.097,Critical,3
2026-03-05,BRC,Vadodara Junction,16,5149,3500,1.471,Critical,3
2026-03-05,BRC,Vadodara Junction,17,10719,3500,3.063,Critical,3
2026-03-05,BRC,Vadodara Junction,18,12428,3500,3.551,Critical,3
2026-03-05,BRC,Vadodara Junction,19,11170,3500,3.191,Critical,3
2026-03-05,BRC,Vadodara Junction,20,5246,3500,1.499,Critical,3
2026-03-05,BRC,Vadodara Junction,21,4907,3500,1.402,Critical,3
2026-03-05,BRC,Vadodara Junction,22,3901,3500,1.115,Critical,3
2026-03-05,BRC,Vadodara Junction,23,4700,3500,1.343,Critical,3
2026-03-05,RTM,Ratlam Junction,0,307,2500,0.123,Low,3
2026-03-05,RTM,Ratlam Junction,1,257,2500,0.103,Low,3
2026-03-05,RTM,Ratlam Junction,2,438,2500,0.175,Low,3
2026-03-05,RTM,Ratlam Junction,3,296,2500,0.118,Low,3
2026-03-05,RTM,Ratlam Junction,4,319,2500,0.128,Low,3
2026-03-05,RTM,Ratlam Junction,5,1568,2500,0.627,Moderate,3
2026-03-05,RTM,Ratlam Junction,6,1407,2500,0.563,Moderate,3
2026-03-05,RTM,Ratlam Junction,7,5858,2500,2.343,Critical,3
2026-03-05,RTM,Ratlam Junction,8,4503,2500,1.801,Critical,3
2026-03-05,RTM,Ratlam Junction,9,3251,2500,1.3,Critical,3
2026-03-05,RTM,Ratlam Junction,10,1992,2500,0.797,High,3
2026-03-05,RTM,Ratlam Junction,11,1769,2500,0.708,High,3
2026-03-05,RTM,Ratlam Junction,12,1640,2500,0.656,Moderate,3
2026-03-05,RTM,Ratlam Junction,13,1707,2500,0.683,Moderate,3
2026-03-05,RTM,Ratlam Junction,14,1227,2500,0.491,Moderate,3
2026-03-05,RTM,Ratlam Junction,15,1977,2500,0.791,High,3
2026-03-05,RTM,Ratlam Junction,16,2281,2500,0.912,Critical,3
2026-03-05,RTM,Ratlam Junction,17,4102,2500,1.641,Critical,3
2026-03-05,RTM,Ratlam Junction,18,3370,2500,1.348,Critical,3
2026-03-05,RTM,Ratlam Junction,19,4665,2500,1.866,Critical,3
2026-03-05,RTM,Ratlam Junction,20,2382,2500,0.953,Critical,3
2026-03-05,RTM,Ratlam Junction,21,1688,2500,0.675,Moderate,3
2026-03-05,RTM,Ratlam Junction,22,1556,2500,0.622,Moderate,3
2026-03-05,RTM,Ratlam Junction,23,1071,2500,0.428,Moderate,3
2026-03-05,KOTA,Kota Junction,0,621,3000,0.207,Low,3
2026-03-05,KOTA,Kota Junction,1,353,3000,0.118,Low,3
2026-03-05,KOTA,Kota Junction,2,261,3000,0.087,Low,3
2026-03-05,KOTA,Kota Junction,3,448,3000,0.149,Low,3
2026-03-05,KOTA,Kota Junction,4,292,3000,0.097,Low,3
2026-03-05,KOTA,Kota Junction,5,1642,3000,0.547,Moderate,3
2026-03-05,KOTA,Kota Junction,6,1779,3000,0.593,Moderate,3
2026-03-05,KOTA,Kota Junction,7,4555,3000,1.518,Critical,3
2026-03-05,KOTA,Kota Junction,8,4315,3000,1.438,Critical,3
2026-03-05,KOTA,Kota Junction,9,5954,3000,1.985,Critical,3
2026-03-05,KOTA,Kota Junction,10,2400,3000,0.8,High,3
2026-03-05,KOTA,Kota Junction,11,2106,3000,0.702,High,3
2026-03-05,KOTA,Kota Junction,12,2677,3000,0.892,High,3
2026-03-05,KOTA,Kota Junction,13,1754,3000,0.585,Moderate,3
2026-03-05,KOTA,Kota Junction,14,2080,3000,0.693,Moderate,3
2026-03-05,KOTA,Kota Junction,15,3535,3000,1.178,Critical,3
2026-03-05,KOTA,Kota Junction,16,2275,3000,0.758,High,3
2026-03-05,KOTA,Kota Junction,17,4244,3000,1.415,Critical,3
2026-03-05,KOTA,Kota Junction,18,5382,3000,1.794,Critical,3
2026-03-05,KOTA,Kota Junction,19,5254,3000,1.751,Critical,3
2026-03-05,KOTA,Kota Junction,20,2677,3000,0.892,High,3
2026-03-05,KOTA,Kota Junction,21,2880,3000,0.96,Critical,3
2026-03-05,KOTA,Kota Junction,22,2243,3000,0.748,High,3
2026-03-05,KOTA,Kota Junction,23,1692,3000,0.564,Moderate,3
2026-03-05,SWM,Sawai Madhopur,0,283,2000,0.141,Low,3
2026-03-05,SWM,Sawai Madhopur,1,266,2000,0.133,Low,3
2026-03-05,SWM,Sawai Madhopur,2,200,2000,0.1,Low,3
2026-03-05,SWM,Sawai Madhopur,3,200,2000,0.1,Low,3
2026-03-05,SWM,Sawai Madhopur,4,244,2000,0.122,Low,3
2026-03-05,SWM,Sawai Madhopur,5,848,2000,0.424,Moderate,3
2026-03-05,SWM,Sawai Madhopur,6,801,2000,0.401,Moderate,3
2026-03-05,SWM,Sawai Madhopur,7,2063,2000,1.032,Critical,3
2026-03-05,SWM,Sawai Madhopur,8,2882,2000,1.441,Critical,3
2026-03-05,SWM,Sawai Madhopur,9,2373,2000,1.187,Critical,3
2026-03-05,SWM,Sawai Madhopur,10,1573,2000,0.786,High,3
2026-03-05,SWM,Sawai Madhopur,11,1090,2000,0.545,Moderate,3
2026-03-05,SWM,Sawai Madhopur,12,670,2000,0.335,Low,3
2026-03-05,SWM,Sawai Madhopur,13,733,2000,0.366,Low,3
2026-03-05,SWM,Sawai Madhopur,14,667,2000,0.334,Low,3
2026-03-05,SWM,Sawai Madhopur,15,1256,2000,0.628,Moderate,3
2026-03-05,SWM,Sawai Madhopur,16,1485,2000,0.743,High,3
2026-03-05,SWM,Sawai Madhopur,17,2131,2000,1.065,Critical,3
2026-03-05,SWM,Sawai Madhopur,18,2094,2000,1.047,Critical,3
2026-03-05,SWM,Sawai Madhopur,19,2096,2000,1.048,Critical,3
2026-03-05,SWM,Sawai Madhopur,20,1219,2000,0.61,Moderate,3
2026-03-05,SWM,Sawai Madhopur,21,1144,2000,0.572,Moderate,3
2026-03-05,SWM,Sawai Madhopur,22,799,2000,0.4,Low,3
2026-03-05,SWM,Sawai Madhopur,23,862,2000,0.431,Moderate,3
2026-03-05,MTJ,Mathura Junction,0,498,3000,0.166,Low,3
2026-03-05,MTJ,Mathura Junction,1,514,3000,0.171,Low,3
2026-03-05,MTJ,Mathura Junction,2,260,3000,0.087,Low,3
2026-03-05,MTJ,Mathura Junction,3,748,3000,0.249,Low,3
2026-03-05,MTJ,Mathura Junction,4,248,3000,0.083,Low,3
2026-03-05,MTJ,Mathura Junction,5,1774,3000,0.591,Moderate,3
2026-03-05,MTJ,Mathura Junction,6,2854,3000,0.951,Critical,3
2026-03-05,MTJ,Mathura Junction,7,7041,3000,2.347,Critical,3
2026-03-05,MTJ,Mathura Junction,8,5821,3000,1.94,Critical,3
2026-03-05,MTJ,Mathura Junction,9,6147,3000,2.049,Critical,3
2026-03-05,MTJ,Mathura Junction,10,2412,3000,0.804,High,3
2026-03-05,MTJ,Mathura Junction,11,2986,3000,0.995,Critical,3
2026-03-05,MTJ,Mathura Junction,12,2527,3000,0.842,High,3
2026-03-05,MTJ,Mathura Junction,13,2353,3000,0.784,High,3
2026-03-05,MTJ,Mathura Junction,14,2635,3000,0.878,High,3
2026-03-05,MTJ,Mathura Junction,15,3806,3000,1.269,Critical,3
2026-03-05,MTJ,Mathura Junction,16,3483,3000,1.161,Critical,3
2026-03-05,MTJ,Mathura Junction,17,7351,3000,2.45,Critical,3
2026-03-05,MTJ,Mathura Junction,18,6537,3000,2.179,Critical,3
2026-03-05,MTJ,Mathura Junction,19,5143,3000,1.714,Critical,3
2026-03-05,MTJ,Mathura Junction,20,2646,3000,0.882,High,3
2026-03-05,MTJ,Mathura Junction,21,3910,3000,1.303,Critical,3
2026-03-05,MTJ,Mathura Junction,22,2799,3000,0.933,Critical,3
2026-03-05,MTJ,Mathura Junction,23,2375,3000,0.792,High,3
2026-03-05,NDLS,New Delhi,0,4244,8000,0.53,Moderate,3
2026-03-05,NDLS,New Delhi,1,3705,8000,0.463,Moderate,3
2026-03-05,NDLS,New Delhi,2,2743,8000,0.343,Low,3
2026-03-05,NDLS,New Delhi,3,4439,8000,0.555,Moderate,3
2026-03-05,NDLS,New Delhi,4,2291,8000,0.286,Low,3
2026-03-05,NDLS,New Delhi,5,14589,8000,1.824,Critical,3
2026-03-05,NDLS,New Delhi,6,14177,8000,1.772,Critical,3
2026-03-05,NDLS,New Delhi,7,56920,8000,7.115,Critical,3
2026-03-05,NDLS,New Delhi,8,51978,8000,6.497,Critical,3
2026-03-05,NDLS,New Delhi,9,34973,8000,4.372,Critical,3
2026-03-05,NDLS,New Delhi,10,32159,8000,4.02,Critical,3
2026-03-05,NDLS,New Delhi,11,27801,8000,3.475,Critical,3
2026-03-05,NDLS,New Delhi,12,19234,8000,2.404,Critical,3
2026-03-05,NDLS,New Delhi,13,21656,8000,2.707,Critical,3
2026-03-05,NDLS,New Delhi,14,18708,8000,2.338,Critical,3
2026-03-05,NDLS,New Delhi,15,26290,8000,3.286,Critical,3
2026-03-05,NDLS,New Delhi,16,27233,8000,3.404,Critical,3
2026-03-05,NDLS,New Delhi,17,62292,8000,7.787,Critical,3
2026-03-05,NDLS,New Delhi,18,41241,8000,5.155,Critical,3
2026-03-05,NDLS,New Delhi,19,51734,8000,6.467,Critical,3
2026-03-05,NDLS,New Delhi,20,25326,8000,3.166,Critical,3
2026-03-05,NDLS,New Delhi,21,34124,8000,4.266,Critical,3
2026-03-05,NDLS,New Delhi,22,15624,8000,1.953,Critical,3
2026-03-05,NDLS,New Delhi,23,15075,8000,1.884,Critical,3
2026-03-05,CSMT,Mumbai CSMT,0,2871,9000,0.319,Low,3
2026-03-05,CSMT,Mumbai CSMT,1,1474,9000,0.164,Low,3
2026-03-05,CSMT,Mumbai CSMT,2,3568,9000,0.396,Low,3
2026-03-05,CSMT,Mumbai CSMT,3,3409,9000,0.379,Low,3
2026-03-05,CSMT,Mumbai CSMT,4,2977,9000,0.331,Low,3
2026-03-05,CSMT,Mumbai CSMT,5,11056,9000,1.228,Critical,3
2026-03-05,CSMT,Mumbai CSMT,6,12586,9000,1.398,Critical,3
2026-03-05,CSMT,Mumbai CSMT,7,37867,9000,4.207,Critical,3
2026-03-05,CSMT,Mumbai CSMT,8,34770,9000,3.863,Critical,3
2026-03-05,CSMT,Mumbai CSMT,9,32405,9000,3.601,Critical,3
2026-03-05,CSMT,Mumbai CSMT,10,21694,9000,2.41,Critical,3
2026-03-05,CSMT,Mumbai CSMT,11,23033,9000,2.559,Critical,3
2026-03-05,CSMT,Mumbai CSMT,12,14585,9000,1.621,Critical,3
2026-03-05,CSMT,Mumbai CSMT,13,14219,9000,1.58,Critical,3
2026-03-05,CSMT,Mumbai CSMT,14,16519,9000,1.835,Critical,3
2026-03-05,CSMT,Mumbai CSMT,15,27057,9000,3.006,Critical,3
2026-03-05,CSMT,Mumbai CSMT,16,20975,9000,2.331,Critical,3
2026-03-05,CSMT,Mumbai CSMT,17,39275,9000,4.364,Critical,3
2026-03-05,CSMT,Mumbai CSMT,18,31197,9000,3.466,Critical,3
2026-03-05,CSMT,Mumbai CSMT,19,27564,9000,3.063,Critical,3
2026-03-05,CSMT,Mumbai CSMT,20,21136,9000,2.348,Critical,3
2026-03-05,CSMT,Mumbai CSMT,21,22311,9000,2.479,Critical,3
2026-03-05,CSMT,Mumbai CSMT,22,15602,9000,1.734,Critical,3
2026-03-05,CSMT,Mumbai CSMT,23,15167,9000,1.685,Critical,3
2026-03-05,KYN,Kalyan Junction,0,678,4000,0.17,Low,3
2026-03-05,KYN,Kalyan Junction,1,584,4000,0.146,Low,3
2026-03-05,KYN,Kalyan Junction,2,971,4000,0.243,Low,3
2026-03-05,KYN,Kalyan Junction,3,377,4000,0.094,Low,3
2026-03-05,KYN,Kalyan Junction,4,1066,4000,0.267,Low,3
2026-03-05,KYN,Kalyan Junction,5,4309,4000,1.077,Critical,3
2026-03-05,KYN,Kalyan Junction,6,4375,4000,1.094,Critical,3
2026-03-05,KYN,Kalyan Junction,7,11637,4000,2.909,Critical,3
2026-03-05,KYN,Kalyan Junction,8,9701,4000,2.425,Critical,3
2026-03-05,KYN,Kalyan Junction,9,15265,4000,3.816,Critical,3
2026-03-05,KYN,Kalyan Junction,10,6062,4000,1.516,Critical,3
2026-03-05,KYN,Kalyan Junction,11,5419,4000,1.355,Critical,3
2026-03-05,KYN,Kalyan Junction,12,5160,4000,1.29,Critical,3
2026-03-05,KYN,Kalyan Junction,13,5035,4000,1.259,Critical,3
2026-03-05,KYN,Kalyan Junction,14,3161,4000,0.79,High,3
2026-03-05,KYN,Kalyan Junction,15,5339,4000,1.335,Critical,3
2026-03-05,KYN,Kalyan Junction,16,5234,4000,1.308,Critical,3
2026-03-05,KYN,Kalyan Junction,17,8174,4000,2.043,Critical,3
2026-03-05,KYN,Kalyan Junction,18,10789,4000,2.697,Critical,3
2026-03-05,KYN,Kalyan Junction,19,9048,4000,2.262,Critical,3
2026-03-05,KYN,Kalyan Junction,20,8214,4000,2.054,Critical,3
2026-03-05,KYN,Kalyan Junction,21,6106,4000,1.526,Critical,3
2026-03-05,KYN,Kalyan Junction,22,4728,4000,1.182,Critical,3
2026-03-05,KYN,Kalyan Junction,23,3962,4000,0.991,Critical,3
2026-03-05,NMD,Nashik Road,0,233,2000,0.117,Low,3
2026-03-05,NMD,Nashik Road,1,537,2000,0.269,Low,3
2026-03-05,NMD,Nashik Road,2,398,2000,0.199,Low,3
2026-03-05,NMD,Nashik Road,3,468,2000,0.234,Low,3
2026-03-05,NMD,Nashik Road,4,295,2000,0.147,Low,3
2026-03-05,NMD,Nashik Road,5,1715,2000,0.858,High,3
2026-03-05,NMD,Nashik Road,6,1280,2000,0.64,Moderate,3
2026-03-05,NMD,Nashik Road,7,4747,2000,2.373,Critical,3
2026-03-05,NMD,Nashik Road,8,5149,2000,2.575,Critical,3
2026-03-05,NMD,Nashik Road,9,5842,2000,2.921,Critical,3
2026-03-05,NMD,Nashik Road,10,2175,2000,1.087,Critical,3
2026-03-05,NMD,Nashik Road,11,2448,2000,1.224,Critical,3
2026-03-05,NMD,Nashik Road,12,1823,2000,0.911,Critical,3
2026-03-05,NMD,Nashik Road,13,1989,2000,0.995,Critical,3
2026-03-05,NMD,Nashik Road,14,1555,2000,0.777,High,3
2026-03-05,NMD,Nashik Road,15,2647,2000,1.323,Critical,3
2026-03-05,NMD,Nashik Road,16,2575,2000,1.288,Critical,3
2026-03-05,NMD,Nashik Road,17,4847,2000,2.424,Critical,3
2026-03-05,NMD,Nashik Road,18,6678,2000,3.339,Critical,3
2026-03-05,NMD,Nashik Road,19,5364,2000,2.682,Critical,3
2026-03-05,NMD,Nashik Road,20,2586,2000,1.293,Critical,3
2026-03-05,NMD,Nashik Road,21,3246,2000,1.623,Critical,3
2026-03-05,NMD,Nashik Road,22,1370,2000,0.685,Moderate,3
2026-03-05,NMD,Nashik Road,23,1762,2000,0.881,High,3
2026-03-05,MMR,Manmad Junction,0,257,2500,0.103,Low,3
2026-03-05,MMR,Manmad Junction,1,298,2500,0.119,Low,3
2026-03-05,MMR,Manmad Junction,2,375,2500,0.15,Low,3
2026-03-05,MMR,Manmad Junction,3,297,2500,0.119,Low,3
2026-03-05,MMR,Manmad Junction,4,306,2500,0.122,Low,3
2026-03-05,MMR,Manmad Junction,5,890,2500,0.356,Low,3
2026-03-05,MMR,Manmad Junction,6,1329,2500,0.532,Moderate,3
2026-03-05,MMR,Manmad Junction,7,3052,2500,1.221,Critical,3
2026-03-05,MMR,Manmad Junction,8,3851,2500,1.54,Critical,3
2026-03-05,MMR,Manmad Junction,9,4504,2500,1.802,Critical,3
2026-03-05,MMR,Manmad Junction,10,2023,2500,0.809,High,3
2026-03-05,MMR,Manmad Junction,11,2159,2500,0.864,High,3
2026-03-05,MMR,Manmad Junction,12,1509,2500,0.604,Moderate,3
2026-03-05,MMR,Manmad Junction,13,1259,2500,0.504,Moderate,3
2026-03-05,MMR,Manmad Junction,14,1130,2500,0.452,Moderate,3
2026-03-05,MMR,Manmad Junction,15,2510,2500,1.004,Critical,3
2026-03-05,MMR,Manmad Junction,16,2153,2500,0.861,High,3
2026-03-05,MMR,Manmad Junction,17,3583,2500,1.433,Critical,3
2026-03-05,MMR,Manmad Junction,18,3770,2500,1.508,Critical,3
2026-03-05,MMR,Manmad Junction,19,2594,2500,1.038,Critical,3
2026-03-05,MMR,Manmad Junction,20,1887,2500,0.755,High,3
2026-03-05,MMR,Manmad Junction,21,1638,2500,0.655,Moderate,3
2026-03-05,MMR,Manmad Junction,22,1117,2500,0.447,Moderate,3
2026-03-05,MMR,Manmad Junction,23,1047,2500,0.419,Moderate,3
2026-03-05,BSL,Bhusawal Junction,0,421,3000,0.14,Low,3
2026-03-05,BSL,Bhusawal Junction,1,499,3000,0.166,Low,3
2026-03-05,BSL,Bhusawal Junction,2,370,3000,0.123,Low,3
2026-03-05,BSL,Bhusawal Junction,3,461,3000,0.154,Low,3
2026-03-05,BSL,Bhusawal Junction,4,387,3000,0.129,Low,3
2026-03-05,BSL,Bhusawal Junction,5,1590,3000,0.53,Moderate,3
2026-03-05,BSL,Bhusawal Junction,6,1566,3000,0.522,Moderate,3
2026-03-05,BSL,Bhusawal Junction,7,4158,3000,1.386,Critical,3
2026-03-05,BSL,Bhusawal Junction,8,4707,3000,1.569,Critical,3
2026-03-05,BSL,Bhusawal Junction,9,5486,3000,1.829,Critical,3
2026-03-05,BSL,Bhusawal Junction,10,2870,3000,0.957,Critical,3
2026-03-05,BSL,Bhusawal Junction,11,3227,3000,1.076,Critical,3
2026-03-05,BSL,Bhusawal Junction,12,1829,3000,0.61,Moderate,3
2026-03-05,BSL,Bhusawal Junction,13,1813,3000,0.604,Moderate,3
2026-03-05,BSL,Bhusawal Junction,14,2235,3000,0.745,High,3
2026-03-05,BSL,Bhusawal Junction,15,2603,3000,0.868,High,3
2026-03-05,BSL,Bhusawal Junction,16,3220,3000,1.073,Critical,3
2026-03-05,BSL,Bhusawal Junction,17,3582,3000,1.194,Critical,3
2026-03-05,BSL,Bhusawal Junction,18,5480,3000,1.827,Critical,3
2026-03-05,BSL,Bhusawal Junction,19,4164,3000,1.388,Critical,3
2026-03-05,BSL,Bhusawal Junction,20,2702,3000,0.901,Critical,3
2026-03-05,BSL,Bhusawal Junction,21,3020,3000,1.007,Critical,3
2026-03-05,BSL,Bhusawal Junction,22,1788,3000,0.596,Moderate,3
2026-03-05,BSL,Bhusawal Junction,23,1647,3000,0.549,Moderate,3
2026-03-05,ET,Itarsi Junction,0,290,3500,0.083,Low,3
2026-03-05,ET,Itarsi Junction,1,539,3500,0.154,Low,3
2026-03-05,ET,Itarsi Junction,2,202,3500,0.058,Low,3
2026-03-05,ET,Itarsi Junction,3,519,3500,0.148,Low,3
2026-03-05,ET,Itarsi Junction,4,365,3500,0.104,Low,3
2026-03-05,ET,Itarsi Junction,5,1595,3500,0.456,Moderate,3
2026-03-05,ET,Itarsi Junction,6,1416,3500,0.405,Moderate,3
2026-03-05,ET,Itarsi Junction,7,3890,3500,1.111,Critical,3
2026-03-05,ET,Itarsi Junction,8,3835,3500,1.096,Critical,3
2026-03-05,ET,Itarsi Junction,9,3403,3500,0.972,Critical,3
2026-03-05,ET,Itarsi Junction,10,1987,3500,0.568,Moderate,3
2026-03-05,ET,Itarsi Junction,11,3321,3500,0.949,Critical,3
2026-03-05,ET,Itarsi Junction,12,2155,3500,0.616,Moderate,3
2026-03-05,ET,Itarsi Junction,13,1158,3500,0.331,Low,3
2026-03-05,ET,Itarsi Junction,14,1535,3500,0.439,Moderate,3
2026-03-05,ET,Itarsi Junction,15,3274,3500,0.935,Critical,3
2026-03-05,ET,Itarsi Junction,16,3204,3500,0.915,Critical,3
2026-03-05,ET,Itarsi Junction,17,4297,3500,1.228,Critical,3
2026-03-05,ET,Itarsi Junction,18,3424,3500,0.978,Critical,3
2026-03-05,ET,Itarsi Junction,19,3642,3500,1.041,Critical,3
2026-03-05,ET,Itarsi Junction,20,2496,3500,0.713,High,3
2026-03-05,ET,Itarsi Junction,21,2861,3500,0.817,High,3
2026-03-05,ET,Itarsi Junction,22,1165,3500,0.333,Low,3
2026-03-05,ET,Itarsi Junction,23,1380,3500,0.394,Low,3
2026-03-05,BPL,Bhopal Junction,0,610,3000,0.203,Low,3
2026-03-05,BPL,Bhopal Junction,1,512,3000,0.171,Low,3
2026-03-05,BPL,Bhopal Junction,2,587,3000,0.196,Low,3
2026-03-05,BPL,Bhopal Junction,3,790,3000,0.263,Low,3
2026-03-05,BPL,Bhopal Junction,4,701,3000,0.234,Low,3
2026-03-05,BPL,Bhopal Junction,5,3390,3000,1.13,Critical,3
2026-03-05,BPL,Bhopal Junction,6,3377,3000,1.126,Critical,3
2026-03-05,BPL,Bhopal Junction,7,6607,3000,2.202,Critical,3
2026-03-05,BPL,Bhopal Junction,8,8585,3000,2.862,Critical,3
2026-03-05,BPL,Bhopal Junction,9,9369,3000,3.123,Critical,3
2026-03-05,BPL,Bhopal Junction,10,5278,3000,1.759,Critical,3
2026-03-05,BPL,Bhopal Junction,11,3934,3000,1.311,Critical,3
2026-03-05,BPL,Bhopal Junction,12,3062,3000,1.021,Critical,3
2026-03-05,BPL,Bhopal Junction,13,2091,3000,0.697,Moderate,3
2026-03-05,BPL,Bhopal Junction,14,2655,3000,0.885,High,3
2026-03-05,BPL,Bhopal Junction,15,4016,3000,1.339,Critical,3
2026-03-05,BPL,Bhopal Junction,16,5677,3000,1.892,Critical,3
2026-03-05,BPL,Bhopal Junction,17,7782,3000,2.594,Critical,3
2026-03-05,BPL,Bhopal Junction,18,7057,3000,2.352,Critical,3
2026-03-05,BPL,Bhopal Junction,19,7541,3000,2.514,Critical,3
2026-03-05,BPL,Bhopal Junction,20,4618,3000,1.539,Critical,3
2026-03-05,BPL,Bhopal Junction,21,3841,3000,1.28,Critical,3
2026-03-05,BPL,Bhopal Junction,22,2837,3000,0.946,Critical,3
2026-03-05,BPL,Bhopal Junction,23,2810,3000,0.937,Critical,3
2026-03-05,JHS,Jhansi Junction,0,569,4000,0.142,Low,3
2026-03-05,JHS,Jhansi Junction,1,413,4000,0.103,Low,3
2026-03-05,JHS,Jhansi Junction,2,325,4000,0.081,Low,3
2026-03-05,JHS,Jhansi Junction,3,389,4000,0.097,Low,3
2026-03-05,JHS,Jhansi Junction,4,303,4000,0.076,Low,3
2026-03-05,JHS,Jhansi Junction,5,1861,4000,0.465,Moderate,3
2026-03-05,JHS,Jhansi Junction,6,2182,4000,0.545,Moderate,3
2026-03-05,JHS,Jhansi Junction,7,7375,4000,1.844,Critical,3
2026-03-05,JHS,Jhansi Junction,8,5574,4000,1.393,Critical,3
2026-03-05,JHS,Jhansi Junction,9,7772,4000,1.943,Critical,3
2026-03-05,JHS,Jhansi Junction,10,3826,4000,0.957,Critical,3
2026-03-05,JHS,Jhansi Junction,11,3508,4000,0.877,High,3
2026-03-05,JHS,Jhansi Junction,12,2567,4000,0.642,Moderate,3
2026-03-05,JHS,Jhansi Junction,13,1884,4000,0.471,Moderate,3
2026-03-05,JHS,Jhansi Junction,14,2566,4000,0.641,Moderate,3
2026-03-05,JHS,Jhansi Junction,15,3144,4000,0.786,High,3
2026-03-05,JHS,Jhansi Junction,16,3000,4000,0.75,High,3
2026-03-05,JHS,Jhansi Junction,17,6396,4000,1.599,Critical,3
2026-03-05,JHS,Jhansi Junction,18,4438,4000,1.109,Critical,3
2026-03-05,JHS,Jhansi Junction,19,8764,4000,2.191,Critical,3
2026-03-05,JHS,Jhansi Junction,20,3481,4000,0.87,High,3
2026-03-05,JHS,Jhansi Junction,21,3059,4000,0.765,High,3
2026-03-05,JHS,Jhansi Junction,22,2882,4000,0.721,High,3
2026-03-05,JHS,Jhansi Junction,23,2053,4000,0.513,Moderate,3
2026-03-05,GWL,Gwalior Junction,0,491,2500,0.196,Low,3
2026-03-05,GWL,Gwalior Junction,1,255,2500,0.102,Low,3
2026-03-05,GWL,Gwalior Junction,2,304,2500,0.122,Low,3
2026-03-05,GWL,Gwalior Junction,3,506,2500,0.202,Low,3
2026-03-05,GWL,Gwalior Junction,4,272,2500,0.109,Low,3
2026-03-05,GWL,Gwalior Junction,5,1753,2500,0.701,High,3
2026-03-05,GWL,Gwalior Junction,6,1834,2500,0.734,High,3
2026-03-05,GWL,Gwalior Junction,7,6041,2500,2.416,Critical,3
2026-03-05,GWL,Gwalior Junction,8,4381,2500,1.752,Critical,3
2026-03-05,GWL,Gwalior Junction,9,5542,2500,2.217,Critical,3
2026-03-05,GWL,Gwalior Junction,10,2909,2500,1.164,Critical,3
2026-03-05,GWL,Gwalior Junction,11,2563,2500,1.025,Critical,3
2026-03-05,GWL,Gwalior Junction,12,1789,2500,0.716,High,3
2026-03-05,GWL,Gwalior Junction,13,1433,2500,0.573,Moderate,3
2026-03-05,GWL,Gwalior Junction,14,1849,2500,0.74,High,3
2026-03-05,GWL,Gwalior Junction,15,2733,2500,1.093,Critical,3
2026-03-05,GWL,Gwalior Junction,16,3162,2500,1.265,Critical,3
2026-03-05,GWL,Gwalior Junction,17,3699,2500,1.48,Critical,3
2026-03-05,GWL,Gwalior Junction,18,4164,2500,1.666,Critical,3
2026-03-05,GWL,Gwalior Junction,19,4129,2500,1.652,Critical,3
2026-03-05,GWL,Gwalior Junction,20,2488,2500,0.995,Critical,3
2026-03-05,GWL,Gwalior Junction,21,2303,2500,0.921,Critical,3
2026-03-05,GWL,Gwalior Junction,22,1635,2500,0.654,Moderate,3
2026-03-05,GWL,Gwalior Junction,23,1679,2500,0.672,Moderate,3
2026-03-05,AGC,Agra Cantt,0,377,3000,0.126,Low,3
2026-03-05,AGC,Agra Cantt,1,733,3000,0.244,Low,3
2026-03-05,AGC,Agra Cantt,2,587,3000,0.196,Low,3
2026-03-05,AGC,Agra Cantt,3,231,3000,0.077,Low,3
2026-03-05,AGC,Agra Cantt,4,445,3000,0.148,Low,3
2026-03-05,AGC,Agra Cantt,5,2466,3000,0.822,High,3
2026-03-05,AGC,Agra Cantt,6,2869,3000,0.956,Critical,3
2026-03-05,AGC,Agra Cantt,7,7299,3000,2.433,Critical,3
2026-03-05,AGC,Agra Cantt,8,9040,3000,3.013,Critical,3
2026-03-05,AGC,Agra Cantt,9,7037,3000,2.346,Critical,3
2026-03-05,AGC,Agra Cantt,10,3801,3000,1.267,Critical,3
2026-03-05,AGC,Agra Cantt,11,3147,3000,1.049,Critical,3
2026-03-05,AGC,Agra Cantt,12,1989,3000,0.663,Moderate,3
2026-03-05,AGC,Agra Cantt,13,2588,3000,0.863,High,3
2026-03-05,AGC,Agra Cantt,14,2446,3000,0.815,High,3
2026-03-05,AGC,Agra Cantt,15,4152,3000,1.384,Critical,3
2026-03-05,AGC,Agra Cantt,16,4024,3000,1.341,Critical,3
2026-03-05,AGC,Agra Cantt,17,8516,3000,2.839,Critical,3
2026-03-05,AGC,Agra Cantt,18,6474,3000,2.158,Critical,3
2026-03-05,AGC,Agra Cantt,19,4823,3000,1.608,Critical,3
2026-03-05,AGC,Agra Cantt,20,3884,3000,1.295,Critical,3
2026-03-05,AGC,Agra Cantt,21,3732,3000,1.244,Critical,3
2026-03-05,AGC,Agra Cantt,22,1847,3000,0.616,Moderate,3
2026-03-05,AGC,Agra Cantt,23,2565,3000,0.855,High,3
2026-03-04,MMCT,Mumbai Central,0,1372,4000,0.343,Low,2
2026-03-04,MMCT,Mumbai Central,1,1241,4000,0.31,Low,2
2026-03-04,MMCT,Mumbai Central,2,736,4000,0.184,Low,2
2026-03-04,MMCT,Mumbai Central,3,2009,4000,0.502,Moderate,2
2026-03-04,MMCT,Mumbai Central,4,1769,4000,0.442,Moderate,2
2026-03-04,MMCT,Mumbai Central,5,4419,4000,1.105,Critical,2
2026-03-04,MMCT,Mumbai Central,6,6776,4000,1.694,Critical,2
2026-03-04,MMCT,Mumbai Central,7,16087,4000,4.022,Critical,2
2026-03-04,MMCT,Mumbai Central,8,17134,4000,4.284,Critical,2
2026-03-04,MMCT,Mumbai Central,9,16550,4000,4.138,Critical,2
2026-03-04,MMCT,Mumbai Central,10,11994,4000,2.998,Critical,2
2026-03-04,MMCT,Mumbai Central,11,10274,4000,2.568,Critical,2
2026-03-04,MMCT,Mumbai Central,12,5263,4000,1.316,Critical,2
2026-03-04,MMCT,Mumbai Central,13,7612,4000,1.903,Critical,2
2026-03-04,MMCT,Mumbai Central,14,6920,4000,1.73,Critical,2
2026-03-04,MMCT,Mumbai Central,15,9728,4000,2.432,Critical,2
2026-03-04,MMCT,Mumbai Central,16,9174,4000,2.293,Critical,2
2026-03-04,MMCT,Mumbai Central,17,25591,4000,6.398,Critical,2
2026-03-04,MMCT,Mumbai Central,18,19696,4000,4.924,Critical,2
2026-03-04,MMCT,Mumbai Central,19,22194,4000,5.548,Critical,2
2026-03-04,MMCT,Mumbai Central,20,12943,4000,3.236,Critical,2
2026-03-04,MMCT,Mumbai Central,21,11988,4000,2.997,Critical,2
2026-03-04,MMCT,Mumbai Central,22,5039,4000,1.26,Critical,2
2026-03-04,MMCT,Mumbai Central,23,4778,4000,1.194,Critical,2
2026-03-04,BVI,Borivali,0,507,3000,0.169,Low,2
2026-03-04,BVI,Borivali,1,770,3000,0.257,Low,2
2026-03-04,BVI,Borivali,2,471,3000,0.157,Low,2
2026-03-04,BVI,Borivali,3,537,3000,0.179,Low,2
2026-03-04,BVI,Borivali,4,470,3000,0.157,Low,2
2026-03-04,BVI,Borivali,5,3801,3000,1.267,Critical,2
2026-03-04,BVI,Borivali,6,3510,3000,1.17,Critical,2
2026-03-04,BVI,Borivali,7,5536,3000,1.845,Critical,2
2026-03-04,BVI,Borivali,8,8113,3000,2.704,Critical,2
2026-03-04,BVI,Borivali,9,10921,3000,3.64,Critical,2
2026-03-04,BVI,Borivali,10,4890,3000,1.63,Critical,2
2026-03-04,BVI,Borivali,11,4543,3000,1.514,Critical,2
2026-03-04,BVI,Borivali,12,3335,3000,1.112,Critical,2
2026-03-04,BVI,Borivali,13,3699,3000,1.233,Critical,2
2026-03-04,BVI,Borivali,14,3490,3000,1.163,Critical,2
2026-03-04,BVI,Borivali,15,5891,3000,1.964,Critical,2
2026-03-04,BVI,Borivali,16,4963,3000,1.654,Critical,2
2026-03-04,BVI,Borivali,17,11435,3000,3.812,Critical,2
2026-03-04,BVI,Borivali,18,12897,3000,4.299,Critical,2
2026-03-04,BVI,Borivali,19,11878,3000,3.959,Critical,2
2026-03-04,BVI,Borivali,20,4393,3000,1.464,Critical,2
2026-03-04,BVI,Borivali,21,6567,3000,2.189,Critical,2
2026-03-04,BVI,Borivali,22,3042,3000,1.014,Critical,2
2026-03-04,BVI,Borivali,23,3035,3000,1.012,Critical,2
2026-03-04,BL,Valsad,0,188,1500,0.125,Low,2
2026-03-04,BL,Valsad,1,143,1500,0.095,Low,2
2026-03-04,BL,Valsad,2,179,1500,0.119,Low,2
2026-03-04,BL,Valsad,3,99,1500,0.066,Low,2
2026-03-04,BL,Valsad,4,102,1500,0.068,Low,2
2026-03-04,BL,Valsad,5,802,1500,0.535,Moderate,2
2026-03-04,BL,Valsad,6,587,1500,0.391,Low,2
2026-03-04,BL,Valsad,7,1974,1500,1.316,Critical,2
2026-03-04,BL,Valsad,8,1913,1500,1.275,Critical,2
2026-03-04,BL,Valsad,9,1623,1500,1.082,Critical,2
2026-03-04,BL,Valsad,10,874,1500,0.583,Moderate,2
2026-03-04,BL,Valsad,11,1217,1500,0.811,High,2
2026-03-04,BL,Valsad,12,694,1500,0.463,Moderate,2
2026-03-04,BL,Valsad,13,771,1500,0.514,Moderate,2
2026-03-04,BL,Valsad,14,409,1500,0.273,Low,2
2026-03-04,BL,Valsad,15,999,1500,0.666,Moderate,2
2026-03-04,BL,Valsad,16,1210,1500,0.807,High,2
2026-03-04,BL,Valsad,17,1767,1500,1.178,Critical,2
2026-03-04,BL,Valsad,18,1997,1500,1.331,Critical,2
2026-03-04,BL,Valsad,19,1986,1500,1.324,Critical,2
2026-03-04,BL,Valsad,20,839,1500,0.559,Moderate,2
2026-03-04,BL,Valsad,21,1064,1500,0.709,High,2
2026-03-04,BL,Valsad,22,457,1500,0.305,Low,2
2026-03-04,BL,Valsad,23,594,1500,0.396,Low,2
2026-03-04,ST,Surat,0,1021,3000,0.34,Low,2
2026-03-04,ST,Surat,1,644,3000,0.215,Low,2
2026-03-04,ST,Surat,2,682,3000,0.227,Low,2
2026-03-04,ST,Surat,3,733,3000,0.244,Low,2
2026-03-04,ST,Surat,4,529,3000,0.176,Low,2
2026-03-04,ST,Surat,5,4063,3000,1.354,Critical,2
2026-03-04,ST,Surat,6,4501,3000,1.5,Critical,2
2026-03-04,ST,Surat,7,9184,3000,3.061,Critical,2
2026-03-04,ST,Surat,8,8350,3000,2.783,Critical,2
2026-03-04,ST,Surat,9,9862,3000,3.287,Critical,2
2026-03-04,ST,Surat,10,6328,3000,2.109,Critical,2
2026-03-04,ST,Surat,11,5173,3000,1.724,Critical,2
2026-03-04,ST,Surat,12,3226,3000,1.075,Critical,2
2026-03-04,ST,Surat,13,3337,3000,1.112,Critical,2
2026-03-04,ST,Surat,14,3960,3000,1.32,Critical,2
2026-03-04,ST,Surat,15,6697,3000,2.232,Critical,2
2026-03-04,ST,Surat,16,7268,3000,2.423,Critical,2
2026-03-04,ST,Surat,17,9629,3000,3.21,Critical,2
2026-03-04,ST,Surat,18,7541,3000,2.514,Critical,2
2026-03-04,ST,Surat,19,8988,3000,2.996,Critical,2
2026-03-04,ST,Surat,20,6528,3000,2.176,Critical,2
2026-03-04,ST,Surat,21,5975,3000,1.992,Critical,2
2026-03-04,ST,Surat,22,3520,3000,1.173,Critical,2
2026-03-04,ST,Surat,23,4677,3000,1.559,Critical,2
2026-03-04,BRC,Vadodara Junction,0,478,3500,0.137,Low,2
2026-03-04,BRC,Vadodara Junction,1,336,3500,0.096,Low,2
2026-03-04,BRC,Vadodara Junction,2,541,3500,0.155,Low,2
2026-03-04,BRC,Vadodara Junction,3,450,3500,0.129,Low,2
2026-03-04,BRC,Vadodara Junction,4,718,3500,0.205,Low,2
2026-03-04,BRC,Vadodara Junction,5,3404,3500,0.973,Critical,2
2026-03-04,BRC,Vadodara Junction,6,2926,3500,0.836,High,2
2026-03-04,BRC,Vadodara Junction,7,12366,3500,3.533,Critical,2
2026-03-04,BRC,Vadodara Junction,8,7593,3500,2.169,Critical,2
2026-03-04,BRC,Vadodara Junction,9,12697,3500,3.628,Critical,2
2026-03-04,BRC,Vadodara Junction,10,4772,3500,1.363,Critical,2
2026-03-04,BRC,Vadodara Junction,11,4616,3500,1.319,Critical,2
2026-03-04,BRC,Vadodara Junction,12,4211,3500,1.203,Critical,2
2026-03-04,BRC,Vadodara Junction,13,4889,3500,1.397,Critical,2
2026-03-04,BRC,Vadodara Junction,14,3318,3500,0.948,Critical,2
2026-03-04,BRC,Vadodara Junction,15,7539,3500,2.154,Critical,2
2026-03-04,BRC,Vadodara Junction,16,5664,3500,1.618,Critical,2
2026-03-04,BRC,Vadodara Junction,17,12207,3500,3.488,Critical,2
2026-03-04,BRC,Vadodara Junction,18,8457,3500,2.416,Critical,2
2026-03-04,BRC,Vadodara Junction,19,8809,3500,2.517,Critical,2
2026-03-04,BRC,Vadodara Junction,20,5074,3500,1.45,Critical,2
2026-03-04,BRC,Vadodara Junction,21,4776,3500,1.365,Critical,2
2026-03-04,BRC,Vadodara Junction,22,3207,3500,0.916,Critical,2
2026-03-04,BRC,Vadodara Junction,23,2960,3500,0.846,High,2
2026-03-04,RTM,Ratlam Junction,0,175,2500,0.07,Low,2
2026-03-04,RTM,Ratlam Junction,1,173,2500,0.069,Low,2
2026-03-04,RTM,Ratlam Junction,2,441,2500,0.176,Low,2
2026-03-04,RTM,Ratlam Junction,3,190,2500,0.076,Low,2
2026-03-04,RTM,Ratlam Junction,4,197,2500,0.079,Low,2
2026-03-04,RTM,Ratlam Junction,5,1739,2500,0.696,Moderate,2
2026-03-04,RTM,Ratlam Junction,6,1584,2500,0.634,Moderate,2
2026-03-04,RTM,Ratlam Junction,7,4079,2500,1.632,Critical,2
2026-03-04,RTM,Ratlam Junction,8,5549,2500,2.22,Critical,2
2026-03-04,RTM,Ratlam Junction,9,4613,2500,1.845,Critical,2
2026-03-04,RTM,Ratlam Junction,10,1932,2500,0.773,High,2
2026-03-04,RTM,Ratlam Junction,11,2370,2500,0.948,Critical,2
2026-03-04,RTM,Ratlam Junction,12,1800,2500,0.72,High,2
2026-03-04,RTM,Ratlam Junction,13,1148,2500,0.459,Moderate,2
2026-03-04,RTM,Ratlam Junction,14,1118,2500,0.447,Moderate,2
2026-03-04,RTM,Ratlam Junction,15,2291,2500,0.916,Critical,2
2026-03-04,RTM,Ratlam Junction,16,1725,2500,0.69,Moderate,2
2026-03-04,RTM,Ratlam Junction,17,3525,2500,1.41,Critical,2
2026-03-04,RTM,Ratlam Junction,18,2568,2500,1.027,Critical,2
2026-03-04,RTM,Ratlam Junction,19,6035,2500,2.414,Critical,2
2026-03-04,RTM,Ratlam Junction,20,2313,2500,0.925,Critical,2
2026-03-04,RTM,Ratlam Junction,21,2803,2500,1.121,Critical,2
2026-03-04,RTM,Ratlam Junction,22,1931,2500,0.772,High,2
2026-03-04,RTM,Ratlam Junction,23,1055,2500,0.422,Moderate,2
2026-03-04,KOTA,Kota Junction,0,434,3000,0.145,Low,2
2026-03-04,KOTA,Kota Junction,1,473,3000,0.158,Low,2
2026-03-04,KOTA,Kota Junction,2,317,3000,0.106,Low,2
2026-03-04,KOTA,Kota Junction,3,564,3000,0.188,Low,2
2026-03-04,KOTA,Kota Junction,4,516,3000,0.172,Low,2
2026-03-04,KOTA,Kota Junction,5,2155,3000,0.718,High,2
2026-03-04,KOTA,Kota Junction,6,2358,3000,0.786,High,2
2026-03-04,KOTA,Kota Junction,7,6768,3000,2.256,Critical,2
2026-03-04,KOTA,Kota Junction,8,7447,3000,2.482,Critical,2
2026-03-04,KOTA,Kota Junction,9,5428,3000,1.809,Critical,2
2026-03-04,KOTA,Kota Junction,10,3151,3000,1.05,Critical,2
2026-03-04,KOTA,Kota Junction,11,2525,3000,0.842,High,2
2026-03-04,KOTA,Kota Junction,12,2884,3000,0.961,Critical,2
2026-03-04,KOTA,Kota Junction,13,2272,3000,0.757,High,2
2026-03-04,KOTA,Kota Junction,14,2455,3000,0.818,High,2
2026-03-04,KOTA,Kota Junction,15,2772,3000,0.924,Critical,2
2026-03-04,KOTA,Kota Junction,16,3519,3000,1.173,Critical,2
2026-03-04,KOTA,Kota Junction,17,4224,3000,1.408,Critical,2
2026-03-04,KOTA,Kota Junction,18,4071,3000,1.357,Critical,2
2026-03-04,KOTA,Kota Junction,19,6033,3000,2.011,Critical,2
2026-03-04,KOTA,Kota Junction,20,3072,3000,1.024,Critical,2
2026-03-04,KOTA,Kota Junction,21,4235,3000,1.412,Critical,2
2026-03-04,KOTA,Kota Junction,22,2204,3000,0.735,High,2
2026-03-04,KOTA,Kota Junction,23,1728,3000,0.576,Moderate,2
2026-03-04,SWM,Sawai Madhopur,0,234,2000,0.117,Low,2
2026-03-04,SWM,Sawai Madhopur,1,250,2000,0.125,Low,2
2026-03-04,SWM,Sawai Madhopur,2,120,2000,0.06,Low,2
2026-03-04,SWM,Sawai Madhopur,3,180,2000,0.09,Low,2
2026-03-04,SWM,Sawai Madhopur,4,214,2000,0.107,Low,2
2026-03-04,SWM,Sawai Madhopur,5,836,2000,0.418,Moderate,2
2026-03-04,SWM,Sawai Madhopur,6,670,2000,0.335,Low,2
2026-03-04,SWM,Sawai Madhopur,7,2424,2000,1.212,Critical,2
2026-03-04,SWM,Sawai Madhopur,8,2471,2000,1.236,Critical,2
2026-03-04,SWM,Sawai Madhopur,9,1985,2000,0.993,Critical,2
2026-03-04,SWM,Sawai Madhopur,10,1254,2000,0.627,Moderate,2
2026-03-04,SWM,Sawai Madhopur,11,1761,2000,0.88,High,2
2026-03-04,SWM,Sawai Madhopur,12,934,2000,0.467,Moderate,2
2026-03-04,SWM,Sawai Madhopur,13,740,2000,0.37,Low,2
2026-03-04,SWM,Sawai Madhopur,14,1108,2000,0.554,Moderate,2
2026-03-04,SWM,Sawai Madhopur,15,1079,2000,0.539,Moderate,2
2026-03-04,SWM,Sawai Madhopur,16,1368,2000,0.684,Moderate,2
2026-03-04,SWM,Sawai Madhopur,17,2890,2000,1.445,Critical,2
2026-03-04,SWM,Sawai Madhopur,18,2338,2000,1.169,Critical,2
2026-03-04,SWM,Sawai Madhopur,19,1745,2000,0.873,High,2
2026-03-04,SWM,Sawai Madhopur,20,1360,2000,0.68,Moderate,2
2026-03-04,SWM,Sawai Madhopur,21,1225,2000,0.613,Moderate,2
2026-03-04,SWM,Sawai Madhopur,22,591,2000,0.295,Low,2
2026-03-04,SWM,Sawai Madhopur,23,719,2000,0.359,Low,2
2026-03-04,MTJ,Mathura Junction,0,305,3000,0.102,Low,2
2026-03-04,MTJ,Mathura Junction,1,572,3000,0.191,Low,2
2026-03-04,MTJ,Mathura Junction,2,480,3000,0.16,Low,2
2026-03-04,MTJ,Mathura Junction,3,510,3000,0.17,Low,2
2026-03-04,MTJ,Mathura Junction,4,413,3000,0.138,Low,2
2026-03-04,MTJ,Mathura Junction,5,2434,3000,0.811,High,2
2026-03-04,MTJ,Mathura Junction,6,2835,3000,0.945,Critical,2
2026-03-04,MTJ,Mathura Junction,7,6142,3000,2.047,Critical,2
2026-03-04,MTJ,Mathura Junction,8,5209,3000,1.736,Critical,2
2026-03-04,MTJ,Mathura Junction,9,5853,3000,1.951,Critical,2
2026-03-04,MTJ,Mathura Junction,10,4529,3000,1.51,Critical,2
2026-03-04,MTJ,Mathura Junction,11,2649,3000,0.883,High,2
2026-03-04,MTJ,Mathura Junction,12,2088,3000,0.696,Moderate,2
2026-03-04,MTJ,Mathura Junction,13,2549,3000,0.85,High,2
2026-03-04,MTJ,Mathura Junction,14,2278,3000,0.759,High,2
2026-03-04,MTJ,Mathura Junction,15,3749,3000,1.25,Critical,2
2026-03-04,MTJ,Mathura Junction,16,3886,3000,1.295,Critical,2
2026-03-04,MTJ,Mathura Junction,17,9076,3000,3.025,Critical,2
2026-03-04,MTJ,Mathura Junction,18,6251,3000,2.084,Critical,2
2026-03-04,MTJ,Mathura Junction,19,6349,3000,2.116,Critical,2
2026-03-04,MTJ,Mathura Junction,20,2887,3000,0.962,Critical,2
2026-03-04,MTJ,Mathura Junction,21,2565,3000,0.855,High,2
2026-03-04,MTJ,Mathura Junction,22,2931,3000,0.977,Critical,2
2026-03-04,MTJ,Mathura Junction,23,2769,3000,0.923,Critical,2
2026-03-04,NDLS,New Delhi,0,4523,8000,0.565,Moderate,2
2026-03-04,NDLS,New Delhi,1,2522,8000,0.315,Low,2
2026-03-04,NDLS,New Delhi,2,2059,8000,0.257,Low,2
2026-03-04,NDLS,New Delhi,3,4864,8000,0.608,Moderate,2
2026-03-04,NDLS,New Delhi,4,2934,8000,0.367,Low,2
2026-03-04,NDLS,New Delhi,5,17081,8000,2.135,Critical,2
2026-03-04,NDLS,New Delhi,6,20149,8000,2.519,Critical,2
2026-03-04,NDLS,New Delhi,7,46434,8000,5.804,Critical,2
2026-03-04,NDLS,New Delhi,8,60349,8000,7.544,Critical,2
2026-03-04,NDLS,New Delhi,9,49389,8000,6.174,Critical,2
2026-03-04,NDLS,New Delhi,10,34028,8000,4.253,Critical,2
2026-03-04,NDLS,New Delhi,11,37535,8000,4.692,Critical,2
2026-03-04,NDLS,New Delhi,12,21872,8000,2.734,Critical,2
2026-03-04,NDLS,New Delhi,13,16028,8000,2.003,Critical,2
2026-03-04,NDLS,New Delhi,14,18252,8000,2.281,Critical,2
2026-03-04,NDLS,New Delhi,15,27506,8000,3.438,Critical,2
2026-03-04,NDLS,New Delhi,16,25435,8000,3.179,Critical,2
2026-03-04,NDLS,New Delhi,17,46417,8000,5.802,Critical,2
2026-03-04,NDLS,New Delhi,18,41071,8000,5.134,Critical,2
2026-03-04,NDLS,New Delhi,19,60507,8000,7.563,Critical,2
2026-03-04,NDLS,New Delhi,20,20237,8000,2.53,Critical,2
2026-03-04,NDLS,New Delhi,21,31858,8000,3.982,Critical,2
2026-03-04,NDLS,New Delhi,22,15129,8000,1.891,Critical,2
2026-03-04,NDLS,New Delhi,23,16331,8000,2.041,Critical,2
2026-03-04,CSMT,Mumbai CSMT,0,2730,9000,0.303,Low,2
2026-03-04,CSMT,Mumbai CSMT,1,2872,9000,0.319,Low,2
2026-03-04,CSMT,Mumbai CSMT,2,2851,9000,0.317,Low,2
2026-03-04,CSMT,Mumbai CSMT,3,2078,9000,0.231,Low,2
2026-03-04,CSMT,Mumbai CSMT,4,2146,9000,0.238,Low,2
2026-03-04,CSMT,Mumbai CSMT,5,15566,9000,1.73,Critical,2
2026-03-04,CSMT,Mumbai CSMT,6,14184,9000,1.576,Critical,2
2026-03-04,CSMT,Mumbai CSMT,7,37507,9000,4.167,Critical,2
2026-03-04,CSMT,Mumbai CSMT,8,55215,9000,6.135,Critical,2
2026-03-04,CSMT,Mumbai CSMT,9,32316,9000,3.591,Critical,2
2026-03-04,CSMT,Mumbai CSMT,10,19407,9000,2.156,Critical,2
2026-03-04,CSMT,Mumbai CSMT,11,22279,9000,2.475,Critical,2
2026-03-04,CSMT,Mumbai CSMT,12,10469,9000,1.163,Critical,2
2026-03-04,CSMT,Mumbai CSMT,13,13784,9000,1.532,Critical,2
2026-03-04,CSMT,Mumbai CSMT,14,10154,9000,1.128,Critical,2
2026-03-04,CSMT,Mumbai CSMT,15,22318,9000,2.48,Critical,2
2026-03-04,CSMT,Mumbai CSMT,16,23547,9000,2.616,Critical,2
2026-03-04,CSMT,Mumbai CSMT,17,32979,9000,3.664,Critical,2
2026-03-04,CSMT,Mumbai CSMT,18,34279,9000,3.809,Critical,2
2026-03-04,CSMT,Mumbai CSMT,19,38391,9000,4.266,Critical,2
2026-03-04,CSMT,Mumbai CSMT,20,24464,9000,2.718,Critical,2
2026-03-04,CSMT,Mumbai CSMT,21,18803,9000,2.089,Critical,2
2026-03-04,CSMT,Mumbai CSMT,22,15408,9000,1.712,Critical,2
2026-03-04,CSMT,Mumbai CSMT,23,16822,9000,1.869,Critical,2
2026-03-04,KYN,Kalyan Junction,0,914,4000,0.229,Low,2
2026-03-04,KYN,Kalyan Junction,1,1310,4000,0.328,Low,2
2026-03-04,KYN,Kalyan Junction,2,633,4000,0.158,Low,2
2026-03-04,KYN,Kalyan Junction,3,535,4000,0.134,Low,2
2026-03-04,KYN,Kalyan Junction,4,1241,4000,0.31,Low,2
2026-03-04,KYN,Kalyan Junction,5,3970,4000,0.993,Critical,2
2026-03-04,KYN,Kalyan Junction,6,3553,4000,0.888,High,2
2026-03-04,KYN,Kalyan Junction,7,11829,4000,2.957,Critical,2
2026-03-04,KYN,Kalyan Junction,8,14081,4000,3.52,Critical,2
2026-03-04,KYN,Kalyan Junction,9,15322,4000,3.83,Critical,2
2026-03-04,KYN,Kalyan Junction,10,5888,4000,1.472,Critical,2
2026-03-04,KYN,Kalyan Junction,11,5818,4000,1.454,Critical,2
2026-03-04,KYN,Kalyan Junction,12,3992,4000,0.998,Critical,2
2026-03-04,KYN,Kalyan Junction,13,4853,4000,1.213,Critical,2
2026-03-04,KYN,Kalyan Junction,14,4011,4000,1.003,Critical,2
2026-03-04,KYN,Kalyan Junction,15,4680,4000,1.17,Critical,2
2026-03-04,KYN,Kalyan Junction,16,6259,4000,1.565,Critical,2
2026-03-04,KYN,Kalyan Junction,17,13120,4000,3.28,Critical,2
2026-03-04,KYN,Kalyan Junction,18,15575,4000,3.894,Critical,2
2026-03-04,KYN,Kalyan Junction,19,7622,4000,1.905,Critical,2
2026-03-04,KYN,Kalyan Junction,20,7425,4000,1.856,Critical,2
2026-03-04,KYN,Kalyan Junction,21,5200,4000,1.3,Critical,2
2026-03-04,KYN,Kalyan Junction,22,4214,4000,1.054,Critical,2
2026-03-04,KYN,Kalyan Junction,23,4053,4000,1.013,Critical,2
2026-03-04,NMD,Nashik Road,0,331,2000,0.166,Low,2
2026-03-04,NMD,Nashik Road,1,453,2000,0.227,Low,2
2026-03-04,NMD,Nashik Road,2,468,2000,0.234,Low,2
2026-03-04,NMD,Nashik Road,3,283,2000,0.141,Low,2
2026-03-04,NMD,Nashik Road,4,378,2000,0.189,Low,2
2026-03-04,NMD,Nashik Road,5,1681,2000,0.841,High,2
2026-03-04,NMD,Nashik Road,6,1749,2000,0.875,High,2
2026-03-04,NMD,Nashik Road,7,3559,2000,1.78,Critical,2
2026-03-04,NMD,Nashik Road,8,4173,2000,2.087,Critical,2
2026-03-04,NMD,Nashik Road,9,3922,2000,1.961,Critical,2
2026-03-04,NMD,Nashik Road,10,2397,2000,1.198,Critical,2
2026-03-04,NMD,Nashik Road,11,1748,2000,0.874,High,2
2026-03-04,NMD,Nashik Road,12,2237,2000,1.119,Critical,2
2026-03-04,NMD,Nashik Road,13,1168,2000,0.584,Moderate,2
2026-03-04,NMD,Nashik Road,14,1864,2000,0.932,Critical,2
2026-03-04,NMD,Nashik Road,15,2596,2000,1.298,Critical,2
2026-03-04,NMD,Nashik Road,16,2499,2000,1.25,Critical,2
2026-03-04,NMD,Nashik Road,17,4525,2000,2.263,Critical,2
2026-03-04,NMD,Nashik Road,18,3538,2000,1.769,Critical,2
2026-03-04,NMD,Nashik Road,19,4136,2000,2.068,Critical,2
2026-03-04,NMD,Nashik Road,20,2010,2000,1.005,Critical,2
2026-03-04,NMD,Nashik Road,21,2187,2000,1.093,Critical,2
2026-03-04,NMD,Nashik Road,22,1957,2000,0.979,Critical,2
2026-03-04,NMD,Nashik Road,23,1177,2000,0.589,Moderate,2
2026-03-04,MMR,Manmad Junction,0,320,2500,0.128,Low,2
2026-03-04,MMR,Manmad Junction,1,270,2500,0.108,Low,2
2026-03-04,MMR,Manmad Junction,2,305,2500,0.122,Low,2
2026-03-04,MMR,Manmad Junction,3,213,2500,0.085,Low,2
2026-03-04,MMR,Manmad Junction,4,131,2500,0.052,Low,2
2026-03-04,MMR,Manmad Junction,5,1503,2500,0.601,Moderate,2
2026-03-04,MMR,Manmad Junction,6,1265,2500,0.506,Moderate,2
2026-03-04,MMR,Manmad Junction,7,2715,2500,1.086,Critical,2
2026-03-04,MMR,Manmad Junction,8,3234,2500,1.294,Critical,2
2026-03-04,MMR,Manmad Junction,9,3942,2500,1.577,Critical,2
2026-03-04,MMR,Manmad Junction,10,2093,2500,0.837,High,2
2026-03-04,MMR,Manmad Junction,11,1888,2500,0.755,High,2
2026-03-04,MMR,Manmad Junction,12,1558,2500,0.623,Moderate,2
2026-03-04,MMR,Manmad Junction,13,1321,2500,0.528,Moderate,2
2026-03-04,MMR,Manmad Junction,14,1215,2500,0.486,Moderate,2
2026-03-04,MMR,Manmad Junction,15,1746,2500,0.698,Moderate,2
2026-03-04,MMR,Manmad Junction,16,2252,2500,0.901,Critical,2
2026-03-04,MMR,Manmad Junction,17,2130,2500,0.852,High,2
2026-03-04,MMR,Manmad Junction,18,2283,2500,0.913,Critical,2
2026-03-04,MMR,Manmad Junction,19,3400,2500,1.36,Critical,2
2026-03-04,MMR,Manmad Junction,20,2142,2500,0.857,High,2
2026-03-04,MMR,Manmad Junction,21,1690,2500,0.676,Moderate,2
2026-03-04,MMR,Manmad Junction,22,1000,2500,0.4,Low,2
2026-03-04,MMR,Manmad Junction,23,858,2500,0.343,Low,2
2026-03-04,BSL,Bhusawal Junction,0,475,3000,0.158,Low,2
2026-03-04,BSL,Bhusawal Junction,1,496,3000,0.165,Low,2
2026-03-04,BSL,Bhusawal Junction,2,457,3000,0.152,Low,2
2026-03-04,BSL,Bhusawal Junction,3,508,3000,0.169,Low,2
2026-03-04,BSL,Bhusawal Junction,4,575,3000,0.192,Low,2
2026-03-04,BSL,Bhusawal Junction,5,1841,3000,0.614,Moderate,2
2026-03-04,BSL,Bhusawal Junction,6,2275,3000,0.758,High,2
2026-03-04,BSL,Bhusawal Junction,7,5032,3000,1.677,Critical,2
2026-03-04,BSL,Bhusawal Junction,8,5154,3000,1.718,Critical,2
2026-03-04,BSL,Bhusawal Junction,9,6267,3000,2.089,Critical,2
2026-03-04,BSL,Bhusawal Junction,10,3078,3000,1.026,Critical,2
2026-03-04,BSL,Bhusawal Junction,11,2293,3000,0.764,High,2
2026-03-04,BSL,Bhusawal Junction,12,2541,3000,0.847,High,2
2026-03-04,BSL,Bhusawal Junction,13,2108,3000,0.703,High,2
2026-03-04,BSL,Bhusawal Junction,14,1799,3000,0.6,Moderate,2
2026-03-04,BSL,Bhusawal Junction,15,3570,3000,1.19,Critical,2
2026-03-04,BSL,Bhusawal Junction,16,2776,3000,0.925,Critical,2
2026-03-04,BSL,Bhusawal Junction,17,4655,3000,1.552,Critical,2
2026-03-04,BSL,Bhusawal Junction,18,5658,3000,1.886,Critical,2
2026-03-04,BSL,Bhusawal Junction,19,3809,3000,1.27,Critical,2
2026-03-04,BSL,Bhusawal Junction,20,2764,3000,0.921,Critical,2
2026-03-04,BSL,Bhusawal Junction,21,2822,3000,0.941,Critical,2
2026-03-04,BSL,Bhusawal Junction,22,1977,3000,0.659,Moderate,2
2026-03-04,BSL,Bhusawal Junction,23,2144,3000,0.715,High,2
2026-03-04,ET,Itarsi Junction,0,274,3500,0.078,Low,2
2026-03-04,ET,Itarsi Junction,1,253,3500,0.072,Low,2
2026-03-04,ET,Itarsi Junction,2,370,3500,0.106,Low,2
2026-03-04,ET,Itarsi Junction,3,332,3500,0.095,Low,2
2026-03-04,ET,Itarsi Junction,4,203,3500,0.058,Low,2
2026-03-04,ET,Itarsi Junction,5,1478,3500,0.422,Moderate,2
2026-03-04,ET,Itarsi Junction,6,1352,3500,0.386,Low,2
2026-03-04,ET,Itarsi Junction,7,4006,3500,1.145,Critical,2
2026-03-04,ET,Itarsi Junction,8,3779,3500,1.08,Critical,2
2026-03-04,ET,Itarsi Junction,9,2936,3500,0.839,High,2
2026-03-04,ET,Itarsi Junction,10,2800,3500,0.8,High,2
2026-03-04,ET,Itarsi Junction,11,2912,3500,0.832,High,2
2026-03-04,ET,Itarsi Junction,12,1560,3500,0.446,Moderate,2
2026-03-04,ET,Itarsi Junction,13,1310,3500,0.374,Low,2
2026-03-04,ET,Itarsi Junction,14,2098,3500,0.599,Moderate,2
2026-03-04,ET,Itarsi Junction,15,2669,3500,0.763,High,2
2026-03-04,ET,Itarsi Junction,16,1968,3500,0.562,Moderate,2
2026-03-04,ET,Itarsi Junction,17,4343,3500,1.241,Critical,2
2026-03-04,ET,Itarsi Junction,18,3548,3500,1.014,Critical,2
2026-03-04,ET,Itarsi Junction,19,4873,3500,1.392,Critical,2
2026-03-04,ET,Itarsi Junction,20,2501,3500,0.715,High,2
2026-03-04,ET,Itarsi Junction,21,2064,3500,0.59,Moderate,2
2026-03-04,ET,Itarsi Junction,22,1237,3500,0.353,Low,2
2026-03-04,ET,Itarsi Junction,23,1703,3500,0.487,Moderate,2
2026-03-04,BPL,Bhopal Junction,0,545,3000,0.182,Low,2
2026-03-04,BPL,Bhopal Junction,1,546,3000,0.182,Low,2
2026-03-04,BPL,Bhopal Junction,2,415,3000,0.138,Low,2
2026-03-04,BPL,Bhopal Junction,3,434,3000,0.145,Low,2
2026-03-04,BPL,Bhopal Junction,4,425,3000,0.142,Low,2
2026-03-04,BPL,Bhopal Junction,5,2924,3000,0.975,Critical,2
2026-03-04,BPL,Bhopal Junction,6,2473,3000,0.824,High,2
2026-03-04,BPL,Bhopal Junction,7,8393,3000,2.798,Critical,2
2026-03-04,BPL,Bhopal Junction,8,8873,3000,2.958,Critical,2
2026-03-04,BPL,Bhopal Junction,9,9533,3000,3.178,Critical,2
2026-03-04,BPL,Bhopal Junction,10,3624,3000,1.208,Critical,2
2026-03-04,BPL,Bhopal Junction,11,3803,3000,1.268,Critical,2
2026-03-04,BPL,Bhopal Junction,12,3492,3000,1.164,Critical,2
2026-03-04,BPL,Bhopal Junction,13,2600,3000,0.867,High,2
2026-03-04,BPL,Bhopal Junction,14,2461,3000,0.82,High,2
2026-03-04,BPL,Bhopal Junction,15,4401,3000,1.467,Critical,2
2026-03-04,BPL,Bhopal Junction,16,3657,3000,1.219,Critical,2
2026-03-04,BPL,Bhopal Junction,17,8422,3000,2.807,Critical,2
2026-03-04,BPL,Bhopal Junction,18,11355,3000,3.785,Critical,2
2026-03-04,BPL,Bhopal Junction,19,7412,3000,2.471,Critical,2
2026-03-04,BPL,Bhopal Junction,20,4762,3000,1.587,Critical,2
2026-03-04,BPL,Bhopal Junction,21,3903,3000,1.301,Critical,2
2026-03-04,BPL,Bhopal Junction,22,2233,3000,0.744,High,2
2026-03-04,BPL,Bhopal Junction,23,2771,3000,0.924,Critical,2
2026-03-04,JHS,Jhansi Junction,0,291,4000,0.073,Low,2
2026-03-04,JHS,Jhansi Junction,1,377,4000,0.094,Low,2
2026-03-04,JHS,Jhansi Junction,2,678,4000,0.17,Low,2
2026-03-04,JHS,Jhansi Junction,3,678,4000,0.17,Low,2
2026-03-04,JHS,Jhansi Junction,4,474,4000,0.118,Low,2
2026-03-04,JHS,Jhansi Junction,5,2394,4000,0.599,Moderate,2
2026-03-04,JHS,Jhansi Junction,6,2313,4000,0.578,Moderate,2
2026-03-04,JHS,Jhansi Junction,7,7808,4000,1.952,Critical,2
2026-03-04,JHS,Jhansi Junction,8,6254,4000,1.563,Critical,2
2026-03-04,JHS,Jhansi Junction,9,6326,4000,1.581,Critical,2
2026-03-04,JHS,Jhansi Junction,10,3624,4000,0.906,Critical,2
2026-03-04,JHS,Jhansi Junction,11,2528,4000,0.632,Moderate,2
2026-03-04,JHS,Jhansi Junction,12,1929,4000,0.482,Moderate,2
2026-03-04,JHS,Jhansi Junction,13,1913,4000,0.478,Moderate,2
2026-03-04,JHS,Jhansi Junction,14,2874,4000,0.719,High,2
2026-03-04,JHS,Jhansi Junction,15,3291,4000,0.823,High,2
2026-03-04,JHS,Jhansi Junction,16,3697,4000,0.924,Critical,2
2026-03-04,JHS,Jhansi Junction,17,5219,4000,1.305,Critical,2
2026-03-04,JHS,Jhansi Junction,18,6464,4000,1.616,Critical,2
2026-03-04,JHS,Jhansi Junction,19,6297,4000,1.574,Critical,2
2026-03-04,JHS,Jhansi Junction,20,3808,4000,0.952,Critical,2
2026-03-04,JHS,Jhansi Junction,21,3629,4000,0.907,Critical,2
2026-03-04,JHS,Jhansi Junction,22,2643,4000,0.661,Moderate,2
2026-03-04,JHS,Jhansi Junction,23,2585,4000,0.646,Moderate,2
2026-03-04,GWL,Gwalior Junction,0,412,2500,0.165,Low,2
2026-03-04,GWL,Gwalior Junction,1,368,2500,0.147,Low,2
2026-03-04,GWL,Gwalior Junction,2,231,2500,0.092,Low,2
2026-03-04,GWL,Gwalior Junction,3,451,2500,0.18,Low,2
2026-03-04,GWL,Gwalior Junction,4,428,2500,0.171,Low,2
2026-03-04,GWL,Gwalior Junction,5,2023,2500,0.809,High,2
2026-03-04,GWL,Gwalior Junction,6,1932,2500,0.773,High,2
2026-03-04,GWL,Gwalior Junction,7,4269,2500,1.708,Critical,2
2026-03-04,GWL,Gwalior Junction,8,4272,2500,1.709,Critical,2
2026-03-04,GWL,Gwalior Junction,9,5630,2500,2.252,Critical,2
2026-03-04,GWL,Gwalior Junction,10,2727,2500,1.091,Critical,2
2026-03-04,GWL,Gwalior Junction,11,3041,2500,1.216,Critical,2
2026-03-04,GWL,Gwalior Junction,12,1753,2500,0.701,High,2
2026-03-04,GWL,Gwalior Junction,13,2102,2500,0.841,High,2
2026-03-04,GWL,Gwalior Junction,14,1793,2500,0.717,High,2
2026-03-04,GWL,Gwalior Junction,15,2679,2500,1.072,Critical,2
2026-03-04,GWL,Gwalior Junction,16,2431,2500,0.972,Critical,2
2026-03-04,GWL,Gwalior Junction,17,4241,2500,1.696,Critical,2
2026-03-04,GWL,Gwalior Junction,18,6820,2500,2.728,Critical,2
2026-03-04,GWL,Gwalior Junction,19,5393,2500,2.157,Critical,2
2026-03-04,GWL,Gwalior Junction,20,3547,2500,1.419,Critical,2
2026-03-04,GWL,Gwalior Junction,21,2612,2500,1.045,Critical,2
2026-03-04,GWL,Gwalior Junction,22,2099,2500,0.84,High,2
2026-03-04,GWL,Gwalior Junction,23,1752,2500,0.701,High,2
2026-03-04,AGC,Agra Cantt,0,423,3000,0.141,Low,2
2026-03-04,AGC,Agra Cantt,1,731,3000,0.244,Low,2
2026-03-04,AGC,Agra Cantt,2,244,3000,0.081,Low,2
2026-03-04,AGC,Agra Cantt,3,337,3000,0.112,Low,2
2026-03-04,AGC,Agra Cantt,4,456,3000,0.152,Low,2
2026-03-04,AGC,Agra Cantt,5,2732,3000,0.911,Critical,2
2026-03-04,AGC,Agra Cantt,6,2691,3000,0.897,High,2
2026-03-04,AGC,Agra Cantt,7,6045,3000,2.015,Critical,2
2026-03-04,AGC,Agra Cantt,8,9892,3000,3.297,Critical,2
2026-03-04,AGC,Agra Cantt,9,5286,3000,1.762,Critical,2
2026-03-04,AGC,Agra Cantt,10,3384,3000,1.128,Critical,2
2026-03-04,AGC,Agra Cantt,11,3296,3000,1.099,Critical,2
2026-03-04,AGC,Agra Cantt,12,3175,3000,1.058,Critical,2
2026-03-04,AGC,Agra Cantt,13,1737,3000,0.579,Moderate,2
2026-03-04,AGC,Agra Cantt,14,2361,3000,0.787,High,2
2026-03-04,AGC,Agra Cantt,15,3136,3000,1.045,Critical,2
2026-03-04,AGC,Agra Cantt,16,4043,3000,1.348,Critical,2
2026-03-04,AGC,Agra Cantt,17,8576,3000,2.859,Critical,2
2026-03-04,AGC,Agra Cantt,18,6945,3000,2.315,Critical,2
2026-03-04,AGC,Agra Cantt,19,7259,3000,2.42,Critical,2
2026-03-04,AGC,Agra Cantt,20,3523,3000,1.174,Critical,2
2026-03-04,AGC,Agra Cantt,21,3512,3000,1.171,Critical,2
2026-03-04,AGC,Agra Cantt,22,2755,3000,0.918,Critical,2
2026-03-04,AGC,Agra Cantt,23,2690,3000,0.897,High,2
2026-03-03,MMCT,Mumbai Central,0,1417,4000,0.354,Low,1
2026-03-03,MMCT,Mumbai Central,1,905,4000,0.226,Low,1
2026-03-03,MMCT,Mumbai Central,2,1178,4000,0.294,Low,1
2026-03-03,MMCT,Mumbai Central,3,1132,4000,0.283,Low,1
2026-03-03,MMCT,Mumbai Central,4,1838,4000,0.46,Moderate,1
2026-03-03,MMCT,Mumbai Central,5,7190,4000,1.798,Critical,1
2026-03-03,MMCT,Mumbai Central,6,6292,4000,1.573,Critical,1
2026-03-03,MMCT,Mumbai Central,7,16544,4000,4.136,Critical,1
2026-03-03,MMCT,Mumbai Central,8,23124,4000,5.781,Critical,1
2026-03-03,MMCT,Mumbai Central,9,18528,4000,4.632,Critical,1
2026-03-03,MMCT,Mumbai Central,10,8484,4000,2.121,Critical,1
2026-03-03,MMCT,Mumbai Central,11,11207,4000,2.802,Critical,1
2026-03-03,MMCT,Mumbai Central,12,6287,4000,1.572,Critical,1
2026-03-03,MMCT,Mumbai Central,13,5632,4000,1.408,Critical,1
2026-03-03,MMCT,Mumbai Central,14,5629,4000,1.407,Critical,1
2026-03-03,MMCT,Mumbai Central,15,7322,4000,1.831,Critical,1
2026-03-03,MMCT,Mumbai Central,16,11875,4000,2.969,Critical,1
2026-03-03,MMCT,Mumbai Central,17,19267,4000,4.817,Critical,1
2026-03-03,MMCT,Mumbai Central,18,14821,4000,3.705,Critical,1
2026-03-03,MMCT,Mumbai Central,19,14631,4000,3.658,Critical,1
2026-03-03,MMCT,Mumbai Central,20,10377,4000,2.594,Critical,1
2026-03-03,MMCT,Mumbai Central,21,7400,4000,1.85,Critical,1
2026-03-03,MMCT,Mumbai Central,22,7567,4000,1.892,Critical,1
2026-03-03,MMCT,Mumbai Central,23,5690,4000,1.423,Critical,1
2026-03-03,BVI,Borivali,0,534,3000,0.178,Low,1
2026-03-03,BVI,Borivali,1,840,3000,0.28,Low,1
2026-03-03,BVI,Borivali,2,659,3000,0.22,Low,1
2026-03-03,BVI,Borivali,3,775,3000,0.258,Low,1
2026-03-03,BVI,Borivali,4,914,3000,0.305,Low,1
2026-03-03,BVI,Borivali,5,3653,3000,1.218,Critical,1
2026-03-03,BVI,Borivali,6,3985,3000,1.328,Critical,1
2026-03-03,BVI,Borivali,7,9822,3000,3.274,Critical,1
2026-03-03,BVI,Borivali,8,7636,3000,2.545,Critical,1
2026-03-03,BVI,Borivali,9,12629,3000,4.21,Critical,1
2026-03-03,BVI,Borivali,10,5086,3000,1.695,Critical,1
2026-03-03,BVI,Borivali,11,4755,3000,1.585,Critical,1
2026-03-03,BVI,Borivali,12,2995,3000,0.998,Critical,1
2026-03-03,BVI,Borivali,13,2883,3000,0.961,Critical,1
2026-03-03,BVI,Borivali,14,2981,3000,0.994,Critical,1
2026-03-03,BVI,Borivali,15,4621,3000,1.54,Critical,1
2026-03-03,BVI,Borivali,16,6363,3000,2.121,Critical,1
2026-03-03,BVI,Borivali,17,12800,3000,4.267,Critical,1
2026-03-03,BVI,Borivali,18,8069,3000,2.69,Critical,1
2026-03-03,BVI,Borivali,19,9693,3000,3.231,Critical,1
2026-03-03,BVI,Borivali,20,4633,3000,1.544,Critical,1
2026-03-03,BVI,Borivali,21,3867,3000,1.289,Critical,1
2026-03-03,BVI,Borivali,22,3114,3000,1.038,Critical,1
2026-03-03,BVI,Borivali,23,3599,3000,1.2,Critical,1
2026-03-03,BL,Valsad,0,57,1500,0.038,Low,1
2026-03-03,BL,Valsad,1,197,1500,0.131,Low,1
2026-03-03,BL,Valsad,2,161,1500,0.107,Low,1
2026-03-03,BL,Valsad,3,91,1500,0.061,Low,1
2026-03-03,BL,Valsad,4,78,1500,0.052,Low,1
2026-03-03,BL,Valsad,5,795,1500,0.53,Moderate,1
2026-03-03,BL,Valsad,6,625,1500,0.417,Moderate,1
2026-03-03,BL,Valsad,7,1336,1500,0.891,High,1
2026-03-03,BL,Valsad,8,1644,1500,1.096,Critical,1
2026-03-03,BL,Valsad,9,1697,1500,1.131,Critical,1
2026-03-03,BL,Valsad,10,944,1500,0.629,Moderate,1
2026-03-03,BL,Valsad,11,1169,1500,0.779,High,1
2026-03-03,BL,Valsad,12,522,1500,0.348,Low,1
2026-03-03,BL,Valsad,13,425,1500,0.283,Low,1
2026-03-03,BL,Valsad,14,485,1500,0.323,Low,1
2026-03-03,BL,Valsad,15,903,1500,0.602,Moderate,1
2026-03-03,BL,Valsad,16,935,1500,0.623,Moderate,1
2026-03-03,BL,Valsad,17,1929,1500,1.286,Critical,1
2026-03-03,BL,Valsad,18,1728,1500,1.152,Critical,1
2026-03-03,BL,Valsad,19,1814,1500,1.209,Critical,1
2026-03-03,BL,Valsad,20,923,1500,0.615,Moderate,1
2026-03-03,BL,Valsad,21,644,1500,0.429,Moderate,1
2026-03-03,BL,Valsad,22,814,1500,0.543,Moderate,1
2026-03-03,BL,Valsad,23,644,1500,0.429,Moderate,1
2026-03-03,ST,Surat,0,915,3000,0.305,Low,1
2026-03-03,ST,Surat,1,935,3000,0.312,Low,1
2026-03-03,ST,Surat,2,674,3000,0.225,Low,1
2026-03-03,ST,Surat,3,990,3000,0.33,Low,1
2026-03-03,ST,Surat,4,846,3000,0.282,Low,1
2026-03-03,ST,Surat,5,3289,3000,1.096,Critical,1
2026-03-03,ST,Surat,6,3473,3000,1.158,Critical,1
2026-03-03,ST,Surat,7,9118,3000,3.039,Critical,1
2026-03-03,ST,Surat,8,6945,3000,2.315,Critical,1
2026-03-03,ST,Surat,9,10172,3000,3.391,Critical,1
2026-03-03,ST,Surat,10,5323,3000,1.774,Critical,1
2026-03-03,ST,Surat,11,5454,3000,1.818,Critical,1
2026-03-03,ST,Surat,12,3248,3000,1.083,Critical,1
2026-03-03,ST,Surat,13,4667,3000,1.556,Critical,1
2026-03-03,ST,Surat,14,4058,3000,1.353,Critical,1
2026-03-03,ST,Surat,15,5441,3000,1.814,Critical,1
2026-03-03,ST,Surat,16,5703,3000,1.901,Critical,1
2026-03-03,ST,Surat,17,7603,3000,2.534,Critical,1
2026-03-03,ST,Surat,18,12333,3000,4.111,Critical,1
2026-03-03,ST,Surat,19,11505,3000,3.835,Critical,1
2026-03-03,ST,Surat,20,6456,3000,2.152,Critical,1
2026-03-03,ST,Surat,21,4979,3000,1.66,Critical,1
2026-03-03,ST,Surat,22,4645,3000,1.548,Critical,1
2026-03-03,ST,Surat,23,2933,3000,0.978,Critical,1
2026-03-03,BRC,Vadodara Junction,0,1196,3500,0.342,Low,1
2026-03-03,BRC,Vadodara Junction,1,807,3500,0.231,Low,1
2026-03-03,BRC,Vadodara Junction,2,665,3500,0.19,Low,1
2026-03-03,BRC,Vadodara Junction,3,569,3500,0.163,Low,1
2026-03-03,BRC,Vadodara Junction,4,661,3500,0.189,Low,1
2026-03-03,BRC,Vadodara Junction,5,4004,3500,1.144,Critical,1
2026-03-03,BRC,Vadodara Junction,6,4385,3500,1.253,Critical,1
2026-03-03,BRC,Vadodara Junction,7,10888,3500,3.111,Critical,1
2026-03-03,BRC,Vadodara Junction,8,7218,3500,2.062,Critical,1
2026-03-03,BRC,Vadodara Junction,9,6319,3500,1.805,Critical,1
2026-03-03,BRC,Vadodara Junction,10,6374,3500,1.821,Critical,1
2026-03-03,BRC,Vadodara Junction,11,3982,3500,1.138,Critical,1
2026-03-03,BRC,Vadodara Junction,12,3421,3500,0.977,Critical,1
2026-03-03,BRC,Vadodara Junction,13,4099,3500,1.171,Critical,1
2026-03-03,BRC,Vadodara Junction,14,2832,3500,0.809,High,1
2026-03-03,BRC,Vadodara Junction,15,5056,3500,1.445,Critical,1
2026-03-03,BRC,Vadodara Junction,16,5465,3500,1.561,Critical,1
2026-03-03,BRC,Vadodara Junction,17,9882,3500,2.823,Critical,1
2026-03-03,BRC,Vadodara Junction,18,10688,3500,3.054,Critical,1
2026-03-03,BRC,Vadodara Junction,19,11581,3500,3.309,Critical,1
2026-03-03,BRC,Vadodara Junction,20,4473,3500,1.278,Critical,1
2026-03-03,BRC,Vadodara Junction,21,4498,3500,1.285,Critical,1
2026-03-03,BRC,Vadodara Junction,22,3471,3500,0.992,Critical,1
2026-03-03,BRC,Vadodara Junction,23,3638,3500,1.039,Critical,1
2026-03-03,RTM,Ratlam Junction,0,240,2500,0.096,Low,1
2026-03-03,RTM,Ratlam Junction,1,245,2500,0.098,Low,1
2026-03-03,RTM,Ratlam Junction,2,336,2500,0.134,Low,1
2026-03-03,RTM,Ratlam Junction,3,202,2500,0.081,Low,1
2026-03-03,RTM,Ratlam Junction,4,408,2500,0.163,Low,1
2026-03-03,RTM,Ratlam Junction,5,1311,2500,0.524,Moderate,1
2026-03-03,RTM,Ratlam Junction,6,1595,2500,0.638,Moderate,1
2026-03-03,RTM,Ratlam Junction,7,3178,2500,1.271,Critical,1
2026-03-03,RTM,Ratlam Junction,8,4272,2500,1.709,Critical,1
2026-03-03,RTM,Ratlam Junction,9,3383,2500,1.353,Critical,1
2026-03-03,RTM,Ratlam Junction,10,2521,2500,1.008,Critical,1
2026-03-03,RTM,Ratlam Junction,11,1974,2500,0.79,High,1
2026-03-03,RTM,Ratlam Junction,12,1544,2500,0.618,Moderate,1
2026-03-03,RTM,Ratlam Junction,13,1297,2500,0.519,Moderate,1
2026-03-03,RTM,Ratlam Junction,14,1410,2500,0.564,Moderate,1
2026-03-03,RTM,Ratlam Junction,15,2017,2500,0.807,High,1
2026-03-03,RTM,Ratlam Junction,16,2119,2500,0.848,High,1
2026-03-03,RTM,Ratlam Junction,17,4419,2500,1.768,Critical,1
2026-03-03,RTM,Ratlam Junction,18,2849,2500,1.14,Critical,1
2026-03-03,RTM,Ratlam Junction,19,3240,2500,1.296,Critical,1
2026-03-03,RTM,Ratlam Junction,20,2274,2500,0.91,Critical,1
2026-03-03,RTM,Ratlam Junction,21,2082,2500,0.833,High,1
2026-03-03,RTM,Ratlam Junction,22,1605,2500,0.642,Moderate,1
2026-03-03,RTM,Ratlam Junction,23,1540,2500,0.616,Moderate,1
2026-03-03,KOTA,Kota Junction,0,527,3000,0.176,Low,1
2026-03-03,KOTA,Kota Junction,1,284,3000,0.095,Low,1
2026-03-03,KOTA,Kota Junction,2,348,3000,0.116,Low,1
2026-03-03,KOTA,Kota Junction,3,612,3000,0.204,Low,1
2026-03-03,KOTA,Kota Junction,4,219,3000,0.073,Low,1
2026-03-03,KOTA,Kota Junction,5,2701,3000,0.9,Critical,1
2026-03-03,KOTA,Kota Junction,6,1865,3000,0.622,Moderate,1
2026-03-03,KOTA,Kota Junction,7,5557,3000,1.852,Critical,1
2026-03-03,KOTA,Kota Junction,8,6479,3000,2.16,Critical,1
2026-03-03,KOTA,Kota Junction,9,4291,3000,1.43,Critical,1
2026-03-03,KOTA,Kota Junction,10,2260,3000,0.753,High,1
2026-03-03,KOTA,Kota Junction,11,2542,3000,0.847,High,1
2026-03-03,KOTA,Kota Junction,12,2154,3000,0.718,High,1
2026-03-03,KOTA,Kota Junction,13,1442,3000,0.481,Moderate,1
2026-03-03,KOTA,Kota Junction,14,2100,3000,0.7,Moderate,1
2026-03-03,KOTA,Kota Junction,15,4262,3000,1.421,Critical,1
2026-03-03,KOTA,Kota Junction,16,3969,3000,1.323,Critical,1
2026-03-03,KOTA,Kota Junction,17,5070,3000,1.69,Critical,1
2026-03-03,KOTA,Kota Junction,18,5350,3000,1.783,Critical,1
2026-03-03,KOTA,Kota Junction,19,6202,3000,2.067,Critical,1
2026-03-03,KOTA,Kota Junction,20,3770,3000,1.257,Critical,1
2026-03-03,KOTA,Kota Junction,21,2830,3000,0.943,Critical,1
2026-03-03,KOTA,Kota Junction,22,2726,3000,0.909,Critical,1
2026-03-03,KOTA,Kota Junction,23,2018,3000,0.673,Moderate,1
2026-03-03,SWM,Sawai Madhopur,0,208,2000,0.104,Low,1
2026-03-03,SWM,Sawai Madhopur,1,228,2000,0.114,Low,1
2026-03-03,SWM,Sawai Madhopur,2,118,2000,0.059,Low,1
2026-03-03,SWM,Sawai Madhopur,3,118,2000,0.059,Low,1
2026-03-03,SWM,Sawai Madhopur,4,150,2000,0.075,Low,1
2026-03-03,SWM,Sawai Madhopur,5,652,2000,0.326,Low,1
2026-03-03,SWM,Sawai Madhopur,6,800,2000,0.4,Low,1
2026-03-03,SWM,Sawai Madhopur,7,1962,2000,0.981,Critical,1
2026-03-03,SWM,Sawai Madhopur,8,2806,2000,1.403,Critical,1
2026-03-03,SWM,Sawai Madhopur,9,2676,2000,1.338,Critical,1
2026-03-03,SWM,Sawai Madhopur,10,1426,2000,0.713,High,1
2026-03-03,SWM,Sawai Madhopur,11,1110,2000,0.555,Moderate,1
2026-03-03,SWM,Sawai Madhopur,12,1038,2000,0.519,Moderate,1
2026-03-03,SWM,Sawai Madhopur,13,798,2000,0.399,Low,1
2026-03-03,SWM,Sawai Madhopur,14,1098,2000,0.549,Moderate,1
2026-03-03,SWM,Sawai Madhopur,15,1029,2000,0.514,Moderate,1
2026-03-03,SWM,Sawai Madhopur,16,967,2000,0.483,Moderate,1
2026-03-03,SWM,Sawai Madhopur,17,2013,2000,1.006,Critical,1
2026-03-03,SWM,Sawai Madhopur,18,2698,2000,1.349,Critical,1
2026-03-03,SWM,Sawai Madhopur,19,1512,2000,0.756,High,1
2026-03-03,SWM,Sawai Madhopur,20,1638,2000,0.819,High,1
2026-03-03,SWM,Sawai Madhopur,21,1311,2000,0.655,Moderate,1
2026-03-03,SWM,Sawai Madhopur,22,933,2000,0.467,Moderate,1
2026-03-03,SWM,Sawai Madhopur,23,856,2000,0.428,Moderate,1
2026-03-03,MTJ,Mathura Junction,0,345,3000,0.115,Low,1
2026-03-03,MTJ,Mathura Junction,1,514,3000,0.171,Low,1
2026-03-03,MTJ,Mathura Junction,2,609,3000,0.203,Low,1
2026-03-03,MTJ,Mathura Junction,3,573,3000,0.191,Low,1
2026-03-03,MTJ,Mathura Junction,4,644,3000,0.215,Low,1
2026-03-03,MTJ,Mathura Junction,5,2623,3000,0.874,High,1
2026-03-03,MTJ,Mathura Junction,6,1774,3000,0.591,Moderate,1
2026-03-03,MTJ,Mathura Junction,7,6308,3000,2.103,Critical,1
2026-03-03,MTJ,Mathura Junction,8,8225,3000,2.742,Critical,1
2026-03-03,MTJ,Mathura Junction,9,5648,3000,1.883,Critical,1
2026-03-03,MTJ,Mathura Junction,10,3168,3000,1.056,Critical,1
2026-03-03,MTJ,Mathura Junction,11,2719,3000,0.906,Critical,1
2026-03-03,MTJ,Mathura Junction,12,1986,3000,0.662,Moderate,1
2026-03-03,MTJ,Mathura Junction,13,2306,3000,0.769,High,1
2026-03-03,MTJ,Mathura Junction,14,2715,3000,0.905,Critical,1
2026-03-03,MTJ,Mathura Junction,15,3754,3000,1.251,Critical,1
2026-03-03,MTJ,Mathura Junction,16,3221,3000,1.074,Critical,1
2026-03-03,MTJ,Mathura Junction,17,9291,3000,3.097,Critical,1
2026-03-03,MTJ,Mathura Junction,18,7965,3000,2.655,Critical,1
2026-03-03,MTJ,Mathura Junction,19,4194,3000,1.398,Critical,1
2026-03-03,MTJ,Mathura Junction,20,3206,3000,1.069,Critical,1
2026-03-03,MTJ,Mathura Junction,21,4105,3000,1.368,Critical,1
2026-03-03,MTJ,Mathura Junction,22,1635,3000,0.545,Moderate,1
2026-03-03,MTJ,Mathura Junction,23,2278,3000,0.759,High,1
2026-03-03,NDLS,New Delhi,0,2450,8000,0.306,Low,1
2026-03-03,NDLS,New Delhi,1,3742,8000,0.468,Moderate,1
2026-03-03,NDLS,New Delhi,2,3311,8000,0.414,Moderate,1
2026-03-03,NDLS,New Delhi,3,5210,8000,0.651,Moderate,1
2026-03-03,NDLS,New Delhi,4,5141,8000,0.643,Moderate,1
2026-03-03,NDLS,New Delhi,5,16599,8000,2.075,Critical,1
2026-03-03,NDLS,New Delhi,6,17650,8000,2.206,Critical,1
2026-03-03,NDLS,New Delhi,7,57775,8000,7.222,Critical,1
2026-03-03,NDLS,New Delhi,8,70838,8000,8.855,Critical,1
2026-03-03,NDLS,New Delhi,9,41524,8000,5.191,Critical,1
2026-03-03,NDLS,New Delhi,10,32233,8000,4.029,Critical,1
2026-03-03,NDLS,New Delhi,11,31266,8000,3.908,Critical,1
2026-03-03,NDLS,New Delhi,12,17025,8000,2.128,Critical,1
2026-03-03,NDLS,New Delhi,13,21324,8000,2.666,Critical,1
2026-03-03,NDLS,New Delhi,14,17895,8000,2.237,Critical,1
2026-03-03,NDLS,New Delhi,15,21281,8000,2.66,Critical,1
2026-03-03,NDLS,New Delhi,16,30444,8000,3.805,Critical,1
2026-03-03,NDLS,New Delhi,17,43394,8000,5.424,Critical,1
2026-03-03,NDLS,New Delhi,18,46330,8000,5.791,Critical,1
2026-03-03,NDLS,New Delhi,19,43759,8000,5.47,Critical,1
2026-03-03,NDLS,New Delhi,20,37671,8000,4.709,Critical,1
2026-03-03,NDLS,New Delhi,21,26776,8000,3.347,Critical,1
2026-03-03,NDLS,New Delhi,22,21365,8000,2.671,Critical,1
2026-03-03,NDLS,New Delhi,23,19873,8000,2.484,Critical,1
2026-03-03,CSMT,Mumbai CSMT,0,1870,9000,0.208,Low,1
2026-03-03,CSMT,Mumbai CSMT,1,3286,9000,0.365,Low,1
2026-03-03,CSMT,Mumbai CSMT,2,2313,9000,0.257,Low,1
2026-03-03,CSMT,Mumbai CSMT,3,3087,9000,0.343,Low,1
2026-03-03,CSMT,Mumbai CSMT,4,3598,9000,0.4,Low,1
2026-03-03,CSMT,Mumbai CSMT,5,14071,9000,1.563,Critical,1
2026-03-03,CSMT,Mumbai CSMT,6,17024,9000,1.892,Critical,1
2026-03-03,CSMT,Mumbai CSMT,7,33244,9000,3.694,Critical,1
2026-03-03,CSMT,Mumbai CSMT,8,26664,9000,2.963,Critical,1
2026-03-03,CSMT,Mumbai CSMT,9,26404,9000,2.934,Critical,1
2026-03-03,CSMT,Mumbai CSMT,10,26746,9000,2.972,Critical,1
2026-03-03,CSMT,Mumbai CSMT,11,18300,9000,2.033,Critical,1
2026-03-03,CSMT,Mumbai CSMT,12,11770,9000,1.308,Critical,1
2026-03-03,CSMT,Mumbai CSMT,13,10209,9000,1.134,Critical,1
2026-03-03,CSMT,Mumbai CSMT,14,19320,9000,2.147,Critical,1
2026-03-03,CSMT,Mumbai CSMT,15,23404,9000,2.6,Critical,1
2026-03-03,CSMT,Mumbai CSMT,16,18920,9000,2.102,Critical,1
2026-03-03,CSMT,Mumbai CSMT,17,41839,9000,4.649,Critical,1
2026-03-03,CSMT,Mumbai CSMT,18,48667,9000,5.407,Critical,1
2026-03-03,CSMT,Mumbai CSMT,19,50020,9000,5.558,Critical,1
2026-03-03,CSMT,Mumbai CSMT,20,23983,9000,2.665,Critical,1
2026-03-03,CSMT,Mumbai CSMT,21,26173,9000,2.908,Critical,1
2026-03-03,CSMT,Mumbai CSMT,22,13331,9000,1.481,Critical,1
2026-03-03,CSMT,Mumbai CSMT,23,15045,9000,1.672,Critical,1
2026-03-03,KYN,Kalyan Junction,0,724,4000,0.181,Low,1
2026-03-03,KYN,Kalyan Junction,1,922,4000,0.231,Low,1
2026-03-03,KYN,Kalyan Junction,2,527,4000,0.132,Low,1
2026-03-03,KYN,Kalyan Junction,3,614,4000,0.153,Low,1
2026-03-03,KYN,Kalyan Junction,4,860,4000,0.215,Low,1
2026-03-03,KYN,Kalyan Junction,5,3150,4000,0.787,High,1
2026-03-03,KYN,Kalyan Junction,6,4501,4000,1.125,Critical,1
2026-03-03,KYN,Kalyan Junction,7,12401,4000,3.1,Critical,1
2026-03-03,KYN,Kalyan Junction,8,15599,4000,3.9,Critical,1
2026-03-03,KYN,Kalyan Junction,9,8527,4000,2.132,Critical,1
2026-03-03,KYN,Kalyan Junction,10,6493,4000,1.623,Critical,1
2026-03-03,KYN,Kalyan Junction,11,5627,4000,1.407,Critical,1
2026-03-03,KYN,Kalyan Junction,12,3358,4000,0.84,High,1
2026-03-03,KYN,Kalyan Junction,13,4717,4000,1.179,Critical,1
2026-03-03,KYN,Kalyan Junction,14,4088,4000,1.022,Critical,1
2026-03-03,KYN,Kalyan Junction,15,6882,4000,1.72,Critical,1
2026-03-03,KYN,Kalyan Junction,16,6480,4000,1.62,Critical,1
2026-03-03,KYN,Kalyan Junction,17,15563,4000,3.891,Critical,1
2026-03-03,KYN,Kalyan Junction,18,10452,4000,2.613,Critical,1
2026-03-03,KYN,Kalyan Junction,19,17059,4000,4.265,Critical,1
2026-03-03,KYN,Kalyan Junction,20,5977,4000,1.494,Critical,1
2026-03-03,KYN,Kalyan Junction,21,6298,4000,1.575,Critical,1
2026-03-03,KYN,Kalyan Junction,22,4370,4000,1.093,Critical,1
2026-03-03,KYN,Kalyan Junction,23,4663,4000,1.166,Critical,1
2026-03-03,NMD,Nashik Road,0,146,2000,0.073,Low,1
2026-03-03,NMD,Nashik Road,1,415,2000,0.207,Low,1
2026-03-03,NMD,Nashik Road,2,211,2000,0.105,Low,1
2026-03-03,NMD,Nashik Road,3,317,2000,0.159,Low,1
2026-03-03,NMD,Nashik Road,4,271,2000,0.136,Low,1
2026-03-03,NMD,Nashik Road,5,2062,2000,1.031,Critical,1
2026-03-03,NMD,Nashik Road,6,1729,2000,0.865,High,1
2026-03-03,NMD,Nashik Road,7,3268,2000,1.634,Critical,1
2026-03-03,NMD,Nashik Road,8,3707,2000,1.853,Critical,1
2026-03-03,NMD,Nashik Road,9,3123,2000,1.562,Critical,1
2026-03-03,NMD,Nashik Road,10,3003,2000,1.502,Critical,1
2026-03-03,NMD,Nashik Road,11,2471,2000,1.236,Critical,1
2026-03-03,NMD,Nashik Road,12,1610,2000,0.805,High,1
2026-03-03,NMD,Nashik Road,13,1525,2000,0.762,High,1
2026-03-03,NMD,Nashik Road,14,1733,2000,0.867,High,1
2026-03-03,NMD,Nashik Road,15,2524,2000,1.262,Critical,1
2026-03-03,NMD,Nashik Road,16,1722,2000,0.861,High,1
2026-03-03,NMD,Nashik Road,17,6604,2000,3.302,Critical,1
2026-03-03,NMD,Nashik Road,18,3600,2000,1.8,Critical,1
2026-03-03,NMD,Nashik Road,19,3245,2000,1.623,Critical,1
2026-03-03,NMD,Nashik Road,20,2390,2000,1.195,Critical,1
2026-03-03,NMD,Nashik Road,21,2183,2000,1.091,Critical,1
2026-03-03,NMD,Nashik Road,22,1416,2000,0.708,High,1
2026-03-03,NMD,Nashik Road,23,1525,2000,0.762,High,1
2026-03-03,MMR,Manmad Junction,0,145,2500,0.058,Low,1
2026-03-03,MMR,Manmad Junction,1,149,2500,0.06,Low,1
2026-03-03,MMR,Manmad Junction,2,238,2500,0.095,Low,1
2026-03-03,MMR,Manmad Junction,3,189,2500,0.076,Low,1
2026-03-03,MMR,Manmad Junction,4,263,2500,0.105,Low,1
2026-03-03,MMR,Manmad Junction,5,1064,2500,0.426,Moderate,1
2026-03-03,MMR,Manmad Junction,6,1255,2500,0.502,Moderate,1
2026-03-03,MMR,Manmad Junction,7,2665,2500,1.066,Critical,1
2026-03-03,MMR,Manmad Junction,8,3674,2500,1.47,Critical,1
2026-03-03,MMR,Manmad Junction,9,3065,2500,1.226,Critical,1
2026-03-03,MMR,Manmad Junction,10,2277,2500,0.911,Critical,1
2026-03-03,MMR,Manmad Junction,11,1978,2500,0.791,High,1
2026-03-03,MMR,Manmad Junction,12,1060,2500,0.424,Moderate,1
2026-03-03,MMR,Manmad Junction,13,1652,2500,0.661,Moderate,1
2026-03-03,MMR,Manmad Junction,14,1041,2500,0.416,Moderate,1
2026-03-03,MMR,Manmad Junction,15,2241,2500,0.896,High,1
2026-03-03,MMR,Manmad Junction,16,1876,2500,0.75,High,1
2026-03-03,MMR,Manmad Junction,17,3557,2500,1.423,Critical,1
2026-03-03,MMR,Manmad Junction,18,4717,2500,1.887,Critical,1
2026-03-03,MMR,Manmad Junction,19,4117,2500,1.647,Critical,1
2026-03-03,MMR,Manmad Junction,20,2298,2500,0.919,Critical,1
2026-03-03,MMR,Manmad Junction,21,1862,2500,0.745,High,1
2026-03-03,MMR,Manmad Junction,22,1115,2500,0.446,Moderate,1
2026-03-03,MMR,Manmad Junction,23,1098,2500,0.439,Moderate,1
2026-03-03,BSL,Bhusawal Junction,0,351,3000,0.117,Low,1
2026-03-03,BSL,Bhusawal Junction,1,246,3000,0.082,Low,1
2026-03-03,BSL,Bhusawal Junction,2,358,3000,0.119,Low,1
2026-03-03,BSL,Bhusawal Junction,3,391,3000,0.13,Low,1
2026-03-03,BSL,Bhusawal Junction,4,320,3000,0.107,Low,1
2026-03-03,BSL,Bhusawal Junction,5,2112,3000,0.704,High,1
2026-03-03,BSL,Bhusawal Junction,6,2109,3000,0.703,High,1
2026-03-03,BSL,Bhusawal Junction,7,5376,3000,1.792,Critical,1
2026-03-03,BSL,Bhusawal Junction,8,4365,3000,1.455,Critical,1
2026-03-03,BSL,Bhusawal Junction,9,5755,3000,1.918,Critical,1
2026-03-03,BSL,Bhusawal Junction,10,3182,3000,1.061,Critical,1
2026-03-03,BSL,Bhusawal Junction,11,2691,3000,0.897,High,1
2026-03-03,BSL,Bhusawal Junction,12,1793,3000,0.598,Moderate,1
2026-03-03,BSL,Bhusawal Junction,13,1583,3000,0.528,Moderate,1
2026-03-03,BSL,Bhusawal Junction,14,1710,3000,0.57,Moderate,1
2026-03-03,BSL,Bhusawal Junction,15,2353,3000,0.784,High,1
2026-03-03,BSL,Bhusawal Junction,16,3589,3000,1.196,Critical,1
2026-03-03,BSL,Bhusawal Junction,17,4747,3000,1.582,Critical,1
2026-03-03,BSL,Bhusawal Junction,18,4189,3000,1.396,Critical,1
2026-03-03,BSL,Bhusawal Junction,19,4312,3000,1.437,Critical,1
2026-03-03,BSL,Bhusawal Junction,20,2508,3000,0.836,High,1
2026-03-03,BSL,Bhusawal Junction,21,2919,3000,0.973,Critical,1
2026-03-03,BSL,Bhusawal Junction,22,1778,3000,0.593,Moderate,1
2026-03-03,BSL,Bhusawal Junction,23,1751,3000,0.584,Moderate,1
2026-03-03,ET,Itarsi Junction,0,156,3500,0.045,Low,1
2026-03-03,ET,Itarsi Junction,1,533,3500,0.152,Low,1
2026-03-03,ET,Itarsi Junction,2,275,3500,0.079,Low,1
2026-03-03,ET,Itarsi Junction,3,332,3500,0.095,Low,1
2026-03-03,ET,Itarsi Junction,4,258,3500,0.074,Low,1
2026-03-03,ET,Itarsi Junction,5,2210,3500,0.631,Moderate,1
2026-03-03,ET,Itarsi Junction,6,1371,3500,0.392,Low,1
2026-03-03,ET,Itarsi Junction,7,3190,3500,0.911,Critical,1
2026-03-03,ET,Itarsi Junction,8,3862,3500,1.103,Critical,1
2026-03-03,ET,Itarsi Junction,9,3608,3500,1.031,Critical,1
2026-03-03,ET,Itarsi Junction,10,3181,3500,0.909,Critical,1
2026-03-03,ET,Itarsi Junction,11,2417,3500,0.691,Moderate,1
2026-03-03,ET,Itarsi Junction,12,1893,3500,0.541,Moderate,1
2026-03-03,ET,Itarsi Junction,13,2124,3500,0.607,Moderate,1
2026-03-03,ET,Itarsi Junction,14,1483,3500,0.424,Moderate,1
2026-03-03,ET,Itarsi Junction,15,3431,3500,0.98,Critical,1
2026-03-03,ET,Itarsi Junction,16,3194,3500,0.913,Critical,1
2026-03-03,ET,Itarsi Junction,17,4364,3500,1.247,Critical,1
2026-03-03,ET,Itarsi Junction,18,4785,3500,1.367,Critical,1
2026-03-03,ET,Itarsi Junction,19,4903,3500,1.401,Critical,1
2026-03-03,ET,Itarsi Junction,20,2486,3500,0.71,High,1
2026-03-03,ET,Itarsi Junction,21,2552,3500,0.729,High,1
2026-03-03,ET,Itarsi Junction,22,1528,3500,0.437,Moderate,1
2026-03-03,ET,Itarsi Junction,23,1804,3500,0.515,Moderate,1
2026-03-03,BPL,Bhopal Junction,0,619,3000,0.206,Low,1
2026-03-03,BPL,Bhopal Junction,1,997,3000,0.332,Low,1
2026-03-03,BPL,Bhopal Junction,2,345,3000,0.115,Low,1
2026-03-03,BPL,Bhopal Junction,3,362,3000,0.121,Low,1
2026-03-03,BPL,Bhopal Junction,4,339,3000,0.113,Low,1
2026-03-03,BPL,Bhopal Junction,5,2801,3000,0.934,Critical,1
2026-03-03,BPL,Bhopal Junction,6,3019,3000,1.006,Critical,1
2026-03-03,BPL,Bhopal Junction,7,8082,3000,2.694,Critical,1
2026-03-03,BPL,Bhopal Junction,8,7035,3000,2.345,Critical,1
2026-03-03,BPL,Bhopal Junction,9,7770,3000,2.59,Critical,1
2026-03-03,BPL,Bhopal Junction,10,5178,3000,1.726,Critical,1
2026-03-03,BPL,Bhopal Junction,11,5405,3000,1.802,Critical,1
2026-03-03,BPL,Bhopal Junction,12,2432,3000,0.811,High,1
2026-03-03,BPL,Bhopal Junction,13,2880,3000,0.96,Critical,1
2026-03-03,BPL,Bhopal Junction,14,2789,3000,0.93,Critical,1
2026-03-03,BPL,Bhopal Junction,15,4051,3000,1.35,Critical,1
2026-03-03,BPL,Bhopal Junction,16,5046,3000,1.682,Critical,1
2026-03-03,BPL,Bhopal Junction,17,6534,3000,2.178,Critical,1
2026-03-03,BPL,Bhopal Junction,18,10578,3000,3.526,Critical,1
2026-03-03,BPL,Bhopal Junction,19,9667,3000,3.222,Critical,1
2026-03-03,BPL,Bhopal Junction,20,3330,3000,1.11,Critical,1
2026-03-03,BPL,Bhopal Junction,21,5324,3000,1.775,Critical,1
2026-03-03,BPL,Bhopal Junction,22,2294,3000,0.765,High,1
2026-03-03,BPL,Bhopal Junction,23,3850,3000,1.283,Critical,1
2026-03-03,JHS,Jhansi Junction,0,379,4000,0.095,Low,1
2026-03-03,JHS,Jhansi Junction,1,293,4000,0.073,Low,1
2026-03-03,JHS,Jhansi Junction,2,344,4000,0.086,Low,1
2026-03-03,JHS,Jhansi Junction,3,299,4000,0.075,Low,1
2026-03-03,JHS,Jhansi Junction,4,657,4000,0.164,Low,1
2026-03-03,JHS,Jhansi Junction,5,1962,4000,0.49,Moderate,1
2026-03-03,JHS,Jhansi Junction,6,2277,4000,0.569,Moderate,1
2026-03-03,JHS,Jhansi Junction,7,6266,4000,1.567,Critical,1
2026-03-03,JHS,Jhansi Junction,8,4478,4000,1.119,Critical,1
2026-03-03,JHS,Jhansi Junction,9,7239,4000,1.81,Critical,1
2026-03-03,JHS,Jhansi Junction,10,3607,4000,0.902,Critical,1
2026-03-03,JHS,Jhansi Junction,11,3672,4000,0.918,Critical,1
2026-03-03,JHS,Jhansi Junction,12,2876,4000,0.719,High,1
2026-03-03,JHS,Jhansi Junction,13,1999,4000,0.5,Moderate,1
2026-03-03,JHS,Jhansi Junction,14,2196,4000,0.549,Moderate,1
2026-03-03,JHS,Jhansi Junction,15,3307,4000,0.827,High,1
2026-03-03,JHS,Jhansi Junction,16,2756,4000,0.689,Moderate,1
2026-03-03,JHS,Jhansi Junction,17,5780,4000,1.445,Critical,1
2026-03-03,JHS,Jhansi Junction,18,6400,4000,1.6,Critical,1
2026-03-03,JHS,Jhansi Junction,19,6699,4000,1.675,Critical,1
2026-03-03,JHS,Jhansi Junction,20,4251,4000,1.063,Critical,1
2026-03-03,JHS,Jhansi Junction,21,4870,4000,1.218,Critical,1
2026-03-03,JHS,Jhansi Junction,22,2382,4000,0.596,Moderate,1
2026-03-03,JHS,Jhansi Junction,23,1659,4000,0.415,Moderate,1
2026-03-03,GWL,Gwalior Junction,0,216,2500,0.086,Low,1
2026-03-03,GWL,Gwalior Junction,1,306,2500,0.122,Low,1
2026-03-03,GWL,Gwalior Junction,2,244,2500,0.098,Low,1
2026-03-03,GWL,Gwalior Junction,3,405,2500,0.162,Low,1
2026-03-03,GWL,Gwalior Junction,4,337,2500,0.135,Low,1
2026-03-03,GWL,Gwalior Junction,5,1626,2500,0.65,Moderate,1
2026-03-03,GWL,Gwalior Junction,6,1756,2500,0.702,High,1
2026-03-03,GWL,Gwalior Junction,7,3481,2500,1.392,Critical,1
2026-03-03,GWL,Gwalior Junction,8,4750,2500,1.9,Critical,1
2026-03-03,GWL,Gwalior Junction,9,4849,2500,1.94,Critical,1
2026-03-03,GWL,Gwalior Junction,10,2006,2500,0.802,High,1
2026-03-03,GWL,Gwalior Junction,11,2537,2500,1.015,Critical,1
2026-03-03,GWL,Gwalior Junction,12,2263,2500,0.905,Critical,1
2026-03-03,GWL,Gwalior Junction,13,1682,2500,0.673,Moderate,1
2026-03-03,GWL,Gwalior Junction,14,1911,2500,0.764,High,1
2026-03-03,GWL,Gwalior Junction,15,2774,2500,1.11,Critical,1
2026-03-03,GWL,Gwalior Junction,16,2724,2500,1.09,Critical,1
2026-03-03,GWL,Gwalior Junction,17,4828,2500,1.931,Critical,1
2026-03-03,GWL,Gwalior Junction,18,4554,2500,1.822,Critical,1
2026-03-03,GWL,Gwalior Junction,19,7167,2500,2.867,Critical,1
2026-03-03,GWL,Gwalior Junction,20,2140,2500,0.856,High,1
2026-03-03,GWL,Gwalior Junction,21,2491,2500,0.996,Critical,1
2026-03-03,GWL,Gwalior Junction,22,1668,2500,0.667,Moderate,1
2026-03-03,GWL,Gwalior Junction,23,1439,2500,0.576,Moderate,1
2026-03-03,AGC,Agra Cantt,0,658,3000,0.219,Low,1
2026-03-03,AGC,Agra Cantt,1,373,3000,0.124,Low,1
2026-03-03,AGC,Agra Cantt,2,568,3000,0.189,Low,1
2026-03-03,AGC,Agra Cantt,3,488,3000,0.163,Low,1
2026-03-03,AGC,Agra Cantt,4,426,3000,0.142,Low,1
2026-03-03,AGC,Agra Cantt,5,3153,3000,1.051,Critical,1
2026-03-03,AGC,Agra Cantt,6,1795,3000,0.598,Moderate,1
2026-03-03,AGC,Agra Cantt,7,7334,3000,2.445,Critical,1
2026-03-03,AGC,Agra Cantt,8,7645,3000,2.548,Critical,1
2026-03-03,AGC,Agra Cantt,9,8503,3000,2.834,Critical,1
2026-03-03,AGC,Agra Cantt,10,4755,3000,1.585,Critical,1
2026-03-03,AGC,Agra Cantt,11,3046,3000,1.015,Critical,1
2026-03-03,AGC,Agra Cantt,12,2318,3000,0.773,High,1
2026-03-03,AGC,Agra Cantt,13,2398,3000,0.799,High,1
2026-03-03,AGC,Agra Cantt,14,2300,3000,0.767,High,1
2026-03-03,AGC,Agra Cantt,15,3511,3000,1.17,Critical,1
2026-03-03,AGC,Agra Cantt,16,4987,3000,1.662,Critical,1
2026-03-03,AGC,Agra Cantt,17,8192,3000,2.731,Critical,1
2026-03-03,AGC,Agra Cantt,18,7746,3000,2.582,Critical,1
2026-03-03,AGC,Agra Cantt,19,5918,3000,1.973,Critical,1
2026-03-03,AGC,Agra Cantt,20,4390,3000,1.463,Critical,1
2026-03-03,AGC,Agra Cantt,21,3810,3000,1.27,Critical,1
2026-03-03,AGC,Agra Cantt,22,2219,3000,0.74,High,1
2026-03-03,AGC,Agra Cantt,23,2021,3000,0.674,Moderate,1
2026-03-02,MMCT,Mumbai Central,0,1222,4000,0.305,Low,0
2026-03-02,MMCT,Mumbai Central,1,1556,4000,0.389,Low,0
2026-03-02,MMCT,Mumbai Central,2,1221,4000,0.305,Low,0
2026-03-02,MMCT,Mumbai Central,3,1859,4000,0.465,Moderate,0
2026-03-02,MMCT,Mumbai Central,4,1515,4000,0.379,Low,0
2026-03-02,MMCT,Mumbai Central,5,6380,4000,1.595,Critical,0
2026-03-02,MMCT,Mumbai Central,6,7266,4000,1.817,Critical,0
2026-03-02,MMCT,Mumbai Central,7,11831,4000,2.958,Critical,0
2026-03-02,MMCT,Mumbai Central,8,13382,4000,3.345,Critical,0
2026-03-02,MMCT,Mumbai Central,9,16273,4000,4.068,Critical,0
2026-03-02,MMCT,Mumbai Central,10,9813,4000,2.453,Critical,0
2026-03-02,MMCT,Mumbai Central,11,10254,4000,2.563,Critical,0
2026-03-02,MMCT,Mumbai Central,12,6341,4000,1.585,Critical,0
2026-03-02,MMCT,Mumbai Central,13,5957,4000,1.489,Critical,0
2026-03-02,MMCT,Mumbai Central,14,5551,4000,1.388,Critical,0
2026-03-02,MMCT,Mumbai Central,15,7199,4000,1.8,Critical,0
2026-03-02,MMCT,Mumbai Central,16,10169,4000,2.542,Critical,0
2026-03-02,MMCT,Mumbai Central,17,11744,4000,2.936,Critical,0
2026-03-02,MMCT,Mumbai Central,18,19599,4000,4.9,Critical,0
2026-03-02,MMCT,Mumbai Central,19,18151,4000,4.538,Critical,0
2026-03-02,MMCT,Mumbai Central,20,7316,4000,1.829,Critical,0
2026-03-02,MMCT,Mumbai Central,21,10536,4000,2.634,Critical,0
2026-03-02,MMCT,Mumbai Central,22,7010,4000,1.752,Critical,0
2026-03-02,MMCT,Mumbai Central,23,6509,4000,1.627,Critical,0
2026-03-02,BVI,Borivali,0,675,3000,0.225,Low,0
2026-03-02,BVI,Borivali,1,531,3000,0.177,Low,0
2026-03-02,BVI,Borivali,2,401,3000,0.134,Low,0
2026-03-02,BVI,Borivali,3,753,3000,0.251,Low,0
2026-03-02,BVI,Borivali,4,1030,3000,0.343,Low,0
2026-03-02,BVI,Borivali,5,3267,3000,1.089,Critical,0
2026-03-02,BVI,Borivali,6,3672,3000,1.224,Critical,0
2026-03-02,BVI,Borivali,7,7884,3000,2.628,Critical,0
2026-03-02,BVI,Borivali,8,10492,3000,3.497,Critical,0
2026-03-02,BVI,Borivali,9,10437,3000,3.479,Critical,0
2026-03-02,BVI,Borivali,10,4795,3000,1.598,Critical,0
2026-03-02,BVI,Borivali,11,5538,3000,1.846,Critical,0
2026-03-02,BVI,Borivali,12,2453,3000,0.818,High,0
2026-03-02,BVI,Borivali,13,3143,3000,1.048,Critical,0
2026-03-02,BVI,Borivali,14,3512,3000,1.171,Critical,0
2026-03-02,BVI,Borivali,15,5003,3000,1.668,Critical,0
2026-03-02,BVI,Borivali,16,4070,3000,1.357,Critical,0
2026-03-02,BVI,Borivali,17,7083,3000,2.361,Critical,0
2026-03-02,BVI,Borivali,18,10901,3000,3.634,Critical,0
2026-03-02,BVI,Borivali,19,7002,3000,2.334,Critical,0
2026-03-02,BVI,Borivali,20,3963,3000,1.321,Critical,0
2026-03-02,BVI,Borivali,21,4517,3000,1.506,Critical,0
2026-03-02,BVI,Borivali,22,2332,3000,0.777,High,0
2026-03-02,BVI,Borivali,23,4133,3000,1.378,Critical,0
2026-03-02,BL,Valsad,0,164,1500,0.109,Low,0
2026-03-02,BL,Valsad,1,112,1500,0.075,Low,0
2026-03-02,BL,Valsad,2,186,1500,0.124,Low,0
2026-03-02,BL,Valsad,3,88,1500,0.059,Low,0
2026-03-02,BL,Valsad,4,166,1500,0.111,Low,0
2026-03-02,BL,Valsad,5,778,1500,0.519,Moderate,0
2026-03-02,BL,Valsad,6,666,1500,0.444,Moderate,0
2026-03-02,BL,Valsad,7,1838,1500,1.225,Critical,0
2026-03-02,BL,Valsad,8,1858,1500,1.239,Critical,0
2026-03-02,BL,Valsad,9,1947,1500,1.298,Critical,0
2026-03-02,BL,Valsad,10,761,1500,0.507,Moderate,0
2026-03-02,BL,Valsad,11,1088,1500,0.725,High,0
2026-03-02,BL,Valsad,12,511,1500,0.341,Low,0
2026-03-02,BL,Valsad,13,469,1500,0.313,Low,0
2026-03-02,BL,Valsad,14,564,1500,0.376,Low,0
2026-03-02,BL,Valsad,15,1187,1500,0.791,High,0
2026-03-02,BL,Valsad,16,1098,1500,0.732,High,0
2026-03-02,BL,Valsad,17,2129,1500,1.419,Critical,0
2026-03-02,BL,Valsad,18,1038,1500,0.692,Moderate,0
2026-03-02,BL,Valsad,19,2285,1500,1.523,Critical,0
2026-03-02,BL,Valsad,20,973,1500,0.649,Moderate,0
2026-03-02,BL,Valsad,21,928,1500,0.619,Moderate,0
2026-03-02,BL,Valsad,22,621,1500,0.414,Moderate,0
2026-03-02,BL,Valsad,23,598,1500,0.399,Low,0
2026-03-02,ST,Surat,0,561,3000,0.187,Low,0
2026-03-02,ST,Surat,1,736,3000,0.245,Low,0
2026-03-02,ST,Surat,2,708,3000,0.236,Low,0
2026-03-02,ST,Surat,3,1009,3000,0.336,Low,0
2026-03-02,ST,Surat,4,918,3000,0.306,Low,0
2026-03-02,ST,Surat,5,5159,3000,1.72,Critical,0
2026-03-02,ST,Surat,6,4047,3000,1.349,Critical,0
2026-03-02,ST,Surat,7,13335,3000,4.445,Critical,0
2026-03-02,ST,Surat,8,8427,3000,2.809,Critical,0
2026-03-02,ST,Surat,9,11007,3000,3.669,Critical,0
2026-03-02,ST,Surat,10,5478,3000,1.826,Critical,0
2026-03-02,ST,Surat,11,5996,3000,1.999,Critical,0
2026-03-02,ST,Surat,12,2646,3000,0.882,High,0
2026-03-02,ST,Surat,13,3845,3000,1.282,Critical,0
2026-03-02,ST,Surat,14,4964,3000,1.655,Critical,0
2026-03-02,ST,Surat,15,6345,3000,2.115,Critical,0
2026-03-02,ST,Surat,16,5382,3000,1.794,Critical,0
2026-03-02,ST,Surat,17,11316,3000,3.772,Critical,0
2026-03-02,ST,Surat,18,9928,3000,3.309,Critical,0
2026-03-02,ST,Surat,19,15202,3000,5.067,Critical,0
2026-03-02,ST,Surat,20,6055,3000,2.018,Critical,0
2026-03-02,ST,Surat,21,6890,3000,2.297,Critical,0
2026-03-02,ST,Surat,22,3586,3000,1.195,Critical,0
2026-03-02,ST,Surat,23,3927,3000,1.309,Critical,0
2026-03-02,BRC,Vadodara Junction,0,708,3500,0.202,Low,0
2026-03-02,BRC,Vadodara Junction,1,890,3500,0.254,Low,0
2026-03-02,BRC,Vadodara Junction,2,811,3500,0.232,Low,0
2026-03-02,BRC,Vadodara Junction,3,888,3500,0.254,Low,0
2026-03-02,BRC,Vadodara Junction,4,801,3500,0.229,Low,0
2026-03-02,BRC,Vadodara Junction,5,3647,3500,1.042,Critical,0
2026-03-02,BRC,Vadodara Junction,6,3816,3500,1.09,Critical,0
2026-03-02,BRC,Vadodara Junction,7,9821,3500,2.806,Critical,0
2026-03-02,BRC,Vadodara Junction,8,9271,3500,2.649,Critical,0
2026-03-02,BRC,Vadodara Junction,9,8504,3500,2.43,Critical,0
2026-03-02,BRC,Vadodara Junction,10,7269,3500,2.077,Critical,0
2026-03-02,BRC,Vadodara Junction,11,7090,3500,2.026,Critical,0
2026-03-02,BRC,Vadodara Junction,12,3614,3500,1.033,Critical,0
2026-03-02,BRC,Vadodara Junction,13,3618,3500,1.034,Critical,0
2026-03-02,BRC,Vadodara Junction,14,3803,3500,1.087,Critical,0
2026-03-02,BRC,Vadodara Junction,15,4322,3500,1.235,Critical,0
2026-03-02,BRC,Vadodara Junction,16,3841,3500,1.097,Critical,0
2026-03-02,BRC,Vadodara Junction,17,7634,3500,2.181,Critical,0
2026-03-02,BRC,Vadodara Junction,18,7869,3500,2.248,Critical,0
2026-03-02,BRC,Vadodara Junction,19,7778,3500,2.222,Critical,0
2026-03-02,BRC,Vadodara Junction,20,4695,3500,1.341,Critical,0
2026-03-02,BRC,Vadodara Junction,21,5463,3500,1.561,Critical,0
2026-03-02,BRC,Vadodara Junction,22,4151,3500,1.186,Critical,0
2026-03-02,BRC,Vadodara Junction,23,3549,3500,1.014,Critical,0
2026-03-02,RTM,Ratlam Junction,0,227,2500,0.091,Low,0
2026-03-02,RTM,Ratlam Junction,1,434,2500,0.174,Low,0
2026-03-02,RTM,Ratlam Junction,2,265,2500,0.106,Low,0
2026-03-02,RTM,Ratlam Junction,3,354,2500,0.142,Low,0
2026-03-02,RTM,Ratlam Junction,4,247,2500,0.099,Low,0
2026-03-02,RTM,Ratlam Junction,5,1180,2500,0.472,Moderate,0
2026-03-02,RTM,Ratlam Junction,6,1982,2500,0.793,High,0
2026-03-02,RTM,Ratlam Junction,7,4438,2500,1.775,Critical,0
2026-03-02,RTM,Ratlam Junction,8,5826,2500,2.33,Critical,0
2026-03-02,RTM,Ratlam Junction,9,4054,2500,1.622,Critical,0
2026-03-02,RTM,Ratlam Junction,10,2749,2500,1.1,Critical,0
2026-03-02,RTM,Ratlam Junction,11,2324,2500,0.93,Critical,0
2026-03-02,RTM,Ratlam Junction,12,1383,2500,0.553,Moderate,0
2026-03-02,RTM,Ratlam Junction,13,1321,2500,0.528,Moderate,0
2026-03-02,RTM,Ratlam Junction,14,1273,2500,0.509,Moderate,0
2026-03-02,RTM,Ratlam Junction,15,2134,2500,0.854,High,0
2026-03-02,RTM,Ratlam Junction,16,2078,2500,0.831,High,0
2026-03-02,RTM,Ratlam Junction,17,4330,2500,1.732,Critical,0
2026-03-02,RTM,Ratlam Junction,18,4512,2500,1.805,Critical,0
2026-03-02,RTM,Ratlam Junction,19,3333,2500,1.333,Critical,0
2026-03-02,RTM,Ratlam Junction,20,2272,2500,0.909,Critical,0
2026-03-02,RTM,Ratlam Junction,21,2632,2500,1.053,Critical,0
2026-03-02,RTM,Ratlam Junction,22,1524,2500,0.61,Moderate,0
2026-03-02,RTM,Ratlam Junction,23,1427,2500,0.571,Moderate,0
2026-03-02,KOTA,Kota Junction,0,269,3000,0.09,Low,0
2026-03-02,KOTA,Kota Junction,1,194,3000,0.065,Low,0
2026-03-02,KOTA,Kota Junction,2,311,3000,0.104,Low,0
2026-03-02,KOTA,Kota Junction,3,621,3000,0.207,Low,0
2026-03-02,KOTA,Kota Junction,4,324,3000,0.108,Low,0
2026-03-02,KOTA,Kota Junction,5,2128,3000,0.709,High,0
2026-03-02,KOTA,Kota Junction,6,1903,3000,0.634,Moderate,0
2026-03-02,KOTA,Kota Junction,7,7245,3000,2.415,Critical,0
2026-03-02,KOTA,Kota Junction,8,5638,3000,1.879,Critical,0
2026-03-02,KOTA,Kota Junction,9,6990,3000,2.33,Critical,0
2026-03-02,KOTA,Kota Junction,10,4122,3000,1.374,Critical,0
2026-03-02,KOTA,Kota Junction,11,3871,3000,1.29,Critical,0
2026-03-02,KOTA,Kota Junction,12,2424,3000,0.808,High,0
2026-03-02,KOTA,Kota Junction,13,1543,3000,0.514,Moderate,0
2026-03-02,KOTA,Kota Junction,14,2884,3000,0.961,Critical,0
2026-03-02,KOTA,Kota Junction,15,2673,3000,0.891,High,0
2026-03-02,KOTA,Kota Junction,16,3557,3000,1.186,Critical,0
2026-03-02,KOTA,Kota Junction,17,5135,3000,1.712,Critical,0
2026-03-02,KOTA,Kota Junction,18,6068,3000,2.023,Critical,0
2026-03-02,KOTA,Kota Junction,19,4118,3000,1.373,Critical,0
2026-03-02,KOTA,Kota Junction,20,2508,3000,0.836,High,0
2026-03-02,KOTA,Kota Junction,21,3935,3000,1.312,Critical,0
2026-03-02,KOTA,Kota Junction,22,2598,3000,0.866,High,0
2026-03-02,KOTA,Kota Junction,23,2833,3000,0.944,Critical,0
2026-03-02,SWM,Sawai Madhopur,0,199,2000,0.1,Low,0
2026-03-02,SWM,Sawai Madhopur,1,261,2000,0.131,Low,0
2026-03-02,SWM,Sawai Madhopur,2,101,2000,0.051,Low,0
2026-03-02,SWM,Sawai Madhopur,3,265,2000,0.133,Low,0
2026-03-02,SWM,Sawai Madhopur,4,168,2000,0.084,Low,0
2026-03-02,SWM,Sawai Madhopur,5,769,2000,0.385,Low,0
2026-03-02,SWM,Sawai Madhopur,6,950,2000,0.475,Moderate,0
2026-03-02,SWM,Sawai Madhopur,7,2687,2000,1.343,Critical,0
2026-03-02,SWM,Sawai Madhopur,8,2089,2000,1.044,Critical,0
2026-03-02,SWM,Sawai Madhopur,9,3074,2000,1.537,Critical,0
2026-03-02,SWM,Sawai Madhopur,10,1590,2000,0.795,High,0
2026-03-02,SWM,Sawai Madhopur,11,1705,2000,0.853,High,0
2026-03-02,SWM,Sawai Madhopur,12,835,2000,0.417,Moderate,0
2026-03-02,SWM,Sawai Madhopur,13,628,2000,0.314,Low,0
2026-03-02,SWM,Sawai Madhopur,14,888,2000,0.444,Moderate,0
2026-03-02,SWM,Sawai Madhopur,15,1237,2000,0.619,Moderate,0
2026-03-02,SWM,Sawai Madhopur,16,1308,2000,0.654,Moderate,0
2026-03-02,SWM,Sawai Madhopur,17,2981,2000,1.49,Critical,0
2026-03-02,SWM,Sawai Madhopur,18,3049,2000,1.524,Critical,0
2026-03-02,SWM,Sawai Madhopur,19,1558,2000,0.779,High,0
2026-03-02,SWM,Sawai Madhopur,20,1144,2000,0.572,Moderate,0
2026-03-02,SWM,Sawai Madhopur,21,1589,2000,0.794,High,0
2026-03-02,SWM,Sawai Madhopur,22,791,2000,0.396,Low,0
2026-03-02,SWM,Sawai Madhopur,23,970,2000,0.485,Moderate,0
2026-03-02,MTJ,Mathura Junction,0,520,3000,0.173,Low,0
2026-03-02,MTJ,Mathura Junction,1,370,3000,0.123,Low,0
2026-03-02,MTJ,Mathura Junction,2,665,3000,0.222,Low,0
2026-03-02,MTJ,Mathura Junction,3,412,3000,0.137,Low,0
2026-03-02,MTJ,Mathura Junction,4,321,3000,0.107,Low,0
2026-03-02,MTJ,Mathura Junction,5,3037,3000,1.012,Critical,0
2026-03-02,MTJ,Mathura Junction,6,1668,3000,0.556,Moderate,0
2026-03-02,MTJ,Mathura Junction,7,7463,3000,2.488,Critical,0
2026-03-02,MTJ,Mathura Junction,8,6965,3000,2.322,Critical,0
2026-03-02,MTJ,Mathura Junction,9,6012,3000,2.004,Critical,0
2026-03-02,MTJ,Mathura Junction,10,4213,3000,1.404,Critical,0
2026-03-02,MTJ,Mathura Junction,11,3800,3000,1.267,Critical,0
2026-03-02,MTJ,Mathura Junction,12,1688,3000,0.563,Moderate,0
2026-03-02,MTJ,Mathura Junction,13,2336,3000,0.779,High,0
2026-03-02,MTJ,Mathura Junction,14,1861,3000,0.62,Moderate,0
2026-03-02,MTJ,Mathura Junction,15,3147,3000,1.049,Critical,0
2026-03-02,MTJ,Mathura Junction,16,2961,3000,0.987,Critical,0
2026-03-02,MTJ,Mathura Junction,17,5857,3000,1.952,Critical,0
2026-03-02,MTJ,Mathura Junction,18,6800,3000,2.267,Critical,0
2026-03-02,MTJ,Mathura Junction,19,7302,3000,2.434,Critical,0
2026-03-02,MTJ,Mathura Junction,20,2871,3000,0.957,Critical,0
2026-03-02,MTJ,Mathura Junction,21,4407,3000,1.469,Critical,0
2026-03-02,MTJ,Mathura Junction,22,2226,3000,0.742,High,0
2026-03-02,MTJ,Mathura Junction,23,2279,3000,0.76,High,0
2026-03-02,NDLS,New Delhi,0,2255,8000,0.282,Low,0
2026-03-02,NDLS,New Delhi,1,2682,8000,0.335,Low,0
2026-03-02,NDLS,New Delhi,2,3412,8000,0.426,Moderate,0
2026-03-02,NDLS,New Delhi,3,5172,8000,0.646,Moderate,0
2026-03-02,NDLS,New Delhi,4,3667,8000,0.458,Moderate,0
2026-03-02,NDLS,New Delhi,5,18008,8000,2.251,Critical,0
2026-03-02,NDLS,New Delhi,6,15956,8000,1.994,Critical,0
2026-03-02,NDLS,New Delhi,7,55845,8000,6.981,Critical,0
2026-03-02,NDLS,New Delhi,8,57539,8000,7.192,Critical,0
2026-03-02,NDLS,New Delhi,9,63029,8000,7.879,Critical,0
2026-03-02,NDLS,New Delhi,10,33031,8000,4.129,Critical,0
2026-03-02,NDLS,New Delhi,11,23180,8000,2.897,Critical,0
2026-03-02,NDLS,New Delhi,12,23703,8000,2.963,Critical,0
2026-03-02,NDLS,New Delhi,13,15861,8000,1.983,Critical,0
2026-03-02,NDLS,New Delhi,14,20349,8000,2.544,Critical,0
2026-03-02,NDLS,New Delhi,15,23754,8000,2.969,Critical,0
2026-03-02,NDLS,New Delhi,16,20866,8000,2.608,Critical,0
2026-03-02,NDLS,New Delhi,17,47094,8000,5.887,Critical,0
2026-03-02,NDLS,New Delhi,18,51494,8000,6.437,Critical,0
2026-03-02,NDLS,New Delhi,19,58650,8000,7.331,Critical,0
2026-03-02,NDLS,New Delhi,20,32200,8000,4.025,Critical,0
2026-03-02,NDLS,New Delhi,21,23141,8000,2.893,Critical,0
2026-03-02,NDLS,New Delhi,22,16866,8000,2.108,Critical,0
2026-03-02,NDLS,New Delhi,23,15685,8000,1.961,Critical,0
2026-03-02,CSMT,Mumbai CSMT,0,3700,9000,0.411,Moderate,0
2026-03-02,CSMT,Mumbai CSMT,1,3397,9000,0.377,Low,0
2026-03-02,CSMT,Mumbai CSMT,2,3525,9000,0.392,Low,0
2026-03-02,CSMT,Mumbai CSMT,3,2655,9000,0.295,Low,0
2026-03-02,CSMT,Mumbai CSMT,4,2164,9000,0.24,Low,0
2026-03-02,CSMT,Mumbai CSMT,5,15741,9000,1.749,Critical,0
2026-03-02,CSMT,Mumbai CSMT,6,19452,9000,2.161,Critical,0
2026-03-02,CSMT,Mumbai CSMT,7,40286,9000,4.476,Critical,0
2026-03-02,CSMT,Mumbai CSMT,8,41092,9000,4.566,Critical,0
2026-03-02,CSMT,Mumbai CSMT,9,48538,9000,5.393,Critical,0
2026-03-02,CSMT,Mumbai CSMT,10,20838,9000,2.315,Critical,0
2026-03-02,CSMT,Mumbai CSMT,11,28557,9000,3.173,Critical,0
2026-03-02,CSMT,Mumbai CSMT,12,11443,9000,1.271,Critical,0
2026-03-02,CSMT,Mumbai CSMT,13,13686,9000,1.521,Critical,0
2026-03-02,CSMT,Mumbai CSMT,14,16560,9000,1.84,Critical,0
2026-03-02,CSMT,Mumbai CSMT,15,20292,9000,2.255,Critical,0
2026-03-02,CSMT,Mumbai CSMT,16,27368,9000,3.041,Critical,0
2026-03-02,CSMT,Mumbai CSMT,17,43115,9000,4.791,Critical,0
2026-03-02,CSMT,Mumbai CSMT,18,43909,9000,4.879,Critical,0
2026-03-02,CSMT,Mumbai CSMT,19,38261,9000,4.251,Critical,0
2026-03-02,CSMT,Mumbai CSMT,20,24630,9000,2.737,Critical,0
2026-03-02,CSMT,Mumbai CSMT,21,25475,9000,2.831,Critical,0
2026-03-02,CSMT,Mumbai CSMT,22,17563,9000,1.951,Critical,0
2026-03-02,CSMT,Mumbai CSMT,23,18049,9000,2.005,Critical,0
2026-03-02,KYN,Kalyan Junction,0,492,4000,0.123,Low,0
2026-03-02,KYN,Kalyan Junction,1,727,4000,0.182,Low,0
2026-03-02,KYN,Kalyan Junction,2,1046,4000,0.262,Low,0
2026-03-02,KYN,Kalyan Junction,3,890,4000,0.223,Low,0
2026-03-02,KYN,Kalyan Junction,4,1029,4000,0.257,Low,0
2026-03-02,KYN,Kalyan Junction,5,3668,4000,0.917,Critical,0
2026-03-02,KYN,Kalyan Junction,6,3532,4000,0.883,High,0
2026-03-02,KYN,Kalyan Junction,7,10393,4000,2.598,Critical,0
2026-03-02,KYN,Kalyan Junction,8,15485,4000,3.871,Critical,0
2026-03-02,KYN,Kalyan Junction,9,12496,4000,3.124,Critical,0
2026-03-02,KYN,Kalyan Junction,10,5411,4000,1.353,Critical,0
2026-03-02,KYN,Kalyan Junction,11,5615,4000,1.404,Critical,0
2026-03-02,KYN,Kalyan Junction,12,4245,4000,1.061,Critical,0
2026-03-02,KYN,Kalyan Junction,13,4061,4000,1.015,Critical,0
2026-03-02,KYN,Kalyan Junction,14,3986,4000,0.997,Critical,0
2026-03-02,KYN,Kalyan Junction,15,4231,4000,1.058,Critical,0
2026-03-02,KYN,Kalyan Junction,16,6368,4000,1.592,Critical,0
2026-03-02,KYN,Kalyan Junction,17,13498,4000,3.374,Critical,0
2026-03-02,KYN,Kalyan Junction,18,14165,4000,3.541,Critical,0
2026-03-02,KYN,Kalyan Junction,19,10851,4000,2.713,Critical,0
2026-03-02,KYN,Kalyan Junction,20,7049,4000,1.762,Critical,0
2026-03-02,KYN,Kalyan Junction,21,8289,4000,2.072,Critical,0
2026-03-02,KYN,Kalyan Junction,22,3688,4000,0.922,Critical,0
2026-03-02,KYN,Kalyan Junction,23,4052,4000,1.013,Critical,0
2026-03-02,NMD,Nashik Road,0,142,2000,0.071,Low,0
2026-03-02,NMD,Nashik Road,1,346,2000,0.173,Low,0
2026-03-02,NMD,Nashik Road,2,266,2000,0.133,Low,0
2026-03-02,NMD,Nashik Road,3,458,2000,0.229,Low,0
2026-03-02,NMD,Nashik Road,4,431,2000,0.215,Low,0
2026-03-02,NMD,Nashik Road,5,2086,2000,1.043,Critical,0
2026-03-02,NMD,Nashik Road,6,1997,2000,0.999,Critical,0
2026-03-02,NMD,Nashik Road,7,6395,2000,3.197,Critical,0
2026-03-02,NMD,Nashik Road,8,3748,2000,1.874,Critical,0
2026-03-02,NMD,Nashik Road,9,4148,2000,2.074,Critical,0
2026-03-02,NMD,Nashik Road,10,2051,2000,1.026,Critical,0
2026-03-02,NMD,Nashik Road,11,3356,2000,1.678,Critical,0
2026-03-02,NMD,Nashik Road,12,2059,2000,1.03,Critical,0
2026-03-02,NMD,Nashik Road,13,1639,2000,0.82,High,0
2026-03-02,NMD,Nashik Road,14,1757,2000,0.878,High,0
2026-03-02,NMD,Nashik Road,15,2423,2000,1.212,Critical,0
2026-03-02,NMD,Nashik Road,16,2572,2000,1.286,Critical,0
2026-03-02,NMD,Nashik Road,17,4251,2000,2.126,Critical,0
2026-03-02,NMD,Nashik Road,18,4885,2000,2.442,Critical,0
2026-03-02,NMD,Nashik Road,19,4927,2000,2.463,Critical,0
2026-03-02,NMD,Nashik Road,20,2808,2000,1.404,Critical,0
2026-03-02,NMD,Nashik Road,21,2640,2000,1.32,Critical,0
2026-03-02,NMD,Nashik Road,22,1728,2000,0.864,High,0
2026-03-02,NMD,Nashik Road,23,1714,2000,0.857,High,0
2026-03-02,MMR,Manmad Junction,0,148,2500,0.059,Low,0
2026-03-02,MMR,Manmad Junction,1,212,2500,0.085,Low,0
2026-03-02,MMR,Manmad Junction,2,438,2500,0.175,Low,0
2026-03-02,MMR,Manmad Junction,3,261,2500,0.104,Low,0
2026-03-02,MMR,Manmad Junction,4,155,2500,0.062,Low,0
2026-03-02,MMR,Manmad Junction,5,1136,2500,0.454,Moderate,0
2026-03-02,MMR,Manmad Junction,6,1311,2500,0.524,Moderate,0
2026-03-02,MMR,Manmad Junction,7,3992,2500,1.597,Critical,0
2026-03-02,MMR,Manmad Junction,8,4051,2500,1.62,Critical,0
2026-03-02,MMR,Manmad Junction,9,3974,2500,1.59,Critical,0
2026-03-02,MMR,Manmad Junction,10,1876,2500,0.75,High,0
2026-03-02,MMR,Manmad Junction,11,1702,2500,0.681,Moderate,0
2026-03-02,MMR,Manmad Junction,12,1206,2500,0.482,Moderate,0
2026-03-02,MMR,Manmad Junction,13,1144,2500,0.458,Moderate,0
2026-03-02,MMR,Manmad Junction,14,1057,2500,0.423,Moderate,0
2026-03-02,MMR,Manmad Junction,15,1411,2500,0.564,Moderate,0
2026-03-02,MMR,Manmad Junction,16,2338,2500,0.935,Critical,0
2026-03-02,MMR,Manmad Junction,17,3432,2500,1.373,Critical,0
2026-03-02,MMR,Manmad Junction,18,5164,2500,2.066,Critical,0
2026-03-02,MMR,Manmad Junction,19,3613,2500,1.445,Critical,0
2026-03-02,MMR,Manmad Junction,20,1851,2500,0.74,High,0
2026-03-02,MMR,Manmad Junction,21,1770,2500,0.708,High,0
2026-03-02,MMR,Manmad Junction,22,1367,2500,0.547,Moderate,0
2026-03-02,MMR,Manmad Junction,23,1569,2500,0.628,Moderate,0
2026-03-02,BSL,Bhusawal Junction,0,179,3000,0.06,Low,0
2026-03-02,BSL,Bhusawal Junction,1,520,3000,0.173,Low,0
2026-03-02,BSL,Bhusawal Junction,2,203,3000,0.068,Low,0
2026-03-02,BSL,Bhusawal Junction,3,296,3000,0.099,Low,0
2026-03-02,BSL,Bhusawal Junction,4,453,3000,0.151,Low,0
2026-03-02,BSL,Bhusawal Junction,5,1961,3000,0.654,Moderate,0
2026-03-02,BSL,Bhusawal Junction,6,2365,3000,0.788,High,0
2026-03-02,BSL,Bhusawal Junction,7,5763,3000,1.921,Critical,0
2026-03-02,BSL,Bhusawal Junction,8,4946,3000,1.649,Critical,0
2026-03-02,BSL,Bhusawal Junction,9,4054,3000,1.351,Critical,0
2026-03-02,BSL,Bhusawal Junction,10,2808,3000,0.936,Critical,0
2026-03-02,BSL,Bhusawal Junction,11,2885,3000,0.962,Critical,0
2026-03-02,BSL,Bhusawal Junction,12,1996,3000,0.665,Moderate,0
2026-03-02,BSL,Bhusawal Junction,13,1619,3000,0.54,Moderate,0
2026-03-02,BSL,Bhusawal Junction,14,2240,3000,0.747,High,0
2026-03-02,BSL,Bhusawal Junction,15,3174,3000,1.058,Critical,0
2026-03-02,BSL,Bhusawal Junction,16,2814,3000,0.938,Critical,0
2026-03-02,BSL,Bhusawal Junction,17,3843,3000,1.281,Critical,0
2026-03-02,BSL,Bhusawal Junction,18,3227,3000,1.076,Critical,0
2026-03-02,BSL,Bhusawal Junction,19,4071,3000,1.357,Critical,0
2026-03-02,BSL,Bhusawal Junction,20,2530,3000,0.843,High,0
2026-03-02,BSL,Bhusawal Junction,21,2779,3000,0.926,Critical,0
2026-03-02,BSL,Bhusawal Junction,22,1680,3000,0.56,Moderate,0
2026-03-02,BSL,Bhusawal Junction,23,1659,3000,0.553,Moderate,0
2026-03-02,ET,Itarsi Junction,0,428,3500,0.122,Low,0
2026-03-02,ET,Itarsi Junction,1,494,3500,0.141,Low,0
2026-03-02,ET,Itarsi Junction,2,462,3500,0.132,Low,0
2026-03-02,ET,Itarsi Junction,3,452,3500,0.129,Low,0
2026-03-02,ET,Itarsi Junction,4,379,3500,0.108,Low,0
2026-03-02,ET,Itarsi Junction,5,1802,3500,0.515,Moderate,0
2026-03-02,ET,Itarsi Junction,6,1228,3500,0.351,Low,0
2026-03-02,ET,Itarsi Junction,7,4492,3500,1.283,Critical,0
2026-03-02,ET,Itarsi Junction,8,4193,3500,1.198,Critical,0
2026-03-02,ET,Itarsi Junction,9,3725,3500,1.064,Critical,0
2026-03-02,ET,Itarsi Junction,10,2869,3500,0.82,High,0
2026-03-02,ET,Itarsi Junction,11,3017,3500,0.862,High,0
2026-03-02,ET,Itarsi Junction,12,1856,3500,0.53,Moderate,0
2026-03-02,ET,Itarsi Junction,13,1532,3500,0.438,Moderate,0
2026-03-02,ET,Itarsi Junction,14,1583,3500,0.452,Moderate,0
2026-03-02,ET,Itarsi Junction,15,2963,3500,0.847,High,0
2026-03-02,ET,Itarsi Junction,16,2101,3500,0.6,Moderate,0
2026-03-02,ET,Itarsi Junction,17,3560,3500,1.017,Critical,0
2026-03-02,ET,Itarsi Junction,18,6149,3500,1.757,Critical,0
2026-03-02,ET,Itarsi Junction,19,4647,3500,1.328,Critical,0
2026-03-02,ET,Itarsi Junction,20,2011,3500,0.575,Moderate,0
2026-03-02,ET,Itarsi Junction,21,3155,3500,0.901,Critical,0
2026-03-02,ET,Itarsi Junction,22,1839,3500,0.525,Moderate,0
2026-03-02,ET,Itarsi Junction,23,1498,3500,0.428,Moderate,0
2026-03-02,BPL,Bhopal Junction,0,402,3000,0.134,Low,0
2026-03-02,BPL,Bhopal Junction,1,405,3000,0.135,Low,0
2026-03-02,BPL,Bhopal Junction,2,670,3000,0.223,Low,0
2026-03-02,BPL,Bhopal Junction,3,858,3000,0.286,Low,0
2026-03-02,BPL,Bhopal Junction,4,517,3000,0.172,Low,0
2026-03-02,BPL,Bhopal Junction,5,3307,3000,1.102,Critical,0
2026-03-02,BPL,Bhopal Junction,6,2876,3000,0.959,Critical,0
2026-03-02,BPL,Bhopal Junction,7,7795,3000,2.598,Critical,0
2026-03-02,BPL,Bhopal Junction,8,7689,3000,2.563,Critical,0
2026-03-02,BPL,Bhopal Junction,9,10624,3000,3.541,Critical,0
2026-03-02,BPL,Bhopal Junction,10,3512,3000,1.171,Critical,0
2026-03-02,BPL,Bhopal Junction,11,4831,3000,1.61,Critical,0
2026-03-02,BPL,Bhopal Junction,12,2928,3000,0.976,Critical,0
2026-03-02,BPL,Bhopal Junction,13,2966,3000,0.989,Critical,0
2026-03-02,BPL,Bhopal Junction,14,3700,3000,1.233,Critical,0
2026-03-02,BPL,Bhopal Junction,15,4161,3000,1.387,Critical,0
2026-03-02,BPL,Bhopal Junction,16,3528,3000,1.176,Critical,0
2026-03-02,BPL,Bhopal Junction,17,8656,3000,2.885,Critical,0
2026-03-02,BPL,Bhopal Junction,18,8082,3000,2.694,Critical,0
2026-03-02,BPL,Bhopal Junction,19,8279,3000,2.76,Critical,0
2026-03-02,BPL,Bhopal Junction,20,4832,3000,1.611,Critical,0
2026-03-02,BPL,Bhopal Junction,21,4139,3000,1.38,Critical,0
2026-03-02,BPL,Bhopal Junction,22,3569,3000,1.19,Critical,0
2026-03-02,BPL,Bhopal Junction,23,2241,3000,0.747,High,0
2026-03-02,JHS,Jhansi Junction,0,616,4000,0.154,Low,0
2026-03-02,JHS,Jhansi Junction,1,661,4000,0.165,Low,0
2026-03-02,JHS,Jhansi Junction,2,403,4000,0.101,Low,0
2026-03-02,JHS,Jhansi Junction,3,344,4000,0.086,Low,0
2026-03-02,JHS,Jhansi Junction,4,318,4000,0.08,Low,0
2026-03-02,JHS,Jhansi Junction,5,1849,4000,0.462,Moderate,0
2026-03-02,JHS,Jhansi Junction,6,2049,4000,0.512,Moderate,0
2026-03-02,JHS,Jhansi Junction,7,6193,4000,1.548,Critical,0
2026-03-02,JHS,Jhansi Junction,8,4206,4000,1.052,Critical,0
2026-03-02,JHS,Jhansi Junction,9,5581,4000,1.395,Critical,0
2026-03-02,JHS,Jhansi Junction,10,2657,4000,0.664,Moderate,0
2026-03-02,JHS,Jhansi Junction,11,3063,4000,0.766,High,0
2026-03-02,JHS,Jhansi Junction,12,2038,4000,0.509,Moderate,0
2026-03-02,JHS,Jhansi Junction,13,2366,4000,0.592,Moderate,0
2026-03-02,JHS,Jhansi Junction,14,2421,4000,0.605,Moderate,0
2026-03-02,JHS,Jhansi Junction,15,3418,4000,0.855,High,0
2026-03-02,JHS,Jhansi Junction,16,3946,4000,0.987,Critical,0
2026-03-02,JHS,Jhansi Junction,17,6845,4000,1.711,Critical,0
2026-03-02,JHS,Jhansi Junction,18,6210,4000,1.552,Critical,0
2026-03-02,JHS,Jhansi Junction,19,7432,4000,1.858,Critical,0
2026-03-02,JHS,Jhansi Junction,20,4387,4000,1.097,Critical,0
2026-03-02,JHS,Jhansi Junction,21,3451,4000,0.863,High,0
2026-03-02,JHS,Jhansi Junction,22,3022,4000,0.755,High,0
2026-03-02,JHS,Jhansi Junction,23,1890,4000,0.472,Moderate,0
2026-03-02,GWL,Gwalior Junction,0,249,2500,0.1,Low,0
2026-03-02,GWL,Gwalior Junction,1,522,2500,0.209,Low,0
2026-03-02,GWL,Gwalior Junction,2,513,2500,0.205,Low,0
2026-03-02,GWL,Gwalior Junction,3,471,2500,0.188,Low,0
2026-03-02,GWL,Gwalior Junction,4,254,2500,0.102,Low,0
2026-03-02,GWL,Gwalior Junction,5,2229,2500,0.892,High,0
2026-03-02,GWL,Gwalior Junction,6,2022,2500,0.809,High,0
2026-03-02,GWL,Gwalior Junction,7,5461,2500,2.184,Critical,0
2026-03-02,GWL,Gwalior Junction,8,4792,2500,1.917,Critical,0
2026-03-02,GWL,Gwalior Junction,9,3835,2500,1.534,Critical,0
2026-03-02,GWL,Gwalior Junction,10,2815,2500,1.126,Critical,0
2026-03-02,GWL,Gwalior Junction,11,2173,2500,0.869,High,0
2026-03-02,GWL,Gwalior Junction,12,2073,2500,0.829,High,0
2026-03-02,GWL,Gwalior Junction,13,1891,2500,0.756,High,0
2026-03-02,GWL,Gwalior Junction,14,1566,2500,0.626,Moderate,0
2026-03-02,GWL,Gwalior Junction,15,3346,2500,1.338,Critical,0
2026-03-02,GWL,Gwalior Junction,16,2517,2500,1.007,Critical,0
2026-03-02,GWL,Gwalior Junction,17,5702,2500,2.281,Critical,0
2026-03-02,GWL,Gwalior Junction,18,4260,2500,1.704,Critical,0
2026-03-02,GWL,Gwalior Junction,19,4757,2500,1.903,Critical,0
2026-03-02,GWL,Gwalior Junction,20,2734,2500,1.094,Critical,0
2026-03-02,GWL,Gwalior Junction,21,2932,2500,1.173,Critical,0
2026-03-02,GWL,Gwalior Junction,22,1913,2500,0.765,High,0
2026-03-02,GWL,Gwalior Junction,23,2234,2500,0.894,High,0
2026-03-02,AGC,Agra Cantt,0,566,3000,0.189,Low,0
2026-03-02,AGC,Agra Cantt,1,719,3000,0.24,Low,0
2026-03-02,AGC,Agra Cantt,2,485,3000,0.162,Low,0
2026-03-02,AGC,Agra Cantt,3,583,3000,0.194,Low,0
2026-03-02,AGC,Agra Cantt,4,545,3000,0.182,Low,0
2026-03-02,AGC,Agra Cantt,5,2171,3000,0.724,High,0
2026-03-02,AGC,Agra Cantt,6,3088,3000,1.029,Critical,0
2026-03-02,AGC,Agra Cantt,7,4515,3000,1.505,Critical,0
2026-03-02,AGC,Agra Cantt,8,8625,3000,2.875,Critical,0
2026-03-02,AGC,Agra Cantt,9,7323,3000,2.441,Critical,0
2026-03-02,AGC,Agra Cantt,10,4353,3000,1.451,Critical,0
2026-03-02,AGC,Agra Cantt,11,3070,3000,1.023,Critical,0
2026-03-02,AGC,Agra Cantt,12,1995,3000,0.665,Moderate,0
2026-03-02,AGC,Agra Cantt,13,2695,3000,0.898,High,0
2026-03-02,AGC,Agra Cantt,14,2413,3000,0.804,High,0
2026-03-02,AGC,Agra Cantt,15,3780,3000,1.26,Critical,0
2026-03-02,AGC,Agra Cantt,16,4288,3000,1.429,Critical,0
2026-03-02,AGC,Agra Cantt,17,6905,3000,2.302,Critical,0
2026-03-02,AGC,Agra Cantt,18,6124,3000,2.041,Critical,0
2026-03-02,AGC,Agra Cantt,19,5954,3000,1.985,Critical,0
2026-03-02,AGC,Agra Cantt,20,4305,3000,1.435,Critical,0
2026-03-02,AGC,Agra Cantt,21,4055,3000,1.352,Critical,0
2026-03-02,AGC,Agra Cantt,22,2390,3000,0.797,High,0
2026-03-02,AGC,Agra Cantt,23,2358,3000,0.786,High,0
2026-03-01,MMCT,Mumbai Central,0,738,4000,0.184,Low,6
2026-03-01,MMCT,Mumbai Central,1,614,4000,0.153,Low,6
2026-03-01,MMCT,Mumbai Central,2,984,4000,0.246,Low,6
2026-03-01,MMCT,Mumbai Central,3,896,4000,0.224,Low,6
2026-03-01,MMCT,Mumbai Central,4,1725,4000,0.431,Moderate,6
2026-03-01,MMCT,Mumbai Central,5,6344,4000,1.586,Critical,6
2026-03-01,MMCT,Mumbai Central,6,6169,4000,1.542,Critical,6
2026-03-01,MMCT,Mumbai Central,7,15718,4000,3.929,Critical,6
2026-03-01,MMCT,Mumbai Central,8,22187,4000,5.547,Critical,6
2026-03-01,MMCT,Mumbai Central,9,22688,4000,5.672,Critical,6
2026-03-01,MMCT,Mumbai Central,10,9612,4000,2.403,Critical,6
2026-03-01,MMCT,Mumbai Central,11,9101,4000,2.275,Critical,6
2026-03-01,MMCT,Mumbai Central,12,6895,4000,1.724,Critical,6
2026-03-01,MMCT,Mumbai Central,13,6982,4000,1.746,Critical,6
2026-03-01,MMCT,Mumbai Central,14,5255,4000,1.314,Critical,6
2026-03-01,MMCT,Mumbai Central,15,8882,4000,2.22,Critical,6
2026-03-01,MMCT,Mumbai Central,16,11413,4000,2.853,Critical,6
2026-03-01,MMCT,Mumbai Central,17,12364,4000,3.091,Critical,6
2026-03-01,MMCT,Mumbai Central,18,21321,4000,5.33,Critical,6
2026-03-01,MMCT,Mumbai Central,19,19269,4000,4.817,Critical,6
2026-03-01,MMCT,Mumbai Central,20,7154,4000,1.788,Critical,6
2026-03-01,MMCT,Mumbai Central,21,8010,4000,2.002,Critical,6
2026-03-01,MMCT,Mumbai Central,22,5083,4000,1.271,Critical,6
2026-03-01,MMCT,Mumbai Central,23,5414,4000,1.353,Critical,6
2026-03-01,BVI,Borivali,0,541,3000,0.18,Low,6
2026-03-01,BVI,Borivali,1,403,3000,0.134,Low,6
2026-03-01,BVI,Borivali,2,700,3000,0.233,Low,6
2026-03-01,BVI,Borivali,3,664,3000,0.221,Low,6
2026-03-01,BVI,Borivali,4,648,3000,0.216,Low,6
2026-03-01,BVI,Borivali,5,3492,3000,1.164,Critical,6
2026-03-01,BVI,Borivali,6,3459,3000,1.153,Critical,6
2026-03-01,BVI,Borivali,7,8565,3000,2.855,Critical,6
2026-03-01,BVI,Borivali,8,7518,3000,2.506,Critical,6
2026-03-01,BVI,Borivali,9,9936,3000,3.312,Critical,6
2026-03-01,BVI,Borivali,10,3766,3000,1.255,Critical,6
2026-03-01,BVI,Borivali,11,4908,3000,1.636,Critical,6
2026-03-01,BVI,Borivali,12,3034,3000,1.011,Critical,6
2026-03-01,BVI,Borivali,13,4233,3000,1.411,Critical,6
2026-03-01,BVI,Borivali,14,3541,3000,1.18,Critical,6
2026-03-01,BVI,Borivali,15,5851,3000,1.95,Critical,6
2026-03-01,BVI,Borivali,16,4026,3000,1.342,Critical,6
2026-03-01,BVI,Borivali,17,10281,3000,3.427,Critical,6
2026-03-01,BVI,Borivali,18,9865,3000,3.288,Critical,6
2026-03-01,BVI,Borivali,19,8413,3000,2.804,Critical,6
2026-03-01,BVI,Borivali,20,5074,3000,1.691,Critical,6
2026-03-01,BVI,Borivali,21,4980,3000,1.66,Critical,6
2026-03-01,BVI,Borivali,22,3167,3000,1.056,Critical,6
2026-03-01,BVI,Borivali,23,3726,3000,1.242,Critical,6
2026-03-01,BL,Valsad,0,145,1500,0.097,Low,6
2026-03-01,BL,Valsad,1,102,1500,0.068,Low,6
2026-03-01,BL,Valsad,2,163,1500,0.109,Low,6
2026-03-01,BL,Valsad,3,159,1500,0.106,Low,6
2026-03-01,BL,Valsad,4,104,1500,0.069,Low,6
2026-03-01,BL,Valsad,5,731,1500,0.487,Moderate,6
2026-03-01,BL,Valsad,6,497,1500,0.331,Low,6
2026-03-01,BL,Valsad,7,1873,1500,1.249,Critical,6
2026-03-01,BL,Valsad,8,2146,1500,1.431,Critical,6
2026-03-01,BL,Valsad,9,1934,1500,1.289,Critical,6
2026-03-01,BL,Valsad,10,1122,1500,0.748,High,6
2026-03-01,BL,Valsad,11,745,1500,0.497,Moderate,6
2026-03-01,BL,Valsad,12,535,1500,0.357,Low,6
2026-03-01,BL,Valsad,13,569,1500,0.379,Low,6
2026-03-01,BL,Valsad,14,783,1500,0.522,Moderate,6
2026-03-01,BL,Valsad,15,777,1500,0.518,Moderate,6
2026-03-01,BL,Valsad,16,725,1500,0.483,Moderate,6
2026-03-01,BL,Valsad,17,1435,1500,0.957,Critical,6
2026-03-01,BL,Valsad,18,1570,1500,1.047,Critical,6
2026-03-01,BL,Valsad,19,1414,1500,0.943,Critical,6
2026-03-01,BL,Valsad,20,729,1500,0.486,Moderate,6
2026-03-01,BL,Valsad,21,869,1500,0.579,Moderate,6
2026-03-01,BL,Valsad,22,877,1500,0.585,Moderate,6
2026-03-01,BL,Valsad,23,678,1500,0.452,Moderate,6
2026-03-01,ST,Surat,0,919,3000,0.306,Low,6
2026-03-01,ST,Surat,1,756,3000,0.252,Low,6
2026-03-01,ST,Surat,2,477,3000,0.159,Low,6
2026-03-01,ST,Surat,3,807,3000,0.269,Low,6
2026-03-01,ST,Surat,4,1041,3000,0.347,Low,6
2026-03-01,ST,Surat,5,3585,3000,1.195,Critical,6
2026-03-01,ST,Surat,6,4072,3000,1.357,Critical,6
2026-03-01,ST,Surat,7,11696,3000,3.899,Critical,6
2026-03-01,ST,Surat,8,8555,3000,2.852,Critical,6
2026-03-01,ST,Surat,9,10342,3000,3.447,Critical,6
2026-03-01,ST,Surat,10,7571,3000,2.524,Critical,6
2026-03-01,ST,Surat,11,5248,3000,1.749,Critical,6
2026-03-01,ST,Surat,12,4266,3000,1.422,Critical,6
2026-03-01,ST,Surat,13,4517,3000,1.506,Critical,6
2026-03-01,ST,Surat,14,3171,3000,1.057,Critical,6
2026-03-01,ST,Surat,15,5514,3000,1.838,Critical,6
2026-03-01,ST,Surat,16,5035,3000,1.678,Critical,6
2026-03-01,ST,Surat,17,7547,3000,2.516,Critical,6
2026-03-01,ST,Surat,18,10364,3000,3.455,Critical,6
2026-03-01,ST,Surat,19,10470,3000,3.49,Critical,6
2026-03-01,ST,Surat,20,6793,3000,2.264,Critical,6
2026-03-01,ST,Surat,21,6611,3000,2.204,Critical,6
2026-03-01,ST,Surat,22,3533,3000,1.178,Critical,6
2026-03-01,ST,Surat,23,3134,3000,1.045,Critical,6
2026-03-01,BRC,Vadodara Junction,0,400,3500,0.114,Low,6
2026-03-01,BRC,Vadodara Junction,1,375,3500,0.107,Low,6
2026-03-01,BRC,Vadodara Junction,2,804,3500,0.23,Low,6
2026-03-01,BRC,Vadodara Junction,3,731,3500,0.209,Low,6
2026-03-01,BRC,Vadodara Junction,4,890,3500,0.254,Low,6
2026-03-01,BRC,Vadodara Junction,5,2901,3500,0.829,High,6
2026-03-01,BRC,Vadodara Junction,6,4292,3500,1.226,Critical,6
2026-03-01,BRC,Vadodara Junction,7,10021,3500,2.863,Critical,6
2026-03-01,BRC,Vadodara Junction,8,11339,3500,3.24,Critical,6
2026-03-01,BRC,Vadodara Junction,9,9239,3500,2.64,Critical,6
2026-03-01,BRC,Vadodara Junction,10,6764,3500,1.933,Critical,6
2026-03-01,BRC,Vadodara Junction,11,6368,3500,1.819,Critical,6
2026-03-01,BRC,Vadodara Junction,12,3172,3500,0.906,Critical,6
2026-03-01,BRC,Vadodara Junction,13,3646,3500,1.042,Critical,6
2026-03-01,BRC,Vadodara Junction,14,3842,3500,1.098,Critical,6
2026-03-01,BRC,Vadodara Junction,15,4693,3500,1.341,Critical,6
2026-03-01,BRC,Vadodara Junction,16,6182,3500,1.766,Critical,6
2026-03-01,BRC,Vadodara Junction,17,9406,3500,2.687,Critical,6
2026-03-01,BRC,Vadodara Junction,18,6750,3500,1.929,Critical,6
2026-03-01,BRC,Vadodara Junction,19,9784,3500,2.795,Critical,6
2026-03-01,BRC,Vadodara Junction,20,4326,3500,1.236,Critical,6
2026-03-01,BRC,Vadodara Junction,21,5277,3500,1.508,Critical,6
2026-03-01,BRC,Vadodara Junction,22,2679,3500,0.765,High,6
2026-03-01,BRC,Vadodara Junction,23,3400,3500,0.971,Critical,6
2026-03-01,RTM,Ratlam Junction,0,459,2500,0.184,Low,6
2026-03-01,RTM,Ratlam Junction,1,217,2500,0.087,Low,6
2026-03-01,RTM,Ratlam Junction,2,196,2500,0.078,Low,6
2026-03-01,RTM,Ratlam Junction,3,244,2500,0.098,Low,6
2026-03-01,RTM,Ratlam Junction,4,143,2500,0.057,Low,6
2026-03-01,RTM,Ratlam Junction,5,1570,2500,0.628,Moderate,6
2026-03-01,RTM,Ratlam Junction,6,1466,2500,0.586,Moderate,6
2026-03-01,RTM,Ratlam Junction,7,4544,2500,1.818,Critical,6
2026-03-01,RTM,Ratlam Junction,8,2963,2500,1.185,Critical,6
2026-03-01,RTM,Ratlam Junction,9,4445,2500,1.778,Critical,6
2026-03-01,RTM,Ratlam Junction,10,3028,2500,1.211,Critical,6
2026-03-01,RTM,Ratlam Junction,11,2765,2500,1.106,Critical,6
2026-03-01,RTM,Ratlam Junction,12,1585,2500,0.634,Moderate,6
2026-03-01,RTM,Ratlam Junction,13,1503,2500,0.601,Moderate,6
2026-03-01,RTM,Ratlam Junction,14,1163,2500,0.465,Moderate,6
2026-03-01,RTM,Ratlam Junction,15,2763,2500,1.105,Critical,6
2026-03-01,RTM,Ratlam Junction,16,2199,2500,0.88,High,6
2026-03-01,RTM,Ratlam Junction,17,2976,2500,1.19,Critical,6
2026-03-01,RTM,Ratlam Junction,18,5182,2500,2.073,Critical,6
2026-03-01,RTM,Ratlam Junction,19,4385,2500,1.754,Critical,6
2026-03-01,RTM,Ratlam Junction,20,1771,2500,0.708,High,6
2026-03-01,RTM,Ratlam Junction,21,1697,2500,0.679,Moderate,6
2026-03-01,RTM,Ratlam Junction,22,1677,2500,0.671,Moderate,6
2026-03-01,RTM,Ratlam Junction,23,1317,2500,0.527,Moderate,6
2026-03-01,KOTA,Kota Junction,0,251,3000,0.084,Low,6
2026-03-01,KOTA,Kota Junction,1,430,3000,0.143,Low,6
2026-03-01,KOTA,Kota Junction,2,346,3000,0.115,Low,6
2026-03-01,KOTA,Kota Junction,3,366,3000,0.122,Low,6
2026-03-01,KOTA,Kota Junction,4,561,3000,0.187,Low,6
2026-03-01,KOTA,Kota Junction,5,2811,3000,0.937,Critical,6
2026-03-01,KOTA,Kota Junction,6,1710,3000,0.57,Moderate,6
2026-03-01,KOTA,Kota Junction,7,6160,3000,2.053,Critical,6
2026-03-01,KOTA,Kota Junction,8,6875,3000,2.292,Critical,6
2026-03-01,KOTA,Kota Junction,9,7726,3000,2.575,Critical,6
2026-03-01,KOTA,Kota Junction,10,3267,3000,1.089,Critical,6
2026-03-01,KOTA,Kota Junction,11,3227,3000,1.076,Critical,6
2026-03-01,KOTA,Kota Junction,12,1937,3000,0.646,Moderate,6
2026-03-01,KOTA,Kota Junction,13,2124,3000,0.708,High,6
2026-03-01,KOTA,Kota Junction,14,2165,3000,0.722,High,6
2026-03-01,KOTA,Kota Junction,15,3769,3000,1.256,Critical,6
2026-03-01,KOTA,Kota Junction,16,2275,3000,0.758,High,6
2026-03-01,KOTA,Kota Junction,17,4740,3000,1.58,Critical,6
2026-03-01,KOTA,Kota Junction,18,7355,3000,2.452,Critical,6
2026-03-01,KOTA,Kota Junction,19,6068,3000,2.023,Critical,6
2026-03-01,KOTA,Kota Junction,20,2928,3000,0.976,Critical,6
2026-03-01,KOTA,Kota Junction,21,3240,3000,1.08,Critical,6
2026-03-01,KOTA,Kota Junction,22,2524,3000,0.841,High,6
2026-03-01,KOTA,Kota Junction,23,2263,3000,0.754,High,6
2026-03-01,SWM,Sawai Madhopur,0,153,2000,0.076,Low,6
2026-03-01,SWM,Sawai Madhopur,1,169,2000,0.085,Low,6
2026-03-01,SWM,Sawai Madhopur,2,94,2000,0.047,Low,6
2026-03-01,SWM,Sawai Madhopur,3,170,2000,0.085,Low,6
2026-03-01,SWM,Sawai Madhopur,4,199,2000,0.1,Low,6
2026-03-01,SWM,Sawai Madhopur,5,958,2000,0.479,Moderate,6
2026-03-01,SWM,Sawai Madhopur,6,775,2000,0.388,Low,6
2026-03-01,SWM,Sawai Madhopur,7,1890,2000,0.945,Critical,6
2026-03-01,SWM,Sawai Madhopur,8,2460,2000,1.23,Critical,6
2026-03-01,SWM,Sawai Madhopur,9,1559,2000,0.779,High,6
2026-03-01,SWM,Sawai Madhopur,10,1019,2000,0.509,Moderate,6
2026-03-01,SWM,Sawai Madhopur,11,954,2000,0.477,Moderate,6
2026-03-01,SWM,Sawai Madhopur,12,812,2000,0.406,Moderate,6
2026-03-01,SWM,Sawai Madhopur,13,877,2000,0.439,Moderate,6
2026-03-01,SWM,Sawai Madhopur,14,808,2000,0.404,Moderate,6
2026-03-01,SWM,Sawai Madhopur,15,1172,2000,0.586,Moderate,6
2026-03-01,SWM,Sawai Madhopur,16,1030,2000,0.515,Moderate,6
2026-03-01,SWM,Sawai Madhopur,17,1967,2000,0.984,Critical,6
2026-03-01,SWM,Sawai Madhopur,18,3399,2000,1.7,Critical,6
2026-03-01,SWM,Sawai Madhopur,19,1554,2000,0.777,High,6
2026-03-01,SWM,Sawai Madhopur,20,1611,2000,0.805,High,6
2026-03-01,SWM,Sawai Madhopur,21,1366,2000,0.683,Moderate,6
2026-03-01,SWM,Sawai Madhopur,22,803,2000,0.402,Moderate,6
2026-03-01,SWM,Sawai Madhopur,23,841,2000,0.42,Moderate,6
2026-03-01,MTJ,Mathura Junction,0,580,3000,0.193,Low,6
2026-03-01,MTJ,Mathura Junction,1,603,3000,0.201,Low,6
2026-03-01,MTJ,Mathura Junction,2,264,3000,0.088,Low,6
2026-03-01,MTJ,Mathura Junction,3,346,3000,0.115,Low,6
2026-03-01,MTJ,Mathura Junction,4,429,3000,0.143,Low,6
2026-03-01,MTJ,Mathura Junction,5,2198,3000,0.733,High,6
2026-03-01,MTJ,Mathura Junction,6,1727,3000,0.576,Moderate,6
2026-03-01,MTJ,Mathura Junction,7,7867,3000,2.622,Critical,6
2026-03-01,MTJ,Mathura Junction,8,4680,3000,1.56,Critical,6
2026-03-01,MTJ,Mathura Junction,9,6983,3000,2.328,Critical,6
2026-03-01,MTJ,Mathura Junction,10,4074,3000,1.358,Critical,6
2026-03-01,MTJ,Mathura Junction,11,2436,3000,0.812,High,6
2026-03-01,MTJ,Mathura Junction,12,2723,3000,0.908,Critical,6
2026-03-01,MTJ,Mathura Junction,13,2732,3000,0.911,Critical,6
2026-03-01,MTJ,Mathura Junction,14,2367,3000,0.789,High,6
2026-03-01,MTJ,Mathura Junction,15,2392,3000,0.797,High,6
2026-03-01,MTJ,Mathura Junction,16,3214,3000,1.071,Critical,6
2026-03-01,MTJ,Mathura Junction,17,6911,3000,2.304,Critical,6
2026-03-01,MTJ,Mathura Junction,18,6627,3000,2.209,Critical,6
2026-03-01,MTJ,Mathura Junction,19,5509,3000,1.836,Critical,6
2026-03-01,MTJ,Mathura Junction,20,4357,3000,1.452,Critical,6
2026-03-01,MTJ,Mathura Junction,21,2824,3000,0.941,Critical,6
2026-03-01,MTJ,Mathura Junction,22,2181,3000,0.727,High,6
2026-03-01,MTJ,Mathura Junction,23,1901,3000,0.634,Moderate,6
2026-03-01,NDLS,New Delhi,0,3341,8000,0.418,Moderate,6
2026-03-01,NDLS,New Delhi,1,4548,8000,0.569,Moderate,6
2026-03-01,NDLS,New Delhi,2,1937,8000,0.242,Low,6
2026-03-01,NDLS,New Delhi,3,4842,8000,0.605,Moderate,6
2026-03-01,NDLS,New Delhi,4,2541,8000,0.318,Low,6
2026-03-01,NDLS,New Delhi,5,17904,8000,2.238,Critical,6
2026-03-01,NDLS,New Delhi,6,16156,8000,2.019,Critical,6
2026-03-01,NDLS,New Delhi,7,56885,8000,7.111,Critical,6
2026-03-01,NDLS,New Delhi,8,48976,8000,6.122,Critical,6
2026-03-01,NDLS,New Delhi,9,37386,8000,4.673,Critical,6
2026-03-01,NDLS,New Delhi,10,21038,8000,2.63,Critical,6
2026-03-01,NDLS,New Delhi,11,26542,8000,3.318,Critical,6
2026-03-01,NDLS,New Delhi,12,19556,8000,2.445,Critical,6
2026-03-01,NDLS,New Delhi,13,22106,8000,2.763,Critical,6
2026-03-01,NDLS,New Delhi,14,19491,8000,2.436,Critical,6
2026-03-01,NDLS,New Delhi,15,20701,8000,2.588,Critical,6
2026-03-01,NDLS,New Delhi,16,24713,8000,3.089,Critical,6
2026-03-01,NDLS,New Delhi,17,48850,8000,6.106,Critical,6
2026-03-01,NDLS,New Delhi,18,53579,8000,6.697,Critical,6
2026-03-01,NDLS,New Delhi,19,44105,8000,5.513,Critical,6
2026-03-01,NDLS,New Delhi,20,24321,8000,3.04,Critical,6
2026-03-01,NDLS,New Delhi,21,20239,8000,2.53,Critical,6
2026-03-01,NDLS,New Delhi,22,18256,8000,2.282,Critical,6
2026-03-01,NDLS,New Delhi,23,18844,8000,2.356,Critical,6
2026-03-01,CSMT,Mumbai CSMT,0,2804,9000,0.312,Low,6
2026-03-01,CSMT,Mumbai CSMT,1,2298,9000,0.255,Low,6
2026-03-01,CSMT,Mumbai CSMT,2,1814,9000,0.202,Low,6
2026-03-01,CSMT,Mumbai CSMT,3,1908,9000,0.212,Low,6
2026-03-01,CSMT,Mumbai CSMT,4,2017,9000,0.224,Low,6
2026-03-01,CSMT,Mumbai CSMT,5,13696,9000,1.522,Critical,6
2026-03-01,CSMT,Mumbai CSMT,6,18038,9000,2.004,Critical,6
2026-03-01,CSMT,Mumbai CSMT,7,52968,9000,5.885,Critical,6
2026-03-01,CSMT,Mumbai CSMT,8,40901,9000,4.545,Critical,6
2026-03-01,CSMT,Mumbai CSMT,9,31760,9000,3.529,Critical,6
2026-03-01,CSMT,Mumbai CSMT,10,23621,9000,2.625,Critical,6
2026-03-01,CSMT,Mumbai CSMT,11,23057,9000,2.562,Critical,6
2026-03-01,CSMT,Mumbai CSMT,12,13095,9000,1.455,Critical,6
2026-03-01,CSMT,Mumbai CSMT,13,11967,9000,1.33,Critical,6
2026-03-01,CSMT,Mumbai CSMT,14,13121,9000,1.458,Critical,6
2026-03-01,CSMT,Mumbai CSMT,15,17067,9000,1.896,Critical,6
2026-03-01,CSMT,Mumbai CSMT,16,22346,9000,2.483,Critical,6
2026-03-01,CSMT,Mumbai CSMT,17,38917,9000,4.324,Critical,6
2026-03-01,CSMT,Mumbai CSMT,18,27287,9000,3.032,Critical,6
2026-03-01,CSMT,Mumbai CSMT,19,30189,9000,3.354,Critical,6
2026-03-01,CSMT,Mumbai CSMT,20,19985,9000,2.221,Critical,6
2026-03-01,CSMT,Mumbai CSMT,21,24045,9000,2.672,Critical,6
2026-03-01,CSMT,Mumbai CSMT,22,14230,9000,1.581,Critical,6
2026-03-01,CSMT,Mumbai CSMT,23,14479,9000,1.609,Critical,6
2026-03-01,KYN,Kalyan Junction,0,897,4000,0.224,Low,6
2026-03-01,KYN,Kalyan Junction,1,519,4000,0.13,Low,6
2026-03-01,KYN,Kalyan Junction,2,907,4000,0.227,Low,6
2026-03-01,KYN,Kalyan Junction,3,710,4000,0.177,Low,6
2026-03-01,KYN,Kalyan Junction,4,849,4000,0.212,Low,6
2026-03-01,KYN,Kalyan Junction,5,4047,4000,1.012,Critical,6
2026-03-01,KYN,Kalyan Junction,6,4725,4000,1.181,Critical,6
2026-03-01,KYN,Kalyan Junction,7,7938,4000,1.984,Critical,6
2026-03-01,KYN,Kalyan Junction,8,12774,4000,3.193,Critical,6
2026-03-01,KYN,Kalyan Junction,9,10033,4000,2.508,Critical,6
2026-03-01,KYN,Kalyan Junction,10,6742,4000,1.685,Critical,6
2026-03-01,KYN,Kalyan Junction,11,7337,4000,1.834,Critical,6
2026-03-01,KYN,Kalyan Junction,12,5131,4000,1.283,Critical,6
2026-03-01,KYN,Kalyan Junction,13,4186,4000,1.046,Critical,6
2026-03-01,KYN,Kalyan Junction,14,3688,4000,0.922,Critical,6
2026-03-01,KYN,Kalyan Junction,15,6959,4000,1.74,Critical,6
2026-03-01,KYN,Kalyan Junction,16,7089,4000,1.772,Critical,6
2026-03-01,KYN,Kalyan Junction,17,8138,4000,2.034,Critical,6
2026-03-01,KYN,Kalyan Junction,18,9900,4000,2.475,Critical,6
2026-03-01,KYN,Kalyan Junction,19,9762,4000,2.441,Critical,6
2026-03-01,KYN,Kalyan Junction,20,6475,4000,1.619,Critical,6
2026-03-01,KYN,Kalyan Junction,21,6683,4000,1.671,Critical,6
2026-03-01,KYN,Kalyan Junction,22,5265,4000,1.316,Critical,6
2026-03-01,KYN,Kalyan Junction,23,3274,4000,0.819,High,6
2026-03-01,NMD,Nashik Road,0,226,2000,0.113,Low,6
2026-03-01,NMD,Nashik Road,1,327,2000,0.164,Low,6
2026-03-01,NMD,Nashik Road,2,324,2000,0.162,Low,6
2026-03-01,NMD,Nashik Road,3,252,2000,0.126,Low,6
2026-03-01,NMD,Nashik Road,4,394,2000,0.197,Low,6
2026-03-01,NMD,Nashik Road,5,1688,2000,0.844,High,6
2026-03-01,NMD,Nashik Road,6,2134,2000,1.067,Critical,6
2026-03-01,NMD,Nashik Road,7,3774,2000,1.887,Critical,6
2026-03-01,NMD,Nashik Road,8,3707,2000,1.853,Critical,6
2026-03-01,NMD,Nashik Road,9,4970,2000,2.485,Critical,6
2026-03-01,NMD,Nashik Road,10,2661,2000,1.331,Critical,6
2026-03-01,NMD,Nashik Road,11,2334,2000,1.167,Critical,6
2026-03-01,NMD,Nashik Road,12,1981,2000,0.991,Critical,6
2026-03-01,NMD,Nashik Road,13,1658,2000,0.829,High,6
2026-03-01,NMD,Nashik Road,14,1182,2000,0.591,Moderate,6
2026-03-01,NMD,Nashik Road,15,2749,2000,1.375,Critical,6
2026-03-01,NMD,Nashik Road,16,2164,2000,1.082,Critical,6
2026-03-01,NMD,Nashik Road,17,4056,2000,2.028,Critical,6
2026-03-01,NMD,Nashik Road,18,4453,2000,2.227,Critical,6
2026-03-01,NMD,Nashik Road,19,4829,2000,2.414,Critical,6
2026-03-01,NMD,Nashik Road,20,2451,2000,1.226,Critical,6
2026-03-01,NMD,Nashik Road,21,2393,2000,1.196,Critical,6
2026-03-01,NMD,Nashik Road,22,1886,2000,0.943,Critical,6
2026-03-01,NMD,Nashik Road,23,1779,2000,0.889,High,6
2026-03-01,MMR,Manmad Junction,0,138,2500,0.055,Low,6
2026-03-01,MMR,Manmad Junction,1,264,2500,0.106,Low,6
2026-03-01,MMR,Manmad Junction,2,294,2500,0.118,Low,6
2026-03-01,MMR,Manmad Junction,3,318,2500,0.127,Low,6
2026-03-01,MMR,Manmad Junction,4,135,2500,0.054,Low,6
2026-03-01,MMR,Manmad Junction,5,1601,2500,0.64,Moderate,6
2026-03-01,MMR,Manmad Junction,6,885,2500,0.354,Low,6
2026-03-01,MMR,Manmad Junction,7,2156,2500,0.862,High,6
2026-03-01,MMR,Manmad Junction,8,2937,2500,1.175,Critical,6
2026-03-01,MMR,Manmad Junction,9,4287,2500,1.715,Critical,6
2026-03-01,MMR,Manmad Junction,10,1967,2500,0.787,High,6
2026-03-01,MMR,Manmad Junction,11,1355,2500,0.542,Moderate,6
2026-03-01,MMR,Manmad Junction,12,1366,2500,0.546,Moderate,6
2026-03-01,MMR,Manmad Junction,13,1355,2500,0.542,Moderate,6
2026-03-01,MMR,Manmad Junction,14,1043,2500,0.417,Moderate,6
2026-03-01,MMR,Manmad Junction,15,1990,2500,0.796,High,6
2026-03-01,MMR,Manmad Junction,16,2152,2500,0.861,High,6
2026-03-01,MMR,Manmad Junction,17,2391,2500,0.956,Critical,6
2026-03-01,MMR,Manmad Junction,18,3376,2500,1.35,Critical,6
2026-03-01,MMR,Manmad Junction,19,3938,2500,1.575,Critical,6
2026-03-01,MMR,Manmad Junction,20,1547,2500,0.619,Moderate,6
2026-03-01,MMR,Manmad Junction,21,1536,2500,0.614,Moderate,6
2026-03-01,MMR,Manmad Junction,22,1307,2500,0.523,Moderate,6
2026-03-01,MMR,Manmad Junction,23,975,2500,0.39,Low,6
2026-03-01,BSL,Bhusawal Junction,0,306,3000,0.102,Low,6
2026-03-01,BSL,Bhusawal Junction,1,433,3000,0.144,Low,6
2026-03-01,BSL,Bhusawal Junction,2,641,3000,0.214,Low,6
2026-03-01,BSL,Bhusawal Junction,3,438,3000,0.146,Low,6
2026-03-01,BSL,Bhusawal Junction,4,392,3000,0.131,Low,6
2026-03-01,BSL,Bhusawal Junction,5,1533,3000,0.511,Moderate,6
2026-03-01,BSL,Bhusawal Junction,6,1672,3000,0.557,Moderate,6
2026-03-01,BSL,Bhusawal Junction,7,4915,3000,1.638,Critical,6
2026-03-01,BSL,Bhusawal Junction,8,6138,3000,2.046,Critical,6
2026-03-01,BSL,Bhusawal Junction,9,3999,3000,1.333,Critical,6
2026-03-01,BSL,Bhusawal Junction,10,3106,3000,1.035,Critical,6
2026-03-01,BSL,Bhusawal Junction,11,2333,3000,0.778,High,6
2026-03-01,BSL,Bhusawal Junction,12,1562,3000,0.521,Moderate,6
2026-03-01,BSL,Bhusawal Junction,13,1973,3000,0.658,Moderate,6
2026-03-01,BSL,Bhusawal Junction,14,1394,3000,0.465,Moderate,6
2026-03-01,BSL,Bhusawal Junction,15,2276,3000,0.759,High,6
2026-03-01,BSL,Bhusawal Junction,16,2518,3000,0.839,High,6
2026-03-01,BSL,Bhusawal Junction,17,5338,3000,1.779,Critical,6
2026-03-01,BSL,Bhusawal Junction,18,5758,3000,1.919,Critical,6
2026-03-01,BSL,Bhusawal Junction,19,6267,3000,2.089,Critical,6
2026-03-01,BSL,Bhusawal Junction,20,2948,3000,0.983,Critical,6
2026-03-01,BSL,Bhusawal Junction,21,2803,3000,0.934,Critical,6
2026-03-01,BSL,Bhusawal Junction,22,1883,3000,0.628,Moderate,6
2026-03-01,BSL,Bhusawal Junction,23,1897,3000,0.632,Moderate,6
2026-03-01,ET,Itarsi Junction,0,225,3500,0.064,Low,6
2026-03-01,ET,Itarsi Junction,1,425,3500,0.121,Low,6
2026-03-01,ET,Itarsi Junction,2,476,3500,0.136,Low,6
2026-03-01,ET,Itarsi Junction,3,322,3500,0.092,Low,6
2026-03-01,ET,Itarsi Junction,4,287,3500,0.082,Low,6
2026-03-01,ET,Itarsi Junction,5,1600,3500,0.457,Moderate,6
2026-03-01,ET,Itarsi Junction,6,1127,3500,0.322,Low,6
2026-03-01,ET,Itarsi Junction,7,4558,3500,1.302,Critical,6
2026-03-01,ET,Itarsi Junction,8,3243,3500,0.927,Critical,6
2026-03-01,ET,Itarsi Junction,9,3389,3500,0.968,Critical,6
2026-03-01,ET,Itarsi Junction,10,2630,3500,0.751,High,6
2026-03-01,ET,Itarsi Junction,11,2520,3500,0.72,High,6
2026-03-01,ET,Itarsi Junction,12,1487,3500,0.425,Moderate,6
2026-03-01,ET,Itarsi Junction,13,1252,3500,0.358,Low,6
2026-03-01,ET,Itarsi Junction,14,1742,3500,0.498,Moderate,6
2026-03-01,ET,Itarsi Junction,15,2538,3500,0.725,High,6
2026-03-01,ET,Itarsi Junction,16,3127,3500,0.893,High,6
2026-03-01,ET,Itarsi Junction,17,6701,3500,1.915,Critical,6
2026-03-01,ET,Itarsi Junction,18,4410,3500,1.26,Critical,6
2026-03-01,ET,Itarsi Junction,19,4153,3500,1.187,Critical,6
2026-03-01,ET,Itarsi Junction,20,2440,3500,0.697,Moderate,6
2026-03-01,ET,Itarsi Junction,21,2771,3500,0.792,High,6
2026-03-01,ET,Itarsi Junction,22,1604,3500,0.458,Moderate,6
2026-03-01,ET,Itarsi Junction,23,1412,3500,0.403,Moderate,6
2026-03-01,BPL,Bhopal Junction,0,672,3000,0.224,Low,6
2026-03-01,BPL,Bhopal Junction,1,659,3000,0.22,Low,6
2026-03-01,BPL,Bhopal Junction,2,628,3000,0.209,Low,6
2026-03-01,BPL,Bhopal Junction,3,457,3000,0.152,Low,6
2026-03-01,BPL,Bhopal Junction,4,698,3000,0.233,Low,6
2026-03-01,BPL,Bhopal Junction,5,2068,3000,0.689,Moderate,6
2026-03-01,BPL,Bhopal Junction,6,2563,3000,0.854,High,6
2026-03-01,BPL,Bhopal Junction,7,6797,3000,2.266,Critical,6
2026-03-01,BPL,Bhopal Junction,8,7594,3000,2.531,Critical,6
2026-03-01,BPL,Bhopal Junction,9,9465,3000,3.155,Critical,6
2026-03-01,BPL,Bhopal Junction,10,5796,3000,1.932,Critical,6
2026-03-01,BPL,Bhopal Junction,11,5219,3000,1.74,Critical,6
2026-03-01,BPL,Bhopal Junction,12,2923,3000,0.974,Critical,6
2026-03-01,BPL,Bhopal Junction,13,3588,3000,1.196,Critical,6
2026-03-01,BPL,Bhopal Junction,14,2803,3000,0.934,Critical,6
2026-03-01,BPL,Bhopal Junction,15,5143,3000,1.714,Critical,6
2026-03-01,BPL,Bhopal Junction,16,3495,3000,1.165,Critical,6
2026-03-01,BPL,Bhopal Junction,17,5289,3000,1.763,Critical,6
2026-03-01,BPL,Bhopal Junction,18,9318,3000,3.106,Critical,6
2026-03-01,BPL,Bhopal Junction,19,7597,3000,2.532,Critical,6
2026-03-01,BPL,Bhopal Junction,20,3620,3000,1.207,Critical,6
2026-03-01,BPL,Bhopal Junction,21,5175,3000,1.725,Critical,6
2026-03-01,BPL,Bhopal Junction,22,3022,3000,1.007,Critical,6
2026-03-01,BPL,Bhopal Junction,23,2883,3000,0.961,Critical,6
2026-03-01,JHS,Jhansi Junction,0,260,4000,0.065,Low,6
2026-03-01,JHS,Jhansi Junction,1,486,4000,0.121,Low,6
2026-03-01,JHS,Jhansi Junction,2,503,4000,0.126,Low,6
2026-03-01,JHS,Jhansi Junction,3,553,4000,0.138,Low,6
2026-03-01,JHS,Jhansi Junction,4,645,4000,0.161,Low,6
2026-03-01,JHS,Jhansi Junction,5,2442,4000,0.611,Moderate,6
2026-03-01,JHS,Jhansi Junction,6,3084,4000,0.771,High,6
2026-03-01,JHS,Jhansi Junction,7,4348,4000,1.087,Critical,6
2026-03-01,JHS,Jhansi Junction,8,6757,4000,1.689,Critical,6
2026-03-01,JHS,Jhansi Junction,9,7009,4000,1.752,Critical,6
2026-03-01,JHS,Jhansi Junction,10,4025,4000,1.006,Critical,6
2026-03-01,JHS,Jhansi Junction,11,4441,4000,1.11,Critical,6
2026-03-01,JHS,Jhansi Junction,12,2852,4000,0.713,High,6
2026-03-01,JHS,Jhansi Junction,13,2918,4000,0.73,High,6
2026-03-01,JHS,Jhansi Junction,14,2050,4000,0.512,Moderate,6
2026-03-01,JHS,Jhansi Junction,15,3842,4000,0.961,Critical,6
2026-03-01,JHS,Jhansi Junction,16,3058,4000,0.764,High,6
2026-03-01,JHS,Jhansi Junction,17,4849,4000,1.212,Critical,6
2026-03-01,JHS,Jhansi Junction,18,5421,4000,1.355,Critical,6
2026-03-01,JHS,Jhansi Junction,19,7645,4000,1.911,Critical,6
2026-03-01,JHS,Jhansi Junction,20,3629,4000,0.907,Critical,6
2026-03-01,JHS,Jhansi Junction,21,3270,4000,0.818,High,6
2026-03-01,JHS,Jhansi Junction,22,1949,4000,0.487,Moderate,6
2026-03-01,JHS,Jhansi Junction,23,2025,4000,0.506,Moderate,6
2026-03-01,GWL,Gwalior Junction,0,366,2500,0.146,Low,6
2026-03-01,GWL,Gwalior Junction,1,296,2500,0.118,Low,6
2026-03-01,GWL,Gwalior Junction,2,214,2500,0.086,Low,6
2026-03-01,GWL,Gwalior Junction,3,388,2500,0.155,Low,6
2026-03-01,GWL,Gwalior Junction,4,230,2500,0.092,Low,6
2026-03-01,GWL,Gwalior Junction,5,1643,2500,0.657,Moderate,6
2026-03-01,GWL,Gwalior Junction,6,2305,2500,0.922,Critical,6
2026-03-01,GWL,Gwalior Junction,7,4880,2500,1.952,Critical,6
2026-03-01,GWL,Gwalior Junction,8,6634,2500,2.654,Critical,6
2026-03-01,GWL,Gwalior Junction,9,7089,2500,2.836,Critical,6
2026-03-01,GWL,Gwalior Junction,10,1932,2500,0.773,High,6
2026-03-01,GWL,Gwalior Junction,11,3079,2500,1.232,Critical,6
2026-03-01,GWL,Gwalior Junction,12,1511,2500,0.604,Moderate,6
2026-03-01,GWL,Gwalior Junction,13,1582,2500,0.633,Moderate,6
2026-03-01,GWL,Gwalior Junction,14,2158,2500,0.863,High,6
2026-03-01,GWL,Gwalior Junction,15,2485,2500,0.994,Critical,6
2026-03-01,GWL,Gwalior Junction,16,3368,2500,1.347,Critical,6
2026-03-01,GWL,Gwalior Junction,17,5722,2500,2.289,Critical,6
2026-03-01,GWL,Gwalior Junction,18,5641,2500,2.256,Critical,6
2026-03-01,GWL,Gwalior Junction,19,5551,2500,2.22,Critical,6
2026-03-01,GWL,Gwalior Junction,20,2371,2500,0.948,Critical,6
2026-03-01,GWL,Gwalior Junction,21,2900,2500,1.16,Critical,6
2026-03-01,GWL,Gwalior Junction,22,2311,2500,0.924,Critical,6
2026-03-01,GWL,Gwalior Junction,23,2163,2500,0.865,High,6
2026-03-01,AGC,Agra Cantt,0,710,3000,0.237,Low,6
2026-03-01,AGC,Agra Cantt,1,724,3000,0.241,Low,6
2026-03-01,AGC,Agra Cantt,2,282,3000,0.094,Low,6
2026-03-01,AGC,Agra Cantt,3,288,3000,0.096,Low,6
2026-03-01,AGC,Agra Cantt,4,837,3000,0.279,Low,6
2026-03-01,AGC,Agra Cantt,5,2680,3000,0.893,High,6
2026-03-01,AGC,Agra Cantt,6,2158,3000,0.719,High,6
2026-03-01,AGC,Agra Cantt,7,4567,3000,1.522,Critical,6
2026-03-01,AGC,Agra Cantt,8,7408,3000,2.469,Critical,6
2026-03-01,AGC,Agra Cantt,9,5660,3000,1.887,Critical,6
2026-03-01,AGC,Agra Cantt,10,3640,3000,1.213,Critical,6
2026-03-01,AGC,Agra Cantt,11,4044,3000,1.348,Critical,6
2026-03-01,AGC,Agra Cantt,12,2730,3000,0.91,Critical,6
2026-03-01,AGC,Agra Cantt,13,2974,3000,0.991,Critical,6
2026-03-01,AGC,Agra Cantt,14,2555,3000,0.852,High,6
2026-03-01,AGC,Agra Cantt,15,2617,3000,0.872,High,6
2026-03-01,AGC,Agra Cantt,16,4634,3000,1.545,Critical,6
2026-03-01,AGC,Agra Cantt,17,6137,3000,2.046,Critical,6
2026-03-01,AGC,Agra Cantt,18,7586,3000,2.529,Critical,6
2026-03-01,AGC,Agra Cantt,19,7557,3000,2.519,Critical,6
2026-03-01,AGC,Agra Cantt,20,4799,3000,1.6,Critical,6
2026-03-01,AGC,Agra Cantt,21,4523,3000,1.508,Critical,6
2026-03-01,AGC,Agra Cantt,22,1989,3000,0.663,Moderate,6
2026-03-01,AGC,Agra Cantt,23,3527,3000,1.176,Critical,6
2026-02-28,MMCT,Mumbai Central,0,1077,4000,0.269,Low,5
2026-02-28,MMCT,Mumbai Central,1,1626,4000,0.406,Moderate,5
2026-02-28,MMCT,Mumbai Central,2,1562,4000,0.391,Low,5
2026-02-28,MMCT,Mumbai Central,3,1349,4000,0.337,Low,5
2026-02-28,MMCT,Mumbai Central,4,564,4000,0.141,Low,5
2026-02-28,MMCT,Mumbai Central,5,6038,4000,1.51,Critical,5
2026-02-28,MMCT,Mumbai Central,6,6572,4000,1.643,Critical,5
2026-02-28,MMCT,Mumbai Central,7,20726,4000,5.181,Critical,5
2026-02-28,MMCT,Mumbai Central,8,20157,4000,5.039,Critical,5
2026-02-28,MMCT,Mumbai Central,9,20944,4000,5.236,Critical,5
2026-02-28,MMCT,Mumbai Central,10,9413,4000,2.353,Critical,5
2026-02-28,MMCT,Mumbai Central,11,8065,4000,2.016,Critical,5
2026-02-28,MMCT,Mumbai Central,12,7684,4000,1.921,Critical,5
2026-02-28,MMCT,Mumbai Central,13,6968,4000,1.742,Critical,5
2026-02-28,MMCT,Mumbai Central,14,8115,4000,2.029,Critical,5
2026-02-28,MMCT,Mumbai Central,15,8801,4000,2.2,Critical,5
2026-02-28,MMCT,Mumbai Central,16,10252,4000,2.563,Critical,5
2026-02-28,MMCT,Mumbai Central,17,11941,4000,2.985,Critical,5
2026-02-28,MMCT,Mumbai Central,18,17610,4000,4.402,Critical,5
2026-02-28,MMCT,Mumbai Central,19,18427,4000,4.607,Critical,5
2026-02-28,MMCT,Mumbai Central,20,8576,4000,2.144,Critical,5
2026-02-28,MMCT,Mumbai Central,21,10812,4000,2.703,Critical,5
2026-02-28,MMCT,Mumbai Central,22,6955,4000,1.739,Critical,5
2026-02-28,MMCT,Mumbai Central,23,6647,4000,1.662,Critical,5
2026-02-28,BVI,Borivali,0,793,3000,0.264,Low,5
2026-02-28,BVI,Borivali,1,729,3000,0.243,Low,5
2026-02-28,BVI,Borivali,2,510,3000,0.17,Low,5
2026-02-28,BVI,Borivali,3,683,3000,0.228,Low,5
2026-02-28,BVI,Borivali,4,573,3000,0.191,Low,5
2026-02-28,BVI,Borivali,5,3541,3000,1.18,Critical,5
2026-02-28,BVI,Borivali,6,3112,3000,1.037,Critical,5
2026-02-28,BVI,Borivali,7,11763,3000,3.921,Critical,5
2026-02-28,BVI,Borivali,8,9928,3000,3.309,Critical,5
2026-02-28,BVI,Borivali,9,11141,3000,3.714,Critical,5
2026-02-28,BVI,Borivali,10,3717,3000,1.239,Critical,5
2026-02-28,BVI,Borivali,11,5555,3000,1.852,Critical,5
2026-02-28,BVI,Borivali,12,2308,3000,0.769,High,5
2026-02-28,BVI,Borivali,13,4448,3000,1.483,Critical,5
2026-02-28,BVI,Borivali,14,3109,3000,1.036,Critical,5
2026-02-28,BVI,Borivali,15,5785,3000,1.928,Critical,5
2026-02-28,BVI,Borivali,16,5966,3000,1.989,Critical,5
2026-02-28,BVI,Borivali,17,7472,3000,2.491,Critical,5
2026-02-28,BVI,Borivali,18,10708,3000,3.569,Critical,5
2026-02-28,BVI,Borivali,19,12941,3000,4.314,Critical,5
2026-02-28,BVI,Borivali,20,5852,3000,1.951,Critical,5
2026-02-28,BVI,Borivali,21,4788,3000,1.596,Critical,5
2026-02-28,BVI,Borivali,22,3915,3000,1.305,Critical,5
2026-02-28,BVI,Borivali,23,2669,3000,0.89,High,5
2026-02-28,BL,Valsad,0,106,1500,0.071,Low,5
2026-02-28,BL,Valsad,1,69,1500,0.046,Low,5
2026-02-28,BL,Valsad,2,142,1500,0.095,Low,5
2026-02-28,BL,Valsad,3,91,1500,0.061,Low,5
2026-02-28,BL,Valsad,4,141,1500,0.094,Low,5
2026-02-28,BL,Valsad,5,652,1500,0.435,Moderate,5
2026-02-28,BL,Valsad,6,504,1500,0.336,Low,5
2026-02-28,BL,Valsad,7,1446,1500,0.964,Critical,5
2026-02-28,BL,Valsad,8,1914,1500,1.276,Critical,5
2026-02-28,BL,Valsad,9,1536,1500,1.024,Critical,5
2026-02-28,BL,Valsad,10,798,1500,0.532,Moderate,5
2026-02-28,BL,Valsad,11,847,1500,0.565,Moderate,5
2026-02-28,BL,Valsad,12,636,1500,0.424,Moderate,5
2026-02-28,BL,Valsad,13,786,1500,0.524,Moderate,5
2026-02-28,BL,Valsad,14,794,1500,0.529,Moderate,5
2026-02-28,BL,Valsad,15,868,1500,0.579,Moderate,5
2026-02-28,BL,Valsad,16,961,1500,0.641,Moderate,5
2026-02-28,BL,Valsad,17,1864,1500,1.243,Critical,5
2026-02-28,BL,Valsad,18,1764,1500,1.176,Critical,5
2026-02-28,BL,Valsad,19,1278,1500,0.852,High,5
2026-02-28,BL,Valsad,20,920,1500,0.613,Moderate,5
2026-02-28,BL,Valsad,21,692,1500,0.461,Moderate,5
2026-02-28,BL,Valsad,22,762,1500,0.508,Moderate,5
2026-02-28,BL,Valsad,23,762,1500,0.508,Moderate,5
2026-02-28,ST,Surat,0,693,3000,0.231,Low,5
2026-02-28,ST,Surat,1,501,3000,0.167,Low,5
2026-02-28,ST,Surat,2,996,3000,0.332,Low,5
2026-02-28,ST,Surat,3,813,3000,0.271,Low,5
2026-02-28,ST,Surat,4,807,3000,0.269,Low,5
2026-02-28,ST,Surat,5,3311,3000,1.104,Critical,5
2026-02-28,ST,Surat,6,4763,3000,1.588,Critical,5
2026-02-28,ST,Surat,7,13102,3000,4.367,Critical,5
2026-02-28,ST,Surat,8,13527,3000,4.509,Critical,5
2026-02-28,ST,Surat,9,9232,3000,3.077,Critical,5
2026-02-28,ST,Surat,10,6649,3000,2.216,Critical,5
2026-02-28,ST,Surat,11,6486,3000,2.162,Critical,5
2026-02-28,ST,Surat,12,4278,3000,1.426,Critical,5
2026-02-28,ST,Surat,13,4576,3000,1.525,Critical,5
2026-02-28,ST,Surat,14,3449,3000,1.15,Critical,5
2026-02-28,ST,Surat,15,5508,3000,1.836,Critical,5
2026-02-28,ST,Surat,16,6006,3000,2.002,Critical,5
2026-02-28,ST,Surat,17,7029,3000,2.343,Critical,5
2026-02-28,ST,Surat,18,14146,3000,4.715,Critical,5
2026-02-28,ST,Surat,19,11854,3000,3.951,Critical,5
2026-02-28,ST,Surat,20,7369,3000,2.456,Critical,5
2026-02-28,ST,Surat,21,4712,3000,1.571,Critical,5
2026-02-28,ST,Surat,22,3762,3000,1.254,Critical,5
2026-02-28,ST,Surat,23,5156,3000,1.719,Critical,5
2026-02-28,BRC,Vadodara Junction,0,591,3500,0.169,Low,5
2026-02-28,BRC,Vadodara Junction,1,910,3500,0.26,Low,5
2026-02-28,BRC,Vadodara Junction,2,1110,3500,0.317,Low,5
2026-02-28,BRC,Vadodara Junction,3,426,3500,0.122,Low,5
2026-02-28,BRC,Vadodara Junction,4,501,3500,0.143,Low,5
2026-02-28,BRC,Vadodara Junction,5,3106,3500,0.887,High,5
2026-02-28,BRC,Vadodara Junction,6,3254,3500,0.93,Critical,5
2026-02-28,BRC,Vadodara Junction,7,10238,3500,2.925,Critical,5
2026-02-28,BRC,Vadodara Junction,8,8674,3500,2.478,Critical,5
2026-02-28,BRC,Vadodara Junction,9,6200,3500,1.771,Critical,5
2026-02-28,BRC,Vadodara Junction,10,5540,3500,1.583,Critical,5
2026-02-28,BRC,Vadodara Junction,11,4212,3500,1.203,Critical,5
2026-02-28,BRC,Vadodara Junction,12,4424,3500,1.264,Critical,5
2026-02-28,BRC,Vadodara Junction,13,3722,3500,1.063,Critical,5
2026-02-28,BRC,Vadodara Junction,14,3424,3500,0.978,Critical,5
2026-02-28,BRC,Vadodara Junction,15,7275,3500,2.079,Critical,5
2026-02-28,BRC,Vadodara Junction,16,5342,3500,1.526,Critical,5
2026-02-28,BRC,Vadodara Junction,17,9848,3500,2.814,Critical,5
2026-02-28,BRC,Vadodara Junction,18,9868,3500,2.819,Critical,5
2026-02-28,BRC,Vadodara Junction,19,12292,3500,3.512,Critical,5
2026-02-28,BRC,Vadodara Junction,20,4287,3500,1.225,Critical,5
2026-02-28,BRC,Vadodara Junction,21,4713,3500,1.347,Critical,5
2026-02-28,BRC,Vadodara Junction,22,3585,3500,1.024,Critical,5
2026-02-28,BRC,Vadodara Junction,23,3404,3500,0.973,Critical,5
2026-02-28,RTM,Ratlam Junction,0,284,2500,0.114,Low,5
2026-02-28,RTM,Ratlam Junction,1,280,2500,0.112,Low,5
2026-02-28,RTM,Ratlam Junction,2,247,2500,0.099,Low,5
2026-02-28,RTM,Ratlam Junction,3,386,2500,0.154,Low,5
2026-02-28,RTM,Ratlam Junction,4,273,2500,0.109,Low,5
2026-02-28,RTM,Ratlam Junction,5,1215,2500,0.486,Moderate,5
2026-02-28,RTM,Ratlam Junction,6,1580,2500,0.632,Moderate,5
2026-02-28,RTM,Ratlam Junction,7,2681,2500,1.072,Critical,5
2026-02-28,RTM,Ratlam Junction,8,3486,2500,1.394,Critical,5
2026-02-28,RTM,Ratlam Junction,9,4247,2500,1.699,Critical,5
2026-02-28,RTM,Ratlam Junction,10,1808,2500,0.723,High,5
2026-02-28,RTM,Ratlam Junction,11,1867,2500,0.747,High,5
2026-02-28,RTM,Ratlam Junction,12,1590,2500,0.636,Moderate,5
2026-02-28,RTM,Ratlam Junction,13,1455,2500,0.582,Moderate,5
2026-02-28,RTM,Ratlam Junction,14,1564,2500,0.626,Moderate,5
2026-02-28,RTM,Ratlam Junction,15,1777,2500,0.711,High,5
2026-02-28,RTM,Ratlam Junction,16,2377,2500,0.951,Critical,5
2026-02-28,RTM,Ratlam Junction,17,3246,2500,1.298,Critical,5
2026-02-28,RTM,Ratlam Junction,18,3095,2500,1.238,Critical,5
2026-02-28,RTM,Ratlam Junction,19,2968,2500,1.187,Critical,5
2026-02-28,RTM,Ratlam Junction,20,2389,2500,0.956,Critical,5
2026-02-28,RTM,Ratlam Junction,21,1582,2500,0.633,Moderate,5
2026-02-28,RTM,Ratlam Junction,22,1508,2500,0.603,Moderate,5
2026-02-28,RTM,Ratlam Junction,23,1214,2500,0.486,Moderate,5
2026-02-28,KOTA,Kota Junction,0,246,3000,0.082,Low,5
2026-02-28,KOTA,Kota Junction,1,313,3000,0.104,Low,5
2026-02-28,KOTA,Kota Junction,2,427,3000,0.142,Low,5
2026-02-28,KOTA,Kota Junction,3,561,3000,0.187,Low,5
2026-02-28,KOTA,Kota Junction,4,267,3000,0.089,Low,5
2026-02-28,KOTA,Kota Junction,5,1951,3000,0.65,Moderate,5
2026-02-28,KOTA,Kota Junction,6,2163,3000,0.721,High,5
2026-02-28,KOTA,Kota Junction,7,5234,3000,1.745,Critical,5
2026-02-28,KOTA,Kota Junction,8,6478,3000,2.159,Critical,5
2026-02-28,KOTA,Kota Junction,9,5617,3000,1.872,Critical,5
2026-02-28,KOTA,Kota Junction,10,3009,3000,1.003,Critical,5
2026-02-28,KOTA,Kota Junction,11,2364,3000,0.788,High,5
2026-02-28,KOTA,Kota Junction,12,2773,3000,0.924,Critical,5
2026-02-28,KOTA,Kota Junction,13,1964,3000,0.655,Moderate,5
2026-02-28,KOTA,Kota Junction,14,1926,3000,0.642,Moderate,5
2026-02-28,KOTA,Kota Junction,15,3146,3000,1.049,Critical,5
2026-02-28,KOTA,Kota Junction,16,2398,3000,0.799,High,5
2026-02-28,KOTA,Kota Junction,17,4732,3000,1.577,Critical,5
2026-02-28,KOTA,Kota Junction,18,6689,3000,2.23,Critical,5
2026-02-28,KOTA,Kota Junction,19,5109,3000,1.703,Critical,5
2026-02-28,KOTA,Kota Junction,20,3151,3000,1.05,Critical,5
2026-02-28,KOTA,Kota Junction,21,3227,3000,1.076,Critical,5
2026-02-28,KOTA,Kota Junction,22,1472,3000,0.491,Moderate,5
2026-02-28,KOTA,Kota Junction,23,2205,3000,0.735,High,5
2026-02-28,SWM,Sawai Madhopur,0,187,2000,0.093,Low,5
2026-02-28,SWM,Sawai Madhopur,1,149,2000,0.074,Low,5
2026-02-28,SWM,Sawai Madhopur,2,201,2000,0.101,Low,5
2026-02-28,SWM,Sawai Madhopur,3,167,2000,0.084,Low,5
2026-02-28,SWM,Sawai Madhopur,4,126,2000,0.063,Low,5
2026-02-28,SWM,Sawai Madhopur,5,887,2000,0.444,Moderate,5
2026-02-28,SWM,Sawai Madhopur,6,781,2000,0.391,Low,5
2026-02-28,SWM,Sawai Madhopur,7,2334,2000,1.167,Critical,5
2026-02-28,SWM,Sawai Madhopur,8,3027,2000,1.514,Critical,5
2026-02-28,SWM,Sawai Madhopur,9,2026,2000,1.013,Critical,5
2026-02-28,SWM,Sawai Madhopur,10,1594,2000,0.797,High,5
2026-02-28,SWM,Sawai Madhopur,11,1304,2000,0.652,Moderate,5
2026-02-28,SWM,Sawai Madhopur,12,1050,2000,0.525,Moderate,5
2026-02-28,SWM,Sawai Madhopur,13,611,2000,0.305,Low,5
2026-02-28,SWM,Sawai Madhopur,14,991,2000,0.495,Moderate,5
2026-02-28,SWM,Sawai Madhopur,15,937,2000,0.469,Moderate,5
2026-02-28,SWM,Sawai Madhopur,16,1319,2000,0.659,Moderate,5
2026-02-28,SWM,Sawai Madhopur,17,1629,2000,0.815,High,5
2026-02-28,SWM,Sawai Madhopur,18,2011,2000,1.006,Critical,5
2026-02-28,SWM,Sawai Madhopur,19,2719,2000,1.359,Critical,5
2026-02-28,SWM,Sawai Madhopur,20,846,2000,0.423,Moderate,5
2026-02-28,SWM,Sawai Madhopur,21,1273,2000,0.636,Moderate,5
2026-02-28,SWM,Sawai Madhopur,22,934,2000,0.467,Moderate,5
2026-02-28,SWM,Sawai Madhopur,23,884,2000,0.442,Moderate,5
2026-02-28,MTJ,Mathura Junction,0,275,3000,0.092,Low,5
2026-02-28,MTJ,Mathura Junction,1,510,3000,0.17,Low,5
2026-02-28,MTJ,Mathura Junction,2,259,3000,0.086,Low,5
2026-02-28,MTJ,Mathura Junction,3,494,3000,0.165,Low,5
2026-02-28,MTJ,Mathura Junction,4,312,3000,0.104,Low,5
2026-02-28,MTJ,Mathura Junction,5,1899,3000,0.633,Moderate,5
2026-02-28,MTJ,Mathura Junction,6,1773,3000,0.591,Moderate,5
2026-02-28,MTJ,Mathura Junction,7,5865,3000,1.955,Critical,5
2026-02-28,MTJ,Mathura Junction,8,4101,3000,1.367,Critical,5
2026-02-28,MTJ,Mathura Junction,9,7070,3000,2.357,Critical,5
2026-02-28,MTJ,Mathura Junction,10,3367,3000,1.122,Critical,5
2026-02-28,MTJ,Mathura Junction,11,3408,3000,1.136,Critical,5
2026-02-28,MTJ,Mathura Junction,12,2726,3000,0.909,Critical,5
2026-02-28,MTJ,Mathura Junction,13,1548,3000,0.516,Moderate,5
2026-02-28,MTJ,Mathura Junction,14,1812,3000,0.604,Moderate,5
2026-02-28,MTJ,Mathura Junction,15,3417,3000,1.139,Critical,5
2026-02-28,MTJ,Mathura Junction,16,3088,3000,1.029,Critical,5
2026-02-28,MTJ,Mathura Junction,17,6391,3000,2.13,Critical,5
2026-02-28,MTJ,Mathura Junction,18,7600,3000,2.533,Critical,5
2026-02-28,MTJ,Mathura Junction,19,8617,3000,2.872,Critical,5
2026-02-28,MTJ,Mathura Junction,20,4234,3000,1.411,Critical,5
2026-02-28,MTJ,Mathura Junction,21,4147,3000,1.382,Critical,5
2026-02-28,MTJ,Mathura Junction,22,2226,3000,0.742,High,5
2026-02-28,MTJ,Mathura Junction,23,2596,3000,0.865,High,5
2026-02-28,NDLS,New Delhi,0,3934,8000,0.492,Moderate,5
2026-02-28,NDLS,New Delhi,1,3164,8000,0.396,Low,5
2026-02-28,NDLS,New Delhi,2,4437,8000,0.555,Moderate,5
2026-02-28,NDLS,New Delhi,3,2671,8000,0.334,Low,5
2026-02-28,NDLS,New Delhi,4,2879,8000,0.36,Low,5
2026-02-28,NDLS,New Delhi,5,15945,8000,1.993,Critical,5
2026-02-28,NDLS,New Delhi,6,15709,8000,1.964,Critical,5
2026-02-28,NDLS,New Delhi,7,56380,8000,7.048,Critical,5
2026-02-28,NDLS,New Delhi,8,46473,8000,5.809,Critical,5
2026-02-28,NDLS,New Delhi,9,48203,8000,6.025,Critical,5
2026-02-28,NDLS,New Delhi,10,24988,8000,3.123,Critical,5
2026-02-28,NDLS,New Delhi,11,24127,8000,3.016,Critical,5
2026-02-28,NDLS,New Delhi,12,17555,8000,2.194,Critical,5
2026-02-28,NDLS,New Delhi,13,21725,8000,2.716,Critical,5
2026-02-28,NDLS,New Delhi,14,17917,8000,2.24,Critical,5
2026-02-28,NDLS,New Delhi,15,25736,8000,3.217,Critical,5
2026-02-28,NDLS,New Delhi,16,27911,8000,3.489,Critical,5
2026-02-28,NDLS,New Delhi,17,59602,8000,7.45,Critical,5
2026-02-28,NDLS,New Delhi,18,52180,8000,6.522,Critical,5
2026-02-28,NDLS,New Delhi,19,55610,8000,6.951,Critical,5
2026-02-28,NDLS,New Delhi,20,33708,8000,4.213,Critical,5
2026-02-28,NDLS,New Delhi,21,34132,8000,4.266,Critical,5
2026-02-28,NDLS,New Delhi,22,18067,8000,2.258,Critical,5
2026-02-28,NDLS,New Delhi,23,17358,8000,2.17,Critical,5
2026-02-28,CSMT,Mumbai CSMT,0,4769,9000,0.53,Moderate,5
2026-02-28,CSMT,Mumbai CSMT,1,3568,9000,0.396,Low,5
2026-02-28,CSMT,Mumbai CSMT,2,1986,9000,0.221,Low,5
2026-02-28,CSMT,Mumbai CSMT,3,2096,9000,0.233,Low,5
2026-02-28,CSMT,Mumbai CSMT,4,2173,9000,0.241,Low,5
2026-02-28,CSMT,Mumbai CSMT,5,14291,9000,1.588,Critical,5
2026-02-28,CSMT,Mumbai CSMT,6,14520,9000,1.613,Critical,5
2026-02-28,CSMT,Mumbai CSMT,7,34815,9000,3.868,Critical,5
2026-02-28,CSMT,Mumbai CSMT,8,34526,9000,3.836,Critical,5
2026-02-28,CSMT,Mumbai CSMT,9,45898,9000,5.1,Critical,5
2026-02-28,CSMT,Mumbai CSMT,10,22016,9000,2.446,Critical,5
2026-02-28,CSMT,Mumbai CSMT,11,29064,9000,3.229,Critical,5
2026-02-28,CSMT,Mumbai CSMT,12,18993,9000,2.11,Critical,5
2026-02-28,CSMT,Mumbai CSMT,13,17867,9000,1.985,Critical,5
2026-02-28,CSMT,Mumbai CSMT,14,19042,9000,2.116,Critical,5
2026-02-28,CSMT,Mumbai CSMT,15,26438,9000,2.938,Critical,5
2026-02-28,CSMT,Mumbai CSMT,16,23256,9000,2.584,Critical,5
2026-02-28,CSMT,Mumbai CSMT,17,43249,9000,4.805,Critical,5
2026-02-28,CSMT,Mumbai CSMT,18,43609,9000,4.845,Critical,5
2026-02-28,CSMT,Mumbai CSMT,19,46134,9000,5.126,Critical,5
2026-02-28,CSMT,Mumbai CSMT,20,30904,9000,3.434,Critical,5
2026-02-28,CSMT,Mumbai CSMT,21,18152,9000,2.017,Critical,5
2026-02-28,CSMT,Mumbai CSMT,22,16176,9000,1.797,Critical,5
2026-02-28,CSMT,Mumbai CSMT,23,15241,9000,1.693,Critical,5
2026-02-28,KYN,Kalyan Junction,0,1115,4000,0.279,Low,5
2026-02-28,KYN,Kalyan Junction,1,386,4000,0.097,Low,5
2026-02-28,KYN,Kalyan Junction,2,507,4000,0.127,Low,5
2026-02-28,KYN,Kalyan Junction,3,923,4000,0.231,Low,5
2026-02-28,KYN,Kalyan Junction,4,1127,4000,0.282,Low,5
2026-02-28,KYN,Kalyan Junction,5,4126,4000,1.032,Critical,5
2026-02-28,KYN,Kalyan Junction,6,4381,4000,1.095,Critical,5
2026-02-28,KYN,Kalyan Junction,7,13777,4000,3.444,Critical,5
2026-02-28,KYN,Kalyan Junction,8,11512,4000,2.878,Critical,5
2026-02-28,KYN,Kalyan Junction,9,12085,4000,3.021,Critical,5
2026-02-28,KYN,Kalyan Junction,10,7135,4000,1.784,Critical,5
2026-02-28,KYN,Kalyan Junction,11,6152,4000,1.538,Critical,5
2026-02-28,KYN,Kalyan Junction,12,2999,4000,0.75,High,5
2026-02-28,KYN,Kalyan Junction,13,5461,4000,1.365,Critical,5
2026-02-28,KYN,Kalyan Junction,14,2933,4000,0.733,High,5
2026-02-28,KYN,Kalyan Junction,15,7073,4000,1.768,Critical,5
2026-02-28,KYN,Kalyan Junction,16,6932,4000,1.733,Critical,5
2026-02-28,KYN,Kalyan Junction,17,9690,4000,2.422,Critical,5
2026-02-28,KYN,Kalyan Junction,18,10320,4000,2.58,Critical,5
2026-02-28,KYN,Kalyan Junction,19,10941,4000,2.735,Critical,5
2026-02-28,KYN,Kalyan Junction,20,8017,4000,2.004,Critical,5
2026-02-28,KYN,Kalyan Junction,21,5342,4000,1.335,Critical,5
2026-02-28,KYN,Kalyan Junction,22,5020,4000,1.255,Critical,5
2026-02-28,KYN,Kalyan Junction,23,3883,4000,0.971,Critical,5
2026-02-28,NMD,Nashik Road,0,326,2000,0.163,Low,5
2026-02-28,NMD,Nashik Road,1,290,2000,0.145,Low,5
2026-02-28,NMD,Nashik Road,2,258,2000,0.129,Low,5
2026-02-28,NMD,Nashik Road,3,214,2000,0.107,Low,5
2026-02-28,NMD,Nashik Road,4,478,2000,0.239,Low,5
2026-02-28,NMD,Nashik Road,5,1363,2000,0.681,Moderate,5
2026-02-28,NMD,Nashik Road,6,1338,2000,0.669,Moderate,5
2026-02-28,NMD,Nashik Road,7,4137,2000,2.068,Critical,5
2026-02-28,NMD,Nashik Road,8,5915,2000,2.958,Critical,5
2026-02-28,NMD,Nashik Road,9,4464,2000,2.232,Critical,5
2026-02-28,NMD,Nashik Road,10,2694,2000,1.347,Critical,5
2026-02-28,NMD,Nashik Road,11,2225,2000,1.113,Critical,5
2026-02-28,NMD,Nashik Road,12,1214,2000,0.607,Moderate,5
2026-02-28,NMD,Nashik Road,13,1376,2000,0.688,Moderate,5
2026-02-28,NMD,Nashik Road,14,1718,2000,0.859,High,5
2026-02-28,NMD,Nashik Road,15,2204,2000,1.102,Critical,5
2026-02-28,NMD,Nashik Road,16,2554,2000,1.277,Critical,5
2026-02-28,NMD,Nashik Road,17,4516,2000,2.258,Critical,5
2026-02-28,NMD,Nashik Road,18,4780,2000,2.39,Critical,5
2026-02-28,NMD,Nashik Road,19,3391,2000,1.696,Critical,5
2026-02-28,NMD,Nashik Road,20,2866,2000,1.433,Critical,5
2026-02-28,NMD,Nashik Road,21,2199,2000,1.099,Critical,5
2026-02-28,NMD,Nashik Road,22,1218,2000,0.609,Moderate,5
2026-02-28,NMD,Nashik Road,23,1939,2000,0.97,Critical,5
2026-02-28,MMR,Manmad Junction,0,181,2500,0.072,Low,5
2026-02-28,MMR,Manmad Junction,1,145,2500,0.058,Low,5
2026-02-28,MMR,Manmad Junction,2,298,2500,0.119,Low,5
2026-02-28,MMR,Manmad Junction,3,155,2500,0.062,Low,5
2026-02-28,MMR,Manmad Junction,4,257,2500,0.103,Low,5
2026-02-28,MMR,Manmad Junction,5,1182,2500,0.473,Moderate,5
2026-02-28,MMR,Manmad Junction,6,1260,2500,0.504,Moderate,5
2026-02-28,MMR,Manmad Junction,7,2879,2500,1.152,Critical,5
2026-02-28,MMR,Manmad Junction,8,2870,2500,1.148,Critical,5
2026-02-28,MMR,Manmad Junction,9,2221,2500,0.888,High,5
2026-02-28,MMR,Manmad Junction,10,1898,2500,0.759,High,5
2026-02-28,MMR,Manmad Junction,11,1472,2500,0.589,Moderate,5
2026-02-28,MMR,Manmad Junction,12,1033,2500,0.413,Moderate,5
2026-02-28,MMR,Manmad Junction,13,1389,2500,0.556,Moderate,5
2026-02-28,MMR,Manmad Junction,14,1434,2500,0.574,Moderate,5
2026-02-28,MMR,Manmad Junction,15,1883,2500,0.753,High,5
2026-02-28,MMR,Manmad Junction,16,1703,2500,0.681,Moderate,5
2026-02-28,MMR,Manmad Junction,17,3464,2500,1.386,Critical,5
2026-02-28,MMR,Manmad Junction,18,3386,2500,1.354,Critical,5
2026-02-28,MMR,Manmad Junction,19,4063,2500,1.625,Critical,5
2026-02-28,MMR,Manmad Junction,20,2219,2500,0.888,High,5
2026-02-28,MMR,Manmad Junction,21,1811,2500,0.724,High,5
2026-02-28,MMR,Manmad Junction,22,1304,2500,0.522,Moderate,5
2026-02-28,MMR,Manmad Junction,23,1257,2500,0.503,Moderate,5
2026-02-28,BSL,Bhusawal Junction,0,283,3000,0.094,Low,5
2026-02-28,BSL,Bhusawal Junction,1,277,3000,0.092,Low,5
2026-02-28,BSL,Bhusawal Junction,2,304,3000,0.101,Low,5
2026-02-28,BSL,Bhusawal Junction,3,607,3000,0.202,Low,5
2026-02-28,BSL,Bhusawal Junction,4,474,3000,0.158,Low,5
2026-02-28,BSL,Bhusawal Junction,5,2251,3000,0.75,High,5
2026-02-28,BSL,Bhusawal Junction,6,1489,3000,0.496,Moderate,5
2026-02-28,BSL,Bhusawal Junction,7,5026,3000,1.675,Critical,5
2026-02-28,BSL,Bhusawal Junction,8,5186,3000,1.729,Critical,5
2026-02-28,BSL,Bhusawal Junction,9,4862,3000,1.621,Critical,5
2026-02-28,BSL,Bhusawal Junction,10,2413,3000,0.804,High,5
2026-02-28,BSL,Bhusawal Junction,11,2385,3000,0.795,High,5
2026-02-28,BSL,Bhusawal Junction,12,1887,3000,0.629,Moderate,5
2026-02-28,BSL,Bhusawal Junction,13,1490,3000,0.497,Moderate,5
2026-02-28,BSL,Bhusawal Junction,14,1640,3000,0.547,Moderate,5
2026-02-28,BSL,Bhusawal Junction,15,3225,3000,1.075,Critical,5
2026-02-28,BSL,Bhusawal Junction,16,2851,3000,0.95,Critical,5
2026-02-28,BSL,Bhusawal Junction,17,6337,3000,2.112,Critical,5
2026-02-28,BSL,Bhusawal Junction,18,6323,3000,2.108,Critical,5
2026-02-28,BSL,Bhusawal Junction,19,4716,3000,1.572,Critical,5
2026-02-28,BSL,Bhusawal Junction,20,3234,3000,1.078,Critical,5
2026-02-28,BSL,Bhusawal Junction,21,1954,3000,0.651,Moderate,5
2026-02-28,BSL,Bhusawal Junction,22,1431,3000,0.477,Moderate,5
2026-02-28,BSL,Bhusawal Junction,23,1690,3000,0.563,Moderate,5
2026-02-28,ET,Itarsi Junction,0,192,3500,0.055,Low,5
2026-02-28,ET,Itarsi Junction,1,379,3500,0.108,Low,5
2026-02-28,ET,Itarsi Junction,2,421,3500,0.12,Low,5
2026-02-28,ET,Itarsi Junction,3,282,3500,0.081,Low,5
2026-02-28,ET,Itarsi Junction,4,204,3500,0.058,Low,5
2026-02-28,ET,Itarsi Junction,5,1641,3500,0.469,Moderate,5
2026-02-28,ET,Itarsi Junction,6,1996,3500,0.57,Moderate,5
2026-02-28,ET,Itarsi Junction,7,4511,3500,1.289,Critical,5
2026-02-28,ET,Itarsi Junction,8,3200,3500,0.914,Critical,5
2026-02-28,ET,Itarsi Junction,9,2916,3500,0.833,High,5
2026-02-28,ET,Itarsi Junction,10,1850,3500,0.529,Moderate,5
2026-02-28,ET,Itarsi Junction,11,3392,3500,0.969,Critical,5
2026-02-28,ET,Itarsi Junction,12,1775,3500,0.507,Moderate,5
2026-02-28,ET,Itarsi Junction,13,1362,3500,0.389,Low,5
2026-02-28,ET,Itarsi Junction,14,1439,3500,0.411,Moderate,5
2026-02-28,ET,Itarsi Junction,15,3134,3500,0.895,High,5
2026-02-28,ET,Itarsi Junction,16,1807,3500,0.516,Moderate,5
2026-02-28,ET,Itarsi Junction,17,4348,3500,1.242,Critical,5
2026-02-28,ET,Itarsi Junction,18,3038,3500,0.868,High,5
2026-02-28,ET,Itarsi Junction,19,4071,3500,1.163,Critical,5
2026-02-28,ET,Itarsi Junction,20,2340,3500,0.669,Moderate,5
2026-02-28,ET,Itarsi Junction,21,2134,3500,0.61,Moderate,5
2026-02-28,ET,Itarsi Junction,22,1893,3500,0.541,Moderate,5
2026-02-28,ET,Itarsi Junction,23,1597,3500,0.456,Moderate,5
2026-02-28,BPL,Bhopal Junction,0,799,3000,0.266,Low,5
2026-02-28,BPL,Bhopal Junction,1,504,3000,0.168,Low,5
2026-02-28,BPL,Bhopal Junction,2,719,3000,0.24,Low,5
2026-02-28,BPL,Bhopal Junction,3,651,3000,0.217,Low,5
2026-02-28,BPL,Bhopal Junction,4,654,3000,0.218,Low,5
2026-02-28,BPL,Bhopal Junction,5,2727,3000,0.909,Critical,5
2026-02-28,BPL,Bhopal Junction,6,2864,3000,0.955,Critical,5
2026-02-28,BPL,Bhopal Junction,7,8566,3000,2.855,Critical,5
2026-02-28,BPL,Bhopal Junction,8,9175,3000,3.058,Critical,5
2026-02-28,BPL,Bhopal Junction,9,10852,3000,3.617,Critical,5
2026-02-28,BPL,Bhopal Junction,10,3536,3000,1.179,Critical,5
2026-02-28,BPL,Bhopal Junction,11,3426,3000,1.142,Critical,5
2026-02-28,BPL,Bhopal Junction,12,3104,3000,1.035,Critical,5
2026-02-28,BPL,Bhopal Junction,13,3576,3000,1.192,Critical,5
2026-02-28,BPL,Bhopal Junction,14,3083,3000,1.028,Critical,5
2026-02-28,BPL,Bhopal Junction,15,4395,3000,1.465,Critical,5
2026-02-28,BPL,Bhopal Junction,16,3362,3000,1.121,Critical,5
2026-02-28,BPL,Bhopal Junction,17,10932,3000,3.644,Critical,5
2026-02-28,BPL,Bhopal Junction,18,5090,3000,1.697,Critical,5
2026-02-28,BPL,Bhopal Junction,19,8049,3000,2.683,Critical,5
2026-02-28,BPL,Bhopal Junction,20,4573,3000,1.524,Critical,5
2026-02-28,BPL,Bhopal Junction,21,4002,3000,1.334,Critical,5
2026-02-28,BPL,Bhopal Junction,22,2061,3000,0.687,Moderate,5
2026-02-28,BPL,Bhopal Junction,23,3655,3000,1.218,Critical,5
2026-02-28,JHS,Jhansi Junction,0,317,4000,0.079,Low,5
2026-02-28,JHS,Jhansi Junction,1,423,4000,0.106,Low,5
2026-02-28,JHS,Jhansi Junction,2,672,4000,0.168,Low,5
2026-02-28,JHS,Jhansi Junction,3,546,4000,0.137,Low,5
2026-02-28,JHS,Jhansi Junction,4,527,4000,0.132,Low,5
2026-02-28,JHS,Jhansi Junction,5,2648,4000,0.662,Moderate,5
2026-02-28,JHS,Jhansi Junction,6,2515,4000,0.629,Moderate,5
2026-02-28,JHS,Jhansi Junction,7,7181,4000,1.795,Critical,5
2026-02-28,JHS,Jhansi Junction,8,4240,4000,1.06,Critical,5
2026-02-28,JHS,Jhansi Junction,9,5467,4000,1.367,Critical,5
2026-02-28,JHS,Jhansi Junction,10,4341,4000,1.085,Critical,5
2026-02-28,JHS,Jhansi Junction,11,3383,4000,0.846,High,5
2026-02-28,JHS,Jhansi Junction,12,2685,4000,0.671,Moderate,5
2026-02-28,JHS,Jhansi Junction,13,2824,4000,0.706,High,5
2026-02-28,JHS,Jhansi Junction,14,2137,4000,0.534,Moderate,5
2026-02-28,JHS,Jhansi Junction,15,2802,4000,0.701,High,5
2026-02-28,JHS,Jhansi Junction,16,3644,4000,0.911,Critical,5
2026-02-28,JHS,Jhansi Junction,17,4630,4000,1.157,Critical,5
2026-02-28,JHS,Jhansi Junction,18,6624,4000,1.656,Critical,5
2026-02-28,JHS,Jhansi Junction,19,5873,4000,1.468,Critical,5
2026-02-28,JHS,Jhansi Junction,20,3917,4000,0.979,Critical,5
2026-02-28,JHS,Jhansi Junction,21,4577,4000,1.144,Critical,5
2026-02-28,JHS,Jhansi Junction,22,2653,4000,0.663,Moderate,5
2026-02-28,JHS,Jhansi Junction,23,2474,4000,0.619,Moderate,5
2026-02-28,GWL,Gwalior Junction,0,511,2500,0.204,Low,5
2026-02-28,GWL,Gwalior Junction,1,477,2500,0.191,Low,5
2026-02-28,GWL,Gwalior Junction,2,318,2500,0.127,Low,5
2026-02-28,GWL,Gwalior Junction,3,397,2500,0.159,Low,5
2026-02-28,GWL,Gwalior Junction,4,308,2500,0.123,Low,5
2026-02-28,GWL,Gwalior Junction,5,2392,2500,0.957,Critical,5
2026-02-28,GWL,Gwalior Junction,6,1848,2500,0.739,High,5
2026-02-28,GWL,Gwalior Junction,7,5602,2500,2.241,Critical,5
2026-02-28,GWL,Gwalior Junction,8,4688,2500,1.875,Critical,5
2026-02-28,GWL,Gwalior Junction,9,4095,2500,1.638,Critical,5
2026-02-28,GWL,Gwalior Junction,10,2939,2500,1.176,Critical,5
2026-02-28,GWL,Gwalior Junction,11,2114,2500,0.846,High,5
2026-02-28,GWL,Gwalior Junction,12,1485,2500,0.594,Moderate,5
2026-02-28,GWL,Gwalior Junction,13,1941,2500,0.776,High,5
2026-02-28,GWL,Gwalior Junction,14,1558,2500,0.623,Moderate,5
2026-02-28,GWL,Gwalior Junction,15,3728,2500,1.491,Critical,5
2026-02-28,GWL,Gwalior Junction,16,3332,2500,1.333,Critical,5
2026-02-28,GWL,Gwalior Junction,17,6262,2500,2.505,Critical,5
2026-02-28,GWL,Gwalior Junction,18,5956,2500,2.382,Critical,5
2026-02-28,GWL,Gwalior Junction,19,6659,2500,2.664,Critical,5
2026-02-28,GWL,Gwalior Junction,20,2166,2500,0.866,High,5
2026-02-28,GWL,Gwalior Junction,21,3116,2500,1.246,Critical,5
2026-02-28,GWL,Gwalior Junction,22,1664,2500,0.666,Moderate,5
2026-02-28,GWL,Gwalior Junction,23,1643,2500,0.657,Moderate,5
2026-02-28,AGC,Agra Cantt,0,520,3000,0.173,Low,5
2026-02-28,AGC,Agra Cantt,1,539,3000,0.18,Low,5
2026-02-28,AGC,Agra Cantt,2,225,3000,0.075,Low,5
2026-02-28,AGC,Agra Cantt,3,756,3000,0.252,Low,5
2026-02-28,AGC,Agra Cantt,4,685,3000,0.228,Low,5
2026-02-28,AGC,Agra Cantt,5,2249,3000,0.75,High,5
2026-02-28,AGC,Agra Cantt,6,3230,3000,1.077,Critical,5
2026-02-28,AGC,Agra Cantt,7,7371,3000,2.457,Critical,5
2026-02-28,AGC,Agra Cantt,8,6855,3000,2.285,Critical,5
2026-02-28,AGC,Agra Cantt,9,5181,3000,1.727,Critical,5
2026-02-28,AGC,Agra Cantt,10,4639,3000,1.546,Critical,5
2026-02-28,AGC,Agra Cantt,11,4092,3000,1.364,Critical,5
2026-02-28,AGC,Agra Cantt,12,2677,3000,0.892,High,5
2026-02-28,AGC,Agra Cantt,13,2317,3000,0.772,High,5
2026-02-28,AGC,Agra Cantt,14,2270,3000,0.757,High,5
2026-02-28,AGC,Agra Cantt,15,3754,3000,1.251,Critical,5
2026-02-28,AGC,Agra Cantt,16,4796,3000,1.599,Critical,5
2026-02-28,AGC,Agra Cantt,17,6299,3000,2.1,Critical,5
2026-02-28,AGC,Agra Cantt,18,5932,3000,1.977,Critical,5
2026-02-28,AGC,Agra Cantt,19,6626,3000,2.209,Critical,5
2026-02-28,AGC,Agra Cantt,20,3931,3000,1.31,Critical,5
2026-02-28,AGC,Agra Cantt,21,4157,3000,1.386,Critical,5
2026-02-28,AGC,Agra Cantt,22,3188,3000,1.063,Critical,5
2026-02-28,AGC,Agra Cantt,23,2649,3000,0.883,High,5
2026-02-27,MMCT,Mumbai Central,0,1416,4000,0.354,Low,4
2026-02-27,MMCT,Mumbai Central,1,1358,4000,0.34,Low,4
2026-02-27,MMCT,Mumbai Central,2,1343,4000,0.336,Low,4
2026-02-27,MMCT,Mumbai Central,3,1357,4000,0.339,Low,4
2026-02-27,MMCT,Mumbai Central,4,1073,4000,0.268,Low,4
2026-02-27,MMCT,Mumbai Central,5,7587,4000,1.897,Critical,4
2026-02-27,MMCT,Mumbai Central,6,4703,4000,1.176,Critical,4
2026-02-27,MMCT,Mumbai Central,7,13691,4000,3.423,Critical,4
2026-02-27,MMCT,Mumbai Central,8,13994,4000,3.498,Critical,4
2026-02-27,MMCT,Mumbai Central,9,16628,4000,4.157,Critical,4
2026-02-27,MMCT,Mumbai Central,10,12674,4000,3.168,Critical,4
2026-02-27,MMCT,Mumbai Central,11,10073,4000,2.518,Critical,4
2026-02-27,MMCT,Mumbai Central,12,5732,4000,1.433,Critical,4
2026-02-27,MMCT,Mumbai Central,13,7036,4000,1.759,Critical,4
2026-02-27,MMCT,Mumbai Central,14,6509,4000,1.627,Critical,4
2026-02-27,MMCT,Mumbai Central,15,10085,4000,2.521,Critical,4
2026-02-27,MMCT,Mumbai Central,16,8675,4000,2.169,Critical,4
2026-02-27,MMCT,Mumbai Central,17,14803,4000,3.701,Critical,4
2026-02-27,MMCT,Mumbai Central,18,23005,4000,5.751,Critical,4
2026-02-27,MMCT,Mumbai Central,19,17417,4000,4.354,Critical,4
2026-02-27,MMCT,Mumbai Central,20,10007,4000,2.502,Critical,4
2026-02-27,MMCT,Mumbai Central,21,6981,4000,1.745,Critical,4
2026-02-27,MMCT,Mumbai Central,22,7196,4000,1.799,Critical,4
2026-02-27,MMCT,Mumbai Central,23,5031,4000,1.258,Critical,4
2026-02-27,BVI,Borivali,0,587,3000,0.196,Low,4
2026-02-27,BVI,Borivali,1,853,3000,0.284,Low,4
2026-02-27,BVI,Borivali,2,536,3000,0.179,Low,4
2026-02-27,BVI,Borivali,3,492,3000,0.164,Low,4
2026-02-27,BVI,Borivali,4,712,3000,0.237,Low,4
2026-02-27,BVI,Borivali,5,2575,3000,0.858,High,4
2026-02-27,BVI,Borivali,6,2574,3000,0.858,High,4
2026-02-27,BVI,Borivali,7,8521,3000,2.84,Critical,4
2026-02-27,BVI,Borivali,8,11183,3000,3.728,Critical,4
2026-02-27,BVI,Borivali,9,9664,3000,3.221,Critical,4
2026-02-27,BVI,Borivali,10,6473,3000,2.158,Critical,4
2026-02-27,BVI,Borivali,11,5265,3000,1.755,Critical,4
2026-02-27,BVI,Borivali,12,3347,3000,1.116,Critical,4
2026-02-27,BVI,Borivali,13,2783,3000,0.928,Critical,4
2026-02-27,BVI,Borivali,14,4224,3000,1.408,Critical,4
2026-02-27,BVI,Borivali,15,5046,3000,1.682,Critical,4
2026-02-27,BVI,Borivali,16,6725,3000,2.242,Critical,4
2026-02-27,BVI,Borivali,17,8571,3000,2.857,Critical,4
2026-02-27,BVI,Borivali,18,10396,3000,3.465,Critical,4
2026-02-27,BVI,Borivali,19,8729,3000,2.91,Critical,4
2026-02-27,BVI,Borivali,20,4383,3000,1.461,Critical,4
2026-02-27,BVI,Borivali,21,5159,3000,1.72,Critical,4
2026-02-27,BVI,Borivali,22,3865,3000,1.288,Critical,4
2026-02-27,BVI,Borivali,23,4114,3000,1.371,Critical,4
2026-02-27,BL,Valsad,0,138,1500,0.092,Low,4
2026-02-27,BL,Valsad,1,163,1500,0.109,Low,4
2026-02-27,BL,Valsad,2,106,1500,0.071,Low,4
2026-02-27,BL,Valsad,3,126,1500,0.084,Low,4
2026-02-27,BL,Valsad,4,149,1500,0.099,Low,4
2026-02-27,BL,Valsad,5,764,1500,0.509,Moderate,4
2026-02-27,BL,Valsad,6,610,1500,0.407,Moderate,4
2026-02-27,BL,Valsad,7,1846,1500,1.231,Critical,4
2026-02-27,BL,Valsad,8,1443,1500,0.962,Critical,4
2026-02-27,BL,Valsad,9,2012,1500,1.341,Critical,4
2026-02-27,BL,Valsad,10,1007,1500,0.671,Moderate,4
2026-02-27,BL,Valsad,11,993,1500,0.662,Moderate,4
2026-02-27,BL,Valsad,12,569,1500,0.379,Low,4
2026-02-27,BL,Valsad,13,636,1500,0.424,Moderate,4
2026-02-27,BL,Valsad,14,829,1500,0.553,Moderate,4
2026-02-27,BL,Valsad,15,845,1500,0.563,Moderate,4
2026-02-27,BL,Valsad,16,850,1500,0.567,Moderate,4
2026-02-27,BL,Valsad,17,2075,1500,1.383,Critical,4
2026-02-27,BL,Valsad,18,2204,1500,1.469,Critical,4
2026-02-27,BL,Valsad,19,1967,1500,1.311,Critical,4
2026-02-27,BL,Valsad,20,991,1500,0.661,Moderate,4
2026-02-27,BL,Valsad,21,935,1500,0.623,Moderate,4
2026-02-27,BL,Valsad,22,657,1500,0.438,Moderate,4
2026-02-27,BL,Valsad,23,788,1500,0.525,Moderate,4
2026-02-27,ST,Surat,0,615,3000,0.205,Low,4
2026-02-27,ST,Surat,1,430,3000,0.143,Low,4
2026-02-27,ST,Surat,2,1194,3000,0.398,Low,4
2026-02-27,ST,Surat,3,944,3000,0.315,Low,4
2026-02-27,ST,Surat,4,789,3000,0.263,Low,4
2026-02-27,ST,Surat,5,3432,3000,1.144,Critical,4
2026-02-27,ST,Surat,6,3834,3000,1.278,Critical,4
2026-02-27,ST,Surat,7,10665,3000,3.555,Critical,4
2026-02-27,ST,Surat,8,11255,3000,3.752,Critical,4
2026-02-27,ST,Surat,9,12219,3000,4.073,Critical,4
2026-02-27,ST,Surat,10,5557,3000,1.852,Critical,4
2026-02-27,ST,Surat,11,5103,3000,1.701,Critical,4
2026-02-27,ST,Surat,12,4529,3000,1.51,Critical,4
2026-02-27,ST,Surat,13,3836,3000,1.279,Critical,4
2026-02-27,ST,Surat,14,3685,3000,1.228,Critical,4
2026-02-27,ST,Surat,15,5672,3000,1.891,Critical,4
2026-02-27,ST,Surat,16,6704,3000,2.235,Critical,4
2026-02-27,ST,Surat,17,7314,3000,2.438,Critical,4
2026-02-27,ST,Surat,18,6771,3000,2.257,Critical,4
2026-02-27,ST,Surat,19,8544,3000,2.848,Critical,4
2026-02-27,ST,Surat,20,6064,3000,2.021,Critical,4
2026-02-27,ST,Surat,21,4842,3000,1.614,Critical,4
2026-02-27,ST,Surat,22,3547,3000,1.182,Critical,4
2026-02-27,ST,Surat,23,3370,3000,1.123,Critical,4
2026-02-27,BRC,Vadodara Junction,0,402,3500,0.115,Low,4
2026-02-27,BRC,Vadodara Junction,1,568,3500,0.162,Low,4
2026-02-27,BRC,Vadodara Junction,2,1053,3500,0.301,Low,4
2026-02-27,BRC,Vadodara Junction,3,790,3500,0.226,Low,4
2026-02-27,BRC,Vadodara Junction,4,324,3500,0.093,Low,4
2026-02-27,BRC,Vadodara Junction,5,2697,3500,0.771,High,4
2026-02-27,BRC,Vadodara Junction,6,3449,3500,0.985,Critical,4
2026-02-27,BRC,Vadodara Junction,7,8696,3500,2.485,Critical,4
2026-02-27,BRC,Vadodara Junction,8,7917,3500,2.262,Critical,4
2026-02-27,BRC,Vadodara Junction,9,10865,3500,3.104,Critical,4
2026-02-27,BRC,Vadodara Junction,10,5424,3500,1.55,Critical,4
2026-02-27,BRC,Vadodara Junction,11,5946,3500,1.699,Critical,4
2026-02-27,BRC,Vadodara Junction,12,4822,3500,1.378,Critical,4
2026-02-27,BRC,Vadodara Junction,13,4049,3500,1.157,Critical,4
2026-02-27,BRC,Vadodara Junction,14,3515,3500,1.004,Critical,4
2026-02-27,BRC,Vadodara Junction,15,5429,3500,1.551,Critical,4
2026-02-27,BRC,Vadodara Junction,16,5052,3500,1.443,Critical,4
2026-02-27,BRC,Vadodara Junction,17,9921,3500,2.835,Critical,4
2026-02-27,BRC,Vadodara Junction,18,11573,3500,3.307,Critical,4
2026-02-27,BRC,Vadodara Junction,19,6753,3500,1.929,Critical,4
2026-02-27,BRC,Vadodara Junction,20,5458,3500,1.559,Critical,4
2026-02-27,BRC,Vadodara Junction,21,6471,3500,1.849,Critical,4
2026-02-27,BRC,Vadodara Junction,22,3719,3500,1.063,Critical,4
2026-02-27,BRC,Vadodara Junction,23,3541,3500,1.012,Critical,4
2026-02-27,RTM,Ratlam Junction,0,135,2500,0.054,Low,4
2026-02-27,RTM,Ratlam Junction,1,290,2500,0.116,Low,4
2026-02-27,RTM,Ratlam Junction,2,243,2500,0.097,Low,4
2026-02-27,RTM,Ratlam Junction,3,355,2500,0.142,Low,4
2026-02-27,RTM,Ratlam Junction,4,191,2500,0.076,Low,4
2026-02-27,RTM,Ratlam Junction,5,1215,2500,0.486,Moderate,4
2026-02-27,RTM,Ratlam Junction,6,1916,2500,0.766,High,4
2026-02-27,RTM,Ratlam Junction,7,4232,2500,1.693,Critical,4
2026-02-27,RTM,Ratlam Junction,8,2785,2500,1.114,Critical,4
2026-02-27,RTM,Ratlam Junction,9,5436,2500,2.174,Critical,4
2026-02-27,RTM,Ratlam Junction,10,1765,2500,0.706,High,4
2026-02-27,RTM,Ratlam Junction,11,2524,2500,1.01,Critical,4
2026-02-27,RTM,Ratlam Junction,12,1309,2500,0.524,Moderate,4
2026-02-27,RTM,Ratlam Junction,13,1273,2500,0.509,Moderate,4
2026-02-27,RTM,Ratlam Junction,14,1428,2500,0.571,Moderate,4
2026-02-27,RTM,Ratlam Junction,15,1875,2500,0.75,High,4
2026-02-27,RTM,Ratlam Junction,16,2252,2500,0.901,Critical,4
2026-02-27,RTM,Ratlam Junction,17,4749,2500,1.9,Critical,4
2026-02-27,RTM,Ratlam Junction,18,4486,2500,1.794,Critical,4
2026-02-27,RTM,Ratlam Junction,19,3363,2500,1.345,Critical,4
2026-02-27,RTM,Ratlam Junction,20,1404,2500,0.562,Moderate,4
2026-02-27,RTM,Ratlam Junction,21,2300,2500,0.92,Critical,4
2026-02-27,RTM,Ratlam Junction,22,1356,2500,0.542,Moderate,4
2026-02-27,RTM,Ratlam Junction,23,1557,2500,0.623,Moderate,4
2026-02-27,KOTA,Kota Junction,0,395,3000,0.132,Low,4
2026-02-27,KOTA,Kota Junction,1,202,3000,0.067,Low,4
2026-02-27,KOTA,Kota Junction,2,204,3000,0.068,Low,4
2026-02-27,KOTA,Kota Junction,3,212,3000,0.071,Low,4
2026-02-27,KOTA,Kota Junction,4,246,3000,0.082,Low,4
2026-02-27,KOTA,Kota Junction,5,1968,3000,0.656,Moderate,4
2026-02-27,KOTA,Kota Junction,6,2082,3000,0.694,Moderate,4
2026-02-27,KOTA,Kota Junction,7,5832,3000,1.944,Critical,4
2026-02-27,KOTA,Kota Junction,8,4043,3000,1.348,Critical,4
2026-02-27,KOTA,Kota Junction,9,4196,3000,1.399,Critical,4
2026-02-27,KOTA,Kota Junction,10,3568,3000,1.189,Critical,4
2026-02-27,KOTA,Kota Junction,11,3102,3000,1.034,Critical,4
2026-02-27,KOTA,Kota Junction,12,2130,3000,0.71,High,4
2026-02-27,KOTA,Kota Junction,13,2686,3000,0.895,High,4
2026-02-27,KOTA,Kota Junction,14,1569,3000,0.523,Moderate,4
2026-02-27,KOTA,Kota Junction,15,2684,3000,0.895,High,4
2026-02-27,KOTA,Kota Junction,16,2410,3000,0.803,High,4
2026-02-27,KOTA,Kota Junction,17,4678,3000,1.559,Critical,4
2026-02-27,KOTA,Kota Junction,18,4280,3000,1.427,Critical,4
2026-02-27,KOTA,Kota Junction,19,7655,3000,2.552,Critical,4
2026-02-27,KOTA,Kota Junction,20,3704,3000,1.235,Critical,4
2026-02-27,KOTA,Kota Junction,21,2975,3000,0.992,Critical,4
2026-02-27,KOTA,Kota Junction,22,1991,3000,0.664,Moderate,4
2026-02-27,KOTA,Kota Junction,23,1725,3000,0.575,Moderate,4
2026-02-27,SWM,Sawai Madhopur,0,183,2000,0.091,Low,4
2026-02-27,SWM,Sawai Madhopur,1,207,2000,0.103,Low,4
2026-02-27,SWM,Sawai Madhopur,2,224,2000,0.112,Low,4
2026-02-27,SWM,Sawai Madhopur,3,172,2000,0.086,Low,4
2026-02-27,SWM,Sawai Madhopur,4,241,2000,0.12,Low,4
2026-02-27,SWM,Sawai Madhopur,5,579,2000,0.289,Low,4
2026-02-27,SWM,Sawai Madhopur,6,674,2000,0.337,Low,4
2026-02-27,SWM,Sawai Madhopur,7,2182,2000,1.091,Critical,4
2026-02-27,SWM,Sawai Madhopur,8,1350,2000,0.675,Moderate,4
2026-02-27,SWM,Sawai Madhopur,9,2563,2000,1.282,Critical,4
2026-02-27,SWM,Sawai Madhopur,10,1433,2000,0.717,High,4
2026-02-27,SWM,Sawai Madhopur,11,1010,2000,0.505,Moderate,4
2026-02-27,SWM,Sawai Madhopur,12,992,2000,0.496,Moderate,4
2026-02-27,SWM,Sawai Madhopur,13,1000,2000,0.5,Moderate,4
2026-02-27,SWM,Sawai Madhopur,14,614,2000,0.307,Low,4
2026-02-27,SWM,Sawai Madhopur,15,1322,2000,0.661,Moderate,4
2026-02-27,SWM,Sawai Madhopur,16,1393,2000,0.697,Moderate,4
2026-02-27,SWM,Sawai Madhopur,17,1872,2000,0.936,Critical,4
2026-02-27,SWM,Sawai Madhopur,18,3233,2000,1.617,Critical,4
2026-02-27,SWM,Sawai Madhopur,19,2204,2000,1.102,Critical,4
2026-02-27,SWM,Sawai Madhopur,20,1214,2000,0.607,Moderate,4
2026-02-27,SWM,Sawai Madhopur,21,970,2000,0.485,Moderate,4
2026-02-27,SWM,Sawai Madhopur,22,700,2000,0.35,Low,4
2026-02-27,SWM,Sawai Madhopur,23,765,2000,0.383,Low,4
2026-02-27,MTJ,Mathura Junction,0,575,3000,0.192,Low,4
2026-02-27,MTJ,Mathura Junction,1,527,3000,0.176,Low,4
2026-02-27,MTJ,Mathura Junction,2,409,3000,0.136,Low,4
2026-02-27,MTJ,Mathura Junction,3,691,3000,0.23,Low,4
2026-02-27,MTJ,Mathura Junction,4,503,3000,0.168,Low,4
2026-02-27,MTJ,Mathura Junction,5,2726,3000,0.909,Critical,4
2026-02-27,MTJ,Mathura Junction,6,2903,3000,0.968,Critical,4
2026-02-27,MTJ,Mathura Junction,7,5344,3000,1.781,Critical,4
2026-02-27,MTJ,Mathura Junction,8,5246,3000,1.749,Critical,4
2026-02-27,MTJ,Mathura Junction,9,6732,3000,2.244,Critical,4
2026-02-27,MTJ,Mathura Junction,10,3232,3000,1.077,Critical,4
2026-02-27,MTJ,Mathura Junction,11,4208,3000,1.403,Critical,4
2026-02-27,MTJ,Mathura Junction,12,2506,3000,0.835,High,4
2026-02-27,MTJ,Mathura Junction,13,2148,3000,0.716,High,4
2026-02-27,MTJ,Mathura Junction,14,2041,3000,0.68,Moderate,4
2026-02-27,MTJ,Mathura Junction,15,3663,3000,1.221,Critical,4
2026-02-27,MTJ,Mathura Junction,16,3420,3000,1.14,Critical,4
2026-02-27,MTJ,Mathura Junction,17,6600,3000,2.2,Critical,4
2026-02-27,MTJ,Mathura Junction,18,5552,3000,1.851,Critical,4
2026-02-27,MTJ,Mathura Junction,19,4372,3000,1.457,Critical,4
2026-02-27,MTJ,Mathura Junction,20,3110,3000,1.037,Critical,4
2026-02-27,MTJ,Mathura Junction,21,3323,3000,1.108,Critical,4
2026-02-27,MTJ,Mathura Junction,22,1996,3000,0.665,Moderate,4
2026-02-27,MTJ,Mathura Junction,23,3104,3000,1.035,Critical,4
2026-02-27,NDLS,New Delhi,0,3055,8000,0.382,Low,4
2026-02-27,NDLS,New Delhi,1,2042,8000,0.255,Low,4
2026-02-27,NDLS,New Delhi,2,3622,8000,0.453,Moderate,4
2026-02-27,NDLS,New Delhi,3,4253,8000,0.532,Moderate,4
2026-02-27,NDLS,New Delhi,4,3308,8000,0.413,Moderate,4
2026-02-27,NDLS,New Delhi,5,17305,8000,2.163,Critical,4
2026-02-27,NDLS,New Delhi,6,17244,8000,2.155,Critical,4
2026-02-27,NDLS,New Delhi,7,65794,8000,8.224,Critical,4
2026-02-27,NDLS,New Delhi,8,34291,8000,4.286,Critical,4
2026-02-27,NDLS,New Delhi,9,70890,8000,8.861,Critical,4
2026-02-27,NDLS,New Delhi,10,20904,8000,2.613,Critical,4
2026-02-27,NDLS,New Delhi,11,19978,8000,2.497,Critical,4
2026-02-27,NDLS,New Delhi,12,17809,8000,2.226,Critical,4
2026-02-27,NDLS,New Delhi,13,14933,8000,1.867,Critical,4
2026-02-27,NDLS,New Delhi,14,17744,8000,2.218,Critical,4
2026-02-27,NDLS,New Delhi,15,31741,8000,3.968,Critical,4
2026-02-27,NDLS,New Delhi,16,24664,8000,3.083,Critical,4
2026-02-27,NDLS,New Delhi,17,52007,8000,6.501,Critical,4
2026-02-27,NDLS,New Delhi,18,51506,8000,6.438,Critical,4
2026-02-27,NDLS,New Delhi,19,38855,8000,4.857,Critical,4
2026-02-27,NDLS,New Delhi,20,22953,8000,2.869,Critical,4
2026-02-27,NDLS,New Delhi,21,25317,8000,3.165,Critical,4
2026-02-27,NDLS,New Delhi,22,17133,8000,2.142,Critical,4
2026-02-27,NDLS,New Delhi,23,21803,8000,2.725,Critical,4
2026-02-27,CSMT,Mumbai CSMT,0,3643,9000,0.405,Moderate,4
2026-02-27,CSMT,Mumbai CSMT,1,2110,9000,0.234,Low,4
2026-02-27,CSMT,Mumbai CSMT,2,2973,9000,0.33,Low,4
2026-02-27,CSMT,Mumbai CSMT,3,2740,9000,0.304,Low,4
2026-02-27,CSMT,Mumbai CSMT,4,2892,9000,0.321,Low,4
2026-02-27,CSMT,Mumbai CSMT,5,18136,9000,2.015,Critical,4
2026-02-27,CSMT,Mumbai CSMT,6,18413,9000,2.046,Critical,4
2026-02-27,CSMT,Mumbai CSMT,7,31702,9000,3.522,Critical,4
2026-02-27,CSMT,Mumbai CSMT,8,44865,9000,4.985,Critical,4
2026-02-27,CSMT,Mumbai CSMT,9,30278,9000,3.364,Critical,4
2026-02-27,CSMT,Mumbai CSMT,10,24008,9000,2.668,Critical,4
2026-02-27,CSMT,Mumbai CSMT,11,21124,9000,2.347,Critical,4
2026-02-27,CSMT,Mumbai CSMT,12,14564,9000,1.618,Critical,4
2026-02-27,CSMT,Mumbai CSMT,13,14204,9000,1.578,Critical,4
2026-02-27,CSMT,Mumbai CSMT,14,18531,9000,2.059,Critical,4
2026-02-27,CSMT,Mumbai CSMT,15,22933,9000,2.548,Critical,4
2026-02-27,CSMT,Mumbai CSMT,16,21629,9000,2.403,Critical,4
2026-02-27,CSMT,Mumbai CSMT,17,29541,9000,3.282,Critical,4
2026-02-27,CSMT,Mumbai CSMT,18,36078,9000,4.009,Critical,4
2026-02-27,CSMT,Mumbai CSMT,19,40154,9000,4.462,Critical,4
2026-02-27,CSMT,Mumbai CSMT,20,14834,9000,1.648,Critical,4
2026-02-27,CSMT,Mumbai CSMT,21,25205,9000,2.801,Critical,4
2026-02-27,CSMT,Mumbai CSMT,22,13985,9000,1.554,Critical,4
2026-02-27,CSMT,Mumbai CSMT,23,16997,9000,1.889,Critical,4
2026-02-27,KYN,Kalyan Junction,0,883,4000,0.221,Low,4
2026-02-27,KYN,Kalyan Junction,1,1270,4000,0.318,Low,4
2026-02-27,KYN,Kalyan Junction,2,789,4000,0.197,Low,4
2026-02-27,KYN,Kalyan Junction,3,423,4000,0.106,Low,4
2026-02-27,KYN,Kalyan Junction,4,502,4000,0.126,Low,4
2026-02-27,KYN,Kalyan Junction,5,3574,4000,0.893,High,4
2026-02-27,KYN,Kalyan Junction,6,4650,4000,1.163,Critical,4
2026-02-27,KYN,Kalyan Junction,7,15527,4000,3.882,Critical,4
2026-02-27,KYN,Kalyan Junction,8,9207,4000,2.302,Critical,4
2026-02-27,KYN,Kalyan Junction,9,12291,4000,3.073,Critical,4
2026-02-27,KYN,Kalyan Junction,10,7871,4000,1.968,Critical,4
2026-02-27,KYN,Kalyan Junction,11,7370,4000,1.843,Critical,4
2026-02-27,KYN,Kalyan Junction,12,4332,4000,1.083,Critical,4
2026-02-27,KYN,Kalyan Junction,13,5194,4000,1.298,Critical,4
2026-02-27,KYN,Kalyan Junction,14,4479,4000,1.12,Critical,4
2026-02-27,KYN,Kalyan Junction,15,4180,4000,1.045,Critical,4
2026-02-27,KYN,Kalyan Junction,16,6408,4000,1.602,Critical,4
2026-02-27,KYN,Kalyan Junction,17,9220,4000,2.305,Critical,4
2026-02-27,KYN,Kalyan Junction,18,9211,4000,2.303,Critical,4
2026-02-27,KYN,Kalyan Junction,19,8751,4000,2.188,Critical,4
2026-02-27,KYN,Kalyan Junction,20,7010,4000,1.752,Critical,4
2026-02-27,KYN,Kalyan Junction,21,6265,4000,1.566,Critical,4
2026-02-27,KYN,Kalyan Junction,22,5300,4000,1.325,Critical,4
2026-02-27,KYN,Kalyan Junction,23,3617,4000,0.904,Critical,4
2026-02-27,NMD,Nashik Road,0,305,2000,0.152,Low,4
2026-02-27,NMD,Nashik Road,1,392,2000,0.196,Low,4
2026-02-27,NMD,Nashik Road,2,196,2000,0.098,Low,4
2026-02-27,NMD,Nashik Road,3,388,2000,0.194,Low,4
2026-02-27,NMD,Nashik Road,4,228,2000,0.114,Low,4
2026-02-27,NMD,Nashik Road,5,1267,2000,0.633,Moderate,4
2026-02-27,NMD,Nashik Road,6,1301,2000,0.65,Moderate,4
2026-02-27,NMD,Nashik Road,7,4288,2000,2.144,Critical,4
2026-02-27,NMD,Nashik Road,8,5692,2000,2.846,Critical,4
2026-02-27,NMD,Nashik Road,9,4812,2000,2.406,Critical,4
2026-02-27,NMD,Nashik Road,10,1827,2000,0.913,Critical,4
2026-02-27,NMD,Nashik Road,11,2059,2000,1.03,Critical,4
2026-02-27,NMD,Nashik Road,12,2016,2000,1.008,Critical,4
2026-02-27,NMD,Nashik Road,13,1874,2000,0.937,Critical,4
2026-02-27,NMD,Nashik Road,14,1816,2000,0.908,Critical,4
2026-02-27,NMD,Nashik Road,15,2451,2000,1.226,Critical,4
2026-02-27,NMD,Nashik Road,16,2308,2000,1.154,Critical,4
2026-02-27,NMD,Nashik Road,17,4548,2000,2.274,Critical,4
2026-02-27,NMD,Nashik Road,18,5243,2000,2.622,Critical,4
2026-02-27,NMD,Nashik Road,19,5064,2000,2.532,Critical,4
2026-02-27,NMD,Nashik Road,20,3116,2000,1.558,Critical,4
2026-02-27,NMD,Nashik Road,21,2374,2000,1.187,Critical,4
2026-02-27,NMD,Nashik Road,22,1297,2000,0.648,Moderate,4
2026-02-27,NMD,Nashik Road,23,2003,2000,1.002,Critical,4
2026-02-27,MMR,Manmad Junction,0,335,2500,0.134,Low,4
2026-02-27,MMR,Manmad Junction,1,189,2500,0.076,Low,4
2026-02-27,MMR,Manmad Junction,2,192,2500,0.077,Low,4
2026-02-27,MMR,Manmad Junction,3,210,2500,0.084,Low,4
2026-02-27,MMR,Manmad Junction,4,317,2500,0.127,Low,4
2026-02-27,MMR,Manmad Junction,5,1115,2500,0.446,Moderate,4
2026-02-27,MMR,Manmad Junction,6,1431,2500,0.572,Moderate,4
2026-02-27,MMR,Manmad Junction,7,3953,2500,1.581,Critical,4
2026-02-27,MMR,Manmad Junction,8,3156,2500,1.262,Critical,4
2026-02-27,MMR,Manmad Junction,9,3608,2500,1.443,Critical,4
2026-02-27,MMR,Manmad Junction,10,1928,2500,0.771,High,4
2026-02-27,MMR,Manmad Junction,11,2439,2500,0.976,Critical,4
2026-02-27,MMR,Manmad Junction,12,1430,2500,0.572,Moderate,4
2026-02-27,MMR,Manmad Junction,13,1010,2500,0.404,Moderate,4
2026-02-27,MMR,Manmad Junction,14,1080,2500,0.432,Moderate,4
2026-02-27,MMR,Manmad Junction,15,2080,2500,0.832,High,4
2026-02-27,MMR,Manmad Junction,16,2224,2500,0.89,High,4
2026-02-27,MMR,Manmad Junction,17,2963,2500,1.185,Critical,4
2026-02-27,MMR,Manmad Junction,18,4354,2500,1.742,Critical,4
2026-02-27,MMR,Manmad Junction,19,3127,2500,1.251,Critical,4
2026-02-27,MMR,Manmad Junction,20,2000,2500,0.8,High,4
2026-02-27,MMR,Manmad Junction,21,1804,2500,0.722,High,4
2026-02-27,MMR,Manmad Junction,22,894,2500,0.358,Low,4
2026-02-27,MMR,Manmad Junction,23,1202,2500,0.481,Moderate,4
2026-02-27,BSL,Bhusawal Junction,0,206,3000,0.069,Low,4
2026-02-27,BSL,Bhusawal Junction,1,388,3000,0.129,Low,4
2026-02-27,BSL,Bhusawal Junction,2,261,3000,0.087,Low,4
2026-02-27,BSL,Bhusawal Junction,3,456,3000,0.152,Low,4
2026-02-27,BSL,Bhusawal Junction,4,539,3000,0.18,Low,4
2026-02-27,BSL,Bhusawal Junction,5,1858,3000,0.619,Moderate,4
2026-02-27,BSL,Bhusawal Junction,6,1885,3000,0.628,Moderate,4
2026-02-27,BSL,Bhusawal Junction,7,4522,3000,1.507,Critical,4
2026-02-27,BSL,Bhusawal Junction,8,5473,3000,1.824,Critical,4
2026-02-27,BSL,Bhusawal Junction,9,4146,3000,1.382,Critical,4
2026-02-27,BSL,Bhusawal Junction,10,1917,3000,0.639,Moderate,4
2026-02-27,BSL,Bhusawal Junction,11,3547,3000,1.182,Critical,4
2026-02-27,BSL,Bhusawal Junction,12,1585,3000,0.528,Moderate,4
2026-02-27,BSL,Bhusawal Junction,13,1783,3000,0.594,Moderate,4
2026-02-27,BSL,Bhusawal Junction,14,1432,3000,0.477,Moderate,4
2026-02-27,BSL,Bhusawal Junction,15,2954,3000,0.985,Critical,4
2026-02-27,BSL,Bhusawal Junction,16,2539,3000,0.846,High,4
2026-02-27,BSL,Bhusawal Junction,17,6208,3000,2.069,Critical,4
2026-02-27,BSL,Bhusawal Junction,18,3344,3000,1.115,Critical,4
2026-02-27,BSL,Bhusawal Junction,19,6813,3000,2.271,Critical,4
2026-02-27,BSL,Bhusawal Junction,20,2154,3000,0.718,High,4
2026-02-27,BSL,Bhusawal Junction,21,3050,3000,1.017,Critical,4
2026-02-27,BSL,Bhusawal Junction,22,1796,3000,0.599,Moderate,4
2026-02-27,BSL,Bhusawal Junction,23,1483,3000,0.494,Moderate,4
2026-02-27,ET,Itarsi Junction,0,328,3500,0.094,Low,4
2026-02-27,ET,Itarsi Junction,1,325,3500,0.093,Low,4
2026-02-27,ET,Itarsi Junction,2,452,3500,0.129,Low,4
2026-02-27,ET,Itarsi Junction,3,204,3500,0.058,Low,4
2026-02-27,ET,Itarsi Junction,4,525,3500,0.15,Low,4
2026-02-27,ET,Itarsi Junction,5,1672,3500,0.478,Moderate,4
2026-02-27,ET,Itarsi Junction,6,1138,3500,0.325,Low,4
2026-02-27,ET,Itarsi Junction,7,5196,3500,1.485,Critical,4
2026-02-27,ET,Itarsi Junction,8,4531,3500,1.295,Critical,4
2026-02-27,ET,Itarsi Junction,9,4019,3500,1.148,Critical,4
2026-02-27,ET,Itarsi Junction,10,2109,3500,0.603,Moderate,4
2026-02-27,ET,Itarsi Junction,11,2737,3500,0.782,High,4
2026-02-27,ET,Itarsi Junction,12,1649,3500,0.471,Moderate,4
2026-02-27,ET,Itarsi Junction,13,2001,3500,0.572,Moderate,4
2026-02-27,ET,Itarsi Junction,14,1751,3500,0.5,Moderate,4
2026-02-27,ET,Itarsi Junction,15,3104,3500,0.887,High,4
2026-02-27,ET,Itarsi Junction,16,2615,3500,0.747,High,4
2026-02-27,ET,Itarsi Junction,17,4005,3500,1.144,Critical,4
2026-02-27,ET,Itarsi Junction,18,5659,3500,1.617,Critical,4
2026-02-27,ET,Itarsi Junction,19,3201,3500,0.915,Critical,4
2026-02-27,ET,Itarsi Junction,20,2749,3500,0.785,High,4
2026-02-27,ET,Itarsi Junction,21,2201,3500,0.629,Moderate,4
2026-02-27,ET,Itarsi Junction,22,1648,3500,0.471,Moderate,4
2026-02-27,ET,Itarsi Junction,23,1640,3500,0.469,Moderate,4
2026-02-27,BPL,Bhopal Junction,0,963,3000,0.321,Low,4
2026-02-27,BPL,Bhopal Junction,1,670,3000,0.223,Low,4
2026-02-27,BPL,Bhopal Junction,2,450,3000,0.15,Low,4
2026-02-27,BPL,Bhopal Junction,3,645,3000,0.215,Low,4
2026-02-27,BPL,Bhopal Junction,4,355,3000,0.118,Low,4
2026-02-27,BPL,Bhopal Junction,5,2103,3000,0.701,High,4
2026-02-27,BPL,Bhopal Junction,6,2612,3000,0.871,High,4
2026-02-27,BPL,Bhopal Junction,7,6697,3000,2.232,Critical,4
2026-02-27,BPL,Bhopal Junction,8,7926,3000,2.642,Critical,4
2026-02-27,BPL,Bhopal Junction,9,10377,3000,3.459,Critical,4
2026-02-27,BPL,Bhopal Junction,10,3972,3000,1.324,Critical,4
2026-02-27,BPL,Bhopal Junction,11,4191,3000,1.397,Critical,4
2026-02-27,BPL,Bhopal Junction,12,3377,3000,1.126,Critical,4
2026-02-27,BPL,Bhopal Junction,13,2975,3000,0.992,Critical,4
2026-02-27,BPL,Bhopal Junction,14,3089,3000,1.03,Critical,4
2026-02-27,BPL,Bhopal Junction,15,4231,3000,1.41,Critical,4
2026-02-27,BPL,Bhopal Junction,16,3952,3000,1.317,Critical,4
2026-02-27,BPL,Bhopal Junction,17,8772,3000,2.924,Critical,4
2026-02-27,BPL,Bhopal Junction,18,6343,3000,2.114,Critical,4
2026-02-27,BPL,Bhopal Junction,19,7023,3000,2.341,Critical,4
2026-02-27,BPL,Bhopal Junction,20,3551,3000,1.184,Critical,4
2026-02-27,BPL,Bhopal Junction,21,3243,3000,1.081,Critical,4
2026-02-27,BPL,Bhopal Junction,22,2631,3000,0.877,High,4
2026-02-27,BPL,Bhopal Junction,23,2637,3000,0.879,High,4
2026-02-27,JHS,Jhansi Junction,0,659,4000,0.165,Low,4
2026-02-27,JHS,Jhansi Junction,1,300,4000,0.075,Low,4
2026-02-27,JHS,Jhansi Junction,2,496,4000,0.124,Low,4
2026-02-27,JHS,Jhansi Junction,3,229,4000,0.057,Low,4
2026-02-27,JHS,Jhansi Junction,4,240,4000,0.06,Low,4
2026-02-27,JHS,Jhansi Junction,5,2143,4000,0.536,Moderate,4
2026-02-27,JHS,Jhansi Junction,6,2358,4000,0.59,Moderate,4
2026-02-27,JHS,Jhansi Junction,7,5303,4000,1.326,Critical,4
2026-02-27,JHS,Jhansi Junction,8,4127,4000,1.032,Critical,4
2026-02-27,JHS,Jhansi Junction,9,5206,4000,1.302,Critical,4
2026-02-27,JHS,Jhansi Junction,10,3775,4000,0.944,Critical,4
2026-02-27,JHS,Jhansi Junction,11,3234,4000,0.808,High,4
2026-02-27,JHS,Jhansi Junction,12,2821,4000,0.705,High,4
2026-02-27,JHS,Jhansi Junction,13,3116,4000,0.779,High,4
2026-02-27,JHS,Jhansi Junction,14,2349,4000,0.587,Moderate,4
2026-02-27,JHS,Jhansi Junction,15,3546,4000,0.886,High,4
2026-02-27,JHS,Jhansi Junction,16,3610,4000,0.902,Critical,4
2026-02-27,JHS,Jhansi Junction,17,7072,4000,1.768,Critical,4
2026-02-27,JHS,Jhansi Junction,18,7559,4000,1.89,Critical,4
2026-02-27,JHS,Jhansi Junction,19,5319,4000,1.33,Critical,4
2026-02-27,JHS,Jhansi Junction,20,3213,4000,0.803,High,4
2026-02-27,JHS,Jhansi Junction,21,2978,4000,0.745,High,4
2026-02-27,JHS,Jhansi Junction,22,2870,4000,0.718,High,4
2026-02-27,JHS,Jhansi Junction,23,1871,4000,0.468,Moderate,4
2026-02-27,GWL,Gwalior Junction,0,245,2500,0.098,Low,4
2026-02-27,GWL,Gwalior Junction,1,424,2500,0.17,Low,4
2026-02-27,GWL,Gwalior Junction,2,527,2500,0.211,Low,4
2026-02-27,GWL,Gwalior Junction,3,282,2500,0.113,Low,4
2026-02-27,GWL,Gwalior Junction,4,397,2500,0.159,Low,4
2026-02-27,GWL,Gwalior Junction,5,1993,2500,0.797,High,4
2026-02-27,GWL,Gwalior Junction,6,2070,2500,0.828,High,4
2026-02-27,GWL,Gwalior Junction,7,4415,2500,1.766,Critical,4
2026-02-27,GWL,Gwalior Junction,8,3330,2500,1.332,Critical,4
2026-02-27,GWL,Gwalior Junction,9,6593,2500,2.637,Critical,4
2026-02-27,GWL,Gwalior Junction,10,2887,2500,1.155,Critical,4
2026-02-27,GWL,Gwalior Junction,11,2678,2500,1.071,Critical,4
2026-02-27,GWL,Gwalior Junction,12,2081,2500,0.832,High,4
2026-02-27,GWL,Gwalior Junction,13,2257,2500,0.903,Critical,4
2026-02-27,GWL,Gwalior Junction,14,2263,2500,0.905,Critical,4
2026-02-27,GWL,Gwalior Junction,15,2499,2500,1.0,Critical,4
2026-02-27,GWL,Gwalior Junction,16,2308,2500,0.923,Critical,4
2026-02-27,GWL,Gwalior Junction,17,5326,2500,2.13,Critical,4
2026-02-27,GWL,Gwalior Junction,18,6163,2500,2.465,Critical,4
2026-02-27,GWL,Gwalior Junction,19,4538,2500,1.815,Critical,4
2026-02-27,GWL,Gwalior Junction,20,2584,2500,1.034,Critical,4
2026-02-27,GWL,Gwalior Junction,21,2134,2500,0.854,High,4
2026-02-27,GWL,Gwalior Junction,22,1641,2500,0.656,Moderate,4
2026-02-27,GWL,Gwalior Junction,23,1351,2500,0.54,Moderate,4
2026-02-27,AGC,Agra Cantt,0,513,3000,0.171,Low,4
2026-02-27,AGC,Agra Cantt,1,359,3000,0.12,Low,4
2026-02-27,AGC,Agra Cantt,2,397,3000,0.132,Low,4
2026-02-27,AGC,Agra Cantt,3,284,3000,0.095,Low,4
2026-02-27,AGC,Agra Cantt,4,591,3000,0.197,Low,4
2026-02-27,AGC,Agra Cantt,5,2634,3000,0.878,High,4
2026-02-27,AGC,Agra Cantt,6,2251,3000,0.75,High,4
2026-02-27,AGC,Agra Cantt,7,7926,3000,2.642,Critical,4
2026-02-27,AGC,Agra Cantt,8,8932,3000,2.977,Critical,4
2026-02-27,AGC,Agra Cantt,9,9348,3000,3.116,Critical,4
2026-02-27,AGC,Agra Cantt,10,4334,3000,1.445,Critical,4
2026-02-27,AGC,Agra Cantt,11,4658,3000,1.553,Critical,4
2026-02-27,AGC,Agra Cantt,12,2772,3000,0.924,Critical,4
2026-02-27,AGC,Agra Cantt,13,2508,3000,0.836,High,4
2026-02-27,AGC,Agra Cantt,14,2353,3000,0.784,High,4
2026-02-27,AGC,Agra Cantt,15,2982,3000,0.994,Critical,4
2026-02-27,AGC,Agra Cantt,16,2887,3000,0.962,Critical,4
2026-02-27,AGC,Agra Cantt,17,6333,3000,2.111,Critical,4
2026-02-27,AGC,Agra Cantt,18,6380,3000,2.127,Critical,4
2026-02-27,AGC,Agra Cantt,19,5927,3000,1.976,Critical,4
2026-02-27,AGC,Agra Cantt,20,4466,3000,1.489,Critical,4
2026-02-27,AGC,Agra Cantt,21,4710,3000,1.57,Critical,4
2026-02-27,AGC,Agra Cantt,22,2172,3000,0.724,High,4
2026-02-27,AGC,Agra Cantt,23,2438,3000,0.813,High,4
2026-02-26,MMCT,Mumbai Central,0,821,4000,0.205,Low,3
2026-02-26,MMCT,Mumbai Central,1,1763,4000,0.441,Moderate,3
2026-02-26,MMCT,Mumbai Central,2,1420,4000,0.355,Low,3
2026-02-26,MMCT,Mumbai Central,3,1815,4000,0.454,Moderate,3
2026-02-26,MMCT,Mumbai Central,4,1056,4000,0.264,Low,3
2026-02-26,MMCT,Mumbai Central,5,4718,4000,1.179,Critical,3
2026-02-26,MMCT,Mumbai Central,6,7964,4000,1.991,Critical,3
2026-02-26,MMCT,Mumbai Central,7,14680,4000,3.67,Critical,3
2026-02-26,MMCT,Mumbai Central,8,24388,4000,6.097,Critical,3
2026-02-26,MMCT,Mumbai Central,9,14709,4000,3.677,Critical,3
2026-02-26,MMCT,Mumbai Central,10,10043,4000,2.511,Critical,3
2026-02-26,MMCT,Mumbai Central,11,11045,4000,2.761,Critical,3
2026-02-26,MMCT,Mumbai Central,12,5039,4000,1.26,Critical,3
2026-02-26,MMCT,Mumbai Central,13,4621,4000,1.155,Critical,3
2026-02-26,MMCT,Mumbai Central,14,5971,4000,1.493,Critical,3
2026-02-26,MMCT,Mumbai Central,15,8560,4000,2.14,Critical,3
2026-02-26,MMCT,Mumbai Central,16,10347,4000,2.587,Critical,3
2026-02-26,MMCT,Mumbai Central,17,12888,4000,3.222,Critical,3
2026-02-26,MMCT,Mumbai Central,18,12057,4000,3.014,Critical,3
2026-02-26,MMCT,Mumbai Central,19,14911,4000,3.728,Critical,3
2026-02-26,MMCT,Mumbai Central,20,12636,4000,3.159,Critical,3
2026-02-26,MMCT,Mumbai Central,21,12726,4000,3.182,Critical,3
2026-02-26,MMCT,Mumbai Central,22,5754,4000,1.438,Critical,3
2026-02-26,MMCT,Mumbai Central,23,5660,4000,1.415,Critical,3
2026-02-26,BVI,Borivali,0,534,3000,0.178,Low,3
2026-02-26,BVI,Borivali,1,847,3000,0.282,Low,3
2026-02-26,BVI,Borivali,2,726,3000,0.242,Low,3
2026-02-26,BVI,Borivali,3,502,3000,0.167,Low,3
2026-02-26,BVI,Borivali,4,697,3000,0.232,Low,3
2026-02-26,BVI,Borivali,5,2771,3000,0.924,Critical,3
2026-02-26,BVI,Borivali,6,3009,3000,1.003,Critical,3
2026-02-26,BVI,Borivali,7,8868,3000,2.956,Critical,3
2026-02-26,BVI,Borivali,8,8633,3000,2.878,Critical,3
2026-02-26,BVI,Borivali,9,8085,3000,2.695,Critical,3
2026-02-26,BVI,Borivali,10,6280,3000,2.093,Critical,3
2026-02-26,BVI,Borivali,11,3467,3000,1.156,Critical,3
2026-02-26,BVI,Borivali,12,2460,3000,0.82,High,3
2026-02-26,BVI,Borivali,13,3692,3000,1.231,Critical,3
2026-02-26,BVI,Borivali,14,3760,3000,1.253,Critical,3
2026-02-26,BVI,Borivali,15,4023,3000,1.341,Critical,3
2026-02-26,BVI,Borivali,16,6536,3000,2.179,Critical,3
2026-02-26,BVI,Borivali,17,10840,3000,3.613,Critical,3
2026-02-26,BVI,Borivali,18,9337,3000,3.112,Critical,3
2026-02-26,BVI,Borivali,19,8263,3000,2.754,Critical,3
2026-02-26,BVI,Borivali,20,6565,3000,2.188,Critical,3
2026-02-26,BVI,Borivali,21,4805,3000,1.602,Critical,3
2026-02-26,BVI,Borivali,22,2786,3000,0.929,Critical,3
2026-02-26,BVI,Borivali,23,3049,3000,1.016,Critical,3
2026-02-26,BL,Valsad,0,74,1500,0.049,Low,3
2026-02-26,BL,Valsad,1,155,1500,0.103,Low,3
2026-02-26,BL,Valsad,2,119,1500,0.079,Low,3
2026-02-26,BL,Valsad,3,135,1500,0.09,Low,3
2026-02-26,BL,Valsad,4,134,1500,0.089,Low,3
2026-02-26,BL,Valsad,5,583,1500,0.389,Low,3
2026-02-26,BL,Valsad,6,558,1500,0.372,Low,3
2026-02-26,BL,Valsad,7,1277,1500,0.851,High,3
2026-02-26,BL,Valsad,8,1612,1500,1.075,Critical,3
2026-02-26,BL,Valsad,9,1877,1500,1.251,Critical,3
2026-02-26,BL,Valsad,10,989,1500,0.659,Moderate,3
2026-02-26,BL,Valsad,11,991,1500,0.661,Moderate,3
2026-02-26,BL,Valsad,12,747,1500,0.498,Moderate,3
2026-02-26,BL,Valsad,13,589,1500,0.393,Low,3
2026-02-26,BL,Valsad,14,579,1500,0.386,Low,3
2026-02-26,BL,Valsad,15,809,1500,0.539,Moderate,3
2026-02-26,BL,Valsad,16,821,1500,0.547,Moderate,3
2026-02-26,BL,Valsad,17,1863,1500,1.242,Critical,3
2026-02-26,BL,Valsad,18,1429,1500,0.953,Critical,3
2026-02-26,BL,Valsad,19,1870,1500,1.247,Critical,3
2026-02-26,BL,Valsad,20,1282,1500,0.855,High,3
2026-02-26,BL,Valsad,21,895,1500,0.597,Moderate,3
2026-02-26,BL,Valsad,22,646,1500,0.431,Moderate,3
2026-02-26,BL,Valsad,23,777,1500,0.518,Moderate,3
2026-02-26,ST,Surat,0,1111,3000,0.37,Low,3
2026-02-26,ST,Surat,1,1013,3000,0.338,Low,3
2026-02-26,ST,Surat,2,535,3000,0.178,Low,3
2026-02-26,ST,Surat,3,488,3000,0.163,Low,3
2026-02-26,ST,Surat,4,461,3000,0.154,Low,3
2026-02-26,ST,Surat,5,4885,3000,1.628,Critical,3
2026-02-26,ST,Surat,6,3573,3000,1.191,Critical,3
2026-02-26,ST,Surat,7,13664,3000,4.555,Critical,3
2026-02-26,ST,Surat,8,13343,3000,4.448,Critical,3
2026-02-26,ST,Surat,9,11748,3000,3.916,Critical,3
2026-02-26,ST,Surat,10,6576,3000,2.192,Critical,3
2026-02-26,ST,Surat,11,4367,3000,1.456,Critical,3
2026-02-26,ST,Surat,12,3488,3000,1.163,Critical,3
2026-02-26,ST,Surat,13,2932,3000,0.977,Critical,3
2026-02-26,ST,Surat,14,5115,3000,1.705,Critical,3
2026-02-26,ST,Surat,15,4878,3000,1.626,Critical,3
2026-02-26,ST,Surat,16,4506,3000,1.502,Critical,3
2026-02-26,ST,Surat,17,12536,3000,4.179,Critical,3
2026-02-26,ST,Surat,18,13210,3000,4.403,Critical,3
2026-02-26,ST,Surat,19,8275,3000,2.758,Critical,3
2026-02-26,ST,Surat,20,5150,3000,1.717,Critical,3
2026-02-26,ST,Surat,21,7304,3000,2.435,Critical,3
2026-02-26,ST,Surat,22,4700,3000,1.567,Critical,3
2026-02-26,ST,Surat,23,3241,3000,1.08,Critical,3
2026-02-26,BRC,Vadodara Junction,0,739,3500,0.211,Low,3
2026-02-26,BRC,Vadodara Junction,1,861,3500,0.246,Low,3
2026-02-26,BRC,Vadodara Junction,2,488,3500,0.139,Low,3
2026-02-26,BRC,Vadodara Junction,3,424,3500,0.121,Low,3
2026-02-26,BRC,Vadodara Junction,4,775,3500,0.221,Low,3
2026-02-26,BRC,Vadodara Junction,5,3512,3500,1.003,Critical,3
2026-02-26,BRC,Vadodara Junction,6,2657,3500,0.759,High,3
2026-02-26,BRC,Vadodara Junction,7,11388,3500,3.254,Critical,3
2026-02-26,BRC,Vadodara Junction,8,9867,3500,2.819,Critical,3
2026-02-26,BRC,Vadodara Junction,9,8542,3500,2.441,Critical,3
2026-02-26,BRC,Vadodara Junction,10,7117,3500,2.033,Critical,3
2026-02-26,BRC,Vadodara Junction,11,4200,3500,1.2,Critical,3
2026-02-26,BRC,Vadodara Junction,12,4225,3500,1.207,Critical,3
2026-02-26,BRC,Vadodara Junction,13,3560,3500,1.017,Critical,3
2026-02-26,BRC,Vadodara Junction,14,3305,3500,0.944,Critical,3
2026-02-26,BRC,Vadodara Junction,15,5082,3500,1.452,Critical,3
2026-02-26,BRC,Vadodara Junction,16,6746,3500,1.927,Critical,3
2026-02-26,BRC,Vadodara Junction,17,10452,3500,2.986,Critical,3
2026-02-26,BRC,Vadodara Junction,18,8737,3500,2.496,Critical,3
2026-02-26,BRC,Vadodara Junction,19,8420,3500,2.406,Critical,3
2026-02-26,BRC,Vadodara Junction,20,4599,3500,1.314,Critical,3
2026-02-26,BRC,Vadodara Junction,21,3938,3500,1.125,Critical,3
2026-02-26,BRC,Vadodara Junction,22,4220,3500,1.206,Critical,3
2026-02-26,BRC,Vadodara Junction,23,3243,3500,0.927,Critical,3
2026-02-26,RTM,Ratlam Junction,0,285,2500,0.114,Low,3
2026-02-26,RTM,Ratlam Junction,1,372,2500,0.149,Low,3
2026-02-26,RTM,Ratlam Junction,2,227,2500,0.091,Low,3
2026-02-26,RTM,Ratlam Junction,3,162,2500,0.065,Low,3
2026-02-26,RTM,Ratlam Junction,4,481,2500,0.192,Low,3
2026-02-26,RTM,Ratlam Junction,5,1501,2500,0.6,Moderate,3
2026-02-26,RTM,Ratlam Junction,6,1083,2500,0.433,Moderate,3
2026-02-26,RTM,Ratlam Junction,7,5148,2500,2.059,Critical,3
2026-02-26,RTM,Ratlam Junction,8,3717,2500,1.487,Critical,3
2026-02-26,RTM,Ratlam Junction,9,2601,2500,1.04,Critical,3
2026-02-26,RTM,Ratlam Junction,10,2114,2500,0.846,High,3
2026-02-26,RTM,Ratlam Junction,11,3023,2500,1.209,Critical,3
2026-02-26,RTM,Ratlam Junction,12,1101,2500,0.44,Moderate,3
2026-02-26,RTM,Ratlam Junction,13,1572,2500,0.629,Moderate,3
2026-02-26,RTM,Ratlam Junction,14,1678,2500,0.671,Moderate,3
2026-02-26,RTM,Ratlam Junction,15,2215,2500,0.886,High,3
2026-02-26,RTM,Ratlam Junction,16,2427,2500,0.971,Critical,3
2026-02-26,RTM,Ratlam Junction,17,3289,2500,1.316,Critical,3
2026-02-26,RTM,Ratlam Junction,18,3629,2500,1.452,Critical,3
2026-02-26,RTM,Ratlam Junction,19,4322,2500,1.729,Critical,3
2026-02-26,RTM,Ratlam Junction,20,2975,2500,1.19,Critical,3
2026-02-26,RTM,Ratlam Junction,21,1801,2500,0.72,High,3
2026-02-26,RTM,Ratlam Junction,22,1739,2500,0.696,Moderate,3
2026-02-26,RTM,Ratlam Junction,23,1489,2500,0.596,Moderate,3
2026-02-26,KOTA,Kota Junction,0,228,3000,0.076,Low,3
2026-02-26,KOTA,Kota Junction,1,406,3000,0.135,Low,3
2026-02-26,KOTA,Kota Junction,2,402,3000,0.134,Low,3
2026-02-26,KOTA,Kota Junction,3,515,3000,0.172,Low,3
2026-02-26,KOTA,Kota Junction,4,345,3000,0.115,Low,3
2026-02-26,KOTA,Kota Junction,5,2817,3000,0.939,Critical,3
2026-02-26,KOTA,Kota Junction,6,1472,3000,0.491,Moderate,3
2026-02-26,KOTA,Kota Junction,7,4801,3000,1.6,Critical,3
2026-02-26,KOTA,Kota Junction,8,5857,3000,1.952,Critical,3
2026-02-26,KOTA,Kota Junction,9,6723,3000,2.241,Critical,3
2026-02-26,KOTA,Kota Junction,10,3860,3000,1.287,Critical,3
2026-02-26,KOTA,Kota Junction,11,2587,3000,0.862,High,3
2026-02-26,KOTA,Kota Junction,12,2086,3000,0.695,Moderate,3
2026-02-26,KOTA,Kota Junction,13,2457,3000,0.819,High,3
2026-02-26,KOTA,Kota Junction,14,1907,3000,0.636,Moderate,3
2026-02-26,KOTA,Kota Junction,15,3059,3000,1.02,Critical,3
2026-02-26,KOTA,Kota Junction,16,2625,3000,0.875,High,3
2026-02-26,KOTA,Kota Junction,17,6563,3000,2.188,Critical,3
2026-02-26,KOTA,Kota Junction,18,5456,3000,1.819,Critical,3
2026-02-26,KOTA,Kota Junction,19,4618,3000,1.539,Critical,3
2026-02-26,KOTA,Kota Junction,20,4155,3000,1.385,Critical,3
2026-02-26,KOTA,Kota Junction,21,3396,3000,1.132,Critical,3
2026-02-26,KOTA,Kota Junction,22,1532,3000,0.511,Moderate,3
2026-02-26,KOTA,Kota Junction,23,2445,3000,0.815,High,3
2026-02-26,SWM,Sawai Madhopur,0,233,2000,0.117,Low,3
2026-02-26,SWM,Sawai Madhopur,1,151,2000,0.075,Low,3
2026-02-26,SWM,Sawai Madhopur,2,263,2000,0.132,Low,3
2026-02-26,SWM,Sawai Madhopur,3,123,2000,0.061,Low,3
2026-02-26,SWM,Sawai Madhopur,4,124,2000,0.062,Low,3
2026-02-26,SWM,Sawai Madhopur,5,908,2000,0.454,Moderate,3
2026-02-26,SWM,Sawai Madhopur,6,749,2000,0.374,Low,3
2026-02-26,SWM,Sawai Madhopur,7,2590,2000,1.295,Critical,3
2026-02-26,SWM,Sawai Madhopur,8,1975,2000,0.988,Critical,3
2026-02-26,SWM,Sawai Madhopur,9,1608,2000,0.804,High,3
2026-02-26,SWM,Sawai Madhopur,10,1374,2000,0.687,Moderate,3
2026-02-26,SWM,Sawai Madhopur,11,1139,2000,0.57,Moderate,3
2026-02-26,SWM,Sawai Madhopur,12,873,2000,0.436,Moderate,3
2026-02-26,SWM,Sawai Madhopur,13,739,2000,0.369,Low,3
2026-02-26,SWM,Sawai Madhopur,14,841,2000,0.42,Moderate,3
2026-02-26,SWM,Sawai Madhopur,15,855,2000,0.427,Moderate,3
2026-02-26,SWM,Sawai Madhopur,16,1472,2000,0.736,High,3
2026-02-26,SWM,Sawai Madhopur,17,2046,2000,1.023,Critical,3
2026-02-26,SWM,Sawai Madhopur,18,2295,2000,1.147,Critical,3
2026-02-26,SWM,Sawai Madhopur,19,2084,2000,1.042,Critical,3
2026-02-26,SWM,Sawai Madhopur,20,1405,2000,0.703,High,3
2026-02-26,SWM,Sawai Madhopur,21,1116,2000,0.558,Moderate,3
2026-02-26,SWM,Sawai Madhopur,22,890,2000,0.445,Moderate,3
2026-02-26,SWM,Sawai Madhopur,23,1011,2000,0.505,Moderate,3
2026-02-26,MTJ,Mathura Junction,0,517,3000,0.172,Low,3
2026-02-26,MTJ,Mathura Junction,1,662,3000,0.221,Low,3
2026-02-26,MTJ,Mathura Junction,2,410,3000,0.137,Low,3
2026-02-26,MTJ,Mathura Junction,3,548,3000,0.183,Low,3
2026-02-26,MTJ,Mathura Junction,4,445,3000,0.148,Low,3
2026-02-26,MTJ,Mathura Junction,5,2423,3000,0.808,High,3
2026-02-26,MTJ,Mathura Junction,6,1939,3000,0.646,Moderate,3
2026-02-26,MTJ,Mathura Junction,7,6859,3000,2.286,Critical,3
2026-02-26,MTJ,Mathura Junction,8,7506,3000,2.502,Critical,3
2026-02-26,MTJ,Mathura Junction,9,8043,3000,2.681,Critical,3
2026-02-26,MTJ,Mathura Junction,10,2725,3000,0.908,Critical,3
2026-02-26,MTJ,Mathura Junction,11,4528,3000,1.509,Critical,3
2026-02-26,MTJ,Mathura Junction,12,2366,3000,0.789,High,3
2026-02-26,MTJ,Mathura Junction,13,1852,3000,0.617,Moderate,3
2026-02-26,MTJ,Mathura Junction,14,1943,3000,0.648,Moderate,3
2026-02-26,MTJ,Mathura Junction,15,3924,3000,1.308,Critical,3
2026-02-26,MTJ,Mathura Junction,16,4061,3000,1.354,Critical,3
2026-02-26,MTJ,Mathura Junction,17,8489,3000,2.83,Critical,3
2026-02-26,MTJ,Mathura Junction,18,8451,3000,2.817,Critical,3
2026-02-26,MTJ,Mathura Junction,19,7835,3000,2.612,Critical,3
2026-02-26,MTJ,Mathura Junction,20,3378,3000,1.126,Critical,3
2026-02-26,MTJ,Mathura Junction,21,2739,3000,0.913,Critical,3
2026-02-26,MTJ,Mathura Junction,22,2237,3000,0.746,High,3
2026-02-26,MTJ,Mathura Junction,23,2705,3000,0.902,Critical,3
2026-02-26,NDLS,New Delhi,0,4089,8000,0.511,Moderate,3
2026-02-26,NDLS,New Delhi,1,2285,8000,0.286,Low,3
2026-02-26,NDLS,New Delhi,2,4611,8000,0.576,Moderate,3
2026-02-26,NDLS,New Delhi,3,4155,8000,0.519,Moderate,3
2026-02-26,NDLS,New Delhi,4,4317,8000,0.54,Moderate,3
2026-02-26,NDLS,New Delhi,5,19029,8000,2.379,Critical,3
2026-02-26,NDLS,New Delhi,6,21364,8000,2.671,Critical,3
2026-02-26,NDLS,New Delhi,7,63963,8000,7.995,Critical,3
2026-02-26,NDLS,New Delhi,8,48469,8000,6.059,Critical,3
2026-02-26,NDLS,New Delhi,9,57520,8000,7.19,Critical,3
2026-02-26,NDLS,New Delhi,10,37265,8000,4.658,Critical,3
2026-02-26,NDLS,New Delhi,11,32744,8000,4.093,Critical,3
2026-02-26,NDLS,New Delhi,12,19097,8000,2.387,Critical,3
2026-02-26,NDLS,New Delhi,13,19486,8000,2.436,Critical,3
2026-02-26,NDLS,New Delhi,14,15443,8000,1.93,Critical,3
2026-02-26,NDLS,New Delhi,15,33940,8000,4.242,Critical,3
2026-02-26,NDLS,New Delhi,16,23927,8000,2.991,Critical,3
2026-02-26,NDLS,New Delhi,17,57344,8000,7.168,Critical,3
2026-02-26,NDLS,New Delhi,18,60256,8000,7.532,Critical,3
2026-02-26,NDLS,New Delhi,19,55374,8000,6.922,Critical,3
2026-02-26,NDLS,New Delhi,20,20305,8000,2.538,Critical,3
2026-02-26,NDLS,New Delhi,21,31878,8000,3.985,Critical,3
2026-02-26,NDLS,New Delhi,22,19076,8000,2.385,Critical,3
2026-02-26,NDLS,New Delhi,23,15814,8000,1.977,Critical,3
2026-02-26,CSMT,Mumbai CSMT,0,3436,9000,0.382,Low,3
2026-02-26,CSMT,Mumbai CSMT,1,2287,9000,0.254,Low,3
2026-02-26,CSMT,Mumbai CSMT,2,4156,9000,0.462,Moderate,3
2026-02-26,CSMT,Mumbai CSMT,3,2137,9000,0.237,Low,3
2026-02-26,CSMT,Mumbai CSMT,4,1455,9000,0.162,Low,3
2026-02-26,CSMT,Mumbai CSMT,5,15247,9000,1.694,Critical,3
2026-02-26,CSMT,Mumbai CSMT,6,14807,9000,1.645,Critical,3
2026-02-26,CSMT,Mumbai CSMT,7,39678,9000,4.409,Critical,3
2026-02-26,CSMT,Mumbai CSMT,8,53845,9000,5.983,Critical,3
2026-02-26,CSMT,Mumbai CSMT,9,35429,9000,3.937,Critical,3
2026-02-26,CSMT,Mumbai CSMT,10,25877,9000,2.875,Critical,3
2026-02-26,CSMT,Mumbai CSMT,11,26099,9000,2.9,Critical,3
2026-02-26,CSMT,Mumbai CSMT,12,18497,9000,2.055,Critical,3
2026-02-26,CSMT,Mumbai CSMT,13,15606,9000,1.734,Critical,3
2026-02-26,CSMT,Mumbai CSMT,14,18063,9000,2.007,Critical,3
2026-02-26,CSMT,Mumbai CSMT,15,18708,9000,2.079,Critical,3
2026-02-26,CSMT,Mumbai CSMT,16,20782,9000,2.309,Critical,3
2026-02-26,CSMT,Mumbai CSMT,17,35048,9000,3.894,Critical,3
2026-02-26,CSMT,Mumbai CSMT,18,39992,9000,4.444,Critical,3
2026-02-26,CSMT,Mumbai CSMT,19,34789,9000,3.865,Critical,3
2026-02-26,CSMT,Mumbai CSMT,20,18978,9000,2.109,Critical,3
2026-02-26,CSMT,Mumbai CSMT,21,19065,9000,2.118,Critical,3
2026-02-26,CSMT,Mumbai CSMT,22,12374,9000,1.375,Critical,3
2026-02-26,CSMT,Mumbai CSMT,23,13131,9000,1.459,Critical,3
2026-02-26,KYN,Kalyan Junction,0,619,4000,0.155,Low,3
2026-02-26,KYN,Kalyan Junction,1,767,4000,0.192,Low,3
2026-02-26,KYN,Kalyan Junction,2,526,4000,0.132,Low,3
2026-02-26,KYN,Kalyan Junction,3,459,4000,0.115,Low,3
2026-02-26,KYN,Kalyan Junction,4,1239,4000,0.31,Low,3
2026-02-26,KYN,Kalyan Junction,5,4644,4000,1.161,Critical,3
2026-02-26,KYN,Kalyan Junction,6,2817,4000,0.704,High,3
2026-02-26,KYN,Kalyan Junction,7,9855,4000,2.464,Critical,3
2026-02-26,KYN,Kalyan Junction,8,15415,4000,3.854,Critical,3
2026-02-26,KYN,Kalyan Junction,9,7956,4000,1.989,Critical,3
2026-02-26,KYN,Kalyan Junction,10,6409,4000,1.602,Critical,3
2026-02-26,KYN,Kalyan Junction,11,4922,4000,1.23,Critical,3
2026-02-26,KYN,Kalyan Junction,12,4659,4000,1.165,Critical,3
2026-02-26,KYN,Kalyan Junction,13,4174,4000,1.044,Critical,3
2026-02-26,KYN,Kalyan Junction,14,3408,4000,0.852,High,3
2026-02-26,KYN,Kalyan Junction,15,7256,4000,1.814,Critical,3
2026-02-26,KYN,Kalyan Junction,16,7055,4000,1.764,Critical,3
2026-02-26,KYN,Kalyan Junction,17,10961,4000,2.74,Critical,3
2026-02-26,KYN,Kalyan Junction,18,10701,4000,2.675,Critical,3
2026-02-26,KYN,Kalyan Junction,19,11785,4000,2.946,Critical,3
2026-02-26,KYN,Kalyan Junction,20,6148,4000,1.537,Critical,3
2026-02-26,KYN,Kalyan Junction,21,7931,4000,1.983,Critical,3
2026-02-26,KYN,Kalyan Junction,22,5398,4000,1.349,Critical,3
2026-02-26,KYN,Kalyan Junction,23,4622,4000,1.155,Critical,3
2026-02-26,NMD,Nashik Road,0,406,2000,0.203,Low,3
2026-02-26,NMD,Nashik Road,1,221,2000,0.111,Low,3
2026-02-26,NMD,Nashik Road,2,218,2000,0.109,Low,3
2026-02-26,NMD,Nashik Road,3,513,2000,0.257,Low,3
2026-02-26,NMD,Nashik Road,4,395,2000,0.198,Low,3
2026-02-26,NMD,Nashik Road,5,1916,2000,0.958,Critical,3
2026-02-26,NMD,Nashik Road,6,1741,2000,0.871,High,3
2026-02-26,NMD,Nashik Road,7,4334,2000,2.167,Critical,3
2026-02-26,NMD,Nashik Road,8,3996,2000,1.998,Critical,3
2026-02-26,NMD,Nashik Road,9,5372,2000,2.686,Critical,3
2026-02-26,NMD,Nashik Road,10,2048,2000,1.024,Critical,3
2026-02-26,NMD,Nashik Road,11,2608,2000,1.304,Critical,3
2026-02-26,NMD,Nashik Road,12,1437,2000,0.719,High,3
2026-02-26,NMD,Nashik Road,13,1901,2000,0.951,Critical,3
2026-02-26,NMD,Nashik Road,14,1433,2000,0.717,High,3
2026-02-26,NMD,Nashik Road,15,2086,2000,1.043,Critical,3
2026-02-26,NMD,Nashik Road,16,2149,2000,1.075,Critical,3
2026-02-26,NMD,Nashik Road,17,4052,2000,2.026,Critical,3
2026-02-26,NMD,Nashik Road,18,3778,2000,1.889,Critical,3
2026-02-26,NMD,Nashik Road,19,4310,2000,2.155,Critical,3
2026-02-26,NMD,Nashik Road,20,2422,2000,1.211,Critical,3
2026-02-26,NMD,Nashik Road,21,2523,2000,1.262,Critical,3
2026-02-26,NMD,Nashik Road,22,1412,2000,0.706,High,3
2026-02-26,NMD,Nashik Road,23,1595,2000,0.797,High,3
2026-02-26,MMR,Manmad Junction,0,166,2500,0.066,Low,3
2026-02-26,MMR,Manmad Junction,1,210,2500,0.084,Low,3
2026-02-26,MMR,Manmad Junction,2,360,2500,0.144,Low,3
2026-02-26,MMR,Manmad Junction,3,308,2500,0.123,Low,3
2026-02-26,MMR,Manmad Junction,4,359,2500,0.144,Low,3
2026-02-26,MMR,Manmad Junction,5,1310,2500,0.524,Moderate,3
2026-02-26,MMR,Manmad Junction,6,1198,2500,0.479,Moderate,3
2026-02-26,MMR,Manmad Junction,7,3606,2500,1.442,Critical,3
2026-02-26,MMR,Manmad Junction,8,3794,2500,1.518,Critical,3
2026-02-26,MMR,Manmad Junction,9,4426,2500,1.77,Critical,3
2026-02-26,MMR,Manmad Junction,10,2039,2500,0.816,High,3
2026-02-26,MMR,Manmad Junction,11,2026,2500,0.81,High,3
2026-02-26,MMR,Manmad Junction,12,1276,2500,0.51,Moderate,3
2026-02-26,MMR,Manmad Junction,13,1162,2500,0.465,Moderate,3
2026-02-26,MMR,Manmad Junction,14,1046,2500,0.418,Moderate,3
2026-02-26,MMR,Manmad Junction,15,1998,2500,0.799,High,3
2026-02-26,MMR,Manmad Junction,16,1632,2500,0.653,Moderate,3
2026-02-26,MMR,Manmad Junction,17,3875,2500,1.55,Critical,3
2026-02-26,MMR,Manmad Junction,18,4363,2500,1.745,Critical,3
2026-02-26,MMR,Manmad Junction,19,3531,2500,1.412,Critical,3
2026-02-26,MMR,Manmad Junction,20,2071,2500,0.828,High,3
2026-02-26,MMR,Manmad Junction,21,1842,2500,0.737,High,3
2026-02-26,MMR,Manmad Junction,22,915,2500,0.366,Low,3
2026-02-26,MMR,Manmad Junction,23,1331,2500,0.532,Moderate,3
2026-02-26,BSL,Bhusawal Junction,0,487,3000,0.162,Low,3
2026-02-26,BSL,Bhusawal Junction,1,432,3000,0.144,Low,3
2026-02-26,BSL,Bhusawal Junction,2,386,3000,0.129,Low,3
2026-02-26,BSL,Bhusawal Junction,3,551,3000,0.184,Low,3
2026-02-26,BSL,Bhusawal Junction,4,205,3000,0.068,Low,3
2026-02-26,BSL,Bhusawal Junction,5,1665,3000,0.555,Moderate,3
2026-02-26,BSL,Bhusawal Junction,6,1548,3000,0.516,Moderate,3
2026-02-26,BSL,Bhusawal Junction,7,6892,3000,2.297,Critical,3
2026-02-26,BSL,Bhusawal Junction,8,4647,3000,1.549,Critical,3
2026-02-26,BSL,Bhusawal Junction,9,4919,3000,1.64,Critical,3
2026-02-26,BSL,Bhusawal Junction,10,2551,3000,0.85,High,3
2026-02-26,BSL,Bhusawal Junction,11,2324,3000,0.775,High,3
2026-02-26,BSL,Bhusawal Junction,12,1845,3000,0.615,Moderate,3
2026-02-26,BSL,Bhusawal Junction,13,2014,3000,0.671,Moderate,3
2026-02-26,BSL,Bhusawal Junction,14,2244,3000,0.748,High,3
2026-02-26,BSL,Bhusawal Junction,15,2289,3000,0.763,High,3
2026-02-26,BSL,Bhusawal Junction,16,2527,3000,0.842,High,3
2026-02-26,BSL,Bhusawal Junction,17,7327,3000,2.442,Critical,3
2026-02-26,BSL,Bhusawal Junction,18,5086,3000,1.695,Critical,3
2026-02-26,BSL,Bhusawal Junction,19,6236,3000,2.079,Critical,3
2026-02-26,BSL,Bhusawal Junction,20,2925,3000,0.975,Critical,3
2026-02-26,BSL,Bhusawal Junction,21,2751,3000,0.917,Critical,3
2026-02-26,BSL,Bhusawal Junction,22,2209,3000,0.736,High,3
2026-02-26,BSL,Bhusawal Junction,23,1540,3000,0.513,Moderate,3
2026-02-26,ET,Itarsi Junction,0,415,3500,0.119,Low,3
2026-02-26,ET,Itarsi Junction,1,441,3500,0.126,Low,3
2026-02-26,ET,Itarsi Junction,2,445,3500,0.127,Low,3
2026-02-26,ET,Itarsi Junction,3,174,3500,0.05,Low,3
2026-02-26,ET,Itarsi Junction,4,411,3500,0.117,Low,3
2026-02-26,ET,Itarsi Junction,5,1820,3500,0.52,Moderate,3
2026-02-26,ET,Itarsi Junction,6,1424,3500,0.407,Moderate,3
2026-02-26,ET,Itarsi Junction,7,4054,3500,1.158,Critical,3
2026-02-26,ET,Itarsi Junction,8,5241,3500,1.497,Critical,3
2026-02-26,ET,Itarsi Junction,9,5150,3500,1.471,Critical,3
2026-02-26,ET,Itarsi Junction,10,2867,3500,0.819,High,3
2026-02-26,ET,Itarsi Junction,11,2050,3500,0.586,Moderate,3
2026-02-26,ET,Itarsi Junction,12,1620,3500,0.463,Moderate,3
2026-02-26,ET,Itarsi Junction,13,1506,3500,0.43,Moderate,3
2026-02-26,ET,Itarsi Junction,14,1814,3500,0.518,Moderate,3
2026-02-26,ET,Itarsi Junction,15,3030,3500,0.866,High,3
2026-02-26,ET,Itarsi Junction,16,2307,3500,0.659,Moderate,3
2026-02-26,ET,Itarsi Junction,17,3138,3500,0.897,High,3
2026-02-26,ET,Itarsi Junction,18,3937,3500,1.125,Critical,3
2026-02-26,ET,Itarsi Junction,19,3349,3500,0.957,Critical,3
2026-02-26,ET,Itarsi Junction,20,2203,3500,0.629,Moderate,3
2026-02-26,ET,Itarsi Junction,21,2618,3500,0.748,High,3
2026-02-26,ET,Itarsi Junction,22,1809,3500,0.517,Moderate,3
2026-02-26,ET,Itarsi Junction,23,1829,3500,0.523,Moderate,3
2026-02-26,BPL,Bhopal Junction,0,815,3000,0.272,Low,3
2026-02-26,BPL,Bhopal Junction,1,344,3000,0.115,Low,3
2026-02-26,BPL,Bhopal Junction,2,447,3000,0.149,Low,3
2026-02-26,BPL,Bhopal Junction,3,444,3000,0.148,Low,3
2026-02-26,BPL,Bhopal Junction,4,680,3000,0.227,Low,3
2026-02-26,BPL,Bhopal Junction,5,3026,3000,1.009,Critical,3
2026-02-26,BPL,Bhopal Junction,6,2972,3000,0.991,Critical,3
2026-02-26,BPL,Bhopal Junction,7,7506,3000,2.502,Critical,3
2026-02-26,BPL,Bhopal Junction,8,8196,3000,2.732,Critical,3
2026-02-26,BPL,Bhopal Junction,9,7669,3000,2.556,Critical,3
2026-02-26,BPL,Bhopal Junction,10,4461,3000,1.487,Critical,3
2026-02-26,BPL,Bhopal Junction,11,5215,3000,1.738,Critical,3
2026-02-26,BPL,Bhopal Junction,12,3822,3000,1.274,Critical,3
2026-02-26,BPL,Bhopal Junction,13,2288,3000,0.763,High,3
2026-02-26,BPL,Bhopal Junction,14,2970,3000,0.99,Critical,3
2026-02-26,BPL,Bhopal Junction,15,2945,3000,0.982,Critical,3
2026-02-26,BPL,Bhopal Junction,16,3217,3000,1.072,Critical,3
2026-02-26,BPL,Bhopal Junction,17,10034,3000,3.345,Critical,3
2026-02-26,BPL,Bhopal Junction,18,6647,3000,2.216,Critical,3
2026-02-26,BPL,Bhopal Junction,19,9000,3000,3.0,Critical,3
2026-02-26,BPL,Bhopal Junction,20,4419,3000,1.473,Critical,3
2026-02-26,BPL,Bhopal Junction,21,4238,3000,1.413,Critical,3
2026-02-26,BPL,Bhopal Junction,22,3519,3000,1.173,Critical,3
2026-02-26,BPL,Bhopal Junction,23,3090,3000,1.03,Critical,3
2026-02-26,JHS,Jhansi Junction,0,334,4000,0.084,Low,3
2026-02-26,JHS,Jhansi Junction,1,374,4000,0.093,Low,3
2026-02-26,JHS,Jhansi Junction,2,670,4000,0.168,Low,3
2026-02-26,JHS,Jhansi Junction,3,596,4000,0.149,Low,3
2026-02-26,JHS,Jhansi Junction,4,575,4000,0.144,Low,3
2026-02-26,JHS,Jhansi Junction,5,2269,4000,0.567,Moderate,3
2026-02-26,JHS,Jhansi Junction,6,2298,4000,0.575,Moderate,3
2026-02-26,JHS,Jhansi Junction,7,6036,4000,1.509,Critical,3
2026-02-26,JHS,Jhansi Junction,8,8619,4000,2.155,Critical,3
2026-02-26,JHS,Jhansi Junction,9,4626,4000,1.157,Critical,3
2026-02-26,JHS,Jhansi Junction,10,4446,4000,1.111,Critical,3
2026-02-26,JHS,Jhansi Junction,11,3329,4000,0.832,High,3
2026-02-26,JHS,Jhansi Junction,12,1971,4000,0.493,Moderate,3
2026-02-26,JHS,Jhansi Junction,13,2330,4000,0.583,Moderate,3
2026-02-26,JHS,Jhansi Junction,14,2294,4000,0.574,Moderate,3
2026-02-26,JHS,Jhansi Junction,15,2906,4000,0.727,High,3
2026-02-26,JHS,Jhansi Junction,16,3153,4000,0.788,High,3
2026-02-26,JHS,Jhansi Junction,17,4574,4000,1.143,Critical,3
2026-02-26,JHS,Jhansi Junction,18,6796,4000,1.699,Critical,3
2026-02-26,JHS,Jhansi Junction,19,7237,4000,1.809,Critical,3
2026-02-26,JHS,Jhansi Junction,20,3488,4000,0.872,High,3
2026-02-26,JHS,Jhansi Junction,21,3379,4000,0.845,High,3
2026-02-26,JHS,Jhansi Junction,22,2667,4000,0.667,Moderate,3
2026-02-26,JHS,Jhansi Junction,23,2780,4000,0.695,Moderate,3
2026-02-26,GWL,Gwalior Junction,0,410,2500,0.164,Low,3
2026-02-26,GWL,Gwalior Junction,1,277,2500,0.111,Low,3
2026-02-26,GWL,Gwalior Junction,2,284,2500,0.114,Low,3
2026-02-26,GWL,Gwalior Junction,3,414,2500,0.166,Low,3
2026-02-26,GWL,Gwalior Junction,4,374,2500,0.15,Low,3
2026-02-26,GWL,Gwalior Junction,5,1705,2500,0.682,Moderate,3
2026-02-26,GWL,Gwalior Junction,6,1816,2500,0.726,High,3
2026-02-26,GWL,Gwalior Junction,7,5231,2500,2.092,Critical,3
2026-02-26,GWL,Gwalior Junction,8,6852,2500,2.741,Critical,3
2026-02-26,GWL,Gwalior Junction,9,4365,2500,1.746,Critical,3
2026-02-26,GWL,Gwalior Junction,10,2515,2500,1.006,Critical,3
2026-02-26,GWL,Gwalior Junction,11,2993,2500,1.197,Critical,3
2026-02-26,GWL,Gwalior Junction,12,1648,2500,0.659,Moderate,3
2026-02-26,GWL,Gwalior Junction,13,1882,2500,0.753,High,3
2026-02-26,GWL,Gwalior Junction,14,1571,2500,0.628,Moderate,3
2026-02-26,GWL,Gwalior Junction,15,2919,2500,1.168,Critical,3
2026-02-26,GWL,Gwalior Junction,16,2786,2500,1.114,Critical,3
2026-02-26,GWL,Gwalior Junction,17,5506,2500,2.202,Critical,3
2026-02-26,GWL,Gwalior Junction,18,6392,2500,2.557,Critical,3
2026-02-26,GWL,Gwalior Junction,19,3920,2500,1.568,Critical,3
2026-02-26,GWL,Gwalior Junction,20,2758,2500,1.103,Critical,3
2026-02-26,GWL,Gwalior Junction,21,2742,2500,1.097,Critical,3
2026-02-26,GWL,Gwalior Junction,22,1630,2500,0.652,Moderate,3
2026-02-26,GWL,Gwalior Junction,23,2346,2500,0.938,Critical,3
2026-02-26,AGC,Agra Cantt,0,286,3000,0.095,Low,3
2026-02-26,AGC,Agra Cantt,1,601,3000,0.2,Low,3
2026-02-26,AGC,Agra Cantt,2,206,3000,0.069,Low,3
2026-02-26,AGC,Agra Cantt,3,594,3000,0.198,Low,3
2026-02-26,AGC,Agra Cantt,4,446,3000,0.149,Low,3
2026-02-26,AGC,Agra Cantt,5,2147,3000,0.716,High,3
2026-02-26,AGC,Agra Cantt,6,2491,3000,0.83,High,3
2026-02-26,AGC,Agra Cantt,7,7884,3000,2.628,Critical,3
2026-02-26,AGC,Agra Cantt,8,7232,3000,2.411,Critical,3
2026-02-26,AGC,Agra Cantt,9,5687,3000,1.896,Critical,3
2026-02-26,AGC,Agra Cantt,10,3512,3000,1.171,Critical,3
2026-02-26,AGC,Agra Cantt,11,4841,3000,1.614,Critical,3
2026-02-26,AGC,Agra Cantt,12,2669,3000,0.89,High,3
2026-02-26,AGC,Agra Cantt,13,3304,3000,1.101,Critical,3
2026-02-26,AGC,Agra Cantt,14,2046,3000,0.682,Moderate,3
2026-02-26,AGC,Agra Cantt,15,4167,3000,1.389,Critical,3
2026-02-26,AGC,Agra Cantt,16,4239,3000,1.413,Critical,3
2026-02-26,AGC,Agra Cantt,17,8122,3000,2.707,Critical,3
2026-02-26,AGC,Agra Cantt,18,8104,3000,2.701,Critical,3
2026-02-26,AGC,Agra Cantt,19,5177,3000,1.726,Critical,3
2026-02-26,AGC,Agra Cantt,20,4748,3000,1.583,Critical,3
2026-02-26,AGC,Agra Cantt,21,5037,3000,1.679,Critical,3
2026-02-26,AGC,Agra Cantt,22,2391,3000,0.797,High,3
2026-02-26,AGC,Agra Cantt,23,1885,3000,0.628,Moderate,3
2026-02-25,MMCT,Mumbai Central,0,1955,4000,0.489,Moderate,2
2026-02-25,MMCT,Mumbai Central,1,1437,4000,0.359,Low,2
2026-02-25,MMCT,Mumbai Central,2,751,4000,0.188,Low,2
2026-02-25,MMCT,Mumbai Central,3,765,4000,0.191,Low,2
2026-02-25,MMCT,Mumbai Central,4,954,4000,0.238,Low,2
2026-02-25,MMCT,Mumbai Central,5,5834,4000,1.458,Critical,2
2026-02-25,MMCT,Mumbai Central,6,6559,4000,1.64,Critical,2
2026-02-25,MMCT,Mumbai Central,7,17796,4000,4.449,Critical,2
2026-02-25,MMCT,Mumbai Central,8,17101,4000,4.275,Critical,2
2026-02-25,MMCT,Mumbai Central,9,20401,4000,5.1,Critical,2
2026-02-25,MMCT,Mumbai Central,10,6791,4000,1.698,Critical,2
2026-02-25,MMCT,Mumbai Central,11,10912,4000,2.728,Critical,2
2026-02-25,MMCT,Mumbai Central,12,8007,4000,2.002,Critical,2
2026-02-25,MMCT,Mumbai Central,13,6555,4000,1.639,Critical,2
2026-02-25,MMCT,Mumbai Central,14,7832,4000,1.958,Critical,2
2026-02-25,MMCT,Mumbai Central,15,9482,4000,2.37,Critical,2
2026-02-25,MMCT,Mumbai Central,16,9441,4000,2.36,Critical,2
2026-02-25,MMCT,Mumbai Central,17,15917,4000,3.979,Critical,2
2026-02-25,MMCT,Mumbai Central,18,19073,4000,4.768,Critical,2
2026-02-25,MMCT,Mumbai Central,19,13939,4000,3.485,Critical,2
2026-02-25,MMCT,Mumbai Central,20,12746,4000,3.187,Critical,2
2026-02-25,MMCT,Mumbai Central,21,6441,4000,1.61,Critical,2
2026-02-25,MMCT,Mumbai Central,22,6585,4000,1.646,Critical,2
2026-02-25,MMCT,Mumbai Central,23,6614,4000,1.653,Critical,2
2026-02-25,BVI,Borivali,0,780,3000,0.26,Low,2
2026-02-25,BVI,Borivali,1,365,3000,0.122,Low,2
2026-02-25,BVI,Borivali,2,727,3000,0.242,Low,2
2026-02-25,BVI,Borivali,3,664,3000,0.221,Low,2
2026-02-25,BVI,Borivali,4,900,3000,0.3,Low,2
2026-02-25,BVI,Borivali,5,3773,3000,1.258,Critical,2
2026-02-25,BVI,Borivali,6,4172,3000,1.391,Critical,2
2026-02-25,BVI,Borivali,7,8848,3000,2.949,Critical,2
2026-02-25,BVI,Borivali,8,12480,3000,4.16,Critical,2
2026-02-25,BVI,Borivali,9,9852,3000,3.284,Critical,2
2026-02-25,BVI,Borivali,10,4283,3000,1.428,Critical,2
2026-02-25,BVI,Borivali,11,4528,3000,1.509,Critical,2
2026-02-25,BVI,Borivali,12,4204,3000,1.401,Critical,2
2026-02-25,BVI,Borivali,13,3484,3000,1.161,Critical,2
2026-02-25,BVI,Borivali,14,3585,3000,1.195,Critical,2
2026-02-25,BVI,Borivali,15,4951,3000,1.65,Critical,2
2026-02-25,BVI,Borivali,16,5047,3000,1.682,Critical,2
2026-02-25,BVI,Borivali,17,7082,3000,2.361,Critical,2
2026-02-25,BVI,Borivali,18,7668,3000,2.556,Critical,2
2026-02-25,BVI,Borivali,19,8075,3000,2.692,Critical,2
2026-02-25,BVI,Borivali,20,4107,3000,1.369,Critical,2
2026-02-25,BVI,Borivali,21,4543,3000,1.514,Critical,2
2026-02-25,BVI,Borivali,22,4194,3000,1.398,Critical,2
2026-02-25,BVI,Borivali,23,2344,3000,0.781,High,2
2026-02-25,BL,Valsad,0,84,1500,0.056,Low,2
2026-02-25,BL,Valsad,1,61,1500,0.041,Low,2
2026-02-25,BL,Valsad,2,69,1500,0.046,Low,2
2026-02-25,BL,Valsad,3,150,1500,0.1,Low,2
2026-02-25,BL,Valsad,4,75,1500,0.05,Low,2
2026-02-25,BL,Valsad,5,714,1500,0.476,Moderate,2
2026-02-25,BL,Valsad,6,656,1500,0.437,Moderate,2
2026-02-25,BL,Valsad,7,2242,1500,1.495,Critical,2
2026-02-25,BL,Valsad,8,2166,1500,1.444,Critical,2
2026-02-25,BL,Valsad,9,1309,1500,0.873,High,2
2026-02-25,BL,Valsad,10,862,1500,0.575,Moderate,2
2026-02-25,BL,Valsad,11,849,1500,0.566,Moderate,2
2026-02-25,BL,Valsad,12,556,1500,0.371,Low,2
2026-02-25,BL,Valsad,13,466,1500,0.311,Low,2
2026-02-25,BL,Valsad,14,717,1500,0.478,Moderate,2
2026-02-25,BL,Valsad,15,725,1500,0.483,Moderate,2
2026-02-25,BL,Valsad,16,634,1500,0.423,Moderate,2
2026-02-25,BL,Valsad,17,2103,1500,1.402,Critical,2
2026-02-25,BL,Valsad,18,1994,1500,1.329,Critical,2
2026-02-25,BL,Valsad,19,1561,1500,1.041,Critical,2
2026-02-25,BL,Valsad,20,1169,1500,0.779,High,2
2026-02-25,BL,Valsad,21,1025,1500,0.683,Moderate,2
2026-02-25,BL,Valsad,22,581,1500,0.387,Low,2
2026-02-25,BL,Valsad,23,654,1500,0.436,Moderate,2
2026-02-25,ST,Surat,0,1205,3000,0.402,Moderate,2
2026-02-25,ST,Surat,1,848,3000,0.283,Low,2
2026-02-25,ST,Surat,2,502,3000,0.167,Low,2
2026-02-25,ST,Surat,3,901,3000,0.3,Low,2
2026-02-25,ST,Surat,4,855,3000,0.285,Low,2
2026-02-25,ST,Surat,5,3314,3000,1.105,Critical,2
2026-02-25,ST,Surat,6,3378,3000,1.126,Critical,2
2026-02-25,ST,Surat,7,11594,3000,3.865,Critical,2
2026-02-25,ST,Surat,8,9574,3000,3.191,Critical,2
2026-02-25,ST,Surat,9,16505,3000,5.502,Critical,2
2026-02-25,ST,Surat,10,7267,3000,2.422,Critical,2
2026-02-25,ST,Surat,11,6215,3000,2.072,Critical,2
2026-02-25,ST,Surat,12,4456,3000,1.485,Critical,2
2026-02-25,ST,Surat,13,3963,3000,1.321,Critical,2
2026-02-25,ST,Surat,14,3094,3000,1.031,Critical,2
2026-02-25,ST,Surat,15,5132,3000,1.711,Critical,2
2026-02-25,ST,Surat,16,6302,3000,2.101,Critical,2
2026-02-25,ST,Surat,17,11942,3000,3.981,Critical,2
2026-02-25,ST,Surat,18,12477,3000,4.159,Critical,2
2026-02-25,ST,Surat,19,9695,3000,3.232,Critical,2
2026-02-25,ST,Surat,20,5265,3000,1.755,Critical,2
2026-02-25,ST,Surat,21,4053,3000,1.351,Critical,2
2026-02-25,ST,Surat,22,3654,3000,1.218,Critical,2
2026-02-25,ST,Surat,23,3611,3000,1.204,Critical,2
2026-02-25,BRC,Vadodara Junction,0,779,3500,0.223,Low,2
2026-02-25,BRC,Vadodara Junction,1,794,3500,0.227,Low,2
2026-02-25,BRC,Vadodara Junction,2,393,3500,0.112,Low,2
2026-02-25,BRC,Vadodara Junction,3,807,3500,0.231,Low,2
2026-02-25,BRC,Vadodara Junction,4,596,3500,0.17,Low,2
2026-02-25,BRC,Vadodara Junction,5,3394,3500,0.97,Critical,2
2026-02-25,BRC,Vadodara Junction,6,2602,3500,0.743,High,2
2026-02-25,BRC,Vadodara Junction,7,8317,3500,2.376,Critical,2
2026-02-25,BRC,Vadodara Junction,8,9805,3500,2.801,Critical,2
2026-02-25,BRC,Vadodara Junction,9,6652,3500,1.901,Critical,2
2026-02-25,BRC,Vadodara Junction,10,6881,3500,1.966,Critical,2
2026-02-25,BRC,Vadodara Junction,11,5158,3500,1.474,Critical,2
2026-02-25,BRC,Vadodara Junction,12,2769,3500,0.791,High,2
2026-02-25,BRC,Vadodara Junction,13,3816,3500,1.09,Critical,2
2026-02-25,BRC,Vadodara Junction,14,2782,3500,0.795,High,2
2026-02-25,BRC,Vadodara Junction,15,6441,3500,1.84,Critical,2
2026-02-25,BRC,Vadodara Junction,16,6100,3500,1.743,Critical,2
2026-02-25,BRC,Vadodara Junction,17,6409,3500,1.831,Critical,2
2026-02-25,BRC,Vadodara Junction,18,11567,3500,3.305,Critical,2
2026-02-25,BRC,Vadodara Junction,19,11195,3500,3.199,Critical,2
2026-02-25,BRC,Vadodara Junction,20,5100,3500,1.457,Critical,2
2026-02-25,BRC,Vadodara Junction,21,5683,3500,1.624,Critical,2
2026-02-25,BRC,Vadodara Junction,22,4484,3500,1.281,Critical,2
2026-02-25,BRC,Vadodara Junction,23,4428,3500,1.265,Critical,2
2026-02-25,RTM,Ratlam Junction,0,345,2500,0.138,Low,2
2026-02-25,RTM,Ratlam Junction,1,287,2500,0.115,Low,2
2026-02-25,RTM,Ratlam Junction,2,378,2500,0.151,Low,2
2026-02-25,RTM,Ratlam Junction,3,233,2500,0.093,Low,2
2026-02-25,RTM,Ratlam Junction,4,287,2500,0.115,Low,2
2026-02-25,RTM,Ratlam Junction,5,1779,2500,0.712,High,2
2026-02-25,RTM,Ratlam Junction,6,1433,2500,0.573,Moderate,2
2026-02-25,RTM,Ratlam Junction,7,3997,2500,1.599,Critical,2
2026-02-25,RTM,Ratlam Junction,8,4379,2500,1.752,Critical,2
2026-02-25,RTM,Ratlam Junction,9,3452,2500,1.381,Critical,2
2026-02-25,RTM,Ratlam Junction,10,1798,2500,0.719,High,2
2026-02-25,RTM,Ratlam Junction,11,1731,2500,0.692,Moderate,2
2026-02-25,RTM,Ratlam Junction,12,1317,2500,0.527,Moderate,2
2026-02-25,RTM,Ratlam Junction,13,1235,2500,0.494,Moderate,2
2026-02-25,RTM,Ratlam Junction,14,1091,2500,0.436,Moderate,2
2026-02-25,RTM,Ratlam Junction,15,2007,2500,0.803,High,2
2026-02-25,RTM,Ratlam Junction,16,2820,2500,1.128,Critical,2
2026-02-25,RTM,Ratlam Junction,17,4278,2500,1.711,Critical,2
2026-02-25,RTM,Ratlam Junction,18,4096,2500,1.638,Critical,2
2026-02-25,RTM,Ratlam Junction,19,3435,2500,1.374,Critical,2
2026-02-25,RTM,Ratlam Junction,20,2014,2500,0.806,High,2
2026-02-25,RTM,Ratlam Junction,21,1904,2500,0.762,High,2
2026-02-25,RTM,Ratlam Junction,22,1772,2500,0.709,High,2
2026-02-25,RTM,Ratlam Junction,23,1040,2500,0.416,Moderate,2
2026-02-25,KOTA,Kota Junction,0,338,3000,0.113,Low,2
2026-02-25,KOTA,Kota Junction,1,315,3000,0.105,Low,2
2026-02-25,KOTA,Kota Junction,2,291,3000,0.097,Low,2
2026-02-25,KOTA,Kota Junction,3,267,3000,0.089,Low,2
2026-02-25,KOTA,Kota Junction,4,231,3000,0.077,Low,2
2026-02-25,KOTA,Kota Junction,5,2391,3000,0.797,High,2
2026-02-25,KOTA,Kota Junction,6,1910,3000,0.637,Moderate,2
2026-02-25,KOTA,Kota Junction,7,7661,3000,2.554,Critical,2
2026-02-25,KOTA,Kota Junction,8,4465,3000,1.488,Critical,2
2026-02-25,KOTA,Kota Junction,9,3597,3000,1.199,Critical,2
2026-02-25,KOTA,Kota Junction,10,2943,3000,0.981,Critical,2
2026-02-25,KOTA,Kota Junction,11,3997,3000,1.332,Critical,2
2026-02-25,KOTA,Kota Junction,12,1805,3000,0.602,Moderate,2
2026-02-25,KOTA,Kota Junction,13,2427,3000,0.809,High,2
2026-02-25,KOTA,Kota Junction,14,1795,3000,0.598,Moderate,2
2026-02-25,KOTA,Kota Junction,15,3147,3000,1.049,Critical,2
2026-02-25,KOTA,Kota Junction,16,3082,3000,1.027,Critical,2
2026-02-25,KOTA,Kota Junction,17,6087,3000,2.029,Critical,2
2026-02-25,KOTA,Kota Junction,18,7142,3000,2.381,Critical,2
2026-02-25,KOTA,Kota Junction,19,6400,3000,2.133,Critical,2
2026-02-25,KOTA,Kota Junction,20,2592,3000,0.864,High,2
2026-02-25,KOTA,Kota Junction,21,3766,3000,1.255,Critical,2
2026-02-25,KOTA,Kota Junction,22,1941,3000,0.647,Moderate,2
2026-02-25,KOTA,Kota Junction,23,1618,3000,0.539,Moderate,2
2026-02-25,SWM,Sawai Madhopur,0,162,2000,0.081,Low,2
2026-02-25,SWM,Sawai Madhopur,1,135,2000,0.068,Low,2
2026-02-25,SWM,Sawai Madhopur,2,115,2000,0.058,Low,2
2026-02-25,SWM,Sawai Madhopur,3,231,2000,0.116,Low,2
2026-02-25,SWM,Sawai Madhopur,4,121,2000,0.06,Low,2
2026-02-25,SWM,Sawai Madhopur,5,725,2000,0.362,Low,2
2026-02-25,SWM,Sawai Madhopur,6,835,2000,0.417,Moderate,2
2026-02-25,SWM,Sawai Madhopur,7,2587,2000,1.294,Critical,2
2026-02-25,SWM,Sawai Madhopur,8,2397,2000,1.198,Critical,2
2026-02-25,SWM,Sawai Madhopur,9,1989,2000,0.995,Critical,2
2026-02-25,SWM,Sawai Madhopur,10,1106,2000,0.553,Moderate,2
2026-02-25,SWM,Sawai Madhopur,11,1375,2000,0.688,Moderate,2
2026-02-25,SWM,Sawai Madhopur,12,1157,2000,0.579,Moderate,2
2026-02-25,SWM,Sawai Madhopur,13,596,2000,0.298,Low,2
2026-02-25,SWM,Sawai Madhopur,14,843,2000,0.421,Moderate,2
2026-02-25,SWM,Sawai Madhopur,15,1089,2000,0.544,Moderate,2
2026-02-25,SWM,Sawai Madhopur,16,1268,2000,0.634,Moderate,2
2026-02-25,SWM,Sawai Madhopur,17,1821,2000,0.91,Critical,2
2026-02-25,SWM,Sawai Madhopur,18,1886,2000,0.943,Critical,2
2026-02-25,SWM,Sawai Madhopur,19,2425,2000,1.212,Critical,2
2026-02-25,SWM,Sawai Madhopur,20,967,2000,0.483,Moderate,2
2026-02-25,SWM,Sawai Madhopur,21,1335,2000,0.667,Moderate,2
2026-02-25,SWM,Sawai Madhopur,22,690,2000,0.345,Low,2
2026-02-25,SWM,Sawai Madhopur,23,675,2000,0.338,Low,2
2026-02-25,MTJ,Mathura Junction,0,717,3000,0.239,Low,2
2026-02-25,MTJ,Mathura Junction,1,636,3000,0.212,Low,2
2026-02-25,MTJ,Mathura Junction,2,327,3000,0.109,Low,2
2026-02-25,MTJ,Mathura Junction,3,603,3000,0.201,Low,2
2026-02-25,MTJ,Mathura Junction,4,414,3000,0.138,Low,2
2026-02-25,MTJ,Mathura Junction,5,2311,3000,0.77,High,2
2026-02-25,MTJ,Mathura Junction,6,2342,3000,0.781,High,2
2026-02-25,MTJ,Mathura Junction,7,5354,3000,1.785,Critical,2
2026-02-25,MTJ,Mathura Junction,8,5416,3000,1.805,Critical,2
2026-02-25,MTJ,Mathura Junction,9,9218,3000,3.073,Critical,2
2026-02-25,MTJ,Mathura Junction,10,3126,3000,1.042,Critical,2
2026-02-25,MTJ,Mathura Junction,11,3831,3000,1.277,Critical,2
2026-02-25,MTJ,Mathura Junction,12,2082,3000,0.694,Moderate,2
2026-02-25,MTJ,Mathura Junction,13,2188,3000,0.729,High,2
2026-02-25,MTJ,Mathura Junction,14,1947,3000,0.649,Moderate,2
2026-02-25,MTJ,Mathura Junction,15,3910,3000,1.303,Critical,2
2026-02-25,MTJ,Mathura Junction,16,4185,3000,1.395,Critical,2
2026-02-25,MTJ,Mathura Junction,17,7025,3000,2.342,Critical,2
2026-02-25,MTJ,Mathura Junction,18,6388,3000,2.129,Critical,2
2026-02-25,MTJ,Mathura Junction,19,6621,3000,2.207,Critical,2
2026-02-25,MTJ,Mathura Junction,20,3939,3000,1.313,Critical,2
2026-02-25,MTJ,Mathura Junction,21,2928,3000,0.976,Critical,2
2026-02-25,MTJ,Mathura Junction,22,1906,3000,0.635,Moderate,2
2026-02-25,MTJ,Mathura Junction,23,2026,3000,0.675,Moderate,2
2026-02-25,NDLS,New Delhi,0,2847,8000,0.356,Low,2
2026-02-25,NDLS,New Delhi,1,6365,8000,0.796,High,2
2026-02-25,NDLS,New Delhi,2,3251,8000,0.406,Moderate,2
2026-02-25,NDLS,New Delhi,3,3358,8000,0.42,Moderate,2
2026-02-25,NDLS,New Delhi,4,4238,8000,0.53,Moderate,2
2026-02-25,NDLS,New Delhi,5,18969,8000,2.371,Critical,2
2026-02-25,NDLS,New Delhi,6,17848,8000,2.231,Critical,2
2026-02-25,NDLS,New Delhi,7,54116,8000,6.764,Critical,2
2026-02-25,NDLS,New Delhi,8,44778,8000,5.597,Critical,2
2026-02-25,NDLS,New Delhi,9,45283,8000,5.66,Critical,2
2026-02-25,NDLS,New Delhi,10,34326,8000,4.291,Critical,2
2026-02-25,NDLS,New Delhi,11,31662,8000,3.958,Critical,2
2026-02-25,NDLS,New Delhi,12,15505,8000,1.938,Critical,2
2026-02-25,NDLS,New Delhi,13,23401,8000,2.925,Critical,2
2026-02-25,NDLS,New Delhi,14,16675,8000,2.084,Critical,2
2026-02-25,NDLS,New Delhi,15,34482,8000,4.31,Critical,2
2026-02-25,NDLS,New Delhi,16,22703,8000,2.838,Critical,2
2026-02-25,NDLS,New Delhi,17,49165,8000,6.146,Critical,2
2026-02-25,NDLS,New Delhi,18,61991,8000,7.749,Critical,2
2026-02-25,NDLS,New Delhi,19,35282,8000,4.41,Critical,2
2026-02-25,NDLS,New Delhi,20,23987,8000,2.998,Critical,2
2026-02-25,NDLS,New Delhi,21,23612,8000,2.951,Critical,2
2026-02-25,NDLS,New Delhi,22,19456,8000,2.432,Critical,2
2026-02-25,NDLS,New Delhi,23,16993,8000,2.124,Critical,2
2026-02-25,CSMT,Mumbai CSMT,0,2764,9000,0.307,Low,2
2026-02-25,CSMT,Mumbai CSMT,1,4557,9000,0.506,Moderate,2
2026-02-25,CSMT,Mumbai CSMT,2,2624,9000,0.292,Low,2
2026-02-25,CSMT,Mumbai CSMT,3,3826,9000,0.425,Moderate,2
2026-02-25,CSMT,Mumbai CSMT,4,2349,9000,0.261,Low,2
2026-02-25,CSMT,Mumbai CSMT,5,11508,9000,1.279,Critical,2
2026-02-25,CSMT,Mumbai CSMT,6,10996,9000,1.222,Critical,2
2026-02-25,CSMT,Mumbai CSMT,7,41558,9000,4.618,Critical,2
2026-02-25,CSMT,Mumbai CSMT,8,43201,9000,4.8,Critical,2
2026-02-25,CSMT,Mumbai CSMT,9,45013,9000,5.001,Critical,2
2026-02-25,CSMT,Mumbai CSMT,10,20701,9000,2.3,Critical,2
2026-02-25,CSMT,Mumbai CSMT,11,17809,9000,1.979,Critical,2
2026-02-25,CSMT,Mumbai CSMT,12,17299,9000,1.922,Critical,2
2026-02-25,CSMT,Mumbai CSMT,13,11011,9000,1.223,Critical,2
2026-02-25,CSMT,Mumbai CSMT,14,14432,9000,1.604,Critical,2
2026-02-25,CSMT,Mumbai CSMT,15,24655,9000,2.739,Critical,2
2026-02-25,CSMT,Mumbai CSMT,16,19557,9000,2.173,Critical,2
2026-02-25,CSMT,Mumbai CSMT,17,34701,9000,3.856,Critical,2
2026-02-25,CSMT,Mumbai CSMT,18,38273,9000,4.253,Critical,2
2026-02-25,CSMT,Mumbai CSMT,19,38756,9000,4.306,Critical,2
2026-02-25,CSMT,Mumbai CSMT,20,18760,9000,2.084,Critical,2
2026-02-25,CSMT,Mumbai CSMT,21,21648,9000,2.405,Critical,2
2026-02-25,CSMT,Mumbai CSMT,22,13115,9000,1.457,Critical,2
2026-02-25,CSMT,Mumbai CSMT,23,15521,9000,1.725,Critical,2
2026-02-25,KYN,Kalyan Junction,0,408,4000,0.102,Low,2
2026-02-25,KYN,Kalyan Junction,1,1324,4000,0.331,Low,2
2026-02-25,KYN,Kalyan Junction,2,1054,4000,0.264,Low,2
2026-02-25,KYN,Kalyan Junction,3,989,4000,0.247,Low,2
2026-02-25,KYN,Kalyan Junction,4,906,4000,0.227,Low,2
2026-02-25,KYN,Kalyan Junction,5,4216,4000,1.054,Critical,2
2026-02-25,KYN,Kalyan Junction,6,3712,4000,0.928,Critical,2
2026-02-25,KYN,Kalyan Junction,7,7388,4000,1.847,Critical,2
2026-02-25,KYN,Kalyan Junction,8,10918,4000,2.729,Critical,2
2026-02-25,KYN,Kalyan Junction,9,10363,4000,2.591,Critical,2
2026-02-25,KYN,Kalyan Junction,10,6016,4000,1.504,Critical,2
2026-02-25,KYN,Kalyan Junction,11,6138,4000,1.534,Critical,2
2026-02-25,KYN,Kalyan Junction,12,3393,4000,0.848,High,2
2026-02-25,KYN,Kalyan Junction,13,4650,4000,1.163,Critical,2
2026-02-25,KYN,Kalyan Junction,14,4441,4000,1.11,Critical,2
2026-02-25,KYN,Kalyan Junction,15,6620,4000,1.655,Critical,2
2026-02-25,KYN,Kalyan Junction,16,6705,4000,1.676,Critical,2
2026-02-25,KYN,Kalyan Junction,17,11387,4000,2.847,Critical,2
2026-02-25,KYN,Kalyan Junction,18,11073,4000,2.768,Critical,2
2026-02-25,KYN,Kalyan Junction,19,14560,4000,3.64,Critical,2
2026-02-25,KYN,Kalyan Junction,20,6621,4000,1.655,Critical,2
2026-02-25,KYN,Kalyan Junction,21,5232,4000,1.308,Critical,2
2026-02-25,KYN,Kalyan Junction,22,3582,4000,0.895,High,2
2026-02-25,KYN,Kalyan Junction,23,3428,4000,0.857,High,2
2026-02-25,NMD,Nashik Road,0,406,2000,0.203,Low,2
2026-02-25,NMD,Nashik Road,1,304,2000,0.152,Low,2
2026-02-25,NMD,Nashik Road,2,353,2000,0.176,Low,2
2026-02-25,NMD,Nashik Road,3,247,2000,0.123,Low,2
2026-02-25,NMD,Nashik Road,4,443,2000,0.222,Low,2
2026-02-25,NMD,Nashik Road,5,2127,2000,1.063,Critical,2
2026-02-25,NMD,Nashik Road,6,1618,2000,0.809,High,2
2026-02-25,NMD,Nashik Road,7,5235,2000,2.618,Critical,2
2026-02-25,NMD,Nashik Road,8,4260,2000,2.13,Critical,2
2026-02-25,NMD,Nashik Road,9,5130,2000,2.565,Critical,2
2026-02-25,NMD,Nashik Road,10,3129,2000,1.565,Critical,2
2026-02-25,NMD,Nashik Road,11,2940,2000,1.47,Critical,2
2026-02-25,NMD,Nashik Road,12,2082,2000,1.041,Critical,2
2026-02-25,NMD,Nashik Road,13,1843,2000,0.921,Critical,2
2026-02-25,NMD,Nashik Road,14,1245,2000,0.623,Moderate,2
2026-02-25,NMD,Nashik Road,15,2551,2000,1.276,Critical,2
2026-02-25,NMD,Nashik Road,16,2060,2000,1.03,Critical,2
2026-02-25,NMD,Nashik Road,17,5573,2000,2.787,Critical,2
2026-02-25,NMD,Nashik Road,18,3346,2000,1.673,Critical,2
2026-02-25,NMD,Nashik Road,19,3592,2000,1.796,Critical,2
2026-02-25,NMD,Nashik Road,20,2658,2000,1.329,Critical,2
2026-02-25,NMD,Nashik Road,21,2021,2000,1.01,Critical,2
2026-02-25,NMD,Nashik Road,22,1846,2000,0.923,Critical,2
2026-02-25,NMD,Nashik Road,23,2065,2000,1.032,Critical,2
2026-02-25,MMR,Manmad Junction,0,148,2500,0.059,Low,2
2026-02-25,MMR,Manmad Junction,1,266,2500,0.106,Low,2
2026-02-25,MMR,Manmad Junction,2,342,2500,0.137,Low,2
2026-02-25,MMR,Manmad Junction,3,326,2500,0.13,Low,2
2026-02-25,MMR,Manmad Junction,4,160,2500,0.064,Low,2
2026-02-25,MMR,Manmad Junction,5,1101,2500,0.44,Moderate,2
2026-02-25,MMR,Manmad Junction,6,1212,2500,0.485,Moderate,2
2026-02-25,MMR,Manmad Junction,7,4598,2500,1.839,Critical,2
2026-02-25,MMR,Manmad Junction,8,3468,2500,1.387,Critical,2
2026-02-25,MMR,Manmad Junction,9,2413,2500,0.965,Critical,2
2026-02-25,MMR,Manmad Junction,10,1862,2500,0.745,High,2
2026-02-25,MMR,Manmad Junction,11,1817,2500,0.727,High,2
2026-02-25,MMR,Manmad Junction,12,1417,2500,0.567,Moderate,2
2026-02-25,MMR,Manmad Junction,13,1170,2500,0.468,Moderate,2
2026-02-25,MMR,Manmad Junction,14,1230,2500,0.492,Moderate,2
2026-02-25,MMR,Manmad Junction,15,1685,2500,0.674,Moderate,2
2026-02-25,MMR,Manmad Junction,16,1469,2500,0.588,Moderate,2
2026-02-25,MMR,Manmad Junction,17,2618,2500,1.047,Critical,2
2026-02-25,MMR,Manmad Junction,18,3343,2500,1.337,Critical,2
2026-02-25,MMR,Manmad Junction,19,3862,2500,1.545,Critical,2
2026-02-25,MMR,Manmad Junction,20,1224,2500,0.49,Moderate,2
2026-02-25,MMR,Manmad Junction,21,2550,2500,1.02,Critical,2
2026-02-25,MMR,Manmad Junction,22,1344,2500,0.538,Moderate,2
2026-02-25,MMR,Manmad Junction,23,1349,2500,0.54,Moderate,2
2026-02-25,BSL,Bhusawal Junction,0,304,3000,0.101,Low,2
2026-02-25,BSL,Bhusawal Junction,1,585,3000,0.195,Low,2
2026-02-25,BSL,Bhusawal Junction,2,196,3000,0.065,Low,2
2026-02-25,BSL,Bhusawal Junction,3,364,3000,0.121,Low,2
2026-02-25,BSL,Bhusawal Junction,4,502,3000,0.167,Low,2
2026-02-25,BSL,Bhusawal Junction,5,1767,3000,0.589,Moderate,2
2026-02-25,BSL,Bhusawal Junction,6,1863,3000,0.621,Moderate,2
2026-02-25,BSL,Bhusawal Junction,7,4837,3000,1.612,Critical,2
2026-02-25,BSL,Bhusawal Junction,8,4352,3000,1.451,Critical,2
2026-02-25,BSL,Bhusawal Junction,9,5744,3000,1.915,Critical,2
2026-02-25,BSL,Bhusawal Junction,10,3057,3000,1.019,Critical,2
2026-02-25,BSL,Bhusawal Junction,11,2203,3000,0.734,High,2
2026-02-25,BSL,Bhusawal Junction,12,2079,3000,0.693,Moderate,2
2026-02-25,BSL,Bhusawal Junction,13,2375,3000,0.792,High,2
2026-02-25,BSL,Bhusawal Junction,14,1627,3000,0.542,Moderate,2
2026-02-25,BSL,Bhusawal Junction,15,2852,3000,0.951,Critical,2
2026-02-25,BSL,Bhusawal Junction,16,1868,3000,0.623,Moderate,2
2026-02-25,BSL,Bhusawal Junction,17,6532,3000,2.177,Critical,2
2026-02-25,BSL,Bhusawal Junction,18,4872,3000,1.624,Critical,2
2026-02-25,BSL,Bhusawal Junction,19,4359,3000,1.453,Critical,2
2026-02-25,BSL,Bhusawal Junction,20,3428,3000,1.143,Critical,2
2026-02-25,BSL,Bhusawal Junction,21,3496,3000,1.165,Critical,2
2026-02-25,BSL,Bhusawal Junction,22,1841,3000,0.614,Moderate,2
2026-02-25,BSL,Bhusawal Junction,23,1978,3000,0.659,Moderate,2
2026-02-25,ET,Itarsi Junction,0,338,3500,0.097,Low,2
2026-02-25,ET,Itarsi Junction,1,310,3500,0.089,Low,2
2026-02-25,ET,Itarsi Junction,2,498,3500,0.142,Low,2
2026-02-25,ET,Itarsi Junction,3,379,3500,0.108,Low,2
2026-02-25,ET,Itarsi Junction,4,419,3500,0.12,Low,2
2026-02-25,ET,Itarsi Junction,5,1316,3500,0.376,Low,2
2026-02-25,ET,Itarsi Junction,6,1784,3500,0.51,Moderate,2
2026-02-25,ET,Itarsi Junction,7,3801,3500,1.086,Critical,2
2026-02-25,ET,Itarsi Junction,8,3830,3500,1.094,Critical,2
2026-02-25,ET,Itarsi Junction,9,5781,3500,1.652,Critical,2
2026-02-25,ET,Itarsi Junction,10,2478,3500,0.708,High,2
2026-02-25,ET,Itarsi Junction,11,2432,3500,0.695,Moderate,2
2026-02-25,ET,Itarsi Junction,12,1697,3500,0.485,Moderate,2
2026-02-25,ET,Itarsi Junction,13,1624,3500,0.464,Moderate,2
2026-02-25,ET,Itarsi Junction,14,1734,3500,0.495,Moderate,2
2026-02-25,ET,Itarsi Junction,15,2137,3500,0.611,Moderate,2
2026-02-25,ET,Itarsi Junction,16,2784,3500,0.795,High,2
2026-02-25,ET,Itarsi Junction,17,4410,3500,1.26,Critical,2
2026-02-25,ET,Itarsi Junction,18,3435,3500,0.981,Critical,2
2026-02-25,ET,Itarsi Junction,19,6194,3500,1.77,Critical,2
2026-02-25,ET,Itarsi Junction,20,2057,3500,0.588,Moderate,2
2026-02-25,ET,Itarsi Junction,21,2312,3500,0.661,Moderate,2
2026-02-25,ET,Itarsi Junction,22,1124,3500,0.321,Low,2
2026-02-25,ET,Itarsi Junction,23,1308,3500,0.374,Low,2
2026-02-25,BPL,Bhopal Junction,0,788,3000,0.263,Low,2
2026-02-25,BPL,Bhopal Junction,1,506,3000,0.169,Low,2
2026-02-25,BPL,Bhopal Junction,2,335,3000,0.112,Low,2
2026-02-25,BPL,Bhopal Junction,3,527,3000,0.176,Low,2
2026-02-25,BPL,Bhopal Junction,4,390,3000,0.13,Low,2
2026-02-25,BPL,Bhopal Junction,5,2457,3000,0.819,High,2
2026-02-25,BPL,Bhopal Junction,6,2877,3000,0.959,Critical,2
2026-02-25,BPL,Bhopal Junction,7,8087,3000,2.696,Critical,2
2026-02-25,BPL,Bhopal Junction,8,7210,3000,2.403,Critical,2
2026-02-25,BPL,Bhopal Junction,9,8167,3000,2.722,Critical,2
2026-02-25,BPL,Bhopal Junction,10,4925,3000,1.642,Critical,2
2026-02-25,BPL,Bhopal Junction,11,4590,3000,1.53,Critical,2
2026-02-25,BPL,Bhopal Junction,12,2695,3000,0.898,High,2
2026-02-25,BPL,Bhopal Junction,13,3560,3000,1.187,Critical,2
2026-02-25,BPL,Bhopal Junction,14,3158,3000,1.053,Critical,2
2026-02-25,BPL,Bhopal Junction,15,3450,3000,1.15,Critical,2
2026-02-25,BPL,Bhopal Junction,16,4067,3000,1.356,Critical,2
2026-02-25,BPL,Bhopal Junction,17,8618,3000,2.873,Critical,2
2026-02-25,BPL,Bhopal Junction,18,7803,3000,2.601,Critical,2
2026-02-25,BPL,Bhopal Junction,19,7717,3000,2.572,Critical,2
2026-02-25,BPL,Bhopal Junction,20,5444,3000,1.815,Critical,2
2026-02-25,BPL,Bhopal Junction,21,4949,3000,1.65,Critical,2
2026-02-25,BPL,Bhopal Junction,22,2711,3000,0.904,Critical,2
2026-02-25,BPL,Bhopal Junction,23,2305,3000,0.768,High,2
2026-02-25,JHS,Jhansi Junction,0,380,4000,0.095,Low,2
2026-02-25,JHS,Jhansi Junction,1,473,4000,0.118,Low,2
2026-02-25,JHS,Jhansi Junction,2,392,4000,0.098,Low,2
2026-02-25,JHS,Jhansi Junction,3,533,4000,0.133,Low,2
2026-02-25,JHS,Jhansi Junction,4,509,4000,0.127,Low,2
2026-02-25,JHS,Jhansi Junction,5,2315,4000,0.579,Moderate,2
2026-02-25,JHS,Jhansi Junction,6,2055,4000,0.514,Moderate,2
2026-02-25,JHS,Jhansi Junction,7,5258,4000,1.315,Critical,2
2026-02-25,JHS,Jhansi Junction,8,4461,4000,1.115,Critical,2
2026-02-25,JHS,Jhansi Junction,9,6150,4000,1.538,Critical,2
2026-02-25,JHS,Jhansi Junction,10,3649,4000,0.912,Critical,2
2026-02-25,JHS,Jhansi Junction,11,3425,4000,0.856,High,2
2026-02-25,JHS,Jhansi Junction,12,2797,4000,0.699,Moderate,2
2026-02-25,JHS,Jhansi Junction,13,2543,4000,0.636,Moderate,2
2026-02-25,JHS,Jhansi Junction,14,2373,4000,0.593,Moderate,2
2026-02-25,JHS,Jhansi Junction,15,4039,4000,1.01,Critical,2
2026-02-25,JHS,Jhansi Junction,16,4022,4000,1.006,Critical,2
2026-02-25,JHS,Jhansi Junction,17,9036,4000,2.259,Critical,2
2026-02-25,JHS,Jhansi Junction,18,8695,4000,2.174,Critical,2
2026-02-25,JHS,Jhansi Junction,19,6575,4000,1.644,Critical,2
2026-02-25,JHS,Jhansi Junction,20,3160,4000,0.79,High,2
2026-02-25,JHS,Jhansi Junction,21,3477,4000,0.869,High,2
2026-02-25,JHS,Jhansi Junction,22,1787,4000,0.447,Moderate,2
2026-02-25,JHS,Jhansi Junction,23,1860,4000,0.465,Moderate,2
2026-02-25,GWL,Gwalior Junction,0,252,2500,0.101,Low,2
2026-02-25,GWL,Gwalior Junction,1,251,2500,0.1,Low,2
2026-02-25,GWL,Gwalior Junction,2,601,2500,0.24,Low,2
2026-02-25,GWL,Gwalior Junction,3,184,2500,0.074,Low,2
2026-02-25,GWL,Gwalior Junction,4,468,2500,0.187,Low,2
2026-02-25,GWL,Gwalior Junction,5,1389,2500,0.556,Moderate,2
2026-02-25,GWL,Gwalior Junction,6,1490,2500,0.596,Moderate,2
2026-02-25,GWL,Gwalior Junction,7,5702,2500,2.281,Critical,2
2026-02-25,GWL,Gwalior Junction,8,4982,2500,1.993,Critical,2
2026-02-25,GWL,Gwalior Junction,9,4645,2500,1.858,Critical,2
2026-02-25,GWL,Gwalior Junction,10,2664,2500,1.066,Critical,2
2026-02-25,GWL,Gwalior Junction,11,2959,2500,1.184,Critical,2
2026-02-25,GWL,Gwalior Junction,12,1543,2500,0.617,Moderate,2
2026-02-25,GWL,Gwalior Junction,13,2227,2500,0.891,High,2
2026-02-25,GWL,Gwalior Junction,14,2522,2500,1.009,Critical,2
2026-02-25,GWL,Gwalior Junction,15,2410,2500,0.964,Critical,2
2026-02-25,GWL,Gwalior Junction,16,2285,2500,0.914,Critical,2
2026-02-25,GWL,Gwalior Junction,17,4117,2500,1.647,Critical,2
2026-02-25,GWL,Gwalior Junction,18,6608,2500,2.643,Critical,2
2026-02-25,GWL,Gwalior Junction,19,5735,2500,2.294,Critical,2
2026-02-25,GWL,Gwalior Junction,20,2353,2500,0.941,Critical,2
2026-02-25,GWL,Gwalior Junction,21,2966,2500,1.186,Critical,2
2026-02-25,GWL,Gwalior Junction,22,1824,2500,0.73,High,2
2026-02-25,GWL,Gwalior Junction,23,1613,2500,0.645,Moderate,2
2026-02-25,AGC,Agra Cantt,0,607,3000,0.202,Low,2
2026-02-25,AGC,Agra Cantt,1,390,3000,0.13,Low,2
2026-02-25,AGC,Agra Cantt,2,600,3000,0.2,Low,2
2026-02-25,AGC,Agra Cantt,3,403,3000,0.134,Low,2
2026-02-25,AGC,Agra Cantt,4,486,3000,0.162,Low,2
2026-02-25,AGC,Agra Cantt,5,2090,3000,0.697,Moderate,2
2026-02-25,AGC,Agra Cantt,6,2263,3000,0.754,High,2
2026-02-25,AGC,Agra Cantt,7,8255,3000,2.752,Critical,2
2026-02-25,AGC,Agra Cantt,8,7012,3000,2.337,Critical,2
2026-02-25,AGC,Agra Cantt,9,6625,3000,2.208,Critical,2
2026-02-25,AGC,Agra Cantt,10,3799,3000,1.266,Critical,2
2026-02-25,AGC,Agra Cantt,11,4110,3000,1.37,Critical,2
2026-02-25,AGC,Agra Cantt,12,2196,3000,0.732,High,2
2026-02-25,AGC,Agra Cantt,13,2000,3000,0.667,Moderate,2
2026-02-25,AGC,Agra Cantt,14,2225,3000,0.742,High,2
2026-02-25,AGC,Agra Cantt,15,3001,3000,1.0,Critical,2
2026-02-25,AGC,Agra Cantt,16,4093,3000,1.364,Critical,2
2026-02-25,AGC,Agra Cantt,17,7055,3000,2.352,Critical,2
2026-02-25,AGC,Agra Cantt,18,6564,3000,2.188,Critical,2
2026-02-25,AGC,Agra Cantt,19,8276,3000,2.759,Critical,2
2026-02-25,AGC,Agra Cantt,20,3456,3000,1.152,Critical,2
2026-02-25,AGC,Agra Cantt,21,3226,3000,1.075,Critical,2
2026-02-25,AGC,Agra Cantt,22,2236,3000,0.745,High,2
2026-02-25,AGC,Agra Cantt,23,2583,3000,0.861,High,2
2026-02-24,MMCT,Mumbai Central,0,1028,4000,0.257,Low,1
2026-02-24,MMCT,Mumbai Central,1,1121,4000,0.28,Low,1
2026-02-24,MMCT,Mumbai Central,2,1364,4000,0.341,Low,1
2026-02-24,MMCT,Mumbai Central,3,1219,4000,0.305,Low,1
2026-02-24,MMCT,Mumbai Central,4,1246,4000,0.311,Low,1
2026-02-24,MMCT,Mumbai Central,5,6295,4000,1.574,Critical,1
2026-02-24,MMCT,Mumbai Central,6,8714,4000,2.179,Critical,1
2026-02-24,MMCT,Mumbai Central,7,16178,4000,4.045,Critical,1
2026-02-24,MMCT,Mumbai Central,8,17363,4000,4.341,Critical,1
2026-02-24,MMCT,Mumbai Central,9,13068,4000,3.267,Critical,1
2026-02-24,MMCT,Mumbai Central,10,7256,4000,1.814,Critical,1
2026-02-24,MMCT,Mumbai Central,11,12894,4000,3.224,Critical,1
2026-02-24,MMCT,Mumbai Central,12,8099,4000,2.025,Critical,1
2026-02-24,MMCT,Mumbai Central,13,6072,4000,1.518,Critical,1
2026-02-24,MMCT,Mumbai Central,14,5565,4000,1.391,Critical,1
2026-02-24,MMCT,Mumbai Central,15,6328,4000,1.582,Critical,1
2026-02-24,MMCT,Mumbai Central,16,7643,4000,1.911,Critical,1
2026-02-24,MMCT,Mumbai Central,17,22921,4000,5.73,Critical,1
2026-02-24,MMCT,Mumbai Central,18,20504,4000,5.126,Critical,1
2026-02-24,MMCT,Mumbai Central,19,14596,4000,3.649,Critical,1
2026-02-24,MMCT,Mumbai Central,20,8890,4000,2.223,Critical,1
2026-02-24,MMCT,Mumbai Central,21,10636,4000,2.659,Critical,1
2026-02-24,MMCT,Mumbai Central,22,6427,4000,1.607,Critical,1
2026-02-24,MMCT,Mumbai Central,23,5298,4000,1.325,Critical,1
2026-02-24,BVI,Borivali,0,382,3000,0.127,Low,1
2026-02-24,BVI,Borivali,1,521,3000,0.174,Low,1
2026-02-24,BVI,Borivali,2,423,3000,0.141,Low,1
2026-02-24,BVI,Borivali,3,697,3000,0.232,Low,1
2026-02-24,BVI,Borivali,4,407,3000,0.136,Low,1
2026-02-24,BVI,Borivali,5,2908,3000,0.969,Critical,1
2026-02-24,BVI,Borivali,6,3128,3000,1.043,Critical,1
2026-02-24,BVI,Borivali,7,10636,3000,3.545,Critical,1
2026-02-24,BVI,Borivali,8,12729,3000,4.243,Critical,1
2026-02-24,BVI,Borivali,9,12921,3000,4.307,Critical,1
2026-02-24,BVI,Borivali,10,4442,3000,1.481,Critical,1
2026-02-24,BVI,Borivali,11,5694,3000,1.898,Critical,1
2026-02-24,BVI,Borivali,12,3255,3000,1.085,Critical,1
2026-02-24,BVI,Borivali,13,3938,3000,1.313,Critical,1
2026-02-24,BVI,Borivali,14,3526,3000,1.175,Critical,1
2026-02-24,BVI,Borivali,15,4750,3000,1.583,Critical,1
2026-02-24,BVI,Borivali,16,4220,3000,1.407,Critical,1
2026-02-24,BVI,Borivali,17,8586,3000,2.862,Critical,1
2026-02-24,BVI,Borivali,18,9959,3000,3.32,Critical,1
2026-02-24,BVI,Borivali,19,9197,3000,3.066,Critical,1
2026-02-24,BVI,Borivali,20,7112,3000,2.371,Critical,1
2026-02-24,BVI,Borivali,21,4703,3000,1.568,Critical,1
2026-02-24,BVI,Borivali,22,3769,3000,1.256,Critical,1
2026-02-24,BVI,Borivali,23,3154,3000,1.051,Critical,1
2026-02-24,BL,Valsad,0,66,1500,0.044,Low,1
2026-02-24,BL,Valsad,1,168,1500,0.112,Low,1
2026-02-24,BL,Valsad,2,85,1500,0.057,Low,1
2026-02-24,BL,Valsad,3,113,1500,0.075,Low,1
2026-02-24,BL,Valsad,4,129,1500,0.086,Low,1
2026-02-24,BL,Valsad,5,740,1500,0.493,Moderate,1
2026-02-24,BL,Valsad,6,538,1500,0.359,Low,1
2026-02-24,BL,Valsad,7,1665,1500,1.11,Critical,1
2026-02-24,BL,Valsad,8,1952,1500,1.301,Critical,1
2026-02-24,BL,Valsad,9,1650,1500,1.1,Critical,1
2026-02-24,BL,Valsad,10,887,1500,0.591,Moderate,1
2026-02-24,BL,Valsad,11,771,1500,0.514,Moderate,1
2026-02-24,BL,Valsad,12,577,1500,0.385,Low,1
2026-02-24,BL,Valsad,13,610,1500,0.407,Moderate,1
2026-02-24,BL,Valsad,14,596,1500,0.397,Low,1
2026-02-24,BL,Valsad,15,1131,1500,0.754,High,1
2026-02-24,BL,Valsad,16,779,1500,0.519,Moderate,1
2026-02-24,BL,Valsad,17,1329,1500,0.886,High,1
2026-02-24,BL,Valsad,18,1756,1500,1.171,Critical,1
2026-02-24,BL,Valsad,19,1509,1500,1.006,Critical,1
2026-02-24,BL,Valsad,20,1115,1500,0.743,High,1
2026-02-24,BL,Valsad,21,1194,1500,0.796,High,1
2026-02-24,BL,Valsad,22,464,1500,0.309,Low,1
2026-02-24,BL,Valsad,23,492,1500,0.328,Low,1
2026-02-24,ST,Surat,0,894,3000,0.298,Low,1
2026-02-24,ST,Surat,1,756,3000,0.252,Low,1
2026-02-24,ST,Surat,2,1138,3000,0.379,Low,1
2026-02-24,ST,Surat,3,517,3000,0.172,Low,1
2026-02-24,ST,Surat,4,569,3000,0.19,Low,1
2026-02-24,ST,Surat,5,3821,3000,1.274,Critical,1
2026-02-24,ST,Surat,6,3439,3000,1.146,Critical,1
2026-02-24,ST,Surat,7,12839,3000,4.28,Critical,1
2026-02-24,ST,Surat,8,7001,3000,2.334,Critical,1
2026-02-24,ST,Surat,9,11151,3000,3.717,Critical,1
2026-02-24,ST,Surat,10,6832,3000,2.277,Critical,1
2026-02-24,ST,Surat,11,4428,3000,1.476,Critical,1
2026-02-24,ST,Surat,12,3764,3000,1.255,Critical,1
2026-02-24,ST,Surat,13,3234,3000,1.078,Critical,1
2026-02-24,ST,Surat,14,3611,3000,1.204,Critical,1
2026-02-24,ST,Surat,15,4905,3000,1.635,Critical,1
2026-02-24,ST,Surat,16,5427,3000,1.809,Critical,1
2026-02-24,ST,Surat,17,12108,3000,4.036,Critical,1
2026-02-24,ST,Surat,18,10735,3000,3.578,Critical,1
2026-02-24,ST,Surat,19,12516,3000,4.172,Critical,1
2026-02-24,ST,Surat,20,5659,3000,1.886,Critical,1
2026-02-24,ST,Surat,21,5673,3000,1.891,Critical,1
2026-02-24,ST,Surat,22,4361,3000,1.454,Critical,1
2026-02-24,ST,Surat,23,4850,3000,1.617,Critical,1
2026-02-24,BRC,Vadodara Junction,0,523,3500,0.149,Low,1
2026-02-24,BRC,Vadodara Junction,1,906,3500,0.259,Low,1
2026-02-24,BRC,Vadodara Junction,2,931,3500,0.266,Low,1
2026-02-24,BRC,Vadodara Junction,3,505,3500,0.144,Low,1
2026-02-24,BRC,Vadodara Junction,4,685,3500,0.196,Low,1
2026-02-24,BRC,Vadodara Junction,5,3372,3500,0.963,Critical,1
2026-02-24,BRC,Vadodara Junction,6,4309,3500,1.231,Critical,1
2026-02-24,BRC,Vadodara Junction,7,12650,3500,3.614,Critical,1
2026-02-24,BRC,Vadodara Junction,8,10943,3500,3.127,Critical,1
2026-02-24,BRC,Vadodara Junction,9,8672,3500,2.478,Critical,1
2026-02-24,BRC,Vadodara Junction,10,6575,3500,1.879,Critical,1
2026-02-24,BRC,Vadodara Junction,11,5559,3500,1.588,Critical,1
2026-02-24,BRC,Vadodara Junction,12,3121,3500,0.892,High,1
2026-02-24,BRC,Vadodara Junction,13,3513,3500,1.004,Critical,1
2026-02-24,BRC,Vadodara Junction,14,4424,3500,1.264,Critical,1
2026-02-24,BRC,Vadodara Junction,15,4909,3500,1.403,Critical,1
2026-02-24,BRC,Vadodara Junction,16,5940,3500,1.697,Critical,1
2026-02-24,BRC,Vadodara Junction,17,11330,3500,3.237,Critical,1
2026-02-24,BRC,Vadodara Junction,18,8329,3500,2.38,Critical,1
2026-02-24,BRC,Vadodara Junction,19,12758,3500,3.645,Critical,1
2026-02-24,BRC,Vadodara Junction,20,6194,3500,1.77,Critical,1
2026-02-24,BRC,Vadodara Junction,21,5258,3500,1.502,Critical,1
2026-02-24,BRC,Vadodara Junction,22,4346,3500,1.242,Critical,1
2026-02-24,BRC,Vadodara Junction,23,2927,3500,0.836,High,1
2026-02-24,RTM,Ratlam Junction,0,372,2500,0.149,Low,1
2026-02-24,RTM,Ratlam Junction,1,328,2500,0.131,Low,1
2026-02-24,RTM,Ratlam Junction,2,311,2500,0.124,Low,1
2026-02-24,RTM,Ratlam Junction,3,206,2500,0.082,Low,1
2026-02-24,RTM,Ratlam Junction,4,344,2500,0.138,Low,1
2026-02-24,RTM,Ratlam Junction,5,1561,2500,0.624,Moderate,1
2026-02-24,RTM,Ratlam Junction,6,1066,2500,0.426,Moderate,1
2026-02-24,RTM,Ratlam Junction,7,3040,2500,1.216,Critical,1
2026-02-24,RTM,Ratlam Junction,8,3937,2500,1.575,Critical,1
2026-02-24,RTM,Ratlam Junction,9,3927,2500,1.571,Critical,1
2026-02-24,RTM,Ratlam Junction,10,3038,2500,1.215,Critical,1
2026-02-24,RTM,Ratlam Junction,11,2183,2500,0.873,High,1
2026-02-24,RTM,Ratlam Junction,12,1880,2500,0.752,High,1
2026-02-24,RTM,Ratlam Junction,13,1467,2500,0.587,Moderate,1
2026-02-24,RTM,Ratlam Junction,14,1265,2500,0.506,Moderate,1
2026-02-24,RTM,Ratlam Junction,15,2751,2500,1.1,Critical,1
2026-02-24,RTM,Ratlam Junction,16,2131,2500,0.852,High,1
2026-02-24,RTM,Ratlam Junction,17,4810,2500,1.924,Critical,1
2026-02-24,RTM,Ratlam Junction,18,3837,2500,1.535,Critical,1
2026-02-24,RTM,Ratlam Junction,19,3193,2500,1.277,Critical,1
2026-02-24,RTM,Ratlam Junction,20,2210,2500,0.884,High,1
2026-02-24,RTM,Ratlam Junction,21,2496,2500,0.998,Critical,1
2026-02-24,RTM,Ratlam Junction,22,1813,2500,0.725,High,1
2026-02-24,RTM,Ratlam Junction,23,1346,2500,0.538,Moderate,1
2026-02-24,KOTA,Kota Junction,0,302,3000,0.101,Low,1
2026-02-24,KOTA,Kota Junction,1,370,3000,0.123,Low,1
2026-02-24,KOTA,Kota Junction,2,264,3000,0.088,Low,1
2026-02-24,KOTA,Kota Junction,3,388,3000,0.129,Low,1
2026-02-24,KOTA,Kota Junction,4,582,3000,0.194,Low,1
2026-02-24,KOTA,Kota Junction,5,2251,3000,0.75,High,1
2026-02-24,KOTA,Kota Junction,6,1543,3000,0.514,Moderate,1
2026-02-24,KOTA,Kota Junction,7,5006,3000,1.669,Critical,1
2026-02-24,KOTA,Kota Junction,8,5472,3000,1.824,Critical,1
2026-02-24,KOTA,Kota Junction,9,7602,3000,2.534,Critical,1
2026-02-24,KOTA,Kota Junction,10,3752,3000,1.251,Critical,1
2026-02-24,KOTA,Kota Junction,11,4099,3000,1.366,Critical,1
2026-02-24,KOTA,Kota Junction,12,2016,3000,0.672,Moderate,1
2026-02-24,KOTA,Kota Junction,13,2345,3000,0.782,High,1
2026-02-24,KOTA,Kota Junction,14,2227,3000,0.742,High,1
2026-02-24,KOTA,Kota Junction,15,3802,3000,1.267,Critical,1
2026-02-24,KOTA,Kota Junction,16,2556,3000,0.852,High,1
2026-02-24,KOTA,Kota Junction,17,5248,3000,1.749,Critical,1
2026-02-24,KOTA,Kota Junction,18,6423,3000,2.141,Critical,1
2026-02-24,KOTA,Kota Junction,19,6981,3000,2.327,Critical,1
2026-02-24,KOTA,Kota Junction,20,3341,3000,1.114,Critical,1
2026-02-24,KOTA,Kota Junction,21,4114,3000,1.371,Critical,1
2026-02-24,KOTA,Kota Junction,22,1902,3000,0.634,Moderate,1
2026-02-24,KOTA,Kota Junction,23,2236,3000,0.745,High,1
2026-02-24,SWM,Sawai Madhopur,0,164,2000,0.082,Low,1
2026-02-24,SWM,Sawai Madhopur,1,91,2000,0.045,Low,1
2026-02-24,SWM,Sawai Madhopur,2,221,2000,0.111,Low,1
2026-02-24,SWM,Sawai Madhopur,3,160,2000,0.08,Low,1
2026-02-24,SWM,Sawai Madhopur,4,140,2000,0.07,Low,1
2026-02-24,SWM,Sawai Madhopur,5,757,2000,0.379,Low,1
2026-02-24,SWM,Sawai Madhopur,6,907,2000,0.454,Moderate,1
2026-02-24,SWM,Sawai Madhopur,7,3322,2000,1.661,Critical,1
2026-02-24,SWM,Sawai Madhopur,8,2819,2000,1.409,Critical,1
2026-02-24,SWM,Sawai Madhopur,9,3240,2000,1.62,Critical,1
2026-02-24,SWM,Sawai Madhopur,10,1247,2000,0.624,Moderate,1
2026-02-24,SWM,Sawai Madhopur,11,1285,2000,0.642,Moderate,1
2026-02-24,SWM,Sawai Madhopur,12,802,2000,0.401,Moderate,1
2026-02-24,SWM,Sawai Madhopur,13,630,2000,0.315,Low,1
2026-02-24,SWM,Sawai Madhopur,14,1171,2000,0.586,Moderate,1
2026-02-24,SWM,Sawai Madhopur,15,1176,2000,0.588,Moderate,1
2026-02-24,SWM,Sawai Madhopur,16,1196,2000,0.598,Moderate,1
2026-02-24,SWM,Sawai Madhopur,17,1875,2000,0.938,Critical,1
2026-02-24,SWM,Sawai Madhopur,18,2291,2000,1.145,Critical,1
2026-02-24,SWM,Sawai Madhopur,19,2892,2000,1.446,Critical,1
2026-02-24,SWM,Sawai Madhopur,20,1080,2000,0.54,Moderate,1
2026-02-24,SWM,Sawai Madhopur,21,971,2000,0.485,Moderate,1
2026-02-24,SWM,Sawai Madhopur,22,966,2000,0.483,Moderate,1
2026-02-24,SWM,Sawai Madhopur,23,994,2000,0.497,Moderate,1
2026-02-24,MTJ,Mathura Junction,0,488,3000,0.163,Low,1
2026-02-24,MTJ,Mathura Junction,1,287,3000,0.096,Low,1
2026-02-24,MTJ,Mathura Junction,2,533,3000,0.178,Low,1
2026-02-24,MTJ,Mathura Junction,3,787,3000,0.262,Low,1
2026-02-24,MTJ,Mathura Junction,4,441,3000,0.147,Low,1
2026-02-24,MTJ,Mathura Junction,5,3155,3000,1.052,Critical,1
2026-02-24,MTJ,Mathura Junction,6,2905,3000,0.968,Critical,1
2026-02-24,MTJ,Mathura Junction,7,4326,3000,1.442,Critical,1
2026-02-24,MTJ,Mathura Junction,8,4532,3000,1.511,Critical,1
2026-02-24,MTJ,Mathura Junction,9,5924,3000,1.975,Critical,1
2026-02-24,MTJ,Mathura Junction,10,3945,3000,1.315,Critical,1
2026-02-24,MTJ,Mathura Junction,11,3248,3000,1.083,Critical,1
2026-02-24,MTJ,Mathura Junction,12,2780,3000,0.927,Critical,1
2026-02-24,MTJ,Mathura Junction,13,2049,3000,0.683,Moderate,1
2026-02-24,MTJ,Mathura Junction,14,2520,3000,0.84,High,1
2026-02-24,MTJ,Mathura Junction,15,3125,3000,1.042,Critical,1
2026-02-24,MTJ,Mathura Junction,16,4326,3000,1.442,Critical,1
2026-02-24,MTJ,Mathura Junction,17,8682,3000,2.894,Critical,1
2026-02-24,MTJ,Mathura Junction,18,8779,3000,2.926,Critical,1
2026-02-24,MTJ,Mathura Junction,19,5084,3000,1.695,Critical,1
2026-02-24,MTJ,Mathura Junction,20,3062,3000,1.021,Critical,1
2026-02-24,MTJ,Mathura Junction,21,4389,3000,1.463,Critical,1
2026-02-24,MTJ,Mathura Junction,22,2147,3000,0.716,High,1
2026-02-24,MTJ,Mathura Junction,23,2513,3000,0.838,High,1
2026-02-24,NDLS,New Delhi,0,2175,8000,0.272,Low,1
2026-02-24,NDLS,New Delhi,1,3816,8000,0.477,Moderate,1
2026-02-24,NDLS,New Delhi,2,2592,8000,0.324,Low,1
2026-02-24,NDLS,New Delhi,3,2831,8000,0.354,Low,1
2026-02-24,NDLS,New Delhi,4,3120,8000,0.39,Low,1
2026-02-24,NDLS,New Delhi,5,24701,8000,3.088,Critical,1
2026-02-24,NDLS,New Delhi,6,13263,8000,1.658,Critical,1
2026-02-24,NDLS,New Delhi,7,51832,8000,6.479,Critical,1
2026-02-24,NDLS,New Delhi,8,50833,8000,6.354,Critical,1
2026-02-24,NDLS,New Delhi,9,42046,8000,5.256,Critical,1
2026-02-24,NDLS,New Delhi,10,22221,8000,2.778,Critical,1
2026-02-24,NDLS,New Delhi,11,33283,8000,4.16,Critical,1
2026-02-24,NDLS,New Delhi,12,19677,8000,2.46,Critical,1
2026-02-24,NDLS,New Delhi,13,15876,8000,1.984,Critical,1
2026-02-24,NDLS,New Delhi,14,18485,8000,2.311,Critical,1
2026-02-24,NDLS,New Delhi,15,32222,8000,4.028,Critical,1
2026-02-24,NDLS,New Delhi,16,19298,8000,2.412,Critical,1
2026-02-24,NDLS,New Delhi,17,42289,8000,5.286,Critical,1
2026-02-24,NDLS,New Delhi,18,62626,8000,7.828,Critical,1
2026-02-24,NDLS,New Delhi,19,67886,8000,8.486,Critical,1
2026-02-24,NDLS,New Delhi,20,19916,8000,2.49,Critical,1
2026-02-24,NDLS,New Delhi,21,21100,8000,2.638,Critical,1
2026-02-24,NDLS,New Delhi,22,15612,8000,1.952,Critical,1
2026-02-24,NDLS,New Delhi,23,22029,8000,2.754,Critical,1
2026-02-24,CSMT,Mumbai CSMT,0,1602,9000,0.178,Low,1
2026-02-24,CSMT,Mumbai CSMT,1,1853,9000,0.206,Low,1
2026-02-24,CSMT,Mumbai CSMT,2,4364,9000,0.485,Moderate,1
2026-02-24,CSMT,Mumbai CSMT,3,1500,9000,0.167,Low,1
2026-02-24,CSMT,Mumbai CSMT,4,3049,9000,0.339,Low,1
2026-02-24,CSMT,Mumbai CSMT,5,15167,9000,1.685,Critical,1
2026-02-24,CSMT,Mumbai CSMT,6,12427,9000,1.381,Critical,1
2026-02-24,CSMT,Mumbai CSMT,7,53863,9000,5.985,Critical,1
2026-02-24,CSMT,Mumbai CSMT,8,48823,9000,5.425,Critical,1
2026-02-24,CSMT,Mumbai CSMT,9,42018,9000,4.669,Critical,1
2026-02-24,CSMT,Mumbai CSMT,10,25489,9000,2.832,Critical,1
2026-02-24,CSMT,Mumbai CSMT,11,20022,9000,2.225,Critical,1
2026-02-24,CSMT,Mumbai CSMT,12,10551,9000,1.172,Critical,1
2026-02-24,CSMT,Mumbai CSMT,13,12311,9000,1.368,Critical,1
2026-02-24,CSMT,Mumbai CSMT,14,12903,9000,1.434,Critical,1
2026-02-24,CSMT,Mumbai CSMT,15,26314,9000,2.924,Critical,1
2026-02-24,CSMT,Mumbai CSMT,16,21986,9000,2.443,Critical,1
2026-02-24,CSMT,Mumbai CSMT,17,37470,9000,4.163,Critical,1
2026-02-24,CSMT,Mumbai CSMT,18,36101,9000,4.011,Critical,1
2026-02-24,CSMT,Mumbai CSMT,19,55959,9000,6.218,Critical,1
2026-02-24,CSMT,Mumbai CSMT,20,29182,9000,3.242,Critical,1
2026-02-24,CSMT,Mumbai CSMT,21,20498,9000,2.278,Critical,1
2026-02-24,CSMT,Mumbai CSMT,22,13430,9000,1.492,Critical,1
2026-02-24,CSMT,Mumbai CSMT,23,12524,9000,1.392,Critical,1
2026-02-24,KYN,Kalyan Junction,0,888,4000,0.222,Low,1
2026-02-24,KYN,Kalyan Junction,1,754,4000,0.189,Low,1
2026-02-24,KYN,Kalyan Junction,2,783,4000,0.196,Low,1
2026-02-24,KYN,Kalyan Junction,3,932,4000,0.233,Low,1
2026-02-24,KYN,Kalyan Junction,4,1011,4000,0.253,Low,1
2026-02-24,KYN,Kalyan Junction,5,4580,4000,1.145,Critical,1
2026-02-24,KYN,Kalyan Junction,6,4312,4000,1.078,Critical,1
2026-02-24,KYN,Kalyan Junction,7,9978,4000,2.494,Critical,1
2026-02-24,KYN,Kalyan Junction,8,9240,4000,2.31,Critical,1
2026-02-24,KYN,Kalyan Junction,9,9862,4000,2.466,Critical,1
2026-02-24,KYN,Kalyan Junction,10,8427,4000,2.107,Critical,1
2026-02-24,KYN,Kalyan Junction,11,7237,4000,1.809,Critical,1
2026-02-24,KYN,Kalyan Junction,12,3177,4000,0.794,High,1
2026-02-24,KYN,Kalyan Junction,13,3803,4000,0.951,Critical,1
2026-02-24,KYN,Kalyan Junction,14,5199,4000,1.3,Critical,1
2026-02-24,KYN,Kalyan Junction,15,5586,4000,1.397,Critical,1
2026-02-24,KYN,Kalyan Junction,16,7024,4000,1.756,Critical,1
2026-02-24,KYN,Kalyan Junction,17,12457,4000,3.114,Critical,1
2026-02-24,KYN,Kalyan Junction,18,11280,4000,2.82,Critical,1
2026-02-24,KYN,Kalyan Junction,19,13246,4000,3.312,Critical,1
2026-02-24,KYN,Kalyan Junction,20,5728,4000,1.432,Critical,1
2026-02-24,KYN,Kalyan Junction,21,5242,4000,1.31,Critical,1
2026-02-24,KYN,Kalyan Junction,22,5099,4000,1.275,Critical,1
2026-02-24,KYN,Kalyan Junction,23,4565,4000,1.141,Critical,1
2026-02-24,NMD,Nashik Road,0,197,2000,0.099,Low,1
2026-02-24,NMD,Nashik Road,1,314,2000,0.157,Low,1
2026-02-24,NMD,Nashik Road,2,410,2000,0.205,Low,1
2026-02-24,NMD,Nashik Road,3,300,2000,0.15,Low,1
2026-02-24,NMD,Nashik Road,4,206,2000,0.103,Low,1
2026-02-24,NMD,Nashik Road,5,2179,2000,1.089,Critical,1
2026-02-24,NMD,Nashik Road,6,1822,2000,0.911,Critical,1
2026-02-24,NMD,Nashik Road,7,5699,2000,2.849,Critical,1
2026-02-24,NMD,Nashik Road,8,5356,2000,2.678,Critical,1
2026-02-24,NMD,Nashik Road,9,6474,2000,3.237,Critical,1
2026-02-24,NMD,Nashik Road,10,2614,2000,1.307,Critical,1
2026-02-24,NMD,Nashik Road,11,1772,2000,0.886,High,1
2026-02-24,NMD,Nashik Road,12,1346,2000,0.673,Moderate,1
2026-02-24,NMD,Nashik Road,13,1843,2000,0.921,Critical,1
2026-02-24,NMD,Nashik Road,14,1668,2000,0.834,High,1
2026-02-24,NMD,Nashik Road,15,2175,2000,1.087,Critical,1
2026-02-24,NMD,Nashik Road,16,2141,2000,1.071,Critical,1
2026-02-24,NMD,Nashik Road,17,3851,2000,1.925,Critical,1
2026-02-24,NMD,Nashik Road,18,6093,2000,3.046,Critical,1
2026-02-24,NMD,Nashik Road,19,4118,2000,2.059,Critical,1
2026-02-24,NMD,Nashik Road,20,2784,2000,1.392,Critical,1
2026-02-24,NMD,Nashik Road,21,2516,2000,1.258,Critical,1
2026-02-24,NMD,Nashik Road,22,1663,2000,0.832,High,1
2026-02-24,NMD,Nashik Road,23,1383,2000,0.692,Moderate,1
2026-02-24,MMR,Manmad Junction,0,138,2500,0.055,Low,1
2026-02-24,MMR,Manmad Junction,1,223,2500,0.089,Low,1
2026-02-24,MMR,Manmad Junction,2,430,2500,0.172,Low,1
2026-02-24,MMR,Manmad Junction,3,199,2500,0.08,Low,1
2026-02-24,MMR,Manmad Junction,4,215,2500,0.086,Low,1
2026-02-24,MMR,Manmad Junction,5,1131,2500,0.452,Moderate,1
2026-02-24,MMR,Manmad Junction,6,1324,2500,0.53,Moderate,1
2026-02-24,MMR,Manmad Junction,7,2316,2500,0.926,Critical,1
2026-02-24,MMR,Manmad Junction,8,3452,2500,1.381,Critical,1
2026-02-24,MMR,Manmad Junction,9,2908,2500,1.163,Critical,1
2026-02-24,MMR,Manmad Junction,10,2062,2500,0.825,High,1
2026-02-24,MMR,Manmad Junction,11,1594,2500,0.638,Moderate,1
2026-02-24,MMR,Manmad Junction,12,1100,2500,0.44,Moderate,1
2026-02-24,MMR,Manmad Junction,13,1177,2500,0.471,Moderate,1
2026-02-24,MMR,Manmad Junction,14,1257,2500,0.503,Moderate,1
2026-02-24,MMR,Manmad Junction,15,1265,2500,0.506,Moderate,1
2026-02-24,MMR,Manmad Junction,16,2109,2500,0.844,High,1
2026-02-24,MMR,Manmad Junction,17,4136,2500,1.654,Critical,1
2026-02-24,MMR,Manmad Junction,18,4568,2500,1.827,Critical,1
2026-02-24,MMR,Manmad Junction,19,3984,2500,1.594,Critical,1
2026-02-24,MMR,Manmad Junction,20,2439,2500,0.976,Critical,1
2026-02-24,MMR,Manmad Junction,21,1641,2500,0.656,Moderate,1
2026-02-24,MMR,Manmad Junction,22,1198,2500,0.479,Moderate,1
2026-02-24,MMR,Manmad Junction,23,1328,2500,0.531,Moderate,1
2026-02-24,BSL,Bhusawal Junction,0,440,3000,0.147,Low,1
2026-02-24,BSL,Bhusawal Junction,1,277,3000,0.092,Low,1
2026-02-24,BSL,Bhusawal Junction,2,369,3000,0.123,Low,1
2026-02-24,BSL,Bhusawal Junction,3,424,3000,0.141,Low,1
2026-02-24,BSL,Bhusawal Junction,4,466,3000,0.155,Low,1
2026-02-24,BSL,Bhusawal Junction,5,2105,3000,0.702,High,1
2026-02-24,BSL,Bhusawal Junction,6,1972,3000,0.657,Moderate,1
2026-02-24,BSL,Bhusawal Junction,7,7094,3000,2.365,Critical,1
2026-02-24,BSL,Bhusawal Junction,8,4441,3000,1.48,Critical,1
2026-02-24,BSL,Bhusawal Junction,9,3513,3000,1.171,Critical,1
2026-02-24,BSL,Bhusawal Junction,10,3243,3000,1.081,Critical,1
2026-02-24,BSL,Bhusawal Junction,11,3989,3000,1.33,Critical,1
2026-02-24,BSL,Bhusawal Junction,12,1759,3000,0.586,Moderate,1
2026-02-24,BSL,Bhusawal Junction,13,1761,3000,0.587,Moderate,1
2026-02-24,BSL,Bhusawal Junction,14,1710,3000,0.57,Moderate,1
2026-02-24,BSL,Bhusawal Junction,15,2712,3000,0.904,Critical,1
2026-02-24,BSL,Bhusawal Junction,16,1858,3000,0.619,Moderate,1
2026-02-24,BSL,Bhusawal Junction,17,4315,3000,1.438,Critical,1
2026-02-24,BSL,Bhusawal Junction,18,3348,3000,1.116,Critical,1
2026-02-24,BSL,Bhusawal Junction,19,6128,3000,2.043,Critical,1
2026-02-24,BSL,Bhusawal Junction,20,3454,3000,1.151,Critical,1
2026-02-24,BSL,Bhusawal Junction,21,2423,3000,0.808,High,1
2026-02-24,BSL,Bhusawal Junction,22,2225,3000,0.742,High,1
2026-02-24,BSL,Bhusawal Junction,23,2029,3000,0.676,Moderate,1
2026-02-24,ET,Itarsi Junction,0,251,3500,0.072,Low,1
2026-02-24,ET,Itarsi Junction,1,417,3500,0.119,Low,1
2026-02-24,ET,Itarsi Junction,2,465,3500,0.133,Low,1
2026-02-24,ET,Itarsi Junction,3,179,3500,0.051,Low,1
2026-02-24,ET,Itarsi Junction,4,560,3500,0.16,Low,1
2026-02-24,ET,Itarsi Junction,5,1428,3500,0.408,Moderate,1
2026-02-24,ET,Itarsi Junction,6,1413,3500,0.404,Moderate,1
2026-02-24,ET,Itarsi Junction,7,6455,3500,1.844,Critical,1
2026-02-24,ET,Itarsi Junction,8,5609,3500,1.603,Critical,1
2026-02-24,ET,Itarsi Junction,9,3628,3500,1.037,Critical,1
2026-02-24,ET,Itarsi Junction,10,2513,3500,0.718,High,1
2026-02-24,ET,Itarsi Junction,11,3000,3500,0.857,High,1
2026-02-24,ET,Itarsi Junction,12,1384,3500,0.395,Low,1
2026-02-24,ET,Itarsi Junction,13,1603,3500,0.458,Moderate,1
2026-02-24,ET,Itarsi Junction,14,1639,3500,0.468,Moderate,1
2026-02-24,ET,Itarsi Junction,15,2622,3500,0.749,High,1
2026-02-24,ET,Itarsi Junction,16,2479,3500,0.708,High,1
2026-02-24,ET,Itarsi Junction,17,4469,3500,1.277,Critical,1
2026-02-24,ET,Itarsi Junction,18,4295,3500,1.227,Critical,1
2026-02-24,ET,Itarsi Junction,19,4109,3500,1.174,Critical,1
2026-02-24,ET,Itarsi Junction,20,2354,3500,0.673,Moderate,1
2026-02-24,ET,Itarsi Junction,21,1951,3500,0.557,Moderate,1
2026-02-24,ET,Itarsi Junction,22,1609,3500,0.46,Moderate,1
2026-02-24,ET,Itarsi Junction,23,1189,3500,0.34,Low,1
2026-02-24,BPL,Bhopal Junction,0,436,3000,0.145,Low,1
2026-02-24,BPL,Bhopal Junction,1,334,3000,0.111,Low,1
2026-02-24,BPL,Bhopal Junction,2,331,3000,0.11,Low,1
2026-02-24,BPL,Bhopal Junction,3,327,3000,0.109,Low,1
2026-02-24,BPL,Bhopal Junction,4,745,3000,0.248,Low,1
2026-02-24,BPL,Bhopal Junction,5,1933,3000,0.644,Moderate,1
2026-02-24,BPL,Bhopal Junction,6,2190,3000,0.73,High,1
2026-02-24,BPL,Bhopal Junction,7,8517,3000,2.839,Critical,1
2026-02-24,BPL,Bhopal Junction,8,7113,3000,2.371,Critical,1
2026-02-24,BPL,Bhopal Junction,9,7366,3000,2.455,Critical,1
2026-02-24,BPL,Bhopal Junction,10,4569,3000,1.523,Critical,1
2026-02-24,BPL,Bhopal Junction,11,3762,3000,1.254,Critical,1
2026-02-24,BPL,Bhopal Junction,12,3065,3000,1.022,Critical,1
2026-02-24,BPL,Bhopal Junction,13,2897,3000,0.966,Critical,1
2026-02-24,BPL,Bhopal Junction,14,3473,3000,1.158,Critical,1
2026-02-24,BPL,Bhopal Junction,15,4439,3000,1.48,Critical,1
2026-02-24,BPL,Bhopal Junction,16,3940,3000,1.313,Critical,1
2026-02-24,BPL,Bhopal Junction,17,8082,3000,2.694,Critical,1
2026-02-24,BPL,Bhopal Junction,18,9226,3000,3.075,Critical,1
2026-02-24,BPL,Bhopal Junction,19,8561,3000,2.854,Critical,1
2026-02-24,BPL,Bhopal Junction,20,2872,3000,0.957,Critical,1
2026-02-24,BPL,Bhopal Junction,21,4349,3000,1.45,Critical,1
2026-02-24,BPL,Bhopal Junction,22,2729,3000,0.91,Critical,1
2026-02-24,BPL,Bhopal Junction,23,2892,3000,0.964,Critical,1
2026-02-24,JHS,Jhansi Junction,0,397,4000,0.099,Low,1
2026-02-24,JHS,Jhansi Junction,1,621,4000,0.155,Low,1
2026-02-24,JHS,Jhansi Junction,2,289,4000,0.072,Low,1
2026-02-24,JHS,Jhansi Junction,3,388,4000,0.097,Low,1
2026-02-24,JHS,Jhansi Junction,4,251,4000,0.063,Low,1
2026-02-24,JHS,Jhansi Junction,5,1617,4000,0.404,Moderate,1
2026-02-24,JHS,Jhansi Junction,6,1924,4000,0.481,Moderate,1
2026-02-24,JHS,Jhansi Junction,7,5207,4000,1.302,Critical,1
2026-02-24,JHS,Jhansi Junction,8,6389,4000,1.597,Critical,1
2026-02-24,JHS,Jhansi Junction,9,3737,4000,0.934,Critical,1
2026-02-24,JHS,Jhansi Junction,10,4456,4000,1.114,Critical,1
2026-02-24,JHS,Jhansi Junction,11,3604,4000,0.901,Critical,1
2026-02-24,JHS,Jhansi Junction,12,2154,4000,0.538,Moderate,1
2026-02-24,JHS,Jhansi Junction,13,2640,4000,0.66,Moderate,1
2026-02-24,JHS,Jhansi Junction,14,2149,4000,0.537,Moderate,1
2026-02-24,JHS,Jhansi Junction,15,3004,4000,0.751,High,1
2026-02-24,JHS,Jhansi Junction,16,4222,4000,1.056,Critical,1
2026-02-24,JHS,Jhansi Junction,17,5647,4000,1.412,Critical,1
2026-02-24,JHS,Jhansi Junction,18,5820,4000,1.455,Critical,1
2026-02-24,JHS,Jhansi Junction,19,5731,4000,1.433,Critical,1
2026-02-24,JHS,Jhansi Junction,20,4396,4000,1.099,Critical,1
2026-02-24,JHS,Jhansi Junction,21,4418,4000,1.105,Critical,1
2026-02-24,JHS,Jhansi Junction,22,2143,4000,0.536,Moderate,1
2026-02-24,JHS,Jhansi Junction,23,2100,4000,0.525,Moderate,1
2026-02-24,GWL,Gwalior Junction,0,250,2500,0.1,Low,1
2026-02-24,GWL,Gwalior Junction,1,295,2500,0.118,Low,1
2026-02-24,GWL,Gwalior Junction,2,473,2500,0.189,Low,1
2026-02-24,GWL,Gwalior Junction,3,444,2500,0.178,Low,1
2026-02-24,GWL,Gwalior Junction,4,226,2500,0.09,Low,1
2026-02-24,GWL,Gwalior Junction,5,1331,2500,0.532,Moderate,1
2026-02-24,GWL,Gwalior Junction,6,1876,2500,0.75,High,1
2026-02-24,GWL,Gwalior Junction,7,6023,2500,2.409,Critical,1
2026-02-24,GWL,Gwalior Junction,8,5767,2500,2.307,Critical,1
2026-02-24,GWL,Gwalior Junction,9,5770,2500,2.308,Critical,1
2026-02-24,GWL,Gwalior Junction,10,2825,2500,1.13,Critical,1
2026-02-24,GWL,Gwalior Junction,11,3720,2500,1.488,Critical,1
2026-02-24,GWL,Gwalior Junction,12,1615,2500,0.646,Moderate,1
2026-02-24,GWL,Gwalior Junction,13,1922,2500,0.769,High,1
2026-02-24,GWL,Gwalior Junction,14,1941,2500,0.776,High,1
2026-02-24,GWL,Gwalior Junction,15,2813,2500,1.125,Critical,1
2026-02-24,GWL,Gwalior Junction,16,2316,2500,0.926,Critical,1
2026-02-24,GWL,Gwalior Junction,17,4516,2500,1.806,Critical,1
2026-02-24,GWL,Gwalior Junction,18,7738,2500,3.095,Critical,1
2026-02-24,GWL,Gwalior Junction,19,6661,2500,2.664,Critical,1
2026-02-24,GWL,Gwalior Junction,20,2464,2500,0.986,Critical,1
2026-02-24,GWL,Gwalior Junction,21,2221,2500,0.888,High,1
2026-02-24,GWL,Gwalior Junction,22,1533,2500,0.613,Moderate,1
2026-02-24,GWL,Gwalior Junction,23,2025,2500,0.81,High,1
2026-02-24,AGC,Agra Cantt,0,713,3000,0.238,Low,1
2026-02-24,AGC,Agra Cantt,1,674,3000,0.225,Low,1
2026-02-24,AGC,Agra Cantt,2,414,3000,0.138,Low,1
2026-02-24,AGC,Agra Cantt,3,599,3000,0.2,Low,1
2026-02-24,AGC,Agra Cantt,4,370,3000,0.123,Low,1
2026-02-24,AGC,Agra Cantt,5,2190,3000,0.73,High,1
2026-02-24,AGC,Agra Cantt,6,3052,3000,1.017,Critical,1
2026-02-24,AGC,Agra Cantt,7,7707,3000,2.569,Critical,1
2026-02-24,AGC,Agra Cantt,8,6243,3000,2.081,Critical,1
2026-02-24,AGC,Agra Cantt,9,7049,3000,2.35,Critical,1
2026-02-24,AGC,Agra Cantt,10,4420,3000,1.473,Critical,1
2026-02-24,AGC,Agra Cantt,11,3806,3000,1.269,Critical,1
2026-02-24,AGC,Agra Cantt,12,3309,3000,1.103,Critical,1
2026-02-24,AGC,Agra Cantt,13,1903,3000,0.634,Moderate,1
2026-02-24,AGC,Agra Cantt,14,3184,3000,1.061,Critical,1
2026-02-24,AGC,Agra Cantt,15,4463,3000,1.488,Critical,1
2026-02-24,AGC,Agra Cantt,16,3147,3000,1.049,Critical,1
2026-02-24,AGC,Agra Cantt,17,8832,3000,2.944,Critical,1
2026-02-24,AGC,Agra Cantt,18,6118,3000,2.039,Critical,1
2026-02-24,AGC,Agra Cantt,19,5975,3000,1.992,Critical,1
2026-02-24,AGC,Agra Cantt,20,2685,3000,0.895,High,1
2026-02-24,AGC,Agra Cantt,21,2994,3000,0.998,Critical,1
2026-02-24,AGC,Agra Cantt,22,2758,3000,0.919,Critical,1
2026-02-24,AGC,Agra Cantt,23,3492,3000,1.164,Critical,1
2026-02-23,MMCT,Mumbai Central,0,749,4000,0.187,Low,0
2026-02-23,MMCT,Mumbai Central,1,1566,4000,0.392,Low,0
2026-02-23,MMCT,Mumbai Central,2,1454,4000,0.363,Low,0
2026-02-23,MMCT,Mumbai Central,3,1170,4000,0.292,Low,0
2026-02-23,MMCT,Mumbai Central,4,1753,4000,0.438,Moderate,0
2026-02-23,MMCT,Mumbai Central,5,4682,4000,1.171,Critical,0
2026-02-23,MMCT,Mumbai Central,6,4243,4000,1.061,Critical,0
2026-02-23,MMCT,Mumbai Central,7,15427,4000,3.857,Critical,0
2026-02-23,MMCT,Mumbai Central,8,13128,4000,3.282,Critical,0
2026-02-23,MMCT,Mumbai Central,9,18956,4000,4.739,Critical,0
2026-02-23,MMCT,Mumbai Central,10,11997,4000,2.999,Critical,0
2026-02-23,MMCT,Mumbai Central,11,7256,4000,1.814,Critical,0
2026-02-23,MMCT,Mumbai Central,12,4285,4000,1.071,Critical,0
2026-02-23,MMCT,Mumbai Central,13,4490,4000,1.123,Critical,0
2026-02-23,MMCT,Mumbai Central,14,7066,4000,1.766,Critical,0
2026-02-23,MMCT,Mumbai Central,15,7330,4000,1.833,Critical,0
2026-02-23,MMCT,Mumbai Central,16,12527,4000,3.132,Critical,0
2026-02-23,MMCT,Mumbai Central,17,17301,4000,4.325,Critical,0
2026-02-23,MMCT,Mumbai Central,18,21416,4000,5.354,Critical,0
2026-02-23,MMCT,Mumbai Central,19,15117,4000,3.779,Critical,0
2026-02-23,MMCT,Mumbai Central,20,7541,4000,1.885,Critical,0
2026-02-23,MMCT,Mumbai Central,21,7446,4000,1.861,Critical,0
2026-02-23,MMCT,Mumbai Central,22,6182,4000,1.546,Critical,0
2026-02-23,MMCT,Mumbai Central,23,5389,4000,1.347,Critical,0
2026-02-23,BVI,Borivali,0,360,3000,0.12,Low,0
2026-02-23,BVI,Borivali,1,525,3000,0.175,Low,0
2026-02-23,BVI,Borivali,2,740,3000,0.247,Low,0
2026-02-23,BVI,Borivali,3,622,3000,0.207,Low,0
2026-02-23,BVI,Borivali,4,464,3000,0.155,Low,0
2026-02-23,BVI,Borivali,5,2829,3000,0.943,Critical,0
2026-02-23,BVI,Borivali,6,2723,3000,0.908,Critical,0
2026-02-23,BVI,Borivali,7,9848,3000,3.283,Critical,0
2026-02-23,BVI,Borivali,8,12580,3000,4.193,Critical,0
2026-02-23,BVI,Borivali,9,8989,3000,2.996,Critical,0
2026-02-23,BVI,Borivali,10,4988,3000,1.663,Critical,0
2026-02-23,BVI,Borivali,11,4672,3000,1.557,Critical,0
2026-02-23,BVI,Borivali,12,3115,3000,1.038,Critical,0
2026-02-23,BVI,Borivali,13,3147,3000,1.049,Critical,0
2026-02-23,BVI,Borivali,14,3786,3000,1.262,Critical,0
2026-02-23,BVI,Borivali,15,5729,3000,1.91,Critical,0
2026-02-23,BVI,Borivali,16,5447,3000,1.816,Critical,0
2026-02-23,BVI,Borivali,17,11672,3000,3.891,Critical,0
2026-02-23,BVI,Borivali,18,7379,3000,2.46,Critical,0
2026-02-23,BVI,Borivali,19,11971,3000,3.99,Critical,0
2026-02-23,BVI,Borivali,20,4410,3000,1.47,Critical,0
2026-02-23,BVI,Borivali,21,5142,3000,1.714,Critical,0
2026-02-23,BVI,Borivali,22,3714,3000,1.238,Critical,0
2026-02-23,BVI,Borivali,23,4337,3000,1.446,Critical,0
2026-02-23,BL,Valsad,0,116,1500,0.077,Low,0
2026-02-23,BL,Valsad,1,82,1500,0.055,Low,0
2026-02-23,BL,Valsad,2,96,1500,0.064,Low,0
2026-02-23,BL,Valsad,3,113,1500,0.075,Low,0
2026-02-23,BL,Valsad,4,177,1500,0.118,Low,0
2026-02-23,BL,Valsad,5,786,1500,0.524,Moderate,0
2026-02-23,BL,Valsad,6,573,1500,0.382,Low,0
2026-02-23,BL,Valsad,7,1278,1500,0.852,High,0
2026-02-23,BL,Valsad,8,1323,1500,0.882,High,0
2026-02-23,BL,Valsad,9,1662,1500,1.108,Critical,0
2026-02-23,BL,Valsad,10,924,1500,0.616,Moderate,0
2026-02-23,BL,Valsad,11,1059,1500,0.706,High,0
2026-02-23,BL,Valsad,12,536,1500,0.357,Low,0
2026-02-23,BL,Valsad,13,626,1500,0.417,Moderate,0
2026-02-23,BL,Valsad,14,602,1500,0.401,Moderate,0
2026-02-23,BL,Valsad,15,1078,1500,0.719,High,0
2026-02-23,BL,Valsad,16,1116,1500,0.744,High,0
2026-02-23,BL,Valsad,17,1891,1500,1.261,Critical,0
2026-02-23,BL,Valsad,18,1726,1500,1.151,Critical,0
2026-02-23,BL,Valsad,19,2052,1500,1.368,Critical,0
2026-02-23,BL,Valsad,20,817,1500,0.545,Moderate,0
2026-02-23,BL,Valsad,21,811,1500,0.541,Moderate,0
2026-02-23,BL,Valsad,22,673,1500,0.449,Moderate,0
2026-02-23,BL,Valsad,23,574,1500,0.383,Low,0
2026-02-23,ST,Surat,0,1107,3000,0.369,Low,0
2026-02-23,ST,Surat,1,858,3000,0.286,Low,0
2026-02-23,ST,Surat,2,1153,3000,0.384,Low,0
2026-02-23,ST,Surat,3,469,3000,0.156,Low,0
2026-02-23,ST,Surat,4,744,3000,0.248,Low,0
2026-02-23,ST,Surat,5,4376,3000,1.459,Critical,0
2026-02-23,ST,Surat,6,3618,3000,1.206,Critical,0
2026-02-23,ST,Surat,7,9867,3000,3.289,Critical,0
2026-02-23,ST,Surat,8,11545,3000,3.848,Critical,0
2026-02-23,ST,Surat,9,13019,3000,4.34,Critical,0
2026-02-23,ST,Surat,10,6816,3000,2.272,Critical,0
2026-02-23,ST,Surat,11,6764,3000,2.255,Critical,0
2026-02-23,ST,Surat,12,3072,3000,1.024,Critical,0
2026-02-23,ST,Surat,13,3497,3000,1.166,Critical,0
2026-02-23,ST,Surat,14,3771,3000,1.257,Critical,0
2026-02-23,ST,Surat,15,6049,3000,2.016,Critical,0
2026-02-23,ST,Surat,16,6074,3000,2.025,Critical,0
2026-02-23,ST,Surat,17,11736,3000,3.912,Critical,0
2026-02-23,ST,Surat,18,13215,3000,4.405,Critical,0
2026-02-23,ST,Surat,19,7493,3000,2.498,Critical,0
2026-02-23,ST,Surat,20,5272,3000,1.757,Critical,0
2026-02-23,ST,Surat,21,5412,3000,1.804,Critical,0
2026-02-23,ST,Surat,22,4518,3000,1.506,Critical,0
2026-02-23,ST,Surat,23,4453,3000,1.484,Critical,0
2026-02-23,BRC,Vadodara Junction,0,443,3500,0.127,Low,0
2026-02-23,BRC,Vadodara Junction,1,365,3500,0.104,Low,0
2026-02-23,BRC,Vadodara Junction,2,713,3500,0.204,Low,0
2026-02-23,BRC,Vadodara Junction,3,697,3500,0.199,Low,0
2026-02-23,BRC,Vadodara Junction,4,765,3500,0.219,Low,0
2026-02-23,BRC,Vadodara Junction,5,3384,3500,0.967,Critical,0
2026-02-23,BRC,Vadodara Junction,6,3651,3500,1.043,Critical,0
2026-02-23,BRC,Vadodara Junction,7,8844,3500,2.527,Critical,0
2026-02-23,BRC,Vadodara Junction,8,8320,3500,2.377,Critical,0
2026-02-23,BRC,Vadodara Junction,9,10426,3500,2.979,Critical,0
2026-02-23,BRC,Vadodara Junction,10,6039,3500,1.725,Critical,0
2026-02-23,BRC,Vadodara Junction,11,5538,3500,1.582,Critical,0
2026-02-23,BRC,Vadodara Junction,12,2730,3500,0.78,High,0
2026-02-23,BRC,Vadodara Junction,13,3363,3500,0.961,Critical,0
2026-02-23,BRC,Vadodara Junction,14,3132,3500,0.895,High,0
2026-02-23,BRC,Vadodara Junction,15,5238,3500,1.497,Critical,0
2026-02-23,BRC,Vadodara Junction,16,4879,3500,1.394,Critical,0
2026-02-23,BRC,Vadodara Junction,17,11946,3500,3.413,Critical,0
2026-02-23,BRC,Vadodara Junction,18,12699,3500,3.628,Critical,0
2026-02-23,BRC,Vadodara Junction,19,7596,3500,2.17,Critical,0
2026-02-23,BRC,Vadodara Junction,20,5427,3500,1.551,Critical,0
2026-02-23,BRC,Vadodara Junction,21,4965,3500,1.419,Critical,0
2026-02-23,BRC,Vadodara Junction,22,3721,3500,1.063,Critical,0
2026-02-23,BRC,Vadodara Junction,23,2612,3500,0.746,High,0
2026-02-23,RTM,Ratlam Junction,0,252,2500,0.101,Low,0
2026-02-23,RTM,Ratlam Junction,1,426,2500,0.17,Low,0
2026-02-23,RTM,Ratlam Junction,2,297,2500,0.119,Low,0
2026-02-23,RTM,Ratlam Junction,3,254,2500,0.102,Low,0
2026-02-23,RTM,Ratlam Junction,4,209,2500,0.084,Low,0
2026-02-23,RTM,Ratlam Junction,5,1362,2500,0.545,Moderate,0
2026-02-23,RTM,Ratlam Junction,6,1277,2500,0.511,Moderate,0
2026-02-23,RTM,Ratlam Junction,7,5063,2500,2.025,Critical,0
2026-02-23,RTM,Ratlam Junction,8,4025,2500,1.61,Critical,0
2026-02-23,RTM,Ratlam Junction,9,4096,2500,1.638,Critical,0
2026-02-23,RTM,Ratlam Junction,10,2245,2500,0.898,High,0
2026-02-23,RTM,Ratlam Junction,11,2472,2500,0.989,Critical,0
2026-02-23,RTM,Ratlam Junction,12,1023,2500,0.409,Moderate,0
2026-02-23,RTM,Ratlam Junction,13,1709,2500,0.684,Moderate,0
2026-02-23,RTM,Ratlam Junction,14,1105,2500,0.442,Moderate,0
2026-02-23,RTM,Ratlam Junction,15,2594,2500,1.038,Critical,0
2026-02-23,RTM,Ratlam Junction,16,2247,2500,0.899,High,0
2026-02-23,RTM,Ratlam Junction,17,5780,2500,2.312,Critical,0
2026-02-23,RTM,Ratlam Junction,18,3632,2500,1.453,Critical,0
2026-02-23,RTM,Ratlam Junction,19,3359,2500,1.344,Critical,0
2026-02-23,RTM,Ratlam Junction,20,2275,2500,0.91,Critical,0
2026-02-23,RTM,Ratlam Junction,21,1874,2500,0.75,High,0
2026-02-23,RTM,Ratlam Junction,22,1716,2500,0.686,Moderate,0
2026-02-23,RTM,Ratlam Junction,23,1753,2500,0.701,High,0
2026-02-23,KOTA,Kota Junction,0,446,3000,0.149,Low,0
2026-02-23,KOTA,Kota Junction,1,392,3000,0.131,Low,0
2026-02-23,KOTA,Kota Junction,2,439,3000,0.146,Low,0
2026-02-23,KOTA,Kota Junction,3,365,3000,0.122,Low,0
2026-02-23,KOTA,Kota Junction,4,567,3000,0.189,Low,0
2026-02-23,KOTA,Kota Junction,5,1779,3000,0.593,Moderate,0
2026-02-23,KOTA,Kota Junction,6,2215,3000,0.738,High,0
2026-02-23,KOTA,Kota Junction,7,4210,3000,1.403,Critical,0
2026-02-23,KOTA,Kota Junction,8,4627,3000,1.542,Critical,0
2026-02-23,KOTA,Kota Junction,9,4902,3000,1.634,Critical,0
2026-02-23,KOTA,Kota Junction,10,3497,3000,1.166,Critical,0
2026-02-23,KOTA,Kota Junction,11,2368,3000,0.789,High,0
2026-02-23,KOTA,Kota Junction,12,1547,3000,0.516,Moderate,0
2026-02-23,KOTA,Kota Junction,13,1930,3000,0.643,Moderate,0
2026-02-23,KOTA,Kota Junction,14,2585,3000,0.862,High,0
2026-02-23,KOTA,Kota Junction,15,2843,3000,0.948,Critical,0
2026-02-23,KOTA,Kota Junction,16,3655,3000,1.218,Critical,0
2026-02-23,KOTA,Kota Junction,17,6789,3000,2.263,Critical,0
2026-02-23,KOTA,Kota Junction,18,6149,3000,2.05,Critical,0
2026-02-23,KOTA,Kota Junction,19,7287,3000,2.429,Critical,0
2026-02-23,KOTA,Kota Junction,20,2404,3000,0.801,High,0
2026-02-23,KOTA,Kota Junction,21,4134,3000,1.378,Critical,0
2026-02-23,KOTA,Kota Junction,22,1695,3000,0.565,Moderate,0
2026-02-23,KOTA,Kota Junction,23,1793,3000,0.598,Moderate,0
2026-02-23,SWM,Sawai Madhopur,0,214,2000,0.107,Low,0
2026-02-23,SWM,Sawai Madhopur,1,84,2000,0.042,Low,0
2026-02-23,SWM,Sawai Madhopur,2,232,2000,0.116,Low,0
2026-02-23,SWM,Sawai Madhopur,3,214,2000,0.107,Low,0
2026-02-23,SWM,Sawai Madhopur,4,171,2000,0.086,Low,0
2026-02-23,SWM,Sawai Madhopur,5,689,2000,0.344,Low,0
2026-02-23,SWM,Sawai Madhopur,6,828,2000,0.414,Moderate,0
2026-02-23,SWM,Sawai Madhopur,7,2385,2000,1.192,Critical,0
2026-02-23,SWM,Sawai Madhopur,8,2163,2000,1.081,Critical,0
2026-02-23,SWM,Sawai Madhopur,9,3083,2000,1.542,Critical,0
2026-02-23,SWM,Sawai Madhopur,10,1068,2000,0.534,Moderate,0
2026-02-23,SWM,Sawai Madhopur,11,1317,2000,0.658,Moderate,0
2026-02-23,SWM,Sawai Madhopur,12,816,2000,0.408,Moderate,0
2026-02-23,SWM,Sawai Madhopur,13,864,2000,0.432,Moderate,0
2026-02-23,SWM,Sawai Madhopur,14,753,2000,0.377,Low,0
2026-02-23,SWM,Sawai Madhopur,15,1127,2000,0.564,Moderate,0
2026-02-23,SWM,Sawai Madhopur,16,1344,2000,0.672,Moderate,0
2026-02-23,SWM,Sawai Madhopur,17,2479,2000,1.24,Critical,0
2026-02-23,SWM,Sawai Madhopur,18,1650,2000,0.825,High,0
2026-02-23,SWM,Sawai Madhopur,19,1488,2000,0.744,High,0
2026-02-23,SWM,Sawai Madhopur,20,1150,2000,0.575,Moderate,0
2026-02-23,SWM,Sawai Madhopur,21,1453,2000,0.727,High,0
2026-02-23,SWM,Sawai Madhopur,22,686,2000,0.343,Low,0
2026-02-23,SWM,Sawai Madhopur,23,914,2000,0.457,Moderate,0
2026-02-23,MTJ,Mathura Junction,0,612,3000,0.204,Low,0
2026-02-23,MTJ,Mathura Junction,1,256,3000,0.085,Low,0
2026-02-23,MTJ,Mathura Junction,2,356,3000,0.119,Low,0
2026-02-23,MTJ,Mathura Junction,3,282,3000,0.094,Low,0
2026-02-23,MTJ,Mathura Junction,4,408,3000,0.136,Low,0
2026-02-23,MTJ,Mathura Junction,5,2909,3000,0.97,Critical,0
2026-02-23,MTJ,Mathura Junction,6,2715,3000,0.905,Critical,0
2026-02-23,MTJ,Mathura Junction,7,6888,3000,2.296,Critical,0
2026-02-23,MTJ,Mathura Junction,8,6080,3000,2.027,Critical,0
2026-02-23,MTJ,Mathura Junction,9,4776,3000,1.592,Critical,0
2026-02-23,MTJ,Mathura Junction,10,3682,3000,1.227,Critical,0
2026-02-23,MTJ,Mathura Junction,11,3049,3000,1.016,Critical,0
2026-02-23,MTJ,Mathura Junction,12,2348,3000,0.783,High,0
2026-02-23,MTJ,Mathura Junction,13,2967,3000,0.989,Critical,0
2026-02-23,MTJ,Mathura Junction,14,2272,3000,0.757,High,0
2026-02-23,MTJ,Mathura Junction,15,3281,3000,1.094,Critical,0
2026-02-23,MTJ,Mathura Junction,16,2824,3000,0.941,Critical,0
2026-02-23,MTJ,Mathura Junction,17,6447,3000,2.149,Critical,0
2026-02-23,MTJ,Mathura Junction,18,5433,3000,1.811,Critical,0
2026-02-23,MTJ,Mathura Junction,19,5382,3000,1.794,Critical,0
2026-02-23,MTJ,Mathura Junction,20,2472,3000,0.824,High,0
2026-02-23,MTJ,Mathura Junction,21,4405,3000,1.468,Critical,0
2026-02-23,MTJ,Mathura Junction,22,1872,3000,0.624,Moderate,0
2026-02-23,MTJ,Mathura Junction,23,3176,3000,1.059,Critical,0
2026-02-23,NDLS,New Delhi,0,4317,8000,0.54,Moderate,0
2026-02-23,NDLS,New Delhi,1,3575,8000,0.447,Moderate,0
2026-02-23,NDLS,New Delhi,2,3007,8000,0.376,Low,0
2026-02-23,NDLS,New Delhi,3,5342,8000,0.668,Moderate,0
2026-02-23,NDLS,New Delhi,4,2206,8000,0.276,Low,0
2026-02-23,NDLS,New Delhi,5,16256,8000,2.032,Critical,0
2026-02-23,NDLS,New Delhi,6,20784,8000,2.598,Critical,0
2026-02-23,NDLS,New Delhi,7,44762,8000,5.595,Critical,0
2026-02-23,NDLS,New Delhi,8,53837,8000,6.73,Critical,0
2026-02-23,NDLS,New Delhi,9,65023,8000,8.128,Critical,0
2026-02-23,NDLS,New Delhi,10,39272,8000,4.909,Critical,0
2026-02-23,NDLS,New Delhi,11,30080,8000,3.76,Critical,0
2026-02-23,NDLS,New Delhi,12,22672,8000,2.834,Critical,0
2026-02-23,NDLS,New Delhi,13,14350,8000,1.794,Critical,0
2026-02-23,NDLS,New Delhi,14,18518,8000,2.315,Critical,0
2026-02-23,NDLS,New Delhi,15,32875,8000,4.109,Critical,0
2026-02-23,NDLS,New Delhi,16,32004,8000,4.0,Critical,0
2026-02-23,NDLS,New Delhi,17,61416,8000,7.677,Critical,0
2026-02-23,NDLS,New Delhi,18,45054,8000,5.632,Critical,0
2026-02-23,NDLS,New Delhi,19,71253,8000,8.907,Critical,0
2026-02-23,NDLS,New Delhi,20,24008,8000,3.001,Critical,0
2026-02-23,NDLS,New Delhi,21,28276,8000,3.534,Critical,0
2026-02-23,NDLS,New Delhi,22,12763,8000,1.595,Critical,0
2026-02-23,NDLS,New Delhi,23,19770,8000,2.471,Critical,0
2026-02-23,CSMT,Mumbai CSMT,0,3180,9000,0.353,Low,0
2026-02-23,CSMT,Mumbai CSMT,1,1664,9000,0.185,Low,0
2026-02-23,CSMT,Mumbai CSMT,2,1883,9000,0.209,Low,0
2026-02-23,CSMT,Mumbai CSMT,3,3151,9000,0.35,Low,0
2026-02-23,CSMT,Mumbai CSMT,4,3650,9000,0.406,Moderate,0
2026-02-23,CSMT,Mumbai CSMT,5,11869,9000,1.319,Critical,0
2026-02-23,CSMT,Mumbai CSMT,6,19092,9000,2.121,Critical,0
2026-02-23,CSMT,Mumbai CSMT,7,31772,9000,3.53,Critical,0
2026-02-23,CSMT,Mumbai CSMT,8,25172,9000,2.797,Critical,0
2026-02-23,CSMT,Mumbai CSMT,9,42848,9000,4.761,Critical,0
2026-02-23,CSMT,Mumbai CSMT,10,22630,9000,2.514,Critical,0
2026-02-23,CSMT,Mumbai CSMT,11,20723,9000,2.303,Critical,0
2026-02-23,CSMT,Mumbai CSMT,12,17435,9000,1.937,Critical,0
2026-02-23,CSMT,Mumbai CSMT,13,14902,9000,1.656,Critical,0
2026-02-23,CSMT,Mumbai CSMT,14,14075,9000,1.564,Critical,0
2026-02-23,CSMT,Mumbai CSMT,15,19231,9000,2.137,Critical,0
2026-02-23,CSMT,Mumbai CSMT,16,22661,9000,2.518,Critical,0
2026-02-23,CSMT,Mumbai CSMT,17,38416,9000,4.268,Critical,0
2026-02-23,CSMT,Mumbai CSMT,18,50787,9000,5.643,Critical,0
2026-02-23,CSMT,Mumbai CSMT,19,28473,9000,3.164,Critical,0
2026-02-23,CSMT,Mumbai CSMT,20,19812,9000,2.201,Critical,0
2026-02-23,CSMT,Mumbai CSMT,21,21171,9000,2.352,Critical,0
2026-02-23,CSMT,Mumbai CSMT,22,12382,9000,1.376,Critical,0
2026-02-23,CSMT,Mumbai CSMT,23,13691,9000,1.521,Critical,0
2026-02-23,KYN,Kalyan Junction,0,532,4000,0.133,Low,0
2026-02-23,KYN,Kalyan Junction,1,387,4000,0.097,Low,0
2026-02-23,KYN,Kalyan Junction,2,635,4000,0.159,Low,0
2026-02-23,KYN,Kalyan Junction,3,544,4000,0.136,Low,0
2026-02-23,KYN,Kalyan Junction,4,680,4000,0.17,Low,0
2026-02-23,KYN,Kalyan Junction,5,5039,4000,1.26,Critical,0
2026-02-23,KYN,Kalyan Junction,6,4797,4000,1.199,Critical,0
2026-02-23,KYN,Kalyan Junction,7,10864,4000,2.716,Critical,0
2026-02-23,KYN,Kalyan Junction,8,11690,4000,2.922,Critical,0
2026-02-23,KYN,Kalyan Junction,9,9904,4000,2.476,Critical,0
2026-02-23,KYN,Kalyan Junction,10,8099,4000,2.025,Critical,0
2026-02-23,KYN,Kalyan Junction,11,6596,4000,1.649,Critical,0
2026-02-23,KYN,Kalyan Junction,12,3972,4000,0.993,Critical,0
2026-02-23,KYN,Kalyan Junction,13,5232,4000,1.308,Critical,0
2026-02-23,KYN,Kalyan Junction,14,4390,4000,1.097,Critical,0
2026-02-23,KYN,Kalyan Junction,15,8457,4000,2.114,Critical,0
2026-02-23,KYN,Kalyan Junction,16,6786,4000,1.696,Critical,0
2026-02-23,KYN,Kalyan Junction,17,8024,4000,2.006,Critical,0
2026-02-23,KYN,Kalyan Junction,18,7112,4000,1.778,Critical,0
2026-02-23,KYN,Kalyan Junction,19,12335,4000,3.084,Critical,0
2026-02-23,KYN,Kalyan Junction,20,6607,4000,1.652,Critical,0
2026-02-23,KYN,Kalyan Junction,21,5479,4000,1.37,Critical,0
2026-02-23,KYN,Kalyan Junction,22,3500,4000,0.875,High,0
2026-02-23,KYN,Kalyan Junction,23,4073,4000,1.018,Critical,0
2026-02-23,NMD,Nashik Road,0,431,2000,0.215,Low,0
2026-02-23,NMD,Nashik Road,1,396,2000,0.198,Low,0
2026-02-23,NMD,Nashik Road,2,177,2000,0.088,Low,0
2026-02-23,NMD,Nashik Road,3,221,2000,0.111,Low,0
2026-02-23,NMD,Nashik Road,4,431,2000,0.215,Low,0
2026-02-23,NMD,Nashik Road,5,1535,2000,0.767,High,0
2026-02-23,NMD,Nashik Road,6,1876,2000,0.938,Critical,0
2026-02-23,NMD,Nashik Road,7,4364,2000,2.182,Critical,0
2026-02-23,NMD,Nashik Road,8,3165,2000,1.583,Critical,0
2026-02-23,NMD,Nashik Road,9,3680,2000,1.84,Critical,0
2026-02-23,NMD,Nashik Road,10,2073,2000,1.036,Critical,0
2026-02-23,NMD,Nashik Road,11,2264,2000,1.132,Critical,0
2026-02-23,NMD,Nashik Road,12,1221,2000,0.611,Moderate,0
2026-02-23,NMD,Nashik Road,13,1155,2000,0.578,Moderate,0
2026-02-23,NMD,Nashik Road,14,1417,2000,0.709,High,0
2026-02-23,NMD,Nashik Road,15,2778,2000,1.389,Critical,0
2026-02-23,NMD,Nashik Road,16,1920,2000,0.96,Critical,0
2026-02-23,NMD,Nashik Road,17,3922,2000,1.961,Critical,0
2026-02-23,NMD,Nashik Road,18,5035,2000,2.518,Critical,0
2026-02-23,NMD,Nashik Road,19,5675,2000,2.837,Critical,0
2026-02-23,NMD,Nashik Road,20,2614,2000,1.307,Critical,0
2026-02-23,NMD,Nashik Road,21,2403,2000,1.202,Critical,0
2026-02-23,NMD,Nashik Road,22,1500,2000,0.75,High,0
2026-02-23,NMD,Nashik Road,23,2156,2000,1.078,Critical,0
2026-02-23,MMR,Manmad Junction,0,306,2500,0.122,Low,0
2026-02-23,MMR,Manmad Junction,1,368,2500,0.147,Low,0
2026-02-23,MMR,Manmad Junction,2,225,2500,0.09,Low,0
2026-02-23,MMR,Manmad Junction,3,140,2500,0.056,Low,0
2026-02-23,MMR,Manmad Junction,4,128,2500,0.051,Low,0
2026-02-23,MMR,Manmad Junction,5,1259,2500,0.504,Moderate,0
2026-02-23,MMR,Manmad Junction,6,1061,2500,0.424,Moderate,0
2026-02-23,MMR,Manmad Junction,7,2738,2500,1.095,Critical,0
2026-02-23,MMR,Manmad Junction,8,2667,2500,1.067,Critical,0
2026-02-23,MMR,Manmad Junction,9,2963,2500,1.185,Critical,0
2026-02-23,MMR,Manmad Junction,10,1321,2500,0.528,Moderate,0
2026-02-23,MMR,Manmad Junction,11,2051,2500,0.82,High,0
2026-02-23,MMR,Manmad Junction,12,1628,2500,0.651,Moderate,0
2026-02-23,MMR,Manmad Junction,13,1142,2500,0.457,Moderate,0
2026-02-23,MMR,Manmad Junction,14,985,2500,0.394,Low,0
2026-02-23,MMR,Manmad Junction,15,1567,2500,0.627,Moderate,0
2026-02-23,MMR,Manmad Junction,16,1977,2500,0.791,High,0
2026-02-23,MMR,Manmad Junction,17,2817,2500,1.127,Critical,0
2026-02-23,MMR,Manmad Junction,18,4204,2500,1.682,Critical,0
2026-02-23,MMR,Manmad Junction,19,3049,2500,1.22,Critical,0
2026-02-23,MMR,Manmad Junction,20,1780,2500,0.712,High,0
2026-02-23,MMR,Manmad Junction,21,1744,2500,0.698,Moderate,0
2026-02-23,MMR,Manmad Junction,22,1068,2500,0.427,Moderate,0
2026-02-23,MMR,Manmad Junction,23,994,2500,0.398,Low,0
2026-02-23,BSL,Bhusawal Junction,0,232,3000,0.077,Low,0
2026-02-23,BSL,Bhusawal Junction,1,198,3000,0.066,Low,0
2026-02-23,BSL,Bhusawal Junction,2,604,3000,0.201,Low,0
2026-02-23,BSL,Bhusawal Junction,3,532,3000,0.177,Low,0
2026-02-23,BSL,Bhusawal Junction,4,226,3000,0.075,Low,0
2026-02-23,BSL,Bhusawal Junction,5,2131,3000,0.71,High,0
2026-02-23,BSL,Bhusawal Junction,6,1878,3000,0.626,Moderate,0
2026-02-23,BSL,Bhusawal Junction,7,6414,3000,2.138,Critical,0
2026-02-23,BSL,Bhusawal Junction,8,4130,3000,1.377,Critical,0
2026-02-23,BSL,Bhusawal Junction,9,5178,3000,1.726,Critical,0
2026-02-23,BSL,Bhusawal Junction,10,3103,3000,1.034,Critical,0
2026-02-23,BSL,Bhusawal Junction,11,2253,3000,0.751,High,0
2026-02-23,BSL,Bhusawal Junction,12,1538,3000,0.513,Moderate,0
2026-02-23,BSL,Bhusawal Junction,13,2315,3000,0.772,High,0
2026-02-23,BSL,Bhusawal Junction,14,2030,3000,0.677,Moderate,0
2026-02-23,BSL,Bhusawal Junction,15,2326,3000,0.775,High,0
2026-02-23,BSL,Bhusawal Junction,16,2795,3000,0.932,Critical,0
2026-02-23,BSL,Bhusawal Junction,17,3757,3000,1.252,Critical,0
2026-02-23,BSL,Bhusawal Junction,18,6154,3000,2.051,Critical,0
2026-02-23,BSL,Bhusawal Junction,19,4368,3000,1.456,Critical,0
2026-02-23,BSL,Bhusawal Junction,20,3230,3000,1.077,Critical,0
2026-02-23,BSL,Bhusawal Junction,21,2427,3000,0.809,High,0
2026-02-23,BSL,Bhusawal Junction,22,1891,3000,0.63,Moderate,0
2026-02-23,BSL,Bhusawal Junction,23,2357,3000,0.786,High,0
2026-02-23,ET,Itarsi Junction,0,291,3500,0.083,Low,0
2026-02-23,ET,Itarsi Junction,1,231,3500,0.066,Low,0
2026-02-23,ET,Itarsi Junction,2,418,3500,0.119,Low,0
2026-02-23,ET,Itarsi Junction,3,244,3500,0.07,Low,0
2026-02-23,ET,Itarsi Junction,4,211,3500,0.06,Low,0
2026-02-23,ET,Itarsi Junction,5,1979,3500,0.565,Moderate,0
2026-02-23,ET,Itarsi Junction,6,1349,3500,0.385,Low,0
2026-02-23,ET,Itarsi Junction,7,3721,3500,1.063,Critical,0
2026-02-23,ET,Itarsi Junction,8,5765,3500,1.647,Critical,0
2026-02-23,ET,Itarsi Junction,9,3127,3500,0.893,High,0
2026-02-23,ET,Itarsi Junction,10,1938,3500,0.554,Moderate,0
2026-02-23,ET,Itarsi Junction,11,2328,3500,0.665,Moderate,0
2026-02-23,ET,Itarsi Junction,12,1643,3500,0.469,Moderate,0
2026-02-23,ET,Itarsi Junction,13,1254,3500,0.358,Low,0
2026-02-23,ET,Itarsi Junction,14,1923,3500,0.549,Moderate,0
2026-02-23,ET,Itarsi Junction,15,2388,3500,0.682,Moderate,0
2026-02-23,ET,Itarsi Junction,16,2489,3500,0.711,High,0
2026-02-23,ET,Itarsi Junction,17,6350,3500,1.814,Critical,0
2026-02-23,ET,Itarsi Junction,18,5283,3500,1.509,Critical,0
2026-02-23,ET,Itarsi Junction,19,4665,3500,1.333,Critical,0
2026-02-23,ET,Itarsi Junction,20,2260,3500,0.646,Moderate,0
2026-02-23,ET,Itarsi Junction,21,2492,3500,0.712,High,0
2026-02-23,ET,Itarsi Junction,22,1313,3500,0.375,Low,0
2026-02-23,ET,Itarsi Junction,23,1455,3500,0.416,Moderate,0
2026-02-23,BPL,Bhopal Junction,0,492,3000,0.164,Low,0
2026-02-23,BPL,Bhopal Junction,1,520,3000,0.173,Low,0
2026-02-23,BPL,Bhopal Junction,2,558,3000,0.186,Low,0
2026-02-23,BPL,Bhopal Junction,3,769,3000,0.256,Low,0
2026-02-23,BPL,Bhopal Junction,4,453,3000,0.151,Low,0
2026-02-23,BPL,Bhopal Junction,5,2679,3000,0.893,High,0
2026-02-23,BPL,Bhopal Junction,6,2807,3000,0.936,Critical,0
2026-02-23,BPL,Bhopal Junction,7,6074,3000,2.025,Critical,0
2026-02-23,BPL,Bhopal Junction,8,5845,3000,1.948,Critical,0
2026-02-23,BPL,Bhopal Junction,9,9654,3000,3.218,Critical,0
2026-02-23,BPL,Bhopal Junction,10,4425,3000,1.475,Critical,0
2026-02-23,BPL,Bhopal Junction,11,3356,3000,1.119,Critical,0
2026-02-23,BPL,Bhopal Junction,12,3380,3000,1.127,Critical,0
2026-02-23,BPL,Bhopal Junction,13,2856,3000,0.952,Critical,0
2026-02-23,BPL,Bhopal Junction,14,2718,3000,0.906,Critical,0
2026-02-23,BPL,Bhopal Junction,15,4093,3000,1.364,Critical,0
2026-02-23,BPL,Bhopal Junction,16,5206,3000,1.735,Critical,0
2026-02-23,BPL,Bhopal Junction,17,8682,3000,2.894,Critical,0
2026-02-23,BPL,Bhopal Junction,18,11378,3000,3.793,Critical,0
2026-02-23,BPL,Bhopal Junction,19,8046,3000,2.682,Critical,0
2026-02-23,BPL,Bhopal Junction,20,3188,3000,1.063,Critical,0
2026-02-23,BPL,Bhopal Junction,21,4694,3000,1.565,Critical,0
2026-02-23,BPL,Bhopal Junction,22,3390,3000,1.13,Critical,0
2026-02-23,BPL,Bhopal Junction,23,3782,3000,1.261,Critical,0
2026-02-23,JHS,Jhansi Junction,0,468,4000,0.117,Low,0
2026-02-23,JHS,Jhansi Junction,1,478,4000,0.119,Low,0
2026-02-23,JHS,Jhansi Junction,2,462,4000,0.116,Low,0
2026-02-23,JHS,Jhansi Junction,3,592,4000,0.148,Low,0
2026-02-23,JHS,Jhansi Junction,4,552,4000,0.138,Low,0
2026-02-23,JHS,Jhansi Junction,5,2986,4000,0.747,High,0
2026-02-23,JHS,Jhansi Junction,6,2638,4000,0.659,Moderate,0
2026-02-23,JHS,Jhansi Junction,7,8061,4000,2.015,Critical,0
2026-02-23,JHS,Jhansi Junction,8,5788,4000,1.447,Critical,0
2026-02-23,JHS,Jhansi Junction,9,5171,4000,1.293,Critical,0
2026-02-23,JHS,Jhansi Junction,10,3079,4000,0.77,High,0
2026-02-23,JHS,Jhansi Junction,11,4176,4000,1.044,Critical,0
2026-02-23,JHS,Jhansi Junction,12,2073,4000,0.518,Moderate,0
2026-02-23,JHS,Jhansi Junction,13,2211,4000,0.553,Moderate,0
2026-02-23,JHS,Jhansi Junction,14,1931,4000,0.483,Moderate,0
2026-02-23,JHS,Jhansi Junction,15,3465,4000,0.866,High,0
2026-02-23,JHS,Jhansi Junction,16,3497,4000,0.874,High,0
2026-02-23,JHS,Jhansi Junction,17,5383,4000,1.346,Critical,0
2026-02-23,JHS,Jhansi Junction,18,7658,4000,1.915,Critical,0
2026-02-23,JHS,Jhansi Junction,19,6273,4000,1.568,Critical,0
2026-02-23,JHS,Jhansi Junction,20,3749,4000,0.937,Critical,0
2026-02-23,JHS,Jhansi Junction,21,3164,4000,0.791,High,0
2026-02-23,JHS,Jhansi Junction,22,1834,4000,0.459,Moderate,0
2026-02-23,JHS,Jhansi Junction,23,2820,4000,0.705,High,0
2026-02-23,GWL,Gwalior Junction,0,373,2500,0.149,Low,0
2026-02-23,GWL,Gwalior Junction,1,164,2500,0.066,Low,0
2026-02-23,GWL,Gwalior Junction,2,314,2500,0.126,Low,0
2026-02-23,GWL,Gwalior Junction,3,326,2500,0.13,Low,0
2026-02-23,GWL,Gwalior Junction,4,369,2500,0.148,Low,0
2026-02-23,GWL,Gwalior Junction,5,1758,2500,0.703,High,0
2026-02-23,GWL,Gwalior Junction,6,2557,2500,1.023,Critical,0
2026-02-23,GWL,Gwalior Junction,7,4877,2500,1.951,Critical,0
2026-02-23,GWL,Gwalior Junction,8,6160,2500,2.464,Critical,0
2026-02-23,GWL,Gwalior Junction,9,4696,2500,1.878,Critical,0
2026-02-23,GWL,Gwalior Junction,10,2597,2500,1.039,Critical,0
2026-02-23,GWL,Gwalior Junction,11,3264,2500,1.306,Critical,0
2026-02-23,GWL,Gwalior Junction,12,1613,2500,0.645,Moderate,0
2026-02-23,GWL,Gwalior Junction,13,1511,2500,0.604,Moderate,0
2026-02-23,GWL,Gwalior Junction,14,1593,2500,0.637,Moderate,0
2026-02-23,GWL,Gwalior Junction,15,3482,2500,1.393,Critical,0
2026-02-23,GWL,Gwalior Junction,16,2714,2500,1.086,Critical,0
2026-02-23,GWL,Gwalior Junction,17,3553,2500,1.421,Critical,0
2026-02-23,GWL,Gwalior Junction,18,6567,2500,2.627,Critical,0
2026-02-23,GWL,Gwalior Junction,19,4481,2500,1.792,Critical,0
2026-02-23,GWL,Gwalior Junction,20,2574,2500,1.03,Critical,0
2026-02-23,GWL,Gwalior Junction,21,3131,2500,1.252,Critical,0
2026-02-23,GWL,Gwalior Junction,22,2401,2500,0.96,Critical,0
2026-02-23,GWL,Gwalior Junction,23,1705,2500,0.682,Moderate,0
2026-02-23,AGC,Agra Cantt,0,398,3000,0.133,Low,0
2026-02-23,AGC,Agra Cantt,1,575,3000,0.192,Low,0
2026-02-23,AGC,Agra Cantt,2,589,3000,0.196,Low,0
2026-02-23,AGC,Agra Cantt,3,528,3000,0.176,Low,0
2026-02-23,AGC,Agra Cantt,4,308,3000,0.103,Low,0
2026-02-23,AGC,Agra Cantt,5,3159,3000,1.053,Critical,0
2026-02-23,AGC,Agra Cantt,6,2290,3000,0.763,High,0
2026-02-23,AGC,Agra Cantt,7,5765,3000,1.922,Critical,0
2026-02-23,AGC,Agra Cantt,8,8779,3000,2.926,Critical,0
2026-02-23,AGC,Agra Cantt,9,6950,3000,2.317,Critical,0
2026-02-23,AGC,Agra Cantt,10,3776,3000,1.259,Critical,0
2026-02-23,AGC,Agra Cantt,11,3714,3000,1.238,Critical,0
2026-02-23,AGC,Agra Cantt,12,3156,3000,1.052,Critical,0
2026-02-23,AGC,Agra Cantt,13,3434,3000,1.145,Critical,0
2026-02-23,AGC,Agra Cantt,14,2564,3000,0.855,High,0
2026-02-23,AGC,Agra Cantt,15,2937,3000,0.979,Critical,0
2026-02-23,AGC,Agra Cantt,16,5013,3000,1.671,Critical,0
2026-02-23,AGC,Agra Cantt,17,6522,3000,2.174,Critical,0
2026-02-23,AGC,Agra Cantt,18,6671,3000,2.224,Critical,0
2026-02-23,AGC,Agra Cantt,19,7341,3000,2.447,Critical,0
2026-02-23,AGC,Agra Cantt,20,4345,3000,1.448,Critical,0
2026-02-23,AGC,Agra Cantt,21,3160,3000,1.053,Critical,0
2026-02-23,AGC,Agra Cantt,22,2009,3000,0.67,Moderate,0
2026-02-23,AGC,Agra Cantt,23,1700,3000,0.567,Moderate,0
2026-02-22,MMCT,Mumbai Central,0,860,4000,0.215,Low,6
2026-02-22,MMCT,Mumbai Central,1,1707,4000,0.427,Moderate,6
2026-02-22,MMCT,Mumbai Central,2,2085,4000,0.521,Moderate,6
2026-02-22,MMCT,Mumbai Central,3,1681,4000,0.42,Moderate,6
2026-02-22,MMCT,Mumbai Central,4,1583,4000,0.396,Low,6
2026-02-22,MMCT,Mumbai Central,5,7651,4000,1.913,Critical,6
2026-02-22,MMCT,Mumbai Central,6,6078,4000,1.52,Critical,6
2026-02-22,MMCT,Mumbai Central,7,12448,4000,3.112,Critical,6
2026-02-22,MMCT,Mumbai Central,8,16283,4000,4.071,Critical,6
2026-02-22,MMCT,Mumbai Central,9,16743,4000,4.186,Critical,6
2026-02-22,MMCT,Mumbai Central,10,8094,4000,2.023,Critical,6
2026-02-22,MMCT,Mumbai Central,11,9844,4000,2.461,Critical,6
2026-02-22,MMCT,Mumbai Central,12,6180,4000,1.545,Critical,6
2026-02-22,MMCT,Mumbai Central,13,6833,4000,1.708,Critical,6
2026-02-22,MMCT,Mumbai Central,14,5294,4000,1.323,Critical,6
2026-02-22,MMCT,Mumbai Central,15,10226,4000,2.557,Critical,6
2026-02-22,MMCT,Mumbai Central,16,9736,4000,2.434,Critical,6
2026-02-22,MMCT,Mumbai Central,17,13195,4000,3.299,Critical,6
2026-02-22,MMCT,Mumbai Central,18,17473,4000,4.368,Critical,6
2026-02-22,MMCT,Mumbai Central,19,16904,4000,4.226,Critical,6
2026-02-22,MMCT,Mumbai Central,20,12345,4000,3.086,Critical,6
2026-02-22,MMCT,Mumbai Central,21,9343,4000,2.336,Critical,6
2026-02-22,MMCT,Mumbai Central,22,4632,4000,1.158,Critical,6
2026-02-22,MMCT,Mumbai Central,23,8167,4000,2.042,Critical,6
2026-02-22,BVI,Borivali,0,621,3000,0.207,Low,6
2026-02-22,BVI,Borivali,1,465,3000,0.155,Low,6
2026-02-22,BVI,Borivali,2,561,3000,0.187,Low,6
2026-02-22,BVI,Borivali,3,813,3000,0.271,Low,6
2026-02-22,BVI,Borivali,4,533,3000,0.178,Low,6
2026-02-22,BVI,Borivali,5,3170,3000,1.057,Critical,6
2026-02-22,BVI,Borivali,6,2994,3000,0.998,Critical,6
2026-02-22,BVI,Borivali,7,7291,3000,2.43,Critical,6
2026-02-22,BVI,Borivali,8,7231,3000,2.41,Critical,6
2026-02-22,BVI,Borivali,9,6377,3000,2.126,Critical,6
2026-02-22,BVI,Borivali,10,3805,3000,1.268,Critical,6
2026-02-22,BVI,Borivali,11,5031,3000,1.677,Critical,6
2026-02-22,BVI,Borivali,12,2597,3000,0.866,High,6
2026-02-22,BVI,Borivali,13,2556,3000,0.852,High,6
2026-02-22,BVI,Borivali,14,3348,3000,1.116,Critical,6
2026-02-22,BVI,Borivali,15,5293,3000,1.764,Critical,6
2026-02-22,BVI,Borivali,16,4743,3000,1.581,Critical,6
2026-02-22,BVI,Borivali,17,7264,3000,2.421,Critical,6
2026-02-22,BVI,Borivali,18,8502,3000,2.834,Critical,6
2026-02-22,BVI,Borivali,19,7728,3000,2.576,Critical,6
2026-02-22,BVI,Borivali,20,3901,3000,1.3,Critical,6
2026-02-22,BVI,Borivali,21,4705,3000,1.568,Critical,6
2026-02-22,BVI,Borivali,22,3448,3000,1.149,Critical,6
2026-02-22,BVI,Borivali,23,3099,3000,1.033,Critical,6
2026-02-22,BL,Valsad,0,179,1500,0.119,Low,6
2026-02-22,BL,Valsad,1,92,1500,0.061,Low,6
2026-02-22,BL,Valsad,2,102,1500,0.068,Low,6
2026-02-22,BL,Valsad,3,62,1500,0.041,Low,6
2026-02-22,BL,Valsad,4,183,1500,0.122,Low,6
2026-02-22,BL,Valsad,5,623,1500,0.415,Moderate,6
2026-02-22,BL,Valsad,6,539,1500,0.359,Low,6
2026-02-22,BL,Valsad,7,1517,1500,1.011,Critical,6
2026-02-22,BL,Valsad,8,1775,1500,1.183,Critical,6
2026-02-22,BL,Valsad,9,1651,1500,1.101,Critical,6
2026-02-22,BL,Valsad,10,1118,1500,0.745,High,6
2026-02-22,BL,Valsad,11,911,1500,0.607,Moderate,6
2026-02-22,BL,Valsad,12,746,1500,0.497,Moderate,6
2026-02-22,BL,Valsad,13,519,1500,0.346,Low,6
2026-02-22,BL,Valsad,14,603,1500,0.402,Moderate,6
2026-02-22,BL,Valsad,15,896,1500,0.597,Moderate,6
2026-02-22,BL,Valsad,16,940,1500,0.627,Moderate,6
2026-02-22,BL,Valsad,17,1803,1500,1.202,Critical,6
2026-02-22,BL,Valsad,18,1069,1500,0.713,High,6
2026-02-22,BL,Valsad,19,1441,1500,0.961,Critical,6
2026-02-22,BL,Valsad,20,930,1500,0.62,Moderate,6
2026-02-22,BL,Valsad,21,758,1500,0.505,Moderate,6
2026-02-22,BL,Valsad,22,643,1500,0.429,Moderate,6
2026-02-22,BL,Valsad,23,814,1500,0.543,Moderate,6
2026-02-22,ST,Surat,0,348,3000,0.116,Low,6
2026-02-22,ST,Surat,1,671,3000,0.224,Low,6
2026-02-22,ST,Surat,2,1252,3000,0.417,Moderate,6
2026-02-22,ST,Surat,3,1043,3000,0.348,Low,6
2026-02-22,ST,Surat,4,483,3000,0.161,Low,6
2026-02-22,ST,Surat,5,3445,3000,1.148,Critical,6
2026-02-22,ST,Surat,6,3736,3000,1.245,Critical,6
2026-02-22,ST,Surat,7,7769,3000,2.59,Critical,6
2026-02-22,ST,Surat,8,12888,3000,4.296,Critical,6
2026-02-22,ST,Surat,9,9015,3000,3.005,Critical,6
2026-02-22,ST,Surat,10,5226,3000,1.742,Critical,6
2026-02-22,ST,Surat,11,6315,3000,2.105,Critical,6
2026-02-22,ST,Surat,12,4393,3000,1.464,Critical,6
2026-02-22,ST,Surat,13,3581,3000,1.194,Critical,6
2026-02-22,ST,Surat,14,3123,3000,1.041,Critical,6
2026-02-22,ST,Surat,15,5089,3000,1.696,Critical,6
2026-02-22,ST,Surat,16,6923,3000,2.308,Critical,6
2026-02-22,ST,Surat,17,13315,3000,4.438,Critical,6
2026-02-22,ST,Surat,18,8692,3000,2.897,Critical,6
2026-02-22,ST,Surat,19,10583,3000,3.528,Critical,6
2026-02-22,ST,Surat,20,7448,3000,2.483,Critical,6
2026-02-22,ST,Surat,21,7374,3000,2.458,Critical,6
2026-02-22,ST,Surat,22,4790,3000,1.597,Critical,6
2026-02-22,ST,Surat,23,4030,3000,1.343,Critical,6
2026-02-22,BRC,Vadodara Junction,0,809,3500,0.231,Low,6
2026-02-22,BRC,Vadodara Junction,1,831,3500,0.237,Low,6
2026-02-22,BRC,Vadodara Junction,2,619,3500,0.177,Low,6
2026-02-22,BRC,Vadodara Junction,3,540,3500,0.154,Low,6
2026-02-22,BRC,Vadodara Junction,4,555,3500,0.159,Low,6
2026-02-22,BRC,Vadodara Junction,5,3316,3500,0.947,Critical,6
2026-02-22,BRC,Vadodara Junction,6,3503,3500,1.001,Critical,6
2026-02-22,BRC,Vadodara Junction,7,8496,3500,2.427,Critical,6
2026-02-22,BRC,Vadodara Junction,8,6600,3500,1.886,Critical,6
2026-02-22,BRC,Vadodara Junction,9,9106,3500,2.602,Critical,6
2026-02-22,BRC,Vadodara Junction,10,4313,3500,1.232,Critical,6
2026-02-22,BRC,Vadodara Junction,11,5585,3500,1.596,Critical,6
2026-02-22,BRC,Vadodara Junction,12,3814,3500,1.09,Critical,6
2026-02-22,BRC,Vadodara Junction,13,3481,3500,0.995,Critical,6
2026-02-22,BRC,Vadodara Junction,14,3241,3500,0.926,Critical,6
2026-02-22,BRC,Vadodara Junction,15,4080,3500,1.166,Critical,6
2026-02-22,BRC,Vadodara Junction,16,5915,3500,1.69,Critical,6
2026-02-22,BRC,Vadodara Junction,17,7712,3500,2.203,Critical,6
2026-02-22,BRC,Vadodara Junction,18,11466,3500,3.276,Critical,6
2026-02-22,BRC,Vadodara Junction,19,8874,3500,2.535,Critical,6
2026-02-22,BRC,Vadodara Junction,20,4278,3500,1.222,Critical,6
2026-02-22,BRC,Vadodara Junction,21,5215,3500,1.49,Critical,6
2026-02-22,BRC,Vadodara Junction,22,3473,3500,0.992,Critical,6
2026-02-22,BRC,Vadodara Junction,23,4218,3500,1.205,Critical,6
2026-02-22,RTM,Ratlam Junction,0,424,2500,0.17,Low,6
2026-02-22,RTM,Ratlam Junction,1,227,2500,0.091,Low,6
2026-02-22,RTM,Ratlam Junction,2,274,2500,0.11,Low,6
2026-02-22,RTM,Ratlam Junction,3,400,2500,0.16,Low,6
2026-02-22,RTM,Ratlam Junction,4,207,2500,0.083,Low,6
2026-02-22,RTM,Ratlam Junction,5,1304,2500,0.522,Moderate,6
2026-02-22,RTM,Ratlam Junction,6,1515,2500,0.606,Moderate,6
2026-02-22,RTM,Ratlam Junction,7,4716,2500,1.886,Critical,6
2026-02-22,RTM,Ratlam Junction,8,3726,2500,1.49,Critical,6
2026-02-22,RTM,Ratlam Junction,9,4613,2500,1.845,Critical,6
2026-02-22,RTM,Ratlam Junction,10,2048,2500,0.819,High,6
2026-02-22,RTM,Ratlam Junction,11,1652,2500,0.661,Moderate,6
2026-02-22,RTM,Ratlam Junction,12,1516,2500,0.606,Moderate,6
2026-02-22,RTM,Ratlam Junction,13,1075,2500,0.43,Moderate,6
2026-02-22,RTM,Ratlam Junction,14,1832,2500,0.733,High,6
2026-02-22,RTM,Ratlam Junction,15,1998,2500,0.799,High,6
2026-02-22,RTM,Ratlam Junction,16,1607,2500,0.643,Moderate,6
2026-02-22,RTM,Ratlam Junction,17,3750,2500,1.5,Critical,6
2026-02-22,RTM,Ratlam Junction,18,3320,2500,1.328,Critical,6
2026-02-22,RTM,Ratlam Junction,19,4642,2500,1.857,Critical,6
2026-02-22,RTM,Ratlam Junction,20,2276,2500,0.91,Critical,6
2026-02-22,RTM,Ratlam Junction,21,1490,2500,0.596,Moderate,6
2026-02-22,RTM,Ratlam Junction,22,1102,2500,0.441,Moderate,6
2026-02-22,RTM,Ratlam Junction,23,1760,2500,0.704,High,6
2026-02-22,KOTA,Kota Junction,0,389,3000,0.13,Low,6
2026-02-22,KOTA,Kota Junction,1,587,3000,0.196,Low,6
2026-02-22,KOTA,Kota Junction,2,480,3000,0.16,Low,6
2026-02-22,KOTA,Kota Junction,3,496,3000,0.165,Low,6
2026-02-22,KOTA,Kota Junction,4,212,3000,0.071,Low,6
2026-02-22,KOTA,Kota Junction,5,2439,3000,0.813,High,6
2026-02-22,KOTA,Kota Junction,6,1431,3000,0.477,Moderate,6
2026-02-22,KOTA,Kota Junction,7,5162,3000,1.721,Critical,6
2026-02-22,KOTA,Kota Junction,8,7498,3000,2.499,Critical,6
2026-02-22,KOTA,Kota Junction,9,7810,3000,2.603,Critical,6
2026-02-22,KOTA,Kota Junction,10,2584,3000,0.861,High,6
2026-02-22,KOTA,Kota Junction,11,2602,3000,0.867,High,6
2026-02-22,KOTA,Kota Junction,12,2184,3000,0.728,High,6
2026-02-22,KOTA,Kota Junction,13,2749,3000,0.916,Critical,6
2026-02-22,KOTA,Kota Junction,14,2096,3000,0.699,Moderate,6
2026-02-22,KOTA,Kota Junction,15,2474,3000,0.825,High,6
2026-02-22,KOTA,Kota Junction,16,4006,3000,1.335,Critical,6
2026-02-22,KOTA,Kota Junction,17,6112,3000,2.037,Critical,6
2026-02-22,KOTA,Kota Junction,18,4839,3000,1.613,Critical,6
2026-02-22,KOTA,Kota Junction,19,4416,3000,1.472,Critical,6
2026-02-22,KOTA,Kota Junction,20,3075,3000,1.025,Critical,6
2026-02-22,KOTA,Kota Junction,21,3346,3000,1.115,Critical,6
2026-02-22,KOTA,Kota Junction,22,2351,3000,0.784,High,6
2026-02-22,KOTA,Kota Junction,23,2149,3000,0.716,High,6
2026-02-22,SWM,Sawai Madhopur,0,78,2000,0.039,Low,6
2026-02-22,SWM,Sawai Madhopur,1,151,2000,0.075,Low,6
2026-02-22,SWM,Sawai Madhopur,2,205,2000,0.102,Low,6
2026-02-22,SWM,Sawai Madhopur,3,162,2000,0.081,Low,6
2026-02-22,SWM,Sawai Madhopur,4,227,2000,0.114,Low,6
2026-02-22,SWM,Sawai Madhopur,5,795,2000,0.398,Low,6
2026-02-22,SWM,Sawai Madhopur,6,824,2000,0.412,Moderate,6
2026-02-22,SWM,Sawai Madhopur,7,2997,2000,1.498,Critical,6
2026-02-22,SWM,Sawai Madhopur,8,2064,2000,1.032,Critical,6
2026-02-22,SWM,Sawai Madhopur,9,2221,2000,1.111,Critical,6
2026-02-22,SWM,Sawai Madhopur,10,1164,2000,0.582,Moderate,6
2026-02-22,SWM,Sawai Madhopur,11,1287,2000,0.643,Moderate,6
2026-02-22,SWM,Sawai Madhopur,12,870,2000,0.435,Moderate,6
2026-02-22,SWM,Sawai Madhopur,13,1027,2000,0.513,Moderate,6
2026-02-22,SWM,Sawai Madhopur,14,842,2000,0.421,Moderate,6
2026-02-22,SWM,Sawai Madhopur,15,1452,2000,0.726,High,6
2026-02-22,SWM,Sawai Madhopur,16,1260,2000,0.63,Moderate,6
2026-02-22,SWM,Sawai Madhopur,17,1848,2000,0.924,Critical,6
2026-02-22,SWM,Sawai Madhopur,18,1786,2000,0.893,High,6
2026-02-22,SWM,Sawai Madhopur,19,1936,2000,0.968,Critical,6
2026-02-22,SWM,Sawai Madhopur,20,1035,2000,0.517,Moderate,6
2026-02-22,SWM,Sawai Madhopur,21,1570,2000,0.785,High,6
2026-02-22,SWM,Sawai Madhopur,22,882,2000,0.441,Moderate,6
2026-02-22,SWM,Sawai Madhopur,23,869,2000,0.434,Moderate,6
2026-02-22,MTJ,Mathura Junction,0,375,3000,0.125,Low,6
2026-02-22,MTJ,Mathura Junction,1,397,3000,0.132,Low,6
2026-02-22,MTJ,Mathura Junction,2,282,3000,0.094,Low,6
2026-02-22,MTJ,Mathura Junction,3,440,3000,0.147,Low,6
2026-02-22,MTJ,Mathura Junction,4,717,3000,0.239,Low,6
2026-02-22,MTJ,Mathura Junction,5,2441,3000,0.814,High,6
2026-02-22,MTJ,Mathura Junction,6,2488,3000,0.829,High,6
2026-02-22,MTJ,Mathura Junction,7,5047,3000,1.682,Critical,6
2026-02-22,MTJ,Mathura Junction,8,8230,3000,2.743,Critical,6
2026-02-22,MTJ,Mathura Junction,9,8231,3000,2.744,Critical,6
2026-02-22,MTJ,Mathura Junction,10,4561,3000,1.52,Critical,6
2026-02-22,MTJ,Mathura Junction,11,3521,3000,1.174,Critical,6
2026-02-22,MTJ,Mathura Junction,12,2706,3000,0.902,Critical,6
2026-02-22,MTJ,Mathura Junction,13,1558,3000,0.519,Moderate,6
2026-02-22,MTJ,Mathura Junction,14,2887,3000,0.962,Critical,6
2026-02-22,MTJ,Mathura Junction,15,3814,3000,1.271,Critical,6
2026-02-22,MTJ,Mathura Junction,16,3314,3000,1.105,Critical,6
2026-02-22,MTJ,Mathura Junction,17,6502,3000,2.167,Critical,6
2026-02-22,MTJ,Mathura Junction,18,7046,3000,2.349,Critical,6
2026-02-22,MTJ,Mathura Junction,19,5334,3000,1.778,Critical,6
2026-02-22,MTJ,Mathura Junction,20,4192,3000,1.397,Critical,6
2026-02-22,MTJ,Mathura Junction,21,2711,3000,0.904,Critical,6
2026-02-22,MTJ,Mathura Junction,22,2716,3000,0.905,Critical,6
2026-02-22,MTJ,Mathura Junction,23,2791,3000,0.93,Critical,6
2026-02-22,NDLS,New Delhi,0,6460,8000,0.807,High,6
2026-02-22,NDLS,New Delhi,1,5153,8000,0.644,Moderate,6
2026-02-22,NDLS,New Delhi,2,3883,8000,0.485,Moderate,6
2026-02-22,NDLS,New Delhi,3,5333,8000,0.667,Moderate,6
2026-02-22,NDLS,New Delhi,4,2223,8000,0.278,Low,6
2026-02-22,NDLS,New Delhi,5,20185,8000,2.523,Critical,6
2026-02-22,NDLS,New Delhi,6,21792,8000,2.724,Critical,6
2026-02-22,NDLS,New Delhi,7,59033,8000,7.379,Critical,6
2026-02-22,NDLS,New Delhi,8,41125,8000,5.141,Critical,6
2026-02-22,NDLS,New Delhi,9,50935,8000,6.367,Critical,6
2026-02-22,NDLS,New Delhi,10,33418,8000,4.177,Critical,6
2026-02-22,NDLS,New Delhi,11,19801,8000,2.475,Critical,6
2026-02-22,NDLS,New Delhi,12,16188,8000,2.023,Critical,6
2026-02-22,NDLS,New Delhi,13,13571,8000,1.696,Critical,6
2026-02-22,NDLS,New Delhi,14,16164,8000,2.021,Critical,6
2026-02-22,NDLS,New Delhi,15,30763,8000,3.845,Critical,6
2026-02-22,NDLS,New Delhi,16,24445,8000,3.056,Critical,6
2026-02-22,NDLS,New Delhi,17,63093,8000,7.887,Critical,6
2026-02-22,NDLS,New Delhi,18,55580,8000,6.947,Critical,6
2026-02-22,NDLS,New Delhi,19,52406,8000,6.551,Critical,6
2026-02-22,NDLS,New Delhi,20,37019,8000,4.627,Critical,6
2026-02-22,NDLS,New Delhi,21,31816,8000,3.977,Critical,6
2026-02-22,NDLS,New Delhi,22,14404,8000,1.8,Critical,6
2026-02-22,NDLS,New Delhi,23,19947,8000,2.493,Critical,6
2026-02-22,CSMT,Mumbai CSMT,0,2898,9000,0.322,Low,6
2026-02-22,CSMT,Mumbai CSMT,1,2554,9000,0.284,Low,6
2026-02-22,CSMT,Mumbai CSMT,2,2048,9000,0.228,Low,6
2026-02-22,CSMT,Mumbai CSMT,3,3645,9000,0.405,Moderate,6
2026-02-22,CSMT,Mumbai CSMT,4,2920,9000,0.324,Low,6
2026-02-22,CSMT,Mumbai CSMT,5,13574,9000,1.508,Critical,6
2026-02-22,CSMT,Mumbai CSMT,6,16498,9000,1.833,Critical,6
2026-02-22,CSMT,Mumbai CSMT,7,51008,9000,5.668,Critical,6
2026-02-22,CSMT,Mumbai CSMT,8,48744,9000,5.416,Critical,6
2026-02-22,CSMT,Mumbai CSMT,9,26235,9000,2.915,Critical,6
2026-02-22,CSMT,Mumbai CSMT,10,17756,9000,1.973,Critical,6
2026-02-22,CSMT,Mumbai CSMT,11,21648,9000,2.405,Critical,6
2026-02-22,CSMT,Mumbai CSMT,12,15860,9000,1.762,Critical,6
2026-02-22,CSMT,Mumbai CSMT,13,11341,9000,1.26,Critical,6
2026-02-22,CSMT,Mumbai CSMT,14,13153,9000,1.461,Critical,6
2026-02-22,CSMT,Mumbai CSMT,15,25657,9000,2.851,Critical,6
2026-02-22,CSMT,Mumbai CSMT,16,26166,9000,2.907,Critical,6
2026-02-22,CSMT,Mumbai CSMT,17,33551,9000,3.728,Critical,6
2026-02-22,CSMT,Mumbai CSMT,18,45425,9000,5.047,Critical,6
2026-02-22,CSMT,Mumbai CSMT,19,41862,9000,4.651,Critical,6
2026-02-22,CSMT,Mumbai CSMT,20,27293,9000,3.033,Critical,6
2026-02-22,CSMT,Mumbai CSMT,21,17921,9000,1.991,Critical,6
2026-02-22,CSMT,Mumbai CSMT,22,16048,9000,1.783,Critical,6
2026-02-22,CSMT,Mumbai CSMT,23,13010,9000,1.446,Critical,6
2026-02-22,KYN,Kalyan Junction,0,735,4000,0.184,Low,6
2026-02-22,KYN,Kalyan Junction,1,491,4000,0.123,Low,6
2026-02-22,KYN,Kalyan Junction,2,611,4000,0.153,Low,6
2026-02-22,KYN,Kalyan Junction,3,458,4000,0.115,Low,6
2026-02-22,KYN,Kalyan Junction,4,916,4000,0.229,Low,6
2026-02-22,KYN,Kalyan Junction,5,4874,4000,1.218,Critical,6
2026-02-22,KYN,Kalyan Junction,6,3524,4000,0.881,High,6
2026-02-22,KYN,Kalyan Junction,7,14184,4000,3.546,Critical,6
2026-02-22,KYN,Kalyan Junction,8,12728,4000,3.182,Critical,6
2026-02-22,KYN,Kalyan Junction,9,11217,4000,2.804,Critical,6
2026-02-22,KYN,Kalyan Junction,10,5896,4000,1.474,Critical,6
2026-02-22,KYN,Kalyan Junction,11,6855,4000,1.714,Critical,6
2026-02-22,KYN,Kalyan Junction,12,4318,4000,1.079,Critical,6
2026-02-22,KYN,Kalyan Junction,13,3956,4000,0.989,Critical,6
2026-02-22,KYN,Kalyan Junction,14,5196,4000,1.299,Critical,6
2026-02-22,KYN,Kalyan Junction,15,5887,4000,1.472,Critical,6
2026-02-22,KYN,Kalyan Junction,16,6945,4000,1.736,Critical,6
2026-02-22,KYN,Kalyan Junction,17,12068,4000,3.017,Critical,6
2026-02-22,KYN,Kalyan Junction,18,10029,4000,2.507,Critical,6
2026-02-22,KYN,Kalyan Junction,19,13310,4000,3.328,Critical,6
2026-02-22,KYN,Kalyan Junction,20,6453,4000,1.613,Critical,6
2026-02-22,KYN,Kalyan Junction,21,4857,4000,1.214,Critical,6
2026-02-22,KYN,Kalyan Junction,22,3895,4000,0.974,Critical,6
2026-02-22,KYN,Kalyan Junction,23,5489,4000,1.372,Critical,6
2026-02-22,NMD,Nashik Road,0,415,2000,0.207,Low,6
2026-02-22,NMD,Nashik Road,1,265,2000,0.133,Low,6
2026-02-22,NMD,Nashik Road,2,367,2000,0.183,Low,6
2026-02-22,NMD,Nashik Road,3,416,2000,0.208,Low,6
2026-02-22,NMD,Nashik Road,4,509,2000,0.255,Low,6
2026-02-22,NMD,Nashik Road,5,1611,2000,0.805,High,6
2026-02-22,NMD,Nashik Road,6,1840,2000,0.92,Critical,6
2026-02-22,NMD,Nashik Road,7,3187,2000,1.593,Critical,6
2026-02-22,NMD,Nashik Road,8,5071,2000,2.535,Critical,6
2026-02-22,NMD,Nashik Road,9,3867,2000,1.933,Critical,6
2026-02-22,NMD,Nashik Road,10,3031,2000,1.516,Critical,6
2026-02-22,NMD,Nashik Road,11,2799,2000,1.399,Critical,6
2026-02-22,NMD,Nashik Road,12,1757,2000,0.878,High,6
2026-02-22,NMD,Nashik Road,13,1585,2000,0.792,High,6
2026-02-22,NMD,Nashik Road,14,2339,2000,1.169,Critical,6
2026-02-22,NMD,Nashik Road,15,2778,2000,1.389,Critical,6
2026-02-22,NMD,Nashik Road,16,2531,2000,1.266,Critical,6
2026-02-22,NMD,Nashik Road,17,2794,2000,1.397,Critical,6
2026-02-22,NMD,Nashik Road,18,3532,2000,1.766,Critical,6
2026-02-22,NMD,Nashik Road,19,4951,2000,2.475,Critical,6
2026-02-22,NMD,Nashik Road,20,1675,2000,0.838,High,6
2026-02-22,NMD,Nashik Road,21,2301,2000,1.151,Critical,6
2026-02-22,NMD,Nashik Road,22,1860,2000,0.93,Critical,6
2026-02-22,NMD,Nashik Road,23,1477,2000,0.739,High,6
2026-02-22,MMR,Manmad Junction,0,224,2500,0.09,Low,6
2026-02-22,MMR,Manmad Junction,1,181,2500,0.072,Low,6
2026-02-22,MMR,Manmad Junction,2,392,2500,0.157,Low,6
2026-02-22,MMR,Manmad Junction,3,317,2500,0.127,Low,6
2026-02-22,MMR,Manmad Junction,4,287,2500,0.115,Low,6
2026-02-22,MMR,Manmad Junction,5,1051,2500,0.42,Moderate,6
2026-02-22,MMR,Manmad Junction,6,993,2500,0.397,Low,6
2026-02-22,MMR,Manmad Junction,7,3932,2500,1.573,Critical,6
2026-02-22,MMR,Manmad Junction,8,4260,2500,1.704,Critical,6
2026-02-22,MMR,Manmad Junction,9,3098,2500,1.239,Critical,6
2026-02-22,MMR,Manmad Junction,10,1770,2500,0.708,High,6
2026-02-22,MMR,Manmad Junction,11,1279,2500,0.512,Moderate,6
2026-02-22,MMR,Manmad Junction,12,1320,2500,0.528,Moderate,6
2026-02-22,MMR,Manmad Junction,13,1553,2500,0.621,Moderate,6
2026-02-22,MMR,Manmad Junction,14,869,2500,0.348,Low,6
2026-02-22,MMR,Manmad Junction,15,2333,2500,0.933,Critical,6
2026-02-22,MMR,Manmad Junction,16,2024,2500,0.81,High,6
2026-02-22,MMR,Manmad Junction,17,3064,2500,1.226,Critical,6
2026-02-22,MMR,Manmad Junction,18,2495,2500,0.998,Critical,6
2026-02-22,MMR,Manmad Junction,19,3354,2500,1.342,Critical,6
2026-02-22,MMR,Manmad Junction,20,2232,2500,0.893,High,6
2026-02-22,MMR,Manmad Junction,21,1674,2500,0.67,Moderate,6
2026-02-22,MMR,Manmad Junction,22,1183,2500,0.473,Moderate,6
2026-02-22,MMR,Manmad Junction,23,1037,2500,0.415,Moderate,6
2026-02-22,BSL,Bhusawal Junction,0,168,3000,0.056,Low,6
2026-02-22,BSL,Bhusawal Junction,1,336,3000,0.112,Low,6
2026-02-22,BSL,Bhusawal Junction,2,226,3000,0.075,Low,6
2026-02-22,BSL,Bhusawal Junction,3,285,3000,0.095,Low,6
2026-02-22,BSL,Bhusawal Junction,4,578,3000,0.193,Low,6
2026-02-22,BSL,Bhusawal Junction,5,2063,3000,0.688,Moderate,6
2026-02-22,BSL,Bhusawal Junction,6,1650,3000,0.55,Moderate,6
2026-02-22,BSL,Bhusawal Junction,7,3011,3000,1.004,Critical,6
2026-02-22,BSL,Bhusawal Junction,8,6157,3000,2.052,Critical,6
2026-02-22,BSL,Bhusawal Junction,9,5965,3000,1.988,Critical,6
2026-02-22,BSL,Bhusawal Junction,10,3294,3000,1.098,Critical,6
2026-02-22,BSL,Bhusawal Junction,11,3306,3000,1.102,Critical,6
2026-02-22,BSL,Bhusawal Junction,12,1868,3000,0.623,Moderate,6
2026-02-22,BSL,Bhusawal Junction,13,2497,3000,0.832,High,6
2026-02-22,BSL,Bhusawal Junction,14,1932,3000,0.644,Moderate,6
2026-02-22,BSL,Bhusawal Junction,15,2683,3000,0.894,High,6
2026-02-22,BSL,Bhusawal Junction,16,2079,3000,0.693,Moderate,6
2026-02-22,BSL,Bhusawal Junction,17,3858,3000,1.286,Critical,6
2026-02-22,BSL,Bhusawal Junction,18,5317,3000,1.772,Critical,6
2026-02-22,BSL,Bhusawal Junction,19,4480,3000,1.493,Critical,6
2026-02-22,BSL,Bhusawal Junction,20,3487,3000,1.162,Critical,6
2026-02-22,BSL,Bhusawal Junction,21,2930,3000,0.977,Critical,6
2026-02-22,BSL,Bhusawal Junction,22,2630,3000,0.877,High,6
2026-02-22,BSL,Bhusawal Junction,23,1669,3000,0.556,Moderate,6
2026-02-22,ET,Itarsi Junction,0,297,3500,0.085,Low,6
2026-02-22,ET,Itarsi Junction,1,452,3500,0.129,Low,6
2026-02-22,ET,Itarsi Junction,2,208,3500,0.059,Low,6
2026-02-22,ET,Itarsi Junction,3,267,3500,0.076,Low,6
2026-02-22,ET,Itarsi Junction,4,244,3500,0.07,Low,6
2026-02-22,ET,Itarsi Junction,5,1472,3500,0.421,Moderate,6
2026-02-22,ET,Itarsi Junction,6,1749,3500,0.5,Moderate,6
2026-02-22,ET,Itarsi Junction,7,4225,3500,1.207,Critical,6
2026-02-22,ET,Itarsi Junction,8,4437,3500,1.268,Critical,6
2026-02-22,ET,Itarsi Junction,9,5272,3500,1.506,Critical,6
2026-02-22,ET,Itarsi Junction,10,2570,3500,0.734,High,6
2026-02-22,ET,Itarsi Junction,11,3132,3500,0.895,High,6
2026-02-22,ET,Itarsi Junction,12,1772,3500,0.506,Moderate,6
2026-02-22,ET,Itarsi Junction,13,1835,3500,0.524,Moderate,6
2026-02-22,ET,Itarsi Junction,14,1371,3500,0.392,Low,6
2026-02-22,ET,Itarsi Junction,15,3037,3500,0.868,High,6
2026-02-22,ET,Itarsi Junction,16,2130,3500,0.609,Moderate,6
2026-02-22,ET,Itarsi Junction,17,3915,3500,1.119,Critical,6
2026-02-22,ET,Itarsi Junction,18,5990,3500,1.711,Critical,6
2026-02-22,ET,Itarsi Junction,19,5071,3500,1.449,Critical,6
2026-02-22,ET,Itarsi Junction,20,3038,3500,0.868,High,6
2026-02-22,ET,Itarsi Junction,21,2857,3500,0.816,High,6
2026-02-22,ET,Itarsi Junction,22,1520,3500,0.434,Moderate,6
2026-02-22,ET,Itarsi Junction,23,1425,3500,0.407,Moderate,6
2026-02-22,BPL,Bhopal Junction,0,727,3000,0.242,Low,6
2026-02-22,BPL,Bhopal Junction,1,902,3000,0.301,Low,6
2026-02-22,BPL,Bhopal Junction,2,816,3000,0.272,Low,6
2026-02-22,BPL,Bhopal Junction,3,514,3000,0.171,Low,6
2026-02-22,BPL,Bhopal Junction,4,363,3000,0.121,Low,6
2026-02-22,BPL,Bhopal Junction,5,2217,3000,0.739,High,6
2026-02-22,BPL,Bhopal Junction,6,3725,3000,1.242,Critical,6
2026-02-22,BPL,Bhopal Junction,7,10512,3000,3.504,Critical,6
2026-02-22,BPL,Bhopal Junction,8,10543,3000,3.514,Critical,6
2026-02-22,BPL,Bhopal Junction,9,8285,3000,2.762,Critical,6
2026-02-22,BPL,Bhopal Junction,10,3755,3000,1.252,Critical,6
2026-02-22,BPL,Bhopal Junction,11,5966,3000,1.989,Critical,6
2026-02-22,BPL,Bhopal Junction,12,2707,3000,0.902,Critical,6
2026-02-22,BPL,Bhopal Junction,13,2086,3000,0.695,Moderate,6
2026-02-22,BPL,Bhopal Junction,14,3130,3000,1.043,Critical,6
2026-02-22,BPL,Bhopal Junction,15,4113,3000,1.371,Critical,6
2026-02-22,BPL,Bhopal Junction,16,4242,3000,1.414,Critical,6
2026-02-22,BPL,Bhopal Junction,17,8333,3000,2.778,Critical,6
2026-02-22,BPL,Bhopal Junction,18,9427,3000,3.142,Critical,6
2026-02-22,BPL,Bhopal Junction,19,7502,3000,2.501,Critical,6
2026-02-22,BPL,Bhopal Junction,20,5264,3000,1.755,Critical,6
2026-02-22,BPL,Bhopal Junction,21,3454,3000,1.151,Critical,6
2026-02-22,BPL,Bhopal Junction,22,3336,3000,1.112,Critical,6
2026-02-22,BPL,Bhopal Junction,23,2776,3000,0.925,Critical,6
2026-02-22,JHS,Jhansi Junction,0,407,4000,0.102,Low,6
2026-02-22,JHS,Jhansi Junction,1,572,4000,0.143,Low,6
2026-02-22,JHS,Jhansi Junction,2,275,4000,0.069,Low,6
2026-02-22,JHS,Jhansi Junction,3,355,4000,0.089,Low,6
2026-02-22,JHS,Jhansi Junction,4,726,4000,0.181,Low,6
2026-02-22,JHS,Jhansi Junction,5,2816,4000,0.704,High,6
2026-02-22,JHS,Jhansi Junction,6,2751,4000,0.688,Moderate,6
2026-02-22,JHS,Jhansi Junction,7,5350,4000,1.337,Critical,6
2026-02-22,JHS,Jhansi Junction,8,6586,4000,1.647,Critical,6
2026-02-22,JHS,Jhansi Junction,9,6392,4000,1.598,Critical,6
2026-02-22,JHS,Jhansi Junction,10,3560,4000,0.89,High,6
2026-02-22,JHS,Jhansi Junction,11,3237,4000,0.809,High,6
2026-02-22,JHS,Jhansi Junction,12,2618,4000,0.654,Moderate,6
2026-02-22,JHS,Jhansi Junction,13,2110,4000,0.527,Moderate,6
2026-02-22,JHS,Jhansi Junction,14,2968,4000,0.742,High,6
2026-02-22,JHS,Jhansi Junction,15,3713,4000,0.928,Critical,6
2026-02-22,JHS,Jhansi Junction,16,3071,4000,0.768,High,6
2026-02-22,JHS,Jhansi Junction,17,4315,4000,1.079,Critical,6
2026-02-22,JHS,Jhansi Junction,18,5264,4000,1.316,Critical,6
2026-02-22,JHS,Jhansi Junction,19,6582,4000,1.645,Critical,6
2026-02-22,JHS,Jhansi Junction,20,3991,4000,0.998,Critical,6
2026-02-22,JHS,Jhansi Junction,21,4350,4000,1.087,Critical,6
2026-02-22,JHS,Jhansi Junction,22,2011,4000,0.503,Moderate,6
2026-02-22,JHS,Jhansi Junction,23,2994,4000,0.749,High,6
2026-02-22,GWL,Gwalior Junction,0,586,2500,0.234,Low,6
2026-02-22,GWL,Gwalior Junction,1,433,2500,0.173,Low,6
2026-02-22,GWL,Gwalior Junction,2,401,2500,0.16,Low,6
2026-02-22,GWL,Gwalior Junction,3,456,2500,0.182,Low,6
2026-02-22,GWL,Gwalior Junction,4,323,2500,0.129,Low,6
2026-02-22,GWL,Gwalior Junction,5,1993,2500,0.797,High,6
2026-02-22,GWL,Gwalior Junction,6,1275,2500,0.51,Moderate,6
2026-02-22,GWL,Gwalior Junction,7,5139,2500,2.056,Critical,6
2026-02-22,GWL,Gwalior Junction,8,5947,2500,2.379,Critical,6
2026-02-22,GWL,Gwalior Junction,9,6199,2500,2.48,Critical,6
2026-02-22,GWL,Gwalior Junction,10,2290,2500,0.916,Critical,6
2026-02-22,GWL,Gwalior Junction,11,2724,2500,1.09,Critical,6
2026-02-22,GWL,Gwalior Junction,12,1252,2500,0.501,Moderate,6
2026-02-22,GWL,Gwalior Junction,13,1441,2500,0.576,Moderate,6
2026-02-22,GWL,Gwalior Junction,14,1464,2500,0.586,Moderate,6
2026-02-22,GWL,Gwalior Junction,15,1867,2500,0.747,High,6
2026-02-22,GWL,Gwalior Junction,16,2584,2500,1.034,Critical,6
2026-02-22,GWL,Gwalior Junction,17,4034,2500,1.614,Critical,6
2026-02-22,GWL,Gwalior Junction,18,4505,2500,1.802,Critical,6
2026-02-22,GWL,Gwalior Junction,19,5302,2500,2.121,Critical,6
2026-02-22,GWL,Gwalior Junction,20,2464,2500,0.986,Critical,6
2026-02-22,GWL,Gwalior Junction,21,3655,2500,1.462,Critical,6
2026-02-22,GWL,Gwalior Junction,22,1727,2500,0.691,Moderate,6
2026-02-22,GWL,Gwalior Junction,23,1430,2500,0.572,Moderate,6
2026-02-22,AGC,Agra Cantt,0,663,3000,0.221,Low,6
2026-02-22,AGC,Agra Cantt,1,571,3000,0.19,Low,6
2026-02-22,AGC,Agra Cantt,2,649,3000,0.216,Low,6
2026-02-22,AGC,Agra Cantt,3,237,3000,0.079,Low,6
2026-02-22,AGC,Agra Cantt,4,551,3000,0.184,Low,6
2026-02-22,AGC,Agra Cantt,5,1749,3000,0.583,Moderate,6
2026-02-22,AGC,Agra Cantt,6,2972,3000,0.991,Critical,6
2026-02-22,AGC,Agra Cantt,7,5286,3000,1.762,Critical,6
2026-02-22,AGC,Agra Cantt,8,7753,3000,2.584,Critical,6
2026-02-22,AGC,Agra Cantt,9,6278,3000,2.093,Critical,6
2026-02-22,AGC,Agra Cantt,10,3312,3000,1.104,Critical,6
2026-02-22,AGC,Agra Cantt,11,2741,3000,0.914,Critical,6
2026-02-22,AGC,Agra Cantt,12,2448,3000,0.816,High,6
2026-02-22,AGC,Agra Cantt,13,1880,3000,0.627,Moderate,6
2026-02-22,AGC,Agra Cantt,14,2669,3000,0.89,High,6
2026-02-22,AGC,Agra Cantt,15,4198,3000,1.399,Critical,6
2026-02-22,AGC,Agra Cantt,16,3584,3000,1.195,Critical,6
2026-02-22,AGC,Agra Cantt,17,4405,3000,1.468,Critical,6
2026-02-22,AGC,Agra Cantt,18,5723,3000,1.908,Critical,6
2026-02-22,AGC,Agra Cantt,19,6759,3000,2.253,Critical,6
2026-02-22,AGC,Agra Cantt,20,3999,3000,1.333,Critical,6
2026-02-22,AGC,Agra Cantt,21,4170,3000,1.39,Critical,6
2026-02-22,AGC,Agra Cantt,22,2594,3000,0.865,High,6
2026-02-22,AGC,Agra Cantt,23,3298,3000,1.099,Critical,6
2026-02-21,MMCT,Mumbai Central,0,1766,4000,0.442,Moderate,5
2026-02-21,MMCT,Mumbai Central,1,635,4000,0.159,Low,5
2026-02-21,MMCT,Mumbai Central,2,853,4000,0.213,Low,5
2026-02-21,MMCT,Mumbai Central,3,1043,4000,0.261,Low,5
2026-02-21,MMCT,Mumbai Central,4,1148,4000,0.287,Low,5
2026-02-21,MMCT,Mumbai Central,5,6714,4000,1.679,Critical,5
2026-02-21,MMCT,Mumbai Central,6,6811,4000,1.703,Critical,5
2026-02-21,MMCT,Mumbai Central,7,12054,4000,3.014,Critical,5
2026-02-21,MMCT,Mumbai Central,8,17196,4000,4.299,Critical,5
2026-02-21,MMCT,Mumbai Central,9,23068,4000,5.767,Critical,5
2026-02-21,MMCT,Mumbai Central,10,8458,4000,2.115,Critical,5
2026-02-21,MMCT,Mumbai Central,11,12736,4000,3.184,Critical,5
2026-02-21,MMCT,Mumbai Central,12,4994,4000,1.248,Critical,5
2026-02-21,MMCT,Mumbai Central,13,8089,4000,2.022,Critical,5
2026-02-21,MMCT,Mumbai Central,14,5948,4000,1.487,Critical,5
2026-02-21,MMCT,Mumbai Central,15,8167,4000,2.042,Critical,5
2026-02-21,MMCT,Mumbai Central,16,9172,4000,2.293,Critical,5
2026-02-21,MMCT,Mumbai Central,17,20744,4000,5.186,Critical,5
2026-02-21,MMCT,Mumbai Central,18,15197,4000,3.799,Critical,5
2026-02-21,MMCT,Mumbai Central,19,14506,4000,3.627,Critical,5
2026-02-21,MMCT,Mumbai Central,20,8037,4000,2.009,Critical,5
2026-02-21,MMCT,Mumbai Central,21,11536,4000,2.884,Critical,5
2026-02-21,MMCT,Mumbai Central,22,5076,4000,1.269,Critical,5
2026-02-21,MMCT,Mumbai Central,23,6453,4000,1.613,Critical,5
2026-02-21,BVI,Borivali,0,706,3000,0.235,Low,5
2026-02-21,BVI,Borivali,1,446,3000,0.149,Low,5
2026-02-21,BVI,Borivali,2,417,3000,0.139,Low,5
2026-02-21,BVI,Borivali,3,718,3000,0.239,Low,5
2026-02-21,BVI,Borivali,4,651,3000,0.217,Low,5
2026-02-21,BVI,Borivali,5,3255,3000,1.085,Critical,5
2026-02-21,BVI,Borivali,6,2680,3000,0.893,High,5
2026-02-21,BVI,Borivali,7,8572,3000,2.857,Critical,5
2026-02-21,BVI,Borivali,8,11317,3000,3.772,Critical,5
2026-02-21,BVI,Borivali,9,10944,3000,3.648,Critical,5
2026-02-21,BVI,Borivali,10,4839,3000,1.613,Critical,5
2026-02-21,BVI,Borivali,11,3872,3000,1.291,Critical,5
2026-02-21,BVI,Borivali,12,3943,3000,1.314,Critical,5
2026-02-21,BVI,Borivali,13,3926,3000,1.309,Critical,5
2026-02-21,BVI,Borivali,14,2490,3000,0.83,High,5
2026-02-21,BVI,Borivali,15,4372,3000,1.457,Critical,5
2026-02-21,BVI,Borivali,16,4834,3000,1.611,Critical,5
2026-02-21,BVI,Borivali,17,6824,3000,2.275,Critical,5
2026-02-21,BVI,Borivali,18,7259,3000,2.42,Critical,5
2026-02-21,BVI,Borivali,19,8290,3000,2.763,Critical,5
2026-02-21,BVI,Borivali,20,6583,3000,2.194,Critical,5
2026-02-21,BVI,Borivali,21,4471,3000,1.49,Critical,5
2026-02-21,BVI,Borivali,22,3203,3000,1.068,Critical,5
2026-02-21,BVI,Borivali,23,3146,3000,1.049,Critical,5
2026-02-21,BL,Valsad,0,68,1500,0.045,Low,5
2026-02-21,BL,Valsad,1,145,1500,0.097,Low,5
2026-02-21,BL,Valsad,2,67,1500,0.045,Low,5
2026-02-21,BL,Valsad,3,96,1500,0.064,Low,5
2026-02-21,BL,Valsad,4,123,1500,0.082,Low,5
2026-02-21,BL,Valsad,5,627,1500,0.418,Moderate,5
2026-02-21,BL,Valsad,6,634,1500,0.423,Moderate,5
2026-02-21,BL,Valsad,7,1754,1500,1.169,Critical,5
2026-02-21,BL,Valsad,8,1878,1500,1.252,Critical,5
2026-02-21,BL,Valsad,9,1430,1500,0.953,Critical,5
2026-02-21,BL,Valsad,10,824,1500,0.549,Moderate,5
2026-02-21,BL,Valsad,11,757,1500,0.505,Moderate,5
2026-02-21,BL,Valsad,12,620,1500,0.413,Moderate,5
2026-02-21,BL,Valsad,13,630,1500,0.42,Moderate,5
2026-02-21,BL,Valsad,14,583,1500,0.389,Low,5
2026-02-21,BL,Valsad,15,964,1500,0.643,Moderate,5
2026-02-21,BL,Valsad,16,929,1500,0.619,Moderate,5
2026-02-21,BL,Valsad,17,1312,1500,0.875,High,5
2026-02-21,BL,Valsad,18,2107,1500,1.405,Critical,5
2026-02-21,BL,Valsad,19,1970,1500,1.313,Critical,5
2026-02-21,BL,Valsad,20,688,1500,0.459,Moderate,5
2026-02-21,BL,Valsad,21,842,1500,0.561,Moderate,5
2026-02-21,BL,Valsad,22,662,1500,0.441,Moderate,5
2026-02-21,BL,Valsad,23,538,1500,0.359,Low,5
2026-02-21,ST,Surat,0,602,3000,0.201,Low,5
2026-02-21,ST,Surat,1,561,3000,0.187,Low,5
2026-02-21,ST,Surat,2,1080,3000,0.36,Low,5
2026-02-21,ST,Surat,3,553,3000,0.184,Low,5
2026-02-21,ST,Surat,4,1062,3000,0.354,Low,5
2026-02-21,ST,Surat,5,4553,3000,1.518,Critical,5
2026-02-21,ST,Surat,6,3527,3000,1.176,Critical,5
2026-02-21,ST,Surat,7,7103,3000,2.368,Critical,5
2026-02-21,ST,Surat,8,9986,3000,3.329,Critical,5
2026-02-21,ST,Surat,9,13181,3000,4.394,Critical,5
2026-02-21,ST,Surat,10,5627,3000,1.876,Critical,5
2026-02-21,ST,Surat,11,5361,3000,1.787,Critical,5
2026-02-21,ST,Surat,12,3254,3000,1.085,Critical,5
2026-02-21,ST,Surat,13,4454,3000,1.485,Critical,5
2026-02-21,ST,Surat,14,3583,3000,1.194,Critical,5
2026-02-21,ST,Surat,15,4705,3000,1.568,Critical,5
2026-02-21,ST,Surat,16,5854,3000,1.951,Critical,5
2026-02-21,ST,Surat,17,12953,3000,4.318,Critical,5
2026-02-21,ST,Surat,18,13471,3000,4.49,Critical,5
2026-02-21,ST,Surat,19,10433,3000,3.478,Critical,5
2026-02-21,ST,Surat,20,4567,3000,1.522,Critical,5
2026-02-21,ST,Surat,21,6278,3000,2.093,Critical,5
2026-02-21,ST,Surat,22,3149,3000,1.05,Critical,5
2026-02-21,ST,Surat,23,3797,3000,1.266,Critical,5
2026-02-21,BRC,Vadodara Junction,0,1185,3500,0.339,Low,5
2026-02-21,BRC,Vadodara Junction,1,655,3500,0.187,Low,5
2026-02-21,BRC,Vadodara Junction,2,842,3500,0.241,Low,5
2026-02-21,BRC,Vadodara Junction,3,939,3500,0.268,Low,5
2026-02-21,BRC,Vadodara Junction,4,598,3500,0.171,Low,5
2026-02-21,BRC,Vadodara Junction,5,3476,3500,0.993,Critical,5
2026-02-21,BRC,Vadodara Junction,6,3058,3500,0.874,High,5
2026-02-21,BRC,Vadodara Junction,7,11187,3500,3.196,Critical,5
2026-02-21,BRC,Vadodara Junction,8,9820,3500,2.806,Critical,5
2026-02-21,BRC,Vadodara Junction,9,9756,3500,2.787,Critical,5
2026-02-21,BRC,Vadodara Junction,10,5720,3500,1.634,Critical,5
2026-02-21,BRC,Vadodara Junction,11,6282,3500,1.795,Critical,5
2026-02-21,BRC,Vadodara Junction,12,3615,3500,1.033,Critical,5
2026-02-21,BRC,Vadodara Junction,13,4331,3500,1.237,Critical,5
2026-02-21,BRC,Vadodara Junction,14,3361,3500,0.96,Critical,5
2026-02-21,BRC,Vadodara Junction,15,5272,3500,1.506,Critical,5
2026-02-21,BRC,Vadodara Junction,16,4904,3500,1.401,Critical,5
2026-02-21,BRC,Vadodara Junction,17,12649,3500,3.614,Critical,5
2026-02-21,BRC,Vadodara Junction,18,8341,3500,2.383,Critical,5
2026-02-21,BRC,Vadodara Junction,19,8979,3500,2.565,Critical,5
2026-02-21,BRC,Vadodara Junction,20,4055,3500,1.159,Critical,5
2026-02-21,BRC,Vadodara Junction,21,5451,3500,1.557,Critical,5
2026-02-21,BRC,Vadodara Junction,22,4317,3500,1.233,Critical,5
2026-02-21,BRC,Vadodara Junction,23,4090,3500,1.169,Critical,5
2026-02-21,RTM,Ratlam Junction,0,350,2500,0.14,Low,5
2026-02-21,RTM,Ratlam Junction,1,150,2500,0.06,Low,5
2026-02-21,RTM,Ratlam Junction,2,193,2500,0.077,Low,5
2026-02-21,RTM,Ratlam Junction,3,326,2500,0.13,Low,5
2026-02-21,RTM,Ratlam Junction,4,235,2500,0.094,Low,5
2026-02-21,RTM,Ratlam Junction,5,1333,2500,0.533,Moderate,5
2026-02-21,RTM,Ratlam Junction,6,1372,2500,0.549,Moderate,5
2026-02-21,RTM,Ratlam Junction,7,4015,2500,1.606,Critical,5
2026-02-21,RTM,Ratlam Junction,8,2879,2500,1.152,Critical,5
2026-02-21,RTM,Ratlam Junction,9,4552,2500,1.821,Critical,5
2026-02-21,RTM,Ratlam Junction,10,2518,2500,1.007,Critical,5
2026-02-21,RTM,Ratlam Junction,11,2650,2500,1.06,Critical,5
2026-02-21,RTM,Ratlam Junction,12,1414,2500,0.566,Moderate,5
2026-02-21,RTM,Ratlam Junction,13,1221,2500,0.488,Moderate,5
2026-02-21,RTM,Ratlam Junction,14,1373,2500,0.549,Moderate,5
2026-02-21,RTM,Ratlam Junction,15,1963,2500,0.785,High,5
2026-02-21,RTM,Ratlam Junction,16,2415,2500,0.966,Critical,5
2026-02-21,RTM,Ratlam Junction,17,5566,2500,2.226,Critical,5
2026-02-21,RTM,Ratlam Junction,18,3862,2500,1.545,Critical,5
2026-02-21,RTM,Ratlam Junction,19,4267,2500,1.707,Critical,5
2026-02-21,RTM,Ratlam Junction,20,1903,2500,0.761,High,5
2026-02-21,RTM,Ratlam Junction,21,2371,2500,0.948,Critical,5
2026-02-21,RTM,Ratlam Junction,22,1678,2500,0.671,Moderate,5
2026-02-21,RTM,Ratlam Junction,23,1345,2500,0.538,Moderate,5
2026-02-21,KOTA,Kota Junction,0,400,3000,0.133,Low,5
2026-02-21,KOTA,Kota Junction,1,426,3000,0.142,Low,5
2026-02-21,KOTA,Kota Junction,2,381,3000,0.127,Low,5
2026-02-21,KOTA,Kota Junction,3,479,3000,0.16,Low,5
2026-02-21,KOTA,Kota Junction,4,266,3000,0.089,Low,5
2026-02-21,KOTA,Kota Junction,5,1953,3000,0.651,Moderate,5
2026-02-21,KOTA,Kota Junction,6,2310,3000,0.77,High,5
2026-02-21,KOTA,Kota Junction,7,6134,3000,2.045,Critical,5
2026-02-21,KOTA,Kota Junction,8,5085,3000,1.695,Critical,5
2026-02-21,KOTA,Kota Junction,9,5171,3000,1.724,Critical,5
2026-02-21,KOTA,Kota Junction,10,3624,3000,1.208,Critical,5
2026-02-21,KOTA,Kota Junction,11,3276,3000,1.092,Critical,5
2026-02-21,KOTA,Kota Junction,12,2422,3000,0.807,High,5
2026-02-21,KOTA,Kota Junction,13,2607,3000,0.869,High,5
2026-02-21,KOTA,Kota Junction,14,2608,3000,0.869,High,5
2026-02-21,KOTA,Kota Junction,15,4402,3000,1.467,Critical,5
2026-02-21,KOTA,Kota Junction,16,3176,3000,1.059,Critical,5
2026-02-21,KOTA,Kota Junction,17,6742,3000,2.247,Critical,5
2026-02-21,KOTA,Kota Junction,18,5811,3000,1.937,Critical,5
2026-02-21,KOTA,Kota Junction,19,6890,3000,2.297,Critical,5
2026-02-21,KOTA,Kota Junction,20,2942,3000,0.981,Critical,5
2026-02-21,KOTA,Kota Junction,21,3904,3000,1.301,Critical,5
2026-02-21,KOTA,Kota Junction,22,1906,3000,0.635,Moderate,5
2026-02-21,KOTA,Kota Junction,23,2005,3000,0.668,Moderate,5
2026-02-21,SWM,Sawai Madhopur,0,150,2000,0.075,Low,5
2026-02-21,SWM,Sawai Madhopur,1,295,2000,0.147,Low,5
2026-02-21,SWM,Sawai Madhopur,2,169,2000,0.085,Low,5
2026-02-21,SWM,Sawai Madhopur,3,154,2000,0.077,Low,5
2026-02-21,SWM,Sawai Madhopur,4,105,2000,0.052,Low,5
2026-02-21,SWM,Sawai Madhopur,5,996,2000,0.498,Moderate,5
2026-02-21,SWM,Sawai Madhopur,6,649,2000,0.325,Low,5
2026-02-21,SWM,Sawai Madhopur,7,2324,2000,1.162,Critical,5
2026-02-21,SWM,Sawai Madhopur,8,2630,2000,1.315,Critical,5
2026-02-21,SWM,Sawai Madhopur,9,2020,2000,1.01,Critical,5
2026-02-21,SWM,Sawai Madhopur,10,928,2000,0.464,Moderate,5
2026-02-21,SWM,Sawai Madhopur,11,873,2000,0.436,Moderate,5
2026-02-21,SWM,Sawai Madhopur,12,716,2000,0.358,Low,5
2026-02-21,SWM,Sawai Madhopur,13,836,2000,0.418,Moderate,5
2026-02-21,SWM,Sawai Madhopur,14,1073,2000,0.536,Moderate,5
2026-02-21,SWM,Sawai Madhopur,15,1243,2000,0.622,Moderate,5
2026-02-21,SWM,Sawai Madhopur,16,1310,2000,0.655,Moderate,5
2026-02-21,SWM,Sawai Madhopur,17,1788,2000,0.894,High,5
2026-02-21,SWM,Sawai Madhopur,18,2460,2000,1.23,Critical,5
2026-02-21,SWM,Sawai Madhopur,19,3106,2000,1.553,Critical,5
2026-02-21,SWM,Sawai Madhopur,20,1579,2000,0.789,High,5
2026-02-21,SWM,Sawai Madhopur,21,1355,2000,0.677,Moderate,5
2026-02-21,SWM,Sawai Madhopur,22,767,2000,0.384,Low,5
2026-02-21,SWM,Sawai Madhopur,23,826,2000,0.413,Moderate,5
2026-02-21,MTJ,Mathura Junction,0,316,3000,0.105,Low,5
2026-02-21,MTJ,Mathura Junction,1,331,3000,0.11,Low,5
2026-02-21,MTJ,Mathura Junction,2,589,3000,0.196,Low,5
2026-02-21,MTJ,Mathura Junction,3,388,3000,0.129,Low,5
2026-02-21,MTJ,Mathura Junction,4,545,3000,0.182,Low,5
2026-02-21,MTJ,Mathura Junction,5,1625,3000,0.542,Moderate,5
2026-02-21,MTJ,Mathura Junction,6,2418,3000,0.806,High,5
2026-02-21,MTJ,Mathura Junction,7,8126,3000,2.709,Critical,5
2026-02-21,MTJ,Mathura Junction,8,5095,3000,1.698,Critical,5
2026-02-21,MTJ,Mathura Junction,9,7429,3000,2.476,Critical,5
2026-02-21,MTJ,Mathura Junction,10,3776,3000,1.259,Critical,5
2026-02-21,MTJ,Mathura Junction,11,2954,3000,0.985,Critical,5
2026-02-21,MTJ,Mathura Junction,12,2404,3000,0.801,High,5
2026-02-21,MTJ,Mathura Junction,13,2455,3000,0.818,High,5
2026-02-21,MTJ,Mathura Junction,14,2366,3000,0.789,High,5
2026-02-21,MTJ,Mathura Junction,15,3191,3000,1.064,Critical,5
2026-02-21,MTJ,Mathura Junction,16,3405,3000,1.135,Critical,5
2026-02-21,MTJ,Mathura Junction,17,7387,3000,2.462,Critical,5
2026-02-21,MTJ,Mathura Junction,18,7668,3000,2.556,Critical,5
2026-02-21,MTJ,Mathura Junction,19,6118,3000,2.039,Critical,5
2026-02-21,MTJ,Mathura Junction,20,3643,3000,1.214,Critical,5
2026-02-21,MTJ,Mathura Junction,21,3954,3000,1.318,Critical,5
2026-02-21,MTJ,Mathura Junction,22,2194,3000,0.731,High,5
2026-02-21,MTJ,Mathura Junction,23,3071,3000,1.024,Critical,5
2026-02-21,NDLS,New Delhi,0,5739,8000,0.717,High,5
2026-02-21,NDLS,New Delhi,1,1895,8000,0.237,Low,5
2026-02-21,NDLS,New Delhi,2,4207,8000,0.526,Moderate,5
2026-02-21,NDLS,New Delhi,3,2065,8000,0.258,Low,5
2026-02-21,NDLS,New Delhi,4,4928,8000,0.616,Moderate,5
2026-02-21,NDLS,New Delhi,5,18563,8000,2.32,Critical,5
2026-02-21,NDLS,New Delhi,6,22913,8000,2.864,Critical,5
2026-02-21,NDLS,New Delhi,7,48053,8000,6.007,Critical,5
2026-02-21,NDLS,New Delhi,8,51835,8000,6.479,Critical,5
2026-02-21,NDLS,New Delhi,9,43004,8000,5.375,Critical,5
2026-02-21,NDLS,New Delhi,10,25054,8000,3.132,Critical,5
2026-02-21,NDLS,New Delhi,11,28264,8000,3.533,Critical,5
2026-02-21,NDLS,New Delhi,12,12995,8000,1.624,Critical,5
2026-02-21,NDLS,New Delhi,13,13763,8000,1.72,Critical,5
2026-02-21,NDLS,New Delhi,14,18733,8000,2.342,Critical,5
2026-02-21,NDLS,New Delhi,15,26700,8000,3.337,Critical,5
2026-02-21,NDLS,New Delhi,16,25852,8000,3.232,Critical,5
2026-02-21,NDLS,New Delhi,17,67422,8000,8.428,Critical,5
2026-02-21,NDLS,New Delhi,18,54870,8000,6.859,Critical,5
2026-02-21,NDLS,New Delhi,19,50758,8000,6.345,Critical,5
2026-02-21,NDLS,New Delhi,20,33957,8000,4.245,Critical,5
2026-02-21,NDLS,New Delhi,21,31425,8000,3.928,Critical,5
2026-02-21,NDLS,New Delhi,22,13554,8000,1.694,Critical,5
2026-02-21,NDLS,New Delhi,23,18700,8000,2.337,Critical,5
2026-02-21,CSMT,Mumbai CSMT,0,3412,9000,0.379,Low,5
2026-02-21,CSMT,Mumbai CSMT,1,3846,9000,0.427,Moderate,5
2026-02-21,CSMT,Mumbai CSMT,2,2384,9000,0.265,Low,5
2026-02-21,CSMT,Mumbai CSMT,3,4941,9000,0.549,Moderate,5
2026-02-21,CSMT,Mumbai CSMT,4,1562,9000,0.174,Low,5
2026-02-21,CSMT,Mumbai CSMT,5,16525,9000,1.836,Critical,5
2026-02-21,CSMT,Mumbai CSMT,6,15681,9000,1.742,Critical,5
2026-02-21,CSMT,Mumbai CSMT,7,53758,9000,5.973,Critical,5
2026-02-21,CSMT,Mumbai CSMT,8,37161,9000,4.129,Critical,5
2026-02-21,CSMT,Mumbai CSMT,9,48904,9000,5.434,Critical,5
2026-02-21,CSMT,Mumbai CSMT,10,23734,9000,2.637,Critical,5
2026-02-21,CSMT,Mumbai CSMT,11,19120,9000,2.124,Critical,5
2026-02-21,CSMT,Mumbai CSMT,12,14477,9000,1.609,Critical,5
2026-02-21,CSMT,Mumbai CSMT,13,13504,9000,1.5,Critical,5
2026-02-21,CSMT,Mumbai CSMT,14,19160,9000,2.129,Critical,5
2026-02-21,CSMT,Mumbai CSMT,15,20684,9000,2.298,Critical,5
2026-02-21,CSMT,Mumbai CSMT,16,22703,9000,2.523,Critical,5
2026-02-21,CSMT,Mumbai CSMT,17,42024,9000,4.669,Critical,5
2026-02-21,CSMT,Mumbai CSMT,18,43141,9000,4.793,Critical,5
2026-02-21,CSMT,Mumbai CSMT,19,46675,9000,5.186,Critical,5
2026-02-21,CSMT,Mumbai CSMT,20,18997,9000,2.111,Critical,5
2026-02-21,CSMT,Mumbai CSMT,21,16891,9000,1.877,Critical,5
2026-02-21,CSMT,Mumbai CSMT,22,9443,9000,1.049,Critical,5
2026-02-21,CSMT,Mumbai CSMT,23,13714,9000,1.524,Critical,5
2026-02-21,KYN,Kalyan Junction,0,557,4000,0.139,Low,5
2026-02-21,KYN,Kalyan Junction,1,717,4000,0.179,Low,5
2026-02-21,KYN,Kalyan Junction,2,1032,4000,0.258,Low,5
2026-02-21,KYN,Kalyan Junction,3,586,4000,0.146,Low,5
2026-02-21,KYN,Kalyan Junction,4,1050,4000,0.263,Low,5
2026-02-21,KYN,Kalyan Junction,5,4173,4000,1.043,Critical,5
2026-02-21,KYN,Kalyan Junction,6,3953,4000,0.988,Critical,5
2026-02-21,KYN,Kalyan Junction,7,12474,4000,3.119,Critical,5
2026-02-21,KYN,Kalyan Junction,8,8917,4000,2.229,Critical,5
2026-02-21,KYN,Kalyan Junction,9,9845,4000,2.461,Critical,5
2026-02-21,KYN,Kalyan Junction,10,4888,4000,1.222,Critical,5
2026-02-21,KYN,Kalyan Junction,11,6934,4000,1.734,Critical,5
2026-02-21,KYN,Kalyan Junction,12,4091,4000,1.023,Critical,5
2026-02-21,KYN,Kalyan Junction,13,4700,4000,1.175,Critical,5
2026-02-21,KYN,Kalyan Junction,14,4643,4000,1.161,Critical,5
2026-02-21,KYN,Kalyan Junction,15,5960,4000,1.49,Critical,5
2026-02-21,KYN,Kalyan Junction,16,5222,4000,1.306,Critical,5
2026-02-21,KYN,Kalyan Junction,17,11456,4000,2.864,Critical,5
2026-02-21,KYN,Kalyan Junction,18,12631,4000,3.158,Critical,5
2026-02-21,KYN,Kalyan Junction,19,16847,4000,4.212,Critical,5
2026-02-21,KYN,Kalyan Junction,20,7270,4000,1.817,Critical,5
2026-02-21,KYN,Kalyan Junction,21,4219,4000,1.055,Critical,5
2026-02-21,KYN,Kalyan Junction,22,4296,4000,1.074,Critical,5
2026-02-21,KYN,Kalyan Junction,23,4481,4000,1.12,Critical,5
2026-02-21,NMD,Nashik Road,0,260,2000,0.13,Low,5
2026-02-21,NMD,Nashik Road,1,177,2000,0.088,Low,5
2026-02-21,NMD,Nashik Road,2,250,2000,0.125,Low,5
2026-02-21,NMD,Nashik Road,3,355,2000,0.177,Low,5
2026-02-21,NMD,Nashik Road,4,368,2000,0.184,Low,5
2026-02-21,NMD,Nashik Road,5,1368,2000,0.684,Moderate,5
2026-02-21,NMD,Nashik Road,6,1823,2000,0.911,Critical,5
2026-02-21,NMD,Nashik Road,7,4315,2000,2.158,Critical,5
2026-02-21,NMD,Nashik Road,8,4295,2000,2.147,Critical,5
2026-02-21,NMD,Nashik Road,9,6182,2000,3.091,Critical,5
2026-02-21,NMD,Nashik Road,10,3119,2000,1.56,Critical,5
2026-02-21,NMD,Nashik Road,11,2309,2000,1.155,Critical,5
2026-02-21,NMD,Nashik Road,12,1157,2000,0.579,Moderate,5
2026-02-21,NMD,Nashik Road,13,1806,2000,0.903,Critical,5
2026-02-21,NMD,Nashik Road,14,1242,2000,0.621,Moderate,5
2026-02-21,NMD,Nashik Road,15,2229,2000,1.115,Critical,5
2026-02-21,NMD,Nashik Road,16,2220,2000,1.11,Critical,5
2026-02-21,NMD,Nashik Road,17,4730,2000,2.365,Critical,5
2026-02-21,NMD,Nashik Road,18,6530,2000,3.265,Critical,5
2026-02-21,NMD,Nashik Road,19,2838,2000,1.419,Critical,5
2026-02-21,NMD,Nashik Road,20,2522,2000,1.261,Critical,5
2026-02-21,NMD,Nashik Road,21,2069,2000,1.034,Critical,5
2026-02-21,NMD,Nashik Road,22,1922,2000,0.961,Critical,5
2026-02-21,NMD,Nashik Road,23,1584,2000,0.792,High,5
2026-02-21,MMR,Manmad Junction,0,120,2500,0.048,Low,5
2026-02-21,MMR,Manmad Junction,1,215,2500,0.086,Low,5
2026-02-21,MMR,Manmad Junction,2,195,2500,0.078,Low,5
2026-02-21,MMR,Manmad Junction,3,225,2500,0.09,Low,5
2026-02-21,MMR,Manmad Junction,4,202,2500,0.081,Low,5
2026-02-21,MMR,Manmad Junction,5,1236,2500,0.494,Moderate,5
2026-02-21,MMR,Manmad Junction,6,1141,2500,0.456,Moderate,5
2026-02-21,MMR,Manmad Junction,7,3271,2500,1.308,Critical,5
2026-02-21,MMR,Manmad Junction,8,3620,2500,1.448,Critical,5
2026-02-21,MMR,Manmad Junction,9,3262,2500,1.305,Critical,5
2026-02-21,MMR,Manmad Junction,10,2064,2500,0.826,High,5
2026-02-21,MMR,Manmad Junction,11,2094,2500,0.838,High,5
2026-02-21,MMR,Manmad Junction,12,1116,2500,0.446,Moderate,5
2026-02-21,MMR,Manmad Junction,13,1249,2500,0.5,Moderate,5
2026-02-21,MMR,Manmad Junction,14,949,2500,0.38,Low,5
2026-02-21,MMR,Manmad Junction,15,1808,2500,0.723,High,5
2026-02-21,MMR,Manmad Junction,16,1540,2500,0.616,Moderate,5
2026-02-21,MMR,Manmad Junction,17,3245,2500,1.298,Critical,5
2026-02-21,MMR,Manmad Junction,18,3800,2500,1.52,Critical,5
2026-02-21,MMR,Manmad Junction,19,2998,2500,1.199,Critical,5
2026-02-21,MMR,Manmad Junction,20,1308,2500,0.523,Moderate,5
2026-02-21,MMR,Manmad Junction,21,2224,2500,0.89,High,5
2026-02-21,MMR,Manmad Junction,22,969,2500,0.388,Low,5
2026-02-21,MMR,Manmad Junction,23,860,2500,0.344,Low,5
2026-02-21,BSL,Bhusawal Junction,0,289,3000,0.096,Low,5
2026-02-21,BSL,Bhusawal Junction,1,332,3000,0.111,Low,5
2026-02-21,BSL,Bhusawal Junction,2,447,3000,0.149,Low,5
2026-02-21,BSL,Bhusawal Junction,3,473,3000,0.158,Low,5
2026-02-21,BSL,Bhusawal Junction,4,407,3000,0.136,Low,5
2026-02-21,BSL,Bhusawal Junction,5,1892,3000,0.631,Moderate,5
2026-02-21,BSL,Bhusawal Junction,6,1813,3000,0.604,Moderate,5
2026-02-21,BSL,Bhusawal Junction,7,4954,3000,1.651,Critical,5
2026-02-21,BSL,Bhusawal Junction,8,7084,3000,2.361,Critical,5
2026-02-21,BSL,Bhusawal Junction,9,4489,3000,1.496,Critical,5
2026-02-21,BSL,Bhusawal Junction,10,2386,3000,0.795,High,5
2026-02-21,BSL,Bhusawal Junction,11,2445,3000,0.815,High,5
2026-02-21,BSL,Bhusawal Junction,12,1927,3000,0.642,Moderate,5
2026-02-21,BSL,Bhusawal Junction,13,2052,3000,0.684,Moderate,5
2026-02-21,BSL,Bhusawal Junction,14,1653,3000,0.551,Moderate,5
2026-02-21,BSL,Bhusawal Junction,15,1925,3000,0.642,Moderate,5
2026-02-21,BSL,Bhusawal Junction,16,2990,3000,0.997,Critical,5
2026-02-21,BSL,Bhusawal Junction,17,4784,3000,1.595,Critical,5
2026-02-21,BSL,Bhusawal Junction,18,4600,3000,1.533,Critical,5
2026-02-21,BSL,Bhusawal Junction,19,5278,3000,1.759,Critical,5
2026-02-21,BSL,Bhusawal Junction,20,3251,3000,1.084,Critical,5
2026-02-21,BSL,Bhusawal Junction,21,2432,3000,0.811,High,5
2026-02-21,BSL,Bhusawal Junction,22,1713,3000,0.571,Moderate,5
2026-02-21,BSL,Bhusawal Junction,23,2487,3000,0.829,High,5
2026-02-21,ET,Itarsi Junction,0,276,3500,0.079,Low,5
2026-02-21,ET,Itarsi Junction,1,271,3500,0.077,Low,5
2026-02-21,ET,Itarsi Junction,2,262,3500,0.075,Low,5
2026-02-21,ET,Itarsi Junction,3,215,3500,0.061,Low,5
2026-02-21,ET,Itarsi Junction,4,437,3500,0.125,Low,5
2026-02-21,ET,Itarsi Junction,5,1729,3500,0.494,Moderate,5
2026-02-21,ET,Itarsi Junction,6,2141,3500,0.612,Moderate,5
2026-02-21,ET,Itarsi Junction,7,6230,3500,1.78,Critical,5
2026-02-21,ET,Itarsi Junction,8,5618,3500,1.605,Critical,5
2026-02-21,ET,Itarsi Junction,9,4866,3500,1.39,Critical,5
2026-02-21,ET,Itarsi Junction,10,2413,3500,0.689,Moderate,5
2026-02-21,ET,Itarsi Junction,11,2208,3500,0.631,Moderate,5
2026-02-21,ET,Itarsi Junction,12,1914,3500,0.547,Moderate,5
2026-02-21,ET,Itarsi Junction,13,1470,3500,0.42,Moderate,5
2026-02-21,ET,Itarsi Junction,14,1614,3500,0.461,Moderate,5
2026-02-21,ET,Itarsi Junction,15,2698,3500,0.771,High,5
2026-02-21,ET,Itarsi Junction,16,2583,3500,0.738,High,5
2026-02-21,ET,Itarsi Junction,17,4822,3500,1.378,Critical,5
2026-02-21,ET,Itarsi Junction,18,5024,3500,1.435,Critical,5
2026-02-21,ET,Itarsi Junction,19,3933,3500,1.124,Critical,5
2026-02-21,ET,Itarsi Junction,20,1720,3500,0.491,Moderate,5
2026-02-21,ET,Itarsi Junction,21,2277,3500,0.651,Moderate,5
2026-02-21,ET,Itarsi Junction,22,2027,3500,0.579,Moderate,5
2026-02-21,ET,Itarsi Junction,23,1249,3500,0.357,Low,5
2026-02-21,BPL,Bhopal Junction,0,774,3000,0.258,Low,5
2026-02-21,BPL,Bhopal Junction,1,528,3000,0.176,Low,5
2026-02-21,BPL,Bhopal Junction,2,649,3000,0.216,Low,5
2026-02-21,BPL,Bhopal Junction,3,414,3000,0.138,Low,5
2026-02-21,BPL,Bhopal Junction,4,848,3000,0.283,Low,5
2026-02-21,BPL,Bhopal Junction,5,2996,3000,0.999,Critical,5
2026-02-21,BPL,Bhopal Junction,6,2756,3000,0.919,Critical,5
2026-02-21,BPL,Bhopal Junction,7,5285,3000,1.762,Critical,5
2026-02-21,BPL,Bhopal Junction,8,11949,3000,3.983,Critical,5
2026-02-21,BPL,Bhopal Junction,9,8242,3000,2.747,Critical,5
2026-02-21,BPL,Bhopal Junction,10,3480,3000,1.16,Critical,5
2026-02-21,BPL,Bhopal Junction,11,4712,3000,1.571,Critical,5
2026-02-21,BPL,Bhopal Junction,12,2941,3000,0.98,Critical,5
2026-02-21,BPL,Bhopal Junction,13,3102,3000,1.034,Critical,5
2026-02-21,BPL,Bhopal Junction,14,2579,3000,0.86,High,5
2026-02-21,BPL,Bhopal Junction,15,4641,3000,1.547,Critical,5
2026-02-21,BPL,Bhopal Junction,16,3346,3000,1.115,Critical,5
2026-02-21,BPL,Bhopal Junction,17,7749,3000,2.583,Critical,5
2026-02-21,BPL,Bhopal Junction,18,6713,3000,2.238,Critical,5
2026-02-21,BPL,Bhopal Junction,19,8328,3000,2.776,Critical,5
2026-02-21,BPL,Bhopal Junction,20,3909,3000,1.303,Critical,5
2026-02-21,BPL,Bhopal Junction,21,4662,3000,1.554,Critical,5
2026-02-21,BPL,Bhopal Junction,22,2935,3000,0.978,Critical,5
2026-02-21,BPL,Bhopal Junction,23,2351,3000,0.784,High,5
2026-02-21,JHS,Jhansi Junction,0,433,4000,0.108,Low,5
2026-02-21,JHS,Jhansi Junction,1,591,4000,0.148,Low,5
2026-02-21,JHS,Jhansi Junction,2,401,4000,0.1,Low,5
2026-02-21,JHS,Jhansi Junction,3,403,4000,0.101,Low,5
2026-02-21,JHS,Jhansi Junction,4,488,4000,0.122,Low,5
2026-02-21,JHS,Jhansi Junction,5,2063,4000,0.516,Moderate,5
2026-02-21,JHS,Jhansi Junction,6,2701,4000,0.675,Moderate,5
2026-02-21,JHS,Jhansi Junction,7,4262,4000,1.065,Critical,5
2026-02-21,JHS,Jhansi Junction,8,5184,4000,1.296,Critical,5
2026-02-21,JHS,Jhansi Junction,9,7164,4000,1.791,Critical,5
2026-02-21,JHS,Jhansi Junction,10,3217,4000,0.804,High,5
2026-02-21,JHS,Jhansi Junction,11,4570,4000,1.143,Critical,5
2026-02-21,JHS,Jhansi Junction,12,3157,4000,0.789,High,5
2026-02-21,JHS,Jhansi Junction,13,2237,4000,0.559,Moderate,5
2026-02-21,JHS,Jhansi Junction,14,2377,4000,0.594,Moderate,5
2026-02-21,JHS,Jhansi Junction,15,3394,4000,0.849,High,5
2026-02-21,JHS,Jhansi Junction,16,3271,4000,0.818,High,5
2026-02-21,JHS,Jhansi Junction,17,7045,4000,1.761,Critical,5
2026-02-21,JHS,Jhansi Junction,18,5582,4000,1.395,Critical,5
2026-02-21,JHS,Jhansi Junction,19,7081,4000,1.77,Critical,5
2026-02-21,JHS,Jhansi Junction,20,3191,4000,0.798,High,5
2026-02-21,JHS,Jhansi Junction,21,3163,4000,0.791,High,5
2026-02-21,JHS,Jhansi Junction,22,2091,4000,0.523,Moderate,5
2026-02-21,JHS,Jhansi Junction,23,1554,4000,0.389,Low,5
2026-02-21,GWL,Gwalior Junction,0,320,2500,0.128,Low,5
2026-02-21,GWL,Gwalior Junction,1,205,2500,0.082,Low,5
2026-02-21,GWL,Gwalior Junction,2,229,2500,0.092,Low,5
2026-02-21,GWL,Gwalior Junction,3,335,2500,0.134,Low,5
2026-02-21,GWL,Gwalior Junction,4,291,2500,0.116,Low,5
2026-02-21,GWL,Gwalior Junction,5,2157,2500,0.863,High,5
2026-02-21,GWL,Gwalior Junction,6,1571,2500,0.628,Moderate,5
2026-02-21,GWL,Gwalior Junction,7,4823,2500,1.929,Critical,5
2026-02-21,GWL,Gwalior Junction,8,6354,2500,2.542,Critical,5
2026-02-21,GWL,Gwalior Junction,9,4175,2500,1.67,Critical,5
2026-02-21,GWL,Gwalior Junction,10,2440,2500,0.976,Critical,5
2026-02-21,GWL,Gwalior Junction,11,3152,2500,1.261,Critical,5
2026-02-21,GWL,Gwalior Junction,12,2430,2500,0.972,Critical,5
2026-02-21,GWL,Gwalior Junction,13,1819,2500,0.728,High,5
2026-02-21,GWL,Gwalior Junction,14,2140,2500,0.856,High,5
2026-02-21,GWL,Gwalior Junction,15,2220,2500,0.888,High,5
2026-02-21,GWL,Gwalior Junction,16,2408,2500,0.963,Critical,5
2026-02-21,GWL,Gwalior Junction,17,4510,2500,1.804,Critical,5
2026-02-21,GWL,Gwalior Junction,18,5768,2500,2.307,Critical,5
2026-02-21,GWL,Gwalior Junction,19,3316,2500,1.326,Critical,5
2026-02-21,GWL,Gwalior Junction,20,2574,2500,1.03,Critical,5
2026-02-21,GWL,Gwalior Junction,21,3438,2500,1.375,Critical,5
2026-02-21,GWL,Gwalior Junction,22,1733,2500,0.693,Moderate,5
2026-02-21,GWL,Gwalior Junction,23,1334,2500,0.534,Moderate,5
2026-02-21,AGC,Agra Cantt,0,467,3000,0.156,Low,5
2026-02-21,AGC,Agra Cantt,1,368,3000,0.123,Low,5
2026-02-21,AGC,Agra Cantt,2,748,3000,0.249,Low,5
2026-02-21,AGC,Agra Cantt,3,429,3000,0.143,Low,5
2026-02-21,AGC,Agra Cantt,4,340,3000,0.113,Low,5
2026-02-21,AGC,Agra Cantt,5,2536,3000,0.845,High,5
2026-02-21,AGC,Agra Cantt,6,2272,3000,0.757,High,5
2026-02-21,AGC,Agra Cantt,7,6176,3000,2.059,Critical,5
2026-02-21,AGC,Agra Cantt,8,8236,3000,2.745,Critical,5
2026-02-21,AGC,Agra Cantt,9,7771,3000,2.59,Critical,5
2026-02-21,AGC,Agra Cantt,10,4742,3000,1.581,Critical,5
2026-02-21,AGC,Agra Cantt,11,3521,3000,1.174,Critical,5
2026-02-21,AGC,Agra Cantt,12,3314,3000,1.105,Critical,5
2026-02-21,AGC,Agra Cantt,13,2330,3000,0.777,High,5
2026-02-21,AGC,Agra Cantt,14,2092,3000,0.697,Moderate,5
2026-02-21,AGC,Agra Cantt,15,4864,3000,1.621,Critical,5
2026-02-21,AGC,Agra Cantt,16,3974,3000,1.325,Critical,5
2026-02-21,AGC,Agra Cantt,17,5966,3000,1.989,Critical,5
2026-02-21,AGC,Agra Cantt,18,8297,3000,2.766,Critical,5
2026-02-21,AGC,Agra Cantt,19,5780,3000,1.927,Critical,5
2026-02-21,AGC,Agra Cantt,20,3894,3000,1.298,Critical,5
2026-02-21,AGC,Agra Cantt,21,4902,3000,1.634,Critical,5
2026-02-21,AGC,Agra Cantt,22,2015,3000,0.672,Moderate,5
2026-02-21,AGC,Agra Cantt,23,2808,3000,0.936,Critical,5
2026-02-20,MMCT,Mumbai Central,0,1186,4000,0.296,Low,4
2026-02-20,MMCT,Mumbai Central,1,1515,4000,0.379,Low,4
2026-02-20,MMCT,Mumbai Central,2,984,4000,0.246,Low,4
2026-02-20,MMCT,Mumbai Central,3,1322,4000,0.331,Low,4
2026-02-20,MMCT,Mumbai Central,4,1787,4000,0.447,Moderate,4
2026-02-20,MMCT,Mumbai Central,5,5692,4000,1.423,Critical,4
2026-02-20,MMCT,Mumbai Central,6,4560,4000,1.14,Critical,4
2026-02-20,MMCT,Mumbai Central,7,15921,4000,3.98,Critical,4
2026-02-20,MMCT,Mumbai Central,8,17640,4000,4.41,Critical,4
2026-02-20,MMCT,Mumbai Central,9,15437,4000,3.859,Critical,4
2026-02-20,MMCT,Mumbai Central,10,8647,4000,2.162,Critical,4
2026-02-20,MMCT,Mumbai Central,11,7805,4000,1.951,Critical,4
2026-02-20,MMCT,Mumbai Central,12,7598,4000,1.899,Critical,4
2026-02-20,MMCT,Mumbai Central,13,6158,4000,1.54,Critical,4
2026-02-20,MMCT,Mumbai Central,14,5794,4000,1.448,Critical,4
2026-02-20,MMCT,Mumbai Central,15,12557,4000,3.139,Critical,4
2026-02-20,MMCT,Mumbai Central,16,10597,4000,2.649,Critical,4
2026-02-20,MMCT,Mumbai Central,17,13523,4000,3.381,Critical,4
2026-02-20,MMCT,Mumbai Central,18,11671,4000,2.918,Critical,4
2026-02-20,MMCT,Mumbai Central,19,19443,4000,4.861,Critical,4
2026-02-20,MMCT,Mumbai Central,20,6666,4000,1.667,Critical,4
2026-02-20,MMCT,Mumbai Central,21,11387,4000,2.847,Critical,4
2026-02-20,MMCT,Mumbai Central,22,5663,4000,1.416,Critical,4
2026-02-20,MMCT,Mumbai Central,23,6008,4000,1.502,Critical,4
2026-02-20,BVI,Borivali,0,892,3000,0.297,Low,4
2026-02-20,BVI,Borivali,1,602,3000,0.201,Low,4
2026-02-20,BVI,Borivali,2,918,3000,0.306,Low,4
2026-02-20,BVI,Borivali,3,983,3000,0.328,Low,4
2026-02-20,BVI,Borivali,4,859,3000,0.286,Low,4
2026-02-20,BVI,Borivali,5,3223,3000,1.074,Critical,4
2026-02-20,BVI,Borivali,6,3251,3000,1.084,Critical,4
2026-02-20,BVI,Borivali,7,8464,3000,2.821,Critical,4
2026-02-20,BVI,Borivali,8,10966,3000,3.655,Critical,4
2026-02-20,BVI,Borivali,9,8209,3000,2.736,Critical,4
2026-02-20,BVI,Borivali,10,5357,3000,1.786,Critical,4
2026-02-20,BVI,Borivali,11,4945,3000,1.648,Critical,4
2026-02-20,BVI,Borivali,12,3325,3000,1.108,Critical,4
2026-02-20,BVI,Borivali,13,4507,3000,1.502,Critical,4
2026-02-20,BVI,Borivali,14,3384,3000,1.128,Critical,4
2026-02-20,BVI,Borivali,15,4661,3000,1.554,Critical,4
2026-02-20,BVI,Borivali,16,6053,3000,2.018,Critical,4
2026-02-20,BVI,Borivali,17,8437,3000,2.812,Critical,4
2026-02-20,BVI,Borivali,18,8279,3000,2.76,Critical,4
2026-02-20,BVI,Borivali,19,13148,3000,4.383,Critical,4
2026-02-20,BVI,Borivali,20,4240,3000,1.413,Critical,4
2026-02-20,BVI,Borivali,21,5453,3000,1.818,Critical,4
2026-02-20,BVI,Borivali,22,2833,3000,0.944,Critical,4
2026-02-20,BVI,Borivali,23,2682,3000,0.894,High,4
2026-02-20,BL,Valsad,0,140,1500,0.093,Low,4
2026-02-20,BL,Valsad,1,94,1500,0.063,Low,4
2026-02-20,BL,Valsad,2,153,1500,0.102,Low,4
2026-02-20,BL,Valsad,3,156,1500,0.104,Low,4
2026-02-20,BL,Valsad,4,74,1500,0.049,Low,4
2026-02-20,BL,Valsad,5,590,1500,0.393,Low,4
2026-02-20,BL,Valsad,6,781,1500,0.521,Moderate,4
2026-02-20,BL,Valsad,7,1922,1500,1.281,Critical,4
2026-02-20,BL,Valsad,8,1958,1500,1.305,Critical,4
2026-02-20,BL,Valsad,9,1414,1500,0.943,Critical,4
2026-02-20,BL,Valsad,10,735,1500,0.49,Moderate,4
2026-02-20,BL,Valsad,11,769,1500,0.513,Moderate,4
2026-02-20,BL,Valsad,12,558,1500,0.372,Low,4
2026-02-20,BL,Valsad,13,487,1500,0.325,Low,4
2026-02-20,BL,Valsad,14,596,1500,0.397,Low,4
2026-02-20,BL,Valsad,15,1122,1500,0.748,High,4
2026-02-20,BL,Valsad,16,835,1500,0.557,Moderate,4
2026-02-20,BL,Valsad,17,1749,1500,1.166,Critical,4
2026-02-20,BL,Valsad,18,1616,1500,1.077,Critical,4
2026-02-20,BL,Valsad,19,1638,1500,1.092,Critical,4
2026-02-20,BL,Valsad,20,764,1500,0.509,Moderate,4
2026-02-20,BL,Valsad,21,979,1500,0.653,Moderate,4
2026-02-20,BL,Valsad,22,565,1500,0.377,Low,4
2026-02-20,BL,Valsad,23,678,1500,0.452,Moderate,4
2026-02-20,ST,Surat,0,935,3000,0.312,Low,4
2026-02-20,ST,Surat,1,1040,3000,0.347,Low,4
2026-02-20,ST,Surat,2,1161,3000,0.387,Low,4
2026-02-20,ST,Surat,3,784,3000,0.261,Low,4
2026-02-20,ST,Surat,4,605,3000,0.202,Low,4
2026-02-20,ST,Surat,5,4162,3000,1.387,Critical,4
2026-02-20,ST,Surat,6,5515,3000,1.838,Critical,4
2026-02-20,ST,Surat,7,12094,3000,4.031,Critical,4
2026-02-20,ST,Surat,8,10857,3000,3.619,Critical,4
2026-02-20,ST,Surat,9,11591,3000,3.864,Critical,4
2026-02-20,ST,Surat,10,4154,3000,1.385,Critical,4
2026-02-20,ST,Surat,11,5605,3000,1.868,Critical,4
2026-02-20,ST,Surat,12,3098,3000,1.033,Critical,4
2026-02-20,ST,Surat,13,3516,3000,1.172,Critical,4
2026-02-20,ST,Surat,14,3004,3000,1.001,Critical,4
2026-02-20,ST,Surat,15,5168,3000,1.723,Critical,4
2026-02-20,ST,Surat,16,5317,3000,1.772,Critical,4
2026-02-20,ST,Surat,17,12338,3000,4.113,Critical,4
2026-02-20,ST,Surat,18,10236,3000,3.412,Critical,4
2026-02-20,ST,Surat,19,8742,3000,2.914,Critical,4
2026-02-20,ST,Surat,20,7255,3000,2.418,Critical,4
2026-02-20,ST,Surat,21,5908,3000,1.969,Critical,4
2026-02-20,ST,Surat,22,3661,3000,1.22,Critical,4
2026-02-20,ST,Surat,23,3786,3000,1.262,Critical,4
2026-02-20,BRC,Vadodara Junction,0,547,3500,0.156,Low,4
2026-02-20,BRC,Vadodara Junction,1,407,3500,0.116,Low,4
2026-02-20,BRC,Vadodara Junction,2,662,3500,0.189,Low,4
2026-02-20,BRC,Vadodara Junction,3,896,3500,0.256,Low,4
2026-02-20,BRC,Vadodara Junction,4,414,3500,0.118,Low,4
2026-02-20,BRC,Vadodara Junction,5,3312,3500,0.946,Critical,4
2026-02-20,BRC,Vadodara Junction,6,3389,3500,0.968,Critical,4
2026-02-20,BRC,Vadodara Junction,7,8478,3500,2.422,Critical,4
2026-02-20,BRC,Vadodara Junction,8,13552,3500,3.872,Critical,4
2026-02-20,BRC,Vadodara Junction,9,8182,3500,2.338,Critical,4
2026-02-20,BRC,Vadodara Junction,10,5927,3500,1.693,Critical,4
2026-02-20,BRC,Vadodara Junction,11,5231,3500,1.495,Critical,4
2026-02-20,BRC,Vadodara Junction,12,3486,3500,0.996,Critical,4
2026-02-20,BRC,Vadodara Junction,13,3567,3500,1.019,Critical,4
2026-02-20,BRC,Vadodara Junction,14,3246,3500,0.927,Critical,4
2026-02-20,BRC,Vadodara Junction,15,5697,3500,1.628,Critical,4
2026-02-20,BRC,Vadodara Junction,16,4004,3500,1.144,Critical,4
2026-02-20,BRC,Vadodara Junction,17,7703,3500,2.201,Critical,4
2026-02-20,BRC,Vadodara Junction,18,9182,3500,2.623,Critical,4
2026-02-20,BRC,Vadodara Junction,19,7446,3500,2.127,Critical,4
2026-02-20,BRC,Vadodara Junction,20,4195,3500,1.199,Critical,4
2026-02-20,BRC,Vadodara Junction,21,4557,3500,1.302,Critical,4
2026-02-20,BRC,Vadodara Junction,22,3769,3500,1.077,Critical,4
2026-02-20,BRC,Vadodara Junction,23,3051,3500,0.872,High,4
2026-02-20,RTM,Ratlam Junction,0,333,2500,0.133,Low,4
2026-02-20,RTM,Ratlam Junction,1,235,2500,0.094,Low,4
2026-02-20,RTM,Ratlam Junction,2,357,2500,0.143,Low,4
2026-02-20,RTM,Ratlam Junction,3,284,2500,0.114,Low,4
2026-02-20,RTM,Ratlam Junction,4,381,2500,0.152,Low,4
2026-02-20,RTM,Ratlam Junction,5,982,2500,0.393,Low,4
2026-02-20,RTM,Ratlam Junction,6,1229,2500,0.492,Moderate,4
2026-02-20,RTM,Ratlam Junction,7,2954,2500,1.182,Critical,4
2026-02-20,RTM,Ratlam Junction,8,4600,2500,1.84,Critical,4
2026-02-20,RTM,Ratlam Junction,9,4871,2500,1.948,Critical,4
2026-02-20,RTM,Ratlam Junction,10,2294,2500,0.918,Critical,4
2026-02-20,RTM,Ratlam Junction,11,2341,2500,0.936,Critical,4
2026-02-20,RTM,Ratlam Junction,12,1910,2500,0.764,High,4
2026-02-20,RTM,Ratlam Junction,13,1680,2500,0.672,Moderate,4
2026-02-20,RTM,Ratlam Junction,14,1076,2500,0.43,Moderate,4
2026-02-20,RTM,Ratlam Junction,15,2431,2500,0.972,Critical,4
2026-02-20,RTM,Ratlam Junction,16,2250,2500,0.9,High,4
2026-02-20,RTM,Ratlam Junction,17,3367,2500,1.347,Critical,4
2026-02-20,RTM,Ratlam Junction,18,3981,2500,1.592,Critical,4
2026-02-20,RTM,Ratlam Junction,19,3094,2500,1.238,Critical,4
2026-02-20,RTM,Ratlam Junction,20,2449,2500,0.98,Critical,4
2026-02-20,RTM,Ratlam Junction,21,2053,2500,0.821,High,4
2026-02-20,RTM,Ratlam Junction,22,1226,2500,0.49,Moderate,4
2026-02-20,RTM,Ratlam Junction,23,1896,2500,0.758,High,4
2026-02-20,KOTA,Kota Junction,0,633,3000,0.211,Low,4
2026-02-20,KOTA,Kota Junction,1,301,3000,0.1,Low,4
2026-02-20,KOTA,Kota Junction,2,330,3000,0.11,Low,4
2026-02-20,KOTA,Kota Junction,3,351,3000,0.117,Low,4
2026-02-20,KOTA,Kota Junction,4,305,3000,0.102,Low,4
2026-02-20,KOTA,Kota Junction,5,2414,3000,0.805,High,4
2026-02-20,KOTA,Kota Junction,6,2675,3000,0.892,High,4
2026-02-20,KOTA,Kota Junction,7,8453,3000,2.818,Critical,4
2026-02-20,KOTA,Kota Junction,8,6150,3000,2.05,Critical,4
2026-02-20,KOTA,Kota Junction,9,4142,3000,1.381,Critical,4
2026-02-20,KOTA,Kota Junction,10,2823,3000,0.941,Critical,4
2026-02-20,KOTA,Kota Junction,11,2553,3000,0.851,High,4
2026-02-20,KOTA,Kota Junction,12,1448,3000,0.483,Moderate,4
2026-02-20,KOTA,Kota Junction,13,2344,3000,0.781,High,4
2026-02-20,KOTA,Kota Junction,14,1627,3000,0.542,Moderate,4
2026-02-20,KOTA,Kota Junction,15,2221,3000,0.74,High,4
2026-02-20,KOTA,Kota Junction,16,3242,3000,1.081,Critical,4
2026-02-20,KOTA,Kota Junction,17,7095,3000,2.365,Critical,4
2026-02-20,KOTA,Kota Junction,18,3921,3000,1.307,Critical,4
2026-02-20,KOTA,Kota Junction,19,5109,3000,1.703,Critical,4
2026-02-20,KOTA,Kota Junction,20,3792,3000,1.264,Critical,4
2026-02-20,KOTA,Kota Junction,21,2784,3000,0.928,Critical,4
2026-02-20,KOTA,Kota Junction,22,2027,3000,0.676,Moderate,4
2026-02-20,KOTA,Kota Junction,23,1510,3000,0.503,Moderate,4
2026-02-20,SWM,Sawai Madhopur,0,228,2000,0.114,Low,4
2026-02-20,SWM,Sawai Madhopur,1,222,2000,0.111,Low,4
2026-02-20,SWM,Sawai Madhopur,2,185,2000,0.092,Low,4
2026-02-20,SWM,Sawai Madhopur,3,84,2000,0.042,Low,4
2026-02-20,SWM,Sawai Madhopur,4,189,2000,0.095,Low,4
2026-02-20,SWM,Sawai Madhopur,5,775,2000,0.388,Low,4
2026-02-20,SWM,Sawai Madhopur,6,767,2000,0.384,Low,4
2026-02-20,SWM,Sawai Madhopur,7,2434,2000,1.217,Critical,4
2026-02-20,SWM,Sawai Madhopur,8,2345,2000,1.173,Critical,4
2026-02-20,SWM,Sawai Madhopur,9,2118,2000,1.059,Critical,4
2026-02-20,SWM,Sawai Madhopur,10,1558,2000,0.779,High,4
2026-02-20,SWM,Sawai Madhopur,11,1587,2000,0.793,High,4
2026-02-20,SWM,Sawai Madhopur,12,824,2000,0.412,Moderate,4
2026-02-20,SWM,Sawai Madhopur,13,830,2000,0.415,Moderate,4
2026-02-20,SWM,Sawai Madhopur,14,674,2000,0.337,Low,4
2026-02-20,SWM,Sawai Madhopur,15,1118,2000,0.559,Moderate,4
2026-02-20,SWM,Sawai Madhopur,16,1547,2000,0.773,High,4
2026-02-20,SWM,Sawai Madhopur,17,2744,2000,1.372,Critical,4
2026-02-20,SWM,Sawai Madhopur,18,2520,2000,1.26,Critical,4
2026-02-20,SWM,Sawai Madhopur,19,2665,2000,1.333,Critical,4
2026-02-20,SWM,Sawai Madhopur,20,1143,2000,0.572,Moderate,4
2026-02-20,SWM,Sawai Madhopur,21,949,2000,0.474,Moderate,4
2026-02-20,SWM,Sawai Madhopur,22,879,2000,0.44,Moderate,4
2026-02-20,SWM,Sawai Madhopur,23,802,2000,0.401,Moderate,4
2026-02-20,MTJ,Mathura Junction,0,517,3000,0.172,Low,4
2026-02-20,MTJ,Mathura Junction,1,249,3000,0.083,Low,4
2026-02-20,MTJ,Mathura Junction,2,385,3000,0.128,Low,4
2026-02-20,MTJ,Mathura Junction,3,586,3000,0.195,Low,4
2026-02-20,MTJ,Mathura Junction,4,356,3000,0.119,Low,4
2026-02-20,MTJ,Mathura Junction,5,1763,3000,0.588,Moderate,4
2026-02-20,MTJ,Mathura Junction,6,2077,3000,0.692,Moderate,4
2026-02-20,MTJ,Mathura Junction,7,7157,3000,2.386,Critical,4
2026-02-20,MTJ,Mathura Junction,8,5716,3000,1.905,Critical,4
2026-02-20,MTJ,Mathura Junction,9,4919,3000,1.64,Critical,4
2026-02-20,MTJ,Mathura Junction,10,3257,3000,1.086,Critical,4
2026-02-20,MTJ,Mathura Junction,11,2782,3000,0.927,Critical,4
2026-02-20,MTJ,Mathura Junction,12,2887,3000,0.962,Critical,4
2026-02-20,MTJ,Mathura Junction,13,1734,3000,0.578,Moderate,4
2026-02-20,MTJ,Mathura Junction,14,2520,3000,0.84,High,4
2026-02-20,MTJ,Mathura Junction,15,2624,3000,0.875,High,4
2026-02-20,MTJ,Mathura Junction,16,4157,3000,1.386,Critical,4
2026-02-20,MTJ,Mathura Junction,17,7581,3000,2.527,Critical,4
2026-02-20,MTJ,Mathura Junction,18,4719,3000,1.573,Critical,4
2026-02-20,MTJ,Mathura Junction,19,8869,3000,2.956,Critical,4
2026-02-20,MTJ,Mathura Junction,20,4264,3000,1.421,Critical,4
2026-02-20,MTJ,Mathura Junction,21,3237,3000,1.079,Critical,4
2026-02-20,MTJ,Mathura Junction,22,2024,3000,0.675,Moderate,4
2026-02-20,MTJ,Mathura Junction,23,2655,3000,0.885,High,4
2026-02-20,NDLS,New Delhi,0,4759,8000,0.595,Moderate,4
2026-02-20,NDLS,New Delhi,1,5336,8000,0.667,Moderate,4
2026-02-20,NDLS,New Delhi,2,2796,8000,0.349,Low,4
2026-02-20,NDLS,New Delhi,3,4155,8000,0.519,Moderate,4
2026-02-20,NDLS,New Delhi,4,5125,8000,0.641,Moderate,4
2026-02-20,NDLS,New Delhi,5,22500,8000,2.812,Critical,4
2026-02-20,NDLS,New Delhi,6,21071,8000,2.634,Critical,4
2026-02-20,NDLS,New Delhi,7,61926,8000,7.741,Critical,4
2026-02-20,NDLS,New Delhi,8,53892,8000,6.737,Critical,4
2026-02-20,NDLS,New Delhi,9,66696,8000,8.337,Critical,4
2026-02-20,NDLS,New Delhi,10,34415,8000,4.302,Critical,4
2026-02-20,NDLS,New Delhi,11,19349,8000,2.419,Critical,4
2026-02-20,NDLS,New Delhi,12,20317,8000,2.54,Critical,4
2026-02-20,NDLS,New Delhi,13,21408,8000,2.676,Critical,4
2026-02-20,NDLS,New Delhi,14,18443,8000,2.305,Critical,4
2026-02-20,NDLS,New Delhi,15,23157,8000,2.895,Critical,4
2026-02-20,NDLS,New Delhi,16,29143,8000,3.643,Critical,4
2026-02-20,NDLS,New Delhi,17,40767,8000,5.096,Critical,4
2026-02-20,NDLS,New Delhi,18,34516,8000,4.314,Critical,4
2026-02-20,NDLS,New Delhi,19,35142,8000,4.393,Critical,4
2026-02-20,NDLS,New Delhi,20,37633,8000,4.704,Critical,4
2026-02-20,NDLS,New Delhi,21,27071,8000,3.384,Critical,4
2026-02-20,NDLS,New Delhi,22,19464,8000,2.433,Critical,4
2026-02-20,NDLS,New Delhi,23,23035,8000,2.879,Critical,4
2026-02-20,CSMT,Mumbai CSMT,0,4077,9000,0.453,Moderate,4
2026-02-20,CSMT,Mumbai CSMT,1,2783,9000,0.309,Low,4
2026-02-20,CSMT,Mumbai CSMT,2,1678,9000,0.186,Low,4
2026-02-20,CSMT,Mumbai CSMT,3,4315,9000,0.479,Moderate,4
2026-02-20,CSMT,Mumbai CSMT,4,4744,9000,0.527,Moderate,4
2026-02-20,CSMT,Mumbai CSMT,5,10568,9000,1.174,Critical,4
2026-02-20,CSMT,Mumbai CSMT,6,14391,9000,1.599,Critical,4
2026-02-20,CSMT,Mumbai CSMT,7,57528,9000,6.392,Critical,4
2026-02-20,CSMT,Mumbai CSMT,8,34504,9000,3.834,Critical,4
2026-02-20,CSMT,Mumbai CSMT,9,34007,9000,3.779,Critical,4
2026-02-20,CSMT,Mumbai CSMT,10,22250,9000,2.472,Critical,4
2026-02-20,CSMT,Mumbai CSMT,11,23627,9000,2.625,Critical,4
2026-02-20,CSMT,Mumbai CSMT,12,10744,9000,1.194,Critical,4
2026-02-20,CSMT,Mumbai CSMT,13,11979,9000,1.331,Critical,4
2026-02-20,CSMT,Mumbai CSMT,14,12251,9000,1.361,Critical,4
2026-02-20,CSMT,Mumbai CSMT,15,20962,9000,2.329,Critical,4
2026-02-20,CSMT,Mumbai CSMT,16,20706,9000,2.301,Critical,4
2026-02-20,CSMT,Mumbai CSMT,17,34642,9000,3.849,Critical,4
2026-02-20,CSMT,Mumbai CSMT,18,28271,9000,3.141,Critical,4
2026-02-20,CSMT,Mumbai CSMT,19,43531,9000,4.837,Critical,4
2026-02-20,CSMT,Mumbai CSMT,20,23049,9000,2.561,Critical,4
2026-02-20,CSMT,Mumbai CSMT,21,22627,9000,2.514,Critical,4
2026-02-20,CSMT,Mumbai CSMT,22,17644,9000,1.96,Critical,4
2026-02-20,CSMT,Mumbai CSMT,23,12774,9000,1.419,Critical,4
2026-02-20,KYN,Kalyan Junction,0,1336,4000,0.334,Low,4
2026-02-20,KYN,Kalyan Junction,1,786,4000,0.197,Low,4
2026-02-20,KYN,Kalyan Junction,2,1000,4000,0.25,Low,4
2026-02-20,KYN,Kalyan Junction,3,1013,4000,0.253,Low,4
2026-02-20,KYN,Kalyan Junction,4,453,4000,0.113,Low,4
2026-02-20,KYN,Kalyan Junction,5,4049,4000,1.012,Critical,4
2026-02-20,KYN,Kalyan Junction,6,4562,4000,1.141,Critical,4
2026-02-20,KYN,Kalyan Junction,7,11183,4000,2.796,Critical,4
2026-02-20,KYN,Kalyan Junction,8,10698,4000,2.675,Critical,4
2026-02-20,KYN,Kalyan Junction,9,11489,4000,2.872,Critical,4
2026-02-20,KYN,Kalyan Junction,10,5866,4000,1.466,Critical,4
2026-02-20,KYN,Kalyan Junction,11,5839,4000,1.46,Critical,4
2026-02-20,KYN,Kalyan Junction,12,3477,4000,0.869,High,4
2026-02-20,KYN,Kalyan Junction,13,3746,4000,0.936,Critical,4
2026-02-20,KYN,Kalyan Junction,14,3555,4000,0.889,High,4
2026-02-20,KYN,Kalyan Junction,15,8200,4000,2.05,Critical,4
2026-02-20,KYN,Kalyan Junction,16,6067,4000,1.517,Critical,4
2026-02-20,KYN,Kalyan Junction,17,8517,4000,2.129,Critical,4
2026-02-20,KYN,Kalyan Junction,18,14592,4000,3.648,Critical,4
2026-02-20,KYN,Kalyan Junction,19,8378,4000,2.095,Critical,4
2026-02-20,KYN,Kalyan Junction,20,5969,4000,1.492,Critical,4
2026-02-20,KYN,Kalyan Junction,21,5496,4000,1.374,Critical,4
2026-02-20,KYN,Kalyan Junction,22,5039,4000,1.26,Critical,4
2026-02-20,KYN,Kalyan Junction,23,3803,4000,0.951,Critical,4
2026-02-20,NMD,Nashik Road,0,176,2000,0.088,Low,4
2026-02-20,NMD,Nashik Road,1,314,2000,0.157,Low,4
2026-02-20,NMD,Nashik Road,2,351,2000,0.175,Low,4
2026-02-20,NMD,Nashik Road,3,350,2000,0.175,Low,4
2026-02-20,NMD,Nashik Road,4,412,2000,0.206,Low,4
2026-02-20,NMD,Nashik Road,5,1825,2000,0.912,Critical,4
2026-02-20,NMD,Nashik Road,6,1557,2000,0.778,High,4
2026-02-20,NMD,Nashik Road,7,4618,2000,2.309,Critical,4
2026-02-20,NMD,Nashik Road,8,4821,2000,2.41,Critical,4
2026-02-20,NMD,Nashik Road,9,4586,2000,2.293,Critical,4
2026-02-20,NMD,Nashik Road,10,2218,2000,1.109,Critical,4
2026-02-20,NMD,Nashik Road,11,2500,2000,1.25,Critical,4
2026-02-20,NMD,Nashik Road,12,1924,2000,0.962,Critical,4
2026-02-20,NMD,Nashik Road,13,1361,2000,0.68,Moderate,4
2026-02-20,NMD,Nashik Road,14,1366,2000,0.683,Moderate,4
2026-02-20,NMD,Nashik Road,15,2846,2000,1.423,Critical,4
2026-02-20,NMD,Nashik Road,16,2478,2000,1.239,Critical,4
2026-02-20,NMD,Nashik Road,17,4081,2000,2.041,Critical,4
2026-02-20,NMD,Nashik Road,18,3384,2000,1.692,Critical,4
2026-02-20,NMD,Nashik Road,19,4144,2000,2.072,Critical,4
2026-02-20,NMD,Nashik Road,20,2051,2000,1.026,Critical,4
2026-02-20,NMD,Nashik Road,21,1938,2000,0.969,Critical,4
2026-02-20,NMD,Nashik Road,22,1564,2000,0.782,High,4
2026-02-20,NMD,Nashik Road,23,1639,2000,0.82,High,4
2026-02-20,MMR,Manmad Junction,0,212,2500,0.085,Low,4
2026-02-20,MMR,Manmad Junction,1,265,2500,0.106,Low,4
2026-02-20,MMR,Manmad Junction,2,130,2500,0.052,Low,4
2026-02-20,MMR,Manmad Junction,3,116,2500,0.046,Low,4
2026-02-20,MMR,Manmad Junction,4,262,2500,0.105,Low,4
2026-02-20,MMR,Manmad Junction,5,1372,2500,0.549,Moderate,4
2026-02-20,MMR,Manmad Junction,6,1233,2500,0.493,Moderate,4
2026-02-20,MMR,Manmad Junction,7,3500,2500,1.4,Critical,4
2026-02-20,MMR,Manmad Junction,8,3116,2500,1.246,Critical,4
2026-02-20,MMR,Manmad Junction,9,4273,2500,1.709,Critical,4
2026-02-20,MMR,Manmad Junction,10,1603,2500,0.641,Moderate,4
2026-02-20,MMR,Manmad Junction,11,1739,2500,0.696,Moderate,4
2026-02-20,MMR,Manmad Junction,12,1383,2500,0.553,Moderate,4
2026-02-20,MMR,Manmad Junction,13,960,2500,0.384,Low,4
2026-02-20,MMR,Manmad Junction,14,1140,2500,0.456,Moderate,4
2026-02-20,MMR,Manmad Junction,15,1482,2500,0.593,Moderate,4
2026-02-20,MMR,Manmad Junction,16,1549,2500,0.62,Moderate,4
2026-02-20,MMR,Manmad Junction,17,3867,2500,1.547,Critical,4
2026-02-20,MMR,Manmad Junction,18,2982,2500,1.193,Critical,4
2026-02-20,MMR,Manmad Junction,19,3313,2500,1.325,Critical,4
2026-02-20,MMR,Manmad Junction,20,1721,2500,0.688,Moderate,4
2026-02-20,MMR,Manmad Junction,21,2147,2500,0.859,High,4
2026-02-20,MMR,Manmad Junction,22,1114,2500,0.446,Moderate,4
2026-02-20,MMR,Manmad Junction,23,1315,2500,0.526,Moderate,4
2026-02-20,BSL,Bhusawal Junction,0,437,3000,0.146,Low,4
2026-02-20,BSL,Bhusawal Junction,1,230,3000,0.077,Low,4
2026-02-20,BSL,Bhusawal Junction,2,371,3000,0.124,Low,4
2026-02-20,BSL,Bhusawal Junction,3,327,3000,0.109,Low,4
2026-02-20,BSL,Bhusawal Junction,4,479,3000,0.16,Low,4
2026-02-20,BSL,Bhusawal Junction,5,1867,3000,0.622,Moderate,4
2026-02-20,BSL,Bhusawal Junction,6,2487,3000,0.829,High,4
2026-02-20,BSL,Bhusawal Junction,7,4478,3000,1.493,Critical,4
2026-02-20,BSL,Bhusawal Junction,8,4199,3000,1.4,Critical,4
2026-02-20,BSL,Bhusawal Junction,9,3890,3000,1.297,Critical,4
2026-02-20,BSL,Bhusawal Junction,10,3252,3000,1.084,Critical,4
2026-02-20,BSL,Bhusawal Junction,11,2683,3000,0.894,High,4
2026-02-20,BSL,Bhusawal Junction,12,2266,3000,0.755,High,4
2026-02-20,BSL,Bhusawal Junction,13,1892,3000,0.631,Moderate,4
2026-02-20,BSL,Bhusawal Junction,14,2408,3000,0.803,High,4
2026-02-20,BSL,Bhusawal Junction,15,2351,3000,0.784,High,4
2026-02-20,BSL,Bhusawal Junction,16,3143,3000,1.048,Critical,4
2026-02-20,BSL,Bhusawal Junction,17,5467,3000,1.822,Critical,4
2026-02-20,BSL,Bhusawal Junction,18,4911,3000,1.637,Critical,4
2026-02-20,BSL,Bhusawal Junction,19,3614,3000,1.205,Critical,4
2026-02-20,BSL,Bhusawal Junction,20,2738,3000,0.913,Critical,4
2026-02-20,BSL,Bhusawal Junction,21,2870,3000,0.957,Critical,4
2026-02-20,BSL,Bhusawal Junction,22,2363,3000,0.788,High,4
2026-02-20,BSL,Bhusawal Junction,23,1400,3000,0.467,Moderate,4
2026-02-20,ET,Itarsi Junction,0,266,3500,0.076,Low,4
2026-02-20,ET,Itarsi Junction,1,435,3500,0.124,Low,4
2026-02-20,ET,Itarsi Junction,2,230,3500,0.066,Low,4
2026-02-20,ET,Itarsi Junction,3,388,3500,0.111,Low,4
2026-02-20,ET,Itarsi Junction,4,270,3500,0.077,Low,4
2026-02-20,ET,Itarsi Junction,5,1756,3500,0.502,Moderate,4
2026-02-20,ET,Itarsi Junction,6,1505,3500,0.43,Moderate,4
2026-02-20,ET,Itarsi Junction,7,3547,3500,1.013,Critical,4
2026-02-20,ET,Itarsi Junction,8,3224,3500,0.921,Critical,4
2026-02-20,ET,Itarsi Junction,9,3744,3500,1.07,Critical,4
2026-02-20,ET,Itarsi Junction,10,2717,3500,0.776,High,4
2026-02-20,ET,Itarsi Junction,11,2334,3500,0.667,Moderate,4
2026-02-20,ET,Itarsi Junction,12,2138,3500,0.611,Moderate,4
2026-02-20,ET,Itarsi Junction,13,1424,3500,0.407,Moderate,4
2026-02-20,ET,Itarsi Junction,14,1325,3500,0.379,Low,4
2026-02-20,ET,Itarsi Junction,15,2399,3500,0.685,Moderate,4
2026-02-20,ET,Itarsi Junction,16,1827,3500,0.522,Moderate,4
2026-02-20,ET,Itarsi Junction,17,4281,3500,1.223,Critical,4
2026-02-20,ET,Itarsi Junction,18,5075,3500,1.45,Critical,4
2026-02-20,ET,Itarsi Junction,19,4820,3500,1.377,Critical,4
2026-02-20,ET,Itarsi Junction,20,2611,3500,0.746,High,4
2026-02-20,ET,Itarsi Junction,21,2585,3500,0.739,High,4
2026-02-20,ET,Itarsi Junction,22,1487,3500,0.425,Moderate,4
2026-02-20,ET,Itarsi Junction,23,1456,3500,0.416,Moderate,4
2026-02-20,BPL,Bhopal Junction,0,659,3000,0.22,Low,4
2026-02-20,BPL,Bhopal Junction,1,531,3000,0.177,Low,4
2026-02-20,BPL,Bhopal Junction,2,488,3000,0.163,Low,4
2026-02-20,BPL,Bhopal Junction,3,415,3000,0.138,Low,4
2026-02-20,BPL,Bhopal Junction,4,541,3000,0.18,Low,4
2026-02-20,BPL,Bhopal Junction,5,2751,3000,0.917,Critical,4
2026-02-20,BPL,Bhopal Junction,6,2450,3000,0.817,High,4
2026-02-20,BPL,Bhopal Junction,7,7341,3000,2.447,Critical,4
2026-02-20,BPL,Bhopal Junction,8,8063,3000,2.688,Critical,4
2026-02-20,BPL,Bhopal Junction,9,11399,3000,3.8,Critical,4
2026-02-20,BPL,Bhopal Junction,10,4733,3000,1.578,Critical,4
2026-02-20,BPL,Bhopal Junction,11,4254,3000,1.418,Critical,4
2026-02-20,BPL,Bhopal Junction,12,3480,3000,1.16,Critical,4
2026-02-20,BPL,Bhopal Junction,13,2437,3000,0.812,High,4
2026-02-20,BPL,Bhopal Junction,14,3561,3000,1.187,Critical,4
2026-02-20,BPL,Bhopal Junction,15,4073,3000,1.358,Critical,4
2026-02-20,BPL,Bhopal Junction,16,4311,3000,1.437,Critical,4
2026-02-20,BPL,Bhopal Junction,17,8198,3000,2.733,Critical,4
2026-02-20,BPL,Bhopal Junction,18,5239,3000,1.746,Critical,4
2026-02-20,BPL,Bhopal Junction,19,7986,3000,2.662,Critical,4
2026-02-20,BPL,Bhopal Junction,20,4022,3000,1.341,Critical,4
2026-02-20,BPL,Bhopal Junction,21,4638,3000,1.546,Critical,4
2026-02-20,BPL,Bhopal Junction,22,3520,3000,1.173,Critical,4
2026-02-20,BPL,Bhopal Junction,23,2563,3000,0.854,High,4
2026-02-20,JHS,Jhansi Junction,0,371,4000,0.093,Low,4
2026-02-20,JHS,Jhansi Junction,1,702,4000,0.175,Low,4
2026-02-20,JHS,Jhansi Junction,2,601,4000,0.15,Low,4
2026-02-20,JHS,Jhansi Junction,3,384,4000,0.096,Low,4
2026-02-20,JHS,Jhansi Junction,4,531,4000,0.133,Low,4
2026-02-20,JHS,Jhansi Junction,5,2091,4000,0.523,Moderate,4
2026-02-20,JHS,Jhansi Junction,6,1978,4000,0.494,Moderate,4
2026-02-20,JHS,Jhansi Junction,7,6235,4000,1.559,Critical,4
2026-02-20,JHS,Jhansi Junction,8,4755,4000,1.189,Critical,4
2026-02-20,JHS,Jhansi Junction,9,8279,4000,2.07,Critical,4
2026-02-20,JHS,Jhansi Junction,10,3787,4000,0.947,Critical,4
2026-02-20,JHS,Jhansi Junction,11,4147,4000,1.037,Critical,4
2026-02-20,JHS,Jhansi Junction,12,2209,4000,0.552,Moderate,4
2026-02-20,JHS,Jhansi Junction,13,2152,4000,0.538,Moderate,4
2026-02-20,JHS,Jhansi Junction,14,2552,4000,0.638,Moderate,4
2026-02-20,JHS,Jhansi Junction,15,3365,4000,0.841,High,4
2026-02-20,JHS,Jhansi Junction,16,2530,4000,0.632,Moderate,4
2026-02-20,JHS,Jhansi Junction,17,7921,4000,1.98,Critical,4
2026-02-20,JHS,Jhansi Junction,18,4470,4000,1.117,Critical,4
2026-02-20,JHS,Jhansi Junction,19,5697,4000,1.424,Critical,4
2026-02-20,JHS,Jhansi Junction,20,3371,4000,0.843,High,4
2026-02-20,JHS,Jhansi Junction,21,3167,4000,0.792,High,4
2026-02-20,JHS,Jhansi Junction,22,2853,4000,0.713,High,4
2026-02-20,JHS,Jhansi Junction,23,2127,4000,0.532,Moderate,4
2026-02-20,GWL,Gwalior Junction,0,339,2500,0.136,Low,4
2026-02-20,GWL,Gwalior Junction,1,387,2500,0.155,Low,4
2026-02-20,GWL,Gwalior Junction,2,384,2500,0.154,Low,4
2026-02-20,GWL,Gwalior Junction,3,195,2500,0.078,Low,4
2026-02-20,GWL,Gwalior Junction,4,438,2500,0.175,Low,4
2026-02-20,GWL,Gwalior Junction,5,1988,2500,0.795,High,4
2026-02-20,GWL,Gwalior Junction,6,1454,2500,0.582,Moderate,4
2026-02-20,GWL,Gwalior Junction,7,5059,2500,2.024,Critical,4
2026-02-20,GWL,Gwalior Junction,8,4812,2500,1.925,Critical,4
2026-02-20,GWL,Gwalior Junction,9,3665,2500,1.466,Critical,4
2026-02-20,GWL,Gwalior Junction,10,3583,2500,1.433,Critical,4
2026-02-20,GWL,Gwalior Junction,11,2567,2500,1.027,Critical,4
2026-02-20,GWL,Gwalior Junction,12,2183,2500,0.873,High,4
2026-02-20,GWL,Gwalior Junction,13,1320,2500,0.528,Moderate,4
2026-02-20,GWL,Gwalior Junction,14,1862,2500,0.745,High,4
2026-02-20,GWL,Gwalior Junction,15,2432,2500,0.973,Critical,4
2026-02-20,GWL,Gwalior Junction,16,3817,2500,1.527,Critical,4
2026-02-20,GWL,Gwalior Junction,17,3288,2500,1.315,Critical,4
2026-02-20,GWL,Gwalior Junction,18,5295,2500,2.118,Critical,4
2026-02-20,GWL,Gwalior Junction,19,6505,2500,2.602,Critical,4
2026-02-20,GWL,Gwalior Junction,20,2544,2500,1.018,Critical,4
2026-02-20,GWL,Gwalior Junction,21,2810,2500,1.124,Critical,4
2026-02-20,GWL,Gwalior Junction,22,2160,2500,0.864,High,4
2026-02-20,GWL,Gwalior Junction,23,1589,2500,0.636,Moderate,4
2026-02-20,AGC,Agra Cantt,0,617,3000,0.206,Low,4
2026-02-20,AGC,Agra Cantt,1,304,3000,0.101,Low,4
2026-02-20,AGC,Agra Cantt,2,446,3000,0.149,Low,4
2026-02-20,AGC,Agra Cantt,3,311,3000,0.104,Low,4
2026-02-20,AGC,Agra Cantt,4,717,3000,0.239,Low,4
2026-02-20,AGC,Agra Cantt,5,2676,3000,0.892,High,4
2026-02-20,AGC,Agra Cantt,6,2201,3000,0.734,High,4
2026-02-20,AGC,Agra Cantt,7,8332,3000,2.777,Critical,4
2026-02-20,AGC,Agra Cantt,8,5430,3000,1.81,Critical,4
2026-02-20,AGC,Agra Cantt,9,6123,3000,2.041,Critical,4
2026-02-20,AGC,Agra Cantt,10,4109,3000,1.37,Critical,4
2026-02-20,AGC,Agra Cantt,11,3669,3000,1.223,Critical,4
2026-02-20,AGC,Agra Cantt,12,2579,3000,0.86,High,4
2026-02-20,AGC,Agra Cantt,13,2417,3000,0.806,High,4
2026-02-20,AGC,Agra Cantt,14,3132,3000,1.044,Critical,4
2026-02-20,AGC,Agra Cantt,15,3335,3000,1.112,Critical,4
2026-02-20,AGC,Agra Cantt,16,3939,3000,1.313,Critical,4
2026-02-20,AGC,Agra Cantt,17,8009,3000,2.67,Critical,4
2026-02-20,AGC,Agra Cantt,18,5745,3000,1.915,Critical,4
2026-02-20,AGC,Agra Cantt,19,9328,3000,3.109,Critical,4
2026-02-20,AGC,Agra Cantt,20,3289,3000,1.096,Critical,4
2026-02-20,AGC,Agra Cantt,21,3417,3000,1.139,Critical,4
2026-02-20,AGC,Agra Cantt,22,2258,3000,0.753,High,4
2026-02-20,AGC,Agra Cantt,23,1964,3000,0.655,Moderate,4
2026-02-19,MMCT,Mumbai Central,0,1239,4000,0.31,Low,3
2026-02-19,MMCT,Mumbai Central,1,1833,4000,0.458,Moderate,3
2026-02-19,MMCT,Mumbai Central,2,1252,4000,0.313,Low,3
2026-02-19,MMCT,Mumbai Central,3,1340,4000,0.335,Low,3
2026-02-19,MMCT,Mumbai Central,4,1507,4000,0.377,Low,3
2026-02-19,MMCT,Mumbai Central,5,5773,4000,1.443,Critical,3
2026-02-19,MMCT,Mumbai Central,6,6697,4000,1.674,Critical,3
2026-02-19,MMCT,Mumbai Central,7,15368,4000,3.842,Critical,3
2026-02-19,MMCT,Mumbai Central,8,14052,4000,3.513,Critical,3
2026-02-19,MMCT,Mumbai Central,9,15240,4000,3.81,Critical,3
2026-02-19,MMCT,Mumbai Central,10,8065,4000,2.016,Critical,3
2026-02-19,MMCT,Mumbai Central,11,7905,4000,1.976,Critical,3
2026-02-19,MMCT,Mumbai Central,12,7412,4000,1.853,Critical,3
2026-02-19,MMCT,Mumbai Central,13,5376,4000,1.344,Critical,3
2026-02-19,MMCT,Mumbai Central,14,7346,4000,1.837,Critical,3
2026-02-19,MMCT,Mumbai Central,15,6315,4000,1.579,Critical,3
2026-02-19,MMCT,Mumbai Central,16,11237,4000,2.809,Critical,3
2026-02-19,MMCT,Mumbai Central,17,21844,4000,5.461,Critical,3
2026-02-19,MMCT,Mumbai Central,18,22474,4000,5.619,Critical,3
2026-02-19,MMCT,Mumbai Central,19,14484,4000,3.621,Critical,3
2026-02-19,MMCT,Mumbai Central,20,12099,4000,3.025,Critical,3
2026-02-19,MMCT,Mumbai Central,21,8169,4000,2.042,Critical,3
2026-02-19,MMCT,Mumbai Central,22,6219,4000,1.555,Critical,3
2026-02-19,MMCT,Mumbai Central,23,5644,4000,1.411,Critical,3
2026-02-19,BVI,Borivali,0,971,3000,0.324,Low,3
2026-02-19,BVI,Borivali,1,825,3000,0.275,Low,3
2026-02-19,BVI,Borivali,2,716,3000,0.239,Low,3
2026-02-19,BVI,Borivali,3,781,3000,0.26,Low,3
2026-02-19,BVI,Borivali,4,584,3000,0.195,Low,3
2026-02-19,BVI,Borivali,5,2940,3000,0.98,Critical,3
2026-02-19,BVI,Borivali,6,3503,3000,1.168,Critical,3
2026-02-19,BVI,Borivali,7,6060,3000,2.02,Critical,3
2026-02-19,BVI,Borivali,8,11490,3000,3.83,Critical,3
2026-02-19,BVI,Borivali,9,9593,3000,3.198,Critical,3
2026-02-19,BVI,Borivali,10,5451,3000,1.817,Critical,3
2026-02-19,BVI,Borivali,11,4033,3000,1.344,Critical,3
2026-02-19,BVI,Borivali,12,2469,3000,0.823,High,3
2026-02-19,BVI,Borivali,13,4236,3000,1.412,Critical,3
2026-02-19,BVI,Borivali,14,2961,3000,0.987,Critical,3
2026-02-19,BVI,Borivali,15,4520,3000,1.507,Critical,3
2026-02-19,BVI,Borivali,16,5645,3000,1.882,Critical,3
2026-02-19,BVI,Borivali,17,6964,3000,2.321,Critical,3
2026-02-19,BVI,Borivali,18,7177,3000,2.392,Critical,3
2026-02-19,BVI,Borivali,19,11386,3000,3.795,Critical,3
2026-02-19,BVI,Borivali,20,4440,3000,1.48,Critical,3
2026-02-19,BVI,Borivali,21,3788,3000,1.263,Critical,3
2026-02-19,BVI,Borivali,22,3456,3000,1.152,Critical,3
2026-02-19,BVI,Borivali,23,2500,3000,0.833,High,3
2026-02-19,BL,Valsad,0,67,1500,0.045,Low,3
2026-02-19,BL,Valsad,1,161,1500,0.107,Low,3
2026-02-19,BL,Valsad,2,202,1500,0.135,Low,3
2026-02-19,BL,Valsad,3,144,1500,0.096,Low,3
2026-02-19,BL,Valsad,4,103,1500,0.069,Low,3
2026-02-19,BL,Valsad,5,479,1500,0.319,Low,3
2026-02-19,BL,Valsad,6,604,1500,0.403,Moderate,3
2026-02-19,BL,Valsad,7,1611,1500,1.074,Critical,3
2026-02-19,BL,Valsad,8,1662,1500,1.108,Critical,3
2026-02-19,BL,Valsad,9,1570,1500,1.047,Critical,3
2026-02-19,BL,Valsad,10,1028,1500,0.685,Moderate,3
2026-02-19,BL,Valsad,11,863,1500,0.575,Moderate,3
2026-02-19,BL,Valsad,12,578,1500,0.385,Low,3
2026-02-19,BL,Valsad,13,571,1500,0.381,Low,3
2026-02-19,BL,Valsad,14,821,1500,0.547,Moderate,3
2026-02-19,BL,Valsad,15,1127,1500,0.751,High,3
2026-02-19,BL,Valsad,16,1000,1500,0.667,Moderate,3
2026-02-19,BL,Valsad,17,1566,1500,1.044,Critical,3
2026-02-19,BL,Valsad,18,2095,1500,1.397,Critical,3
2026-02-19,BL,Valsad,19,1873,1500,1.249,Critical,3
2026-02-19,BL,Valsad,20,908,1500,0.605,Moderate,3
2026-02-19,BL,Valsad,21,842,1500,0.561,Moderate,3
2026-02-19,BL,Valsad,22,477,1500,0.318,Low,3
2026-02-19,BL,Valsad,23,691,1500,0.461,Moderate,3
2026-02-19,ST,Surat,0,1037,3000,0.346,Low,3
2026-02-19,ST,Surat,1,761,3000,0.254,Low,3
2026-02-19,ST,Surat,2,999,3000,0.333,Low,3
2026-02-19,ST,Surat,3,408,3000,0.136,Low,3
2026-02-19,ST,Surat,4,849,3000,0.283,Low,3
2026-02-19,ST,Surat,5,3602,3000,1.201,Critical,3
2026-02-19,ST,Surat,6,3143,3000,1.048,Critical,3
2026-02-19,ST,Surat,7,9908,3000,3.303,Critical,3
2026-02-19,ST,Surat,8,11945,3000,3.982,Critical,3
2026-02-19,ST,Surat,9,8353,3000,2.784,Critical,3
2026-02-19,ST,Surat,10,6560,3000,2.187,Critical,3
2026-02-19,ST,Surat,11,6173,3000,2.058,Critical,3
2026-02-19,ST,Surat,12,3817,3000,1.272,Critical,3
2026-02-19,ST,Surat,13,4035,3000,1.345,Critical,3
2026-02-19,ST,Surat,14,4813,3000,1.604,Critical,3
2026-02-19,ST,Surat,15,4070,3000,1.357,Critical,3
2026-02-19,ST,Surat,16,6923,3000,2.308,Critical,3
2026-02-19,ST,Surat,17,9596,3000,3.199,Critical,3
2026-02-19,ST,Surat,18,8997,3000,2.999,Critical,3
2026-02-19,ST,Surat,19,11483,3000,3.828,Critical,3
2026-02-19,ST,Surat,20,4231,3000,1.41,Critical,3
2026-02-19,ST,Surat,21,6530,3000,2.177,Critical,3
2026-02-19,ST,Surat,22,4108,3000,1.369,Critical,3
2026-02-19,ST,Surat,23,3562,3000,1.187,Critical,3
2026-02-19,BRC,Vadodara Junction,0,989,3500,0.283,Low,3
2026-02-19,BRC,Vadodara Junction,1,481,3500,0.137,Low,3
2026-02-19,BRC,Vadodara Junction,2,1019,3500,0.291,Low,3
2026-02-19,BRC,Vadodara Junction,3,576,3500,0.165,Low,3
2026-02-19,BRC,Vadodara Junction,4,898,3500,0.257,Low,3
2026-02-19,BRC,Vadodara Junction,5,3847,3500,1.099,Critical,3
2026-02-19,BRC,Vadodara Junction,6,4550,3500,1.3,Critical,3
2026-02-19,BRC,Vadodara Junction,7,7887,3500,2.253,Critical,3
2026-02-19,BRC,Vadodara Junction,8,10408,3500,2.974,Critical,3
2026-02-19,BRC,Vadodara Junction,9,10738,3500,3.068,Critical,3
2026-02-19,BRC,Vadodara Junction,10,5728,3500,1.637,Critical,3
2026-02-19,BRC,Vadodara Junction,11,6136,3500,1.753,Critical,3
2026-02-19,BRC,Vadodara Junction,12,3133,3500,0.895,High,3
2026-02-19,BRC,Vadodara Junction,13,3506,3500,1.002,Critical,3
2026-02-19,BRC,Vadodara Junction,14,3742,3500,1.069,Critical,3
2026-02-19,BRC,Vadodara Junction,15,6902,3500,1.972,Critical,3
2026-02-19,BRC,Vadodara Junction,16,6062,3500,1.732,Critical,3
2026-02-19,BRC,Vadodara Junction,17,10126,3500,2.893,Critical,3
2026-02-19,BRC,Vadodara Junction,18,13140,3500,3.754,Critical,3
2026-02-19,BRC,Vadodara Junction,19,13628,3500,3.894,Critical,3
2026-02-19,BRC,Vadodara Junction,20,5155,3500,1.473,Critical,3
2026-02-19,BRC,Vadodara Junction,21,5811,3500,1.66,Critical,3
2026-02-19,BRC,Vadodara Junction,22,4096,3500,1.17,Critical,3
2026-02-19,BRC,Vadodara Junction,23,4427,3500,1.265,Critical,3
2026-02-19,RTM,Ratlam Junction,0,286,2500,0.114,Low,3
2026-02-19,RTM,Ratlam Junction,1,182,2500,0.073,Low,3
2026-02-19,RTM,Ratlam Junction,2,211,2500,0.084,Low,3
2026-02-19,RTM,Ratlam Junction,3,172,2500,0.069,Low,3
2026-02-19,RTM,Ratlam Junction,4,187,2500,0.075,Low,3
2026-02-19,RTM,Ratlam Junction,5,1601,2500,0.64,Moderate,3
2026-02-19,RTM,Ratlam Junction,6,1863,2500,0.745,High,3
2026-02-19,RTM,Ratlam Junction,7,3448,2500,1.379,Critical,3
2026-02-19,RTM,Ratlam Junction,8,2460,2500,0.984,Critical,3
2026-02-19,RTM,Ratlam Junction,9,4042,2500,1.617,Critical,3
2026-02-19,RTM,Ratlam Junction,10,2311,2500,0.924,Critical,3
2026-02-19,RTM,Ratlam Junction,11,2323,2500,0.929,Critical,3
2026-02-19,RTM,Ratlam Junction,12,1485,2500,0.594,Moderate,3
2026-02-19,RTM,Ratlam Junction,13,1262,2500,0.505,Moderate,3
2026-02-19,RTM,Ratlam Junction,14,1446,2500,0.578,Moderate,3
2026-02-19,RTM,Ratlam Junction,15,1927,2500,0.771,High,3
2026-02-19,RTM,Ratlam Junction,16,2070,2500,0.828,High,3
2026-02-19,RTM,Ratlam Junction,17,3705,2500,1.482,Critical,3
2026-02-19,RTM,Ratlam Junction,18,2823,2500,1.129,Critical,3
2026-02-19,RTM,Ratlam Junction,19,2456,2500,0.982,Critical,3
2026-02-19,RTM,Ratlam Junction,20,2848,2500,1.139,Critical,3
2026-02-19,RTM,Ratlam Junction,21,2165,2500,0.866,High,3
2026-02-19,RTM,Ratlam Junction,22,1720,2500,0.688,Moderate,3
2026-02-19,RTM,Ratlam Junction,23,1733,2500,0.693,Moderate,3
2026-02-19,KOTA,Kota Junction,0,405,3000,0.135,Low,3
2026-02-19,KOTA,Kota Junction,1,321,3000,0.107,Low,3
2026-02-19,KOTA,Kota Junction,2,622,3000,0.207,Low,3
2026-02-19,KOTA,Kota Junction,3,427,3000,0.142,Low,3
2026-02-19,KOTA,Kota Junction,4,253,3000,0.084,Low,3
2026-02-19,KOTA,Kota Junction,5,1846,3000,0.615,Moderate,3
2026-02-19,KOTA,Kota Junction,6,2562,3000,0.854,High,3
2026-02-19,KOTA,Kota Junction,7,5352,3000,1.784,Critical,3
2026-02-19,KOTA,Kota Junction,8,7247,3000,2.416,Critical,3
2026-02-19,KOTA,Kota Junction,9,4556,3000,1.519,Critical,3
2026-02-19,KOTA,Kota Junction,10,3044,3000,1.015,Critical,3
2026-02-19,KOTA,Kota Junction,11,3436,3000,1.145,Critical,3
2026-02-19,KOTA,Kota Junction,12,1768,3000,0.589,Moderate,3
2026-02-19,KOTA,Kota Junction,13,2558,3000,0.853,High,3
2026-02-19,KOTA,Kota Junction,14,1882,3000,0.627,Moderate,3
2026-02-19,KOTA,Kota Junction,15,2765,3000,0.922,Critical,3
2026-02-19,KOTA,Kota Junction,16,3941,3000,1.314,Critical,3
2026-02-19,KOTA,Kota Junction,17,6449,3000,2.15,Critical,3
2026-02-19,KOTA,Kota Junction,18,4785,3000,1.595,Critical,3
2026-02-19,KOTA,Kota Junction,19,3910,3000,1.303,Critical,3
2026-02-19,KOTA,Kota Junction,20,2946,3000,0.982,Critical,3
2026-02-19,KOTA,Kota Junction,21,2933,3000,0.978,Critical,3
2026-02-19,KOTA,Kota Junction,22,2632,3000,0.877,High,3
2026-02-19,KOTA,Kota Junction,23,1728,3000,0.576,Moderate,3
2026-02-19,SWM,Sawai Madhopur,0,259,2000,0.13,Low,3
2026-02-19,SWM,Sawai Madhopur,1,234,2000,0.117,Low,3
2026-02-19,SWM,Sawai Madhopur,2,183,2000,0.091,Low,3
2026-02-19,SWM,Sawai Madhopur,3,136,2000,0.068,Low,3
2026-02-19,SWM,Sawai Madhopur,4,109,2000,0.054,Low,3
2026-02-19,SWM,Sawai Madhopur,5,608,2000,0.304,Low,3
2026-02-19,SWM,Sawai Madhopur,6,685,2000,0.343,Low,3
2026-02-19,SWM,Sawai Madhopur,7,3070,2000,1.535,Critical,3
2026-02-19,SWM,Sawai Madhopur,8,2546,2000,1.273,Critical,3
2026-02-19,SWM,Sawai Madhopur,9,2747,2000,1.373,Critical,3
2026-02-19,SWM,Sawai Madhopur,10,1745,2000,0.873,High,3
2026-02-19,SWM,Sawai Madhopur,11,1194,2000,0.597,Moderate,3
2026-02-19,SWM,Sawai Madhopur,12,948,2000,0.474,Moderate,3
2026-02-19,SWM,Sawai Madhopur,13,652,2000,0.326,Low,3
2026-02-19,SWM,Sawai Madhopur,14,926,2000,0.463,Moderate,3
2026-02-19,SWM,Sawai Madhopur,15,1144,2000,0.572,Moderate,3
2026-02-19,SWM,Sawai Madhopur,16,1686,2000,0.843,High,3
2026-02-19,SWM,Sawai Madhopur,17,2272,2000,1.136,Critical,3
2026-02-19,SWM,Sawai Madhopur,18,2413,2000,1.206,Critical,3
2026-02-19,SWM,Sawai Madhopur,19,2846,2000,1.423,Critical,3
2026-02-19,SWM,Sawai Madhopur,20,1463,2000,0.732,High,3
2026-02-19,SWM,Sawai Madhopur,21,1263,2000,0.631,Moderate,3
2026-02-19,SWM,Sawai Madhopur,22,848,2000,0.424,Moderate,3
2026-02-19,SWM,Sawai Madhopur,23,772,2000,0.386,Low,3
2026-02-19,MTJ,Mathura Junction,0,244,3000,0.081,Low,3
2026-02-19,MTJ,Mathura Junction,1,321,3000,0.107,Low,3
2026-02-19,MTJ,Mathura Junction,2,426,3000,0.142,Low,3
2026-02-19,MTJ,Mathura Junction,3,249,3000,0.083,Low,3
2026-02-19,MTJ,Mathura Junction,4,249,3000,0.083,Low,3
2026-02-19,MTJ,Mathura Junction,5,2467,3000,0.822,High,3
2026-02-19,MTJ,Mathura Junction,6,2327,3000,0.776,High,3
2026-02-19,MTJ,Mathura Junction,7,4117,3000,1.372,Critical,3
2026-02-19,MTJ,Mathura Junction,8,6354,3000,2.118,Critical,3
2026-02-19,MTJ,Mathura Junction,9,8064,3000,2.688,Critical,3
2026-02-19,MTJ,Mathura Junction,10,4251,3000,1.417,Critical,3
2026-02-19,MTJ,Mathura Junction,11,3595,3000,1.198,Critical,3
2026-02-19,MTJ,Mathura Junction,12,2870,3000,0.957,Critical,3
2026-02-19,MTJ,Mathura Junction,13,2633,3000,0.878,High,3
2026-02-19,MTJ,Mathura Junction,14,2466,3000,0.822,High,3
2026-02-19,MTJ,Mathura Junction,15,4315,3000,1.438,Critical,3
2026-02-19,MTJ,Mathura Junction,16,3148,3000,1.049,Critical,3
2026-02-19,MTJ,Mathura Junction,17,6363,3000,2.121,Critical,3
2026-02-19,MTJ,Mathura Junction,18,6373,3000,2.124,Critical,3
2026-02-19,MTJ,Mathura Junction,19,6647,3000,2.216,Critical,3
2026-02-19,MTJ,Mathura Junction,20,3543,3000,1.181,Critical,3
2026-02-19,MTJ,Mathura Junction,21,3913,3000,1.304,Critical,3
2026-02-19,MTJ,Mathura Junction,22,2173,3000,0.724,High,3
2026-02-19,MTJ,Mathura Junction,23,2878,3000,0.959,Critical,3
2026-02-19,NDLS,New Delhi,0,4534,8000,0.567,Moderate,3
2026-02-19,NDLS,New Delhi,1,3939,8000,0.492,Moderate,3
2026-02-19,NDLS,New Delhi,2,2396,8000,0.299,Low,3
2026-02-19,NDLS,New Delhi,3,4557,8000,0.57,Moderate,3
2026-02-19,NDLS,New Delhi,4,3830,8000,0.479,Moderate,3
2026-02-19,NDLS,New Delhi,5,20027,8000,2.503,Critical,3
2026-02-19,NDLS,New Delhi,6,17979,8000,2.247,Critical,3
2026-02-19,NDLS,New Delhi,7,46853,8000,5.857,Critical,3
2026-02-19,NDLS,New Delhi,8,49721,8000,6.215,Critical,3
2026-02-19,NDLS,New Delhi,9,41649,8000,5.206,Critical,3
2026-02-19,NDLS,New Delhi,10,32416,8000,4.052,Critical,3
2026-02-19,NDLS,New Delhi,11,33432,8000,4.179,Critical,3
2026-02-19,NDLS,New Delhi,12,17762,8000,2.22,Critical,3
2026-02-19,NDLS,New Delhi,13,21579,8000,2.697,Critical,3
2026-02-19,NDLS,New Delhi,14,16466,8000,2.058,Critical,3
2026-02-19,NDLS,New Delhi,15,27346,8000,3.418,Critical,3
2026-02-19,NDLS,New Delhi,16,33070,8000,4.134,Critical,3
2026-02-19,NDLS,New Delhi,17,63017,8000,7.877,Critical,3
2026-02-19,NDLS,New Delhi,18,50286,8000,6.286,Critical,3
2026-02-19,NDLS,New Delhi,19,44675,8000,5.584,Critical,3
2026-02-19,NDLS,New Delhi,20,33036,8000,4.13,Critical,3
2026-02-19,NDLS,New Delhi,21,31492,8000,3.937,Critical,3
2026-02-19,NDLS,New Delhi,22,24015,8000,3.002,Critical,3
2026-02-19,NDLS,New Delhi,23,14747,8000,1.843,Critical,3
2026-02-19,CSMT,Mumbai CSMT,0,4078,9000,0.453,Moderate,3
2026-02-19,CSMT,Mumbai CSMT,1,1945,9000,0.216,Low,3
2026-02-19,CSMT,Mumbai CSMT,2,2647,9000,0.294,Low,3
2026-02-19,CSMT,Mumbai CSMT,3,1547,9000,0.172,Low,3
2026-02-19,CSMT,Mumbai CSMT,4,3530,9000,0.392,Low,3
2026-02-19,CSMT,Mumbai CSMT,5,14947,9000,1.661,Critical,3
2026-02-19,CSMT,Mumbai CSMT,6,19420,9000,2.158,Critical,3
2026-02-19,CSMT,Mumbai CSMT,7,43023,9000,4.78,Critical,3
2026-02-19,CSMT,Mumbai CSMT,8,37071,9000,4.119,Critical,3
2026-02-19,CSMT,Mumbai CSMT,9,34746,9000,3.861,Critical,3
2026-02-19,CSMT,Mumbai CSMT,10,17438,9000,1.938,Critical,3
2026-02-19,CSMT,Mumbai CSMT,11,18157,9000,2.017,Critical,3
2026-02-19,CSMT,Mumbai CSMT,12,15332,9000,1.704,Critical,3
2026-02-19,CSMT,Mumbai CSMT,13,18213,9000,2.024,Critical,3
2026-02-19,CSMT,Mumbai CSMT,14,10113,9000,1.124,Critical,3
2026-02-19,CSMT,Mumbai CSMT,15,18306,9000,2.034,Critical,3
2026-02-19,CSMT,Mumbai CSMT,16,20833,9000,2.315,Critical,3
2026-02-19,CSMT,Mumbai CSMT,17,41696,9000,4.633,Critical,3
2026-02-19,CSMT,Mumbai CSMT,18,41313,9000,4.59,Critical,3
2026-02-19,CSMT,Mumbai CSMT,19,43363,9000,4.818,Critical,3
2026-02-19,CSMT,Mumbai CSMT,20,22006,9000,2.445,Critical,3
2026-02-19,CSMT,Mumbai CSMT,21,17536,9000,1.948,Critical,3
2026-02-19,CSMT,Mumbai CSMT,22,12563,9000,1.396,Critical,3
2026-02-19,CSMT,Mumbai CSMT,23,15624,9000,1.736,Critical,3
2026-02-19,KYN,Kalyan Junction,0,493,4000,0.123,Low,3
2026-02-19,KYN,Kalyan Junction,1,457,4000,0.114,Low,3
2026-02-19,KYN,Kalyan Junction,2,608,4000,0.152,Low,3
2026-02-19,KYN,Kalyan Junction,3,1134,4000,0.283,Low,3
2026-02-19,KYN,Kalyan Junction,4,1269,4000,0.317,Low,3
2026-02-19,KYN,Kalyan Junction,5,4047,4000,1.012,Critical,3
2026-02-19,KYN,Kalyan Junction,6,4227,4000,1.057,Critical,3
2026-02-19,KYN,Kalyan Junction,7,12570,4000,3.143,Critical,3
2026-02-19,KYN,Kalyan Junction,8,11341,4000,2.835,Critical,3
2026-02-19,KYN,Kalyan Junction,9,13471,4000,3.368,Critical,3
2026-02-19,KYN,Kalyan Junction,10,8269,4000,2.067,Critical,3
2026-02-19,KYN,Kalyan Junction,11,5532,4000,1.383,Critical,3
2026-02-19,KYN,Kalyan Junction,12,3253,4000,0.813,High,3
2026-02-19,KYN,Kalyan Junction,13,3664,4000,0.916,Critical,3
2026-02-19,KYN,Kalyan Junction,14,5040,4000,1.26,Critical,3
2026-02-19,KYN,Kalyan Junction,15,5763,4000,1.441,Critical,3
2026-02-19,KYN,Kalyan Junction,16,7982,4000,1.996,Critical,3
2026-02-19,KYN,Kalyan Junction,17,14451,4000,3.613,Critical,3
2026-02-19,KYN,Kalyan Junction,18,10214,4000,2.554,Critical,3
2026-02-19,KYN,Kalyan Junction,19,11792,4000,2.948,Critical,3
2026-02-19,KYN,Kalyan Junction,20,5368,4000,1.342,Critical,3
2026-02-19,KYN,Kalyan Junction,21,7362,4000,1.841,Critical,3
2026-02-19,KYN,Kalyan Junction,22,2989,4000,0.747,High,3
2026-02-19,KYN,Kalyan Junction,23,2950,4000,0.738,High,3
2026-02-19,NMD,Nashik Road,0,372,2000,0.186,Low,3
2026-02-19,NMD,Nashik Road,1,341,2000,0.171,Low,3
2026-02-19,NMD,Nashik Road,2,360,2000,0.18,Low,3
2026-02-19,NMD,Nashik Road,3,343,2000,0.172,Low,3
2026-02-19,NMD,Nashik Road,4,274,2000,0.137,Low,3
2026-02-19,NMD,Nashik Road,5,1575,2000,0.787,High,3
2026-02-19,NMD,Nashik Road,6,1182,2000,0.591,Moderate,3
2026-02-19,NMD,Nashik Road,7,4843,2000,2.421,Critical,3
2026-02-19,NMD,Nashik Road,8,4242,2000,2.121,Critical,3
2026-02-19,NMD,Nashik Road,9,4951,2000,2.475,Critical,3
2026-02-19,NMD,Nashik Road,10,2207,2000,1.103,Critical,3
2026-02-19,NMD,Nashik Road,11,2055,2000,1.028,Critical,3
2026-02-19,NMD,Nashik Road,12,1646,2000,0.823,High,3
2026-02-19,NMD,Nashik Road,13,1660,2000,0.83,High,3
2026-02-19,NMD,Nashik Road,14,1663,2000,0.832,High,3
2026-02-19,NMD,Nashik Road,15,2249,2000,1.125,Critical,3
2026-02-19,NMD,Nashik Road,16,2213,2000,1.107,Critical,3
2026-02-19,NMD,Nashik Road,17,4844,2000,2.422,Critical,3
2026-02-19,NMD,Nashik Road,18,5713,2000,2.857,Critical,3
2026-02-19,NMD,Nashik Road,19,4021,2000,2.01,Critical,3
2026-02-19,NMD,Nashik Road,20,1902,2000,0.951,Critical,3
2026-02-19,NMD,Nashik Road,21,1930,2000,0.965,Critical,3
2026-02-19,NMD,Nashik Road,22,1473,2000,0.737,High,3
2026-02-19,NMD,Nashik Road,23,1163,2000,0.582,Moderate,3
2026-02-19,MMR,Manmad Junction,0,267,2500,0.107,Low,3
2026-02-19,MMR,Manmad Junction,1,317,2500,0.127,Low,3
2026-02-19,MMR,Manmad Junction,2,276,2500,0.11,Low,3
2026-02-19,MMR,Manmad Junction,3,258,2500,0.103,Low,3
2026-02-19,MMR,Manmad Junction,4,160,2500,0.064,Low,3
2026-02-19,MMR,Manmad Junction,5,921,2500,0.368,Low,3
2026-02-19,MMR,Manmad Junction,6,1174,2500,0.47,Moderate,3
2026-02-19,MMR,Manmad Junction,7,4382,2500,1.753,Critical,3
2026-02-19,MMR,Manmad Junction,8,3939,2500,1.576,Critical,3
2026-02-19,MMR,Manmad Junction,9,4295,2500,1.718,Critical,3
2026-02-19,MMR,Manmad Junction,10,1311,2500,0.524,Moderate,3
2026-02-19,MMR,Manmad Junction,11,2031,2500,0.812,High,3
2026-02-19,MMR,Manmad Junction,12,988,2500,0.395,Low,3
2026-02-19,MMR,Manmad Junction,13,1215,2500,0.486,Moderate,3
2026-02-19,MMR,Manmad Junction,14,970,2500,0.388,Low,3
2026-02-19,MMR,Manmad Junction,15,1459,2500,0.584,Moderate,3
2026-02-19,MMR,Manmad Junction,16,1768,2500,0.707,High,3
2026-02-19,MMR,Manmad Junction,17,4107,2500,1.643,Critical,3
2026-02-19,MMR,Manmad Junction,18,3930,2500,1.572,Critical,3
2026-02-19,MMR,Manmad Junction,19,5129,2500,2.052,Critical,3
2026-02-19,MMR,Manmad Junction,20,2519,2500,1.008,Critical,3
2026-02-19,MMR,Manmad Junction,21,1940,2500,0.776,High,3
2026-02-19,MMR,Manmad Junction,22,1534,2500,0.614,Moderate,3
2026-02-19,MMR,Manmad Junction,23,1532,2500,0.613,Moderate,3
2026-02-19,BSL,Bhusawal Junction,0,295,3000,0.098,Low,3
2026-02-19,BSL,Bhusawal Junction,1,214,3000,0.071,Low,3
2026-02-19,BSL,Bhusawal Junction,2,439,3000,0.146,Low,3
2026-02-19,BSL,Bhusawal Junction,3,344,3000,0.115,Low,3
2026-02-19,BSL,Bhusawal Junction,4,428,3000,0.143,Low,3
2026-02-19,BSL,Bhusawal Junction,5,1549,3000,0.516,Moderate,3
2026-02-19,BSL,Bhusawal Junction,6,2599,3000,0.866,High,3
2026-02-19,BSL,Bhusawal Junction,7,6103,3000,2.034,Critical,3
2026-02-19,BSL,Bhusawal Junction,8,4727,3000,1.576,Critical,3
2026-02-19,BSL,Bhusawal Junction,9,5607,3000,1.869,Critical,3
2026-02-19,BSL,Bhusawal Junction,10,3041,3000,1.014,Critical,3
2026-02-19,BSL,Bhusawal Junction,11,2371,3000,0.79,High,3
2026-02-19,BSL,Bhusawal Junction,12,1409,3000,0.47,Moderate,3
2026-02-19,BSL,Bhusawal Junction,13,1737,3000,0.579,Moderate,3
2026-02-19,BSL,Bhusawal Junction,14,2320,3000,0.773,High,3
2026-02-19,BSL,Bhusawal Junction,15,2658,3000,0.886,High,3
2026-02-19,BSL,Bhusawal Junction,16,2800,3000,0.933,Critical,3
2026-02-19,BSL,Bhusawal Junction,17,4649,3000,1.55,Critical,3
2026-02-19,BSL,Bhusawal Junction,18,5276,3000,1.759,Critical,3
2026-02-19,BSL,Bhusawal Junction,19,6591,3000,2.197,Critical,3
2026-02-19,BSL,Bhusawal Junction,20,2744,3000,0.915,Critical,3
2026-02-19,BSL,Bhusawal Junction,21,2361,3000,0.787,High,3
2026-02-19,BSL,Bhusawal Junction,22,1817,3000,0.606,Moderate,3
2026-02-19,BSL,Bhusawal Junction,23,1302,3000,0.434,Moderate,3
2026-02-19,ET,Itarsi Junction,0,201,3500,0.057,Low,3
2026-02-19,ET,Itarsi Junction,1,313,3500,0.089,Low,3
2026-02-19,ET,Itarsi Junction,2,490,3500,0.14,Low,3
2026-02-19,ET,Itarsi Junction,3,438,3500,0.125,Low,3
2026-02-19,ET,Itarsi Junction,4,234,3500,0.067,Low,3
2026-02-19,ET,Itarsi Junction,5,1867,3500,0.533,Moderate,3
2026-02-19,ET,Itarsi Junction,6,1176,3500,0.336,Low,3
2026-02-19,ET,Itarsi Junction,7,4729,3500,1.351,Critical,3
2026-02-19,ET,Itarsi Junction,8,5001,3500,1.429,Critical,3
2026-02-19,ET,Itarsi Junction,9,5627,3500,1.608,Critical,3
2026-02-19,ET,Itarsi Junction,10,2284,3500,0.653,Moderate,3
2026-02-19,ET,Itarsi Junction,11,2793,3500,0.798,High,3
2026-02-19,ET,Itarsi Junction,12,1612,3500,0.461,Moderate,3
2026-02-19,ET,Itarsi Junction,13,1570,3500,0.449,Moderate,3
2026-02-19,ET,Itarsi Junction,14,1388,3500,0.397,Low,3
2026-02-19,ET,Itarsi Junction,15,1786,3500,0.51,Moderate,3
2026-02-19,ET,Itarsi Junction,16,2019,3500,0.577,Moderate,3
2026-02-19,ET,Itarsi Junction,17,6198,3500,1.771,Critical,3
2026-02-19,ET,Itarsi Junction,18,5405,3500,1.544,Critical,3
2026-02-19,ET,Itarsi Junction,19,5217,3500,1.491,Critical,3
2026-02-19,ET,Itarsi Junction,20,2044,3500,0.584,Moderate,3
2026-02-19,ET,Itarsi Junction,21,2812,3500,0.803,High,3
2026-02-19,ET,Itarsi Junction,22,1577,3500,0.451,Moderate,3
2026-02-19,ET,Itarsi Junction,23,1609,3500,0.46,Moderate,3
2026-02-19,BPL,Bhopal Junction,0,489,3000,0.163,Low,3
2026-02-19,BPL,Bhopal Junction,1,585,3000,0.195,Low,3
2026-02-19,BPL,Bhopal Junction,2,650,3000,0.217,Low,3
2026-02-19,BPL,Bhopal Junction,3,568,3000,0.189,Low,3
2026-02-19,BPL,Bhopal Junction,4,970,3000,0.323,Low,3
2026-02-19,BPL,Bhopal Junction,5,3521,3000,1.174,Critical,3
2026-02-19,BPL,Bhopal Junction,6,2077,3000,0.692,Moderate,3
2026-02-19,BPL,Bhopal Junction,7,6047,3000,2.016,Critical,3
2026-02-19,BPL,Bhopal Junction,8,10214,3000,3.405,Critical,3
2026-02-19,BPL,Bhopal Junction,9,7954,3000,2.651,Critical,3
2026-02-19,BPL,Bhopal Junction,10,3327,3000,1.109,Critical,3
2026-02-19,BPL,Bhopal Junction,11,4587,3000,1.529,Critical,3
2026-02-19,BPL,Bhopal Junction,12,2363,3000,0.788,High,3
2026-02-19,BPL,Bhopal Junction,13,2878,3000,0.959,Critical,3
2026-02-19,BPL,Bhopal Junction,14,2766,3000,0.922,Critical,3
2026-02-19,BPL,Bhopal Junction,15,4569,3000,1.523,Critical,3
2026-02-19,BPL,Bhopal Junction,16,4136,3000,1.379,Critical,3
2026-02-19,BPL,Bhopal Junction,17,9190,3000,3.063,Critical,3
2026-02-19,BPL,Bhopal Junction,18,9884,3000,3.295,Critical,3
2026-02-19,BPL,Bhopal Junction,19,10291,3000,3.43,Critical,3
2026-02-19,BPL,Bhopal Junction,20,5320,3000,1.773,Critical,3
2026-02-19,BPL,Bhopal Junction,21,4609,3000,1.536,Critical,3
2026-02-19,BPL,Bhopal Junction,22,2211,3000,0.737,High,3
2026-02-19,BPL,Bhopal Junction,23,2357,3000,0.786,High,3
2026-02-19,JHS,Jhansi Junction,0,396,4000,0.099,Low,3
2026-02-19,JHS,Jhansi Junction,1,451,4000,0.113,Low,3
2026-02-19,JHS,Jhansi Junction,2,314,4000,0.079,Low,3
2026-02-19,JHS,Jhansi Junction,3,413,4000,0.103,Low,3
2026-02-19,JHS,Jhansi Junction,4,310,4000,0.077,Low,3
2026-02-19,JHS,Jhansi Junction,5,1915,4000,0.479,Moderate,3
2026-02-19,JHS,Jhansi Junction,6,2067,4000,0.517,Moderate,3
2026-02-19,JHS,Jhansi Junction,7,5612,4000,1.403,Critical,3
2026-02-19,JHS,Jhansi Junction,8,6444,4000,1.611,Critical,3
2026-02-19,JHS,Jhansi Junction,9,6886,4000,1.722,Critical,3
2026-02-19,JHS,Jhansi Junction,10,3393,4000,0.848,High,3
2026-02-19,JHS,Jhansi Junction,11,3303,4000,0.826,High,3
2026-02-19,JHS,Jhansi Junction,12,2413,4000,0.603,Moderate,3
2026-02-19,JHS,Jhansi Junction,13,2305,4000,0.576,Moderate,3
2026-02-19,JHS,Jhansi Junction,14,2724,4000,0.681,Moderate,3
2026-02-19,JHS,Jhansi Junction,15,4562,4000,1.141,Critical,3
2026-02-19,JHS,Jhansi Junction,16,2848,4000,0.712,High,3
2026-02-19,JHS,Jhansi Junction,17,5429,4000,1.357,Critical,3
2026-02-19,JHS,Jhansi Junction,18,6183,4000,1.546,Critical,3
2026-02-19,JHS,Jhansi Junction,19,7300,4000,1.825,Critical,3
2026-02-19,JHS,Jhansi Junction,20,3624,4000,0.906,Critical,3
2026-02-19,JHS,Jhansi Junction,21,3993,4000,0.998,Critical,3
2026-02-19,JHS,Jhansi Junction,22,2300,4000,0.575,Moderate,3
2026-02-19,JHS,Jhansi Junction,23,2753,4000,0.688,Moderate,3
2026-02-19,GWL,Gwalior Junction,0,450,2500,0.18,Low,3
2026-02-19,GWL,Gwalior Junction,1,421,2500,0.168,Low,3
2026-02-19,GWL,Gwalior Junction,2,585,2500,0.234,Low,3
2026-02-19,GWL,Gwalior Junction,3,326,2500,0.13,Low,3
2026-02-19,GWL,Gwalior Junction,4,187,2500,0.075,Low,3
2026-02-19,GWL,Gwalior Junction,5,2034,2500,0.814,High,3
2026-02-19,GWL,Gwalior Junction,6,1401,2500,0.56,Moderate,3
2026-02-19,GWL,Gwalior Junction,7,3980,2500,1.592,Critical,3
2026-02-19,GWL,Gwalior Junction,8,5711,2500,2.284,Critical,3
2026-02-19,GWL,Gwalior Junction,9,4313,2500,1.725,Critical,3
2026-02-19,GWL,Gwalior Junction,10,3207,2500,1.283,Critical,3
2026-02-19,GWL,Gwalior Junction,11,2976,2500,1.19,Critical,3
2026-02-19,GWL,Gwalior Junction,12,1430,2500,0.572,Moderate,3
2026-02-19,GWL,Gwalior Junction,13,1926,2500,0.77,High,3
2026-02-19,GWL,Gwalior Junction,14,1353,2500,0.541,Moderate,3
2026-02-19,GWL,Gwalior Junction,15,2050,2500,0.82,High,3
2026-02-19,GWL,Gwalior Junction,16,2660,2500,1.064,Critical,3
2026-02-19,GWL,Gwalior Junction,17,3517,2500,1.407,Critical,3
2026-02-19,GWL,Gwalior Junction,18,7128,2500,2.851,Critical,3
2026-02-19,GWL,Gwalior Junction,19,5576,2500,2.23,Critical,3
2026-02-19,GWL,Gwalior Junction,20,2615,2500,1.046,Critical,3
2026-02-19,GWL,Gwalior Junction,21,2719,2500,1.088,Critical,3
2026-02-19,GWL,Gwalior Junction,22,1749,2500,0.7,Moderate,3
2026-02-19,GWL,Gwalior Junction,23,1257,2500,0.503,Moderate,3
2026-02-19,AGC,Agra Cantt,0,312,3000,0.104,Low,3
2026-02-19,AGC,Agra Cantt,1,890,3000,0.297,Low,3
2026-02-19,AGC,Agra Cantt,2,531,3000,0.177,Low,3
2026-02-19,AGC,Agra Cantt,3,617,3000,0.206,Low,3
2026-02-19,AGC,Agra Cantt,4,524,3000,0.175,Low,3
2026-02-19,AGC,Agra Cantt,5,2450,3000,0.817,High,3
2026-02-19,AGC,Agra Cantt,6,2720,3000,0.907,Critical,3
2026-02-19,AGC,Agra Cantt,7,6195,3000,2.065,Critical,3
2026-02-19,AGC,Agra Cantt,8,6991,3000,2.33,Critical,3
2026-02-19,AGC,Agra Cantt,9,8914,3000,2.971,Critical,3
2026-02-19,AGC,Agra Cantt,10,4240,3000,1.413,Critical,3
2026-02-19,AGC,Agra Cantt,11,2481,3000,0.827,High,3
2026-02-19,AGC,Agra Cantt,12,2901,3000,0.967,Critical,3
2026-02-19,AGC,Agra Cantt,13,2398,3000,0.799,High,3
2026-02-19,AGC,Agra Cantt,14,2430,3000,0.81,High,3
2026-02-19,AGC,Agra Cantt,15,4353,3000,1.451,Critical,3
2026-02-19,AGC,Agra Cantt,16,4128,3000,1.376,Critical,3
2026-02-19,AGC,Agra Cantt,17,5472,3000,1.824,Critical,3
2026-02-19,AGC,Agra Cantt,18,6533,3000,2.178,Critical,3
2026-02-19,AGC,Agra Cantt,19,5778,3000,1.926,Critical,3
2026-02-19,AGC,Agra Cantt,20,3753,3000,1.251,Critical,3
2026-02-19,AGC,Agra Cantt,21,3489,3000,1.163,Critical,3
2026-02-19,AGC,Agra Cantt,22,2207,3000,0.736,High,3
2026-02-19,AGC,Agra Cantt,23,2457,3000,0.819,High,3
2026-02-18,MMCT,Mumbai Central,0,1302,4000,0.326,Low,2
2026-02-18,MMCT,Mumbai Central,1,730,4000,0.182,Low,2
2026-02-18,MMCT,Mumbai Central,2,2150,4000,0.537,Moderate,2
2026-02-18,MMCT,Mumbai Central,3,2027,4000,0.507,Moderate,2
2026-02-18,MMCT,Mumbai Central,4,1559,4000,0.39,Low,2
2026-02-18,MMCT,Mumbai Central,5,4351,4000,1.088,Critical,2
2026-02-18,MMCT,Mumbai Central,6,6658,4000,1.665,Critical,2
2026-02-18,MMCT,Mumbai Central,7,13840,4000,3.46,Critical,2
2026-02-18,MMCT,Mumbai Central,8,23073,4000,5.768,Critical,2
2026-02-18,MMCT,Mumbai Central,9,13800,4000,3.45,Critical,2
2026-02-18,MMCT,Mumbai Central,10,10955,4000,2.739,Critical,2
2026-02-18,MMCT,Mumbai Central,11,8707,4000,2.177,Critical,2
2026-02-18,MMCT,Mumbai Central,12,5409,4000,1.352,Critical,2
2026-02-18,MMCT,Mumbai Central,13,8615,4000,2.154,Critical,2
2026-02-18,MMCT,Mumbai Central,14,7486,4000,1.871,Critical,2
2026-02-18,MMCT,Mumbai Central,15,9349,4000,2.337,Critical,2
2026-02-18,MMCT,Mumbai Central,16,11964,4000,2.991,Critical,2
2026-02-18,MMCT,Mumbai Central,17,19319,4000,4.83,Critical,2
2026-02-18,MMCT,Mumbai Central,18,21061,4000,5.265,Critical,2
2026-02-18,MMCT,Mumbai Central,19,16953,4000,4.238,Critical,2
2026-02-18,MMCT,Mumbai Central,20,7625,4000,1.906,Critical,2
2026-02-18,MMCT,Mumbai Central,21,9421,4000,2.355,Critical,2
2026-02-18,MMCT,Mumbai Central,22,5812,4000,1.453,Critical,2
2026-02-18,MMCT,Mumbai Central,23,5808,4000,1.452,Critical,2
2026-02-18,BVI,Borivali,0,390,3000,0.13,Low,2
2026-02-18,BVI,Borivali,1,468,3000,0.156,Low,2
2026-02-18,BVI,Borivali,2,668,3000,0.223,Low,2
2026-02-18,BVI,Borivali,3,884,3000,0.295,Low,2
2026-02-18,BVI,Borivali,4,294,3000,0.098,Low,2
2026-02-18,BVI,Borivali,5,3142,3000,1.047,Critical,2
2026-02-18,BVI,Borivali,6,3315,3000,1.105,Critical,2
2026-02-18,BVI,Borivali,7,7626,3000,2.542,Critical,2
2026-02-18,BVI,Borivali,8,11214,3000,3.738,Critical,2
2026-02-18,BVI,Borivali,9,7768,3000,2.589,Critical,2
2026-02-18,BVI,Borivali,10,4961,3000,1.654,Critical,2
2026-02-18,BVI,Borivali,11,3917,3000,1.306,Critical,2
2026-02-18,BVI,Borivali,12,2869,3000,0.956,Critical,2
2026-02-18,BVI,Borivali,13,2347,3000,0.782,High,2
2026-02-18,BVI,Borivali,14,3467,3000,1.156,Critical,2
2026-02-18,BVI,Borivali,15,6176,3000,2.059,Critical,2
2026-02-18,BVI,Borivali,16,3305,3000,1.102,Critical,2
2026-02-18,BVI,Borivali,17,8981,3000,2.994,Critical,2
2026-02-18,BVI,Borivali,18,9635,3000,3.212,Critical,2
2026-02-18,BVI,Borivali,19,6376,3000,2.125,Critical,2
2026-02-18,BVI,Borivali,20,5100,3000,1.7,Critical,2
2026-02-18,BVI,Borivali,21,5084,3000,1.695,Critical,2
2026-02-18,BVI,Borivali,22,4347,3000,1.449,Critical,2
2026-02-18,BVI,Borivali,23,4042,3000,1.347,Critical,2
2026-02-18,BL,Valsad,0,137,1500,0.091,Low,2
2026-02-18,BL,Valsad,1,218,1500,0.145,Low,2
2026-02-18,BL,Valsad,2,97,1500,0.065,Low,2
2026-02-18,BL,Valsad,3,88,1500,0.059,Low,2
2026-02-18,BL,Valsad,4,74,1500,0.049,Low,2
2026-02-18,BL,Valsad,5,610,1500,0.407,Moderate,2
2026-02-18,BL,Valsad,6,667,1500,0.445,Moderate,2
2026-02-18,BL,Valsad,7,2142,1500,1.428,Critical,2
2026-02-18,BL,Valsad,8,2332,1500,1.555,Critical,2
2026-02-18,BL,Valsad,9,1933,1500,1.289,Critical,2
2026-02-18,BL,Valsad,10,998,1500,0.665,Moderate,2
2026-02-18,BL,Valsad,11,1064,1500,0.709,High,2
2026-02-18,BL,Valsad,12,631,1500,0.421,Moderate,2
2026-02-18,BL,Valsad,13,731,1500,0.487,Moderate,2
2026-02-18,BL,Valsad,14,524,1500,0.349,Low,2
2026-02-18,BL,Valsad,15,816,1500,0.544,Moderate,2
2026-02-18,BL,Valsad,16,879,1500,0.586,Moderate,2
2026-02-18,BL,Valsad,17,2000,1500,1.333,Critical,2
2026-02-18,BL,Valsad,18,2246,1500,1.497,Critical,2
2026-02-18,BL,Valsad,19,1934,1500,1.289,Critical,2
2026-02-18,BL,Valsad,20,818,1500,0.545,Moderate,2
2026-02-18,BL,Valsad,21,891,1500,0.594,Moderate,2
2026-02-18,BL,Valsad,22,520,1500,0.347,Low,2
2026-02-18,BL,Valsad,23,768,1500,0.512,Moderate,2
2026-02-18,ST,Surat,0,942,3000,0.314,Low,2
2026-02-18,ST,Surat,1,985,3000,0.328,Low,2
2026-02-18,ST,Surat,2,610,3000,0.203,Low,2
2026-02-18,ST,Surat,3,461,3000,0.154,Low,2
2026-02-18,ST,Surat,4,911,3000,0.304,Low,2
2026-02-18,ST,Surat,5,3831,3000,1.277,Critical,2
2026-02-18,ST,Surat,6,4066,3000,1.355,Critical,2
2026-02-18,ST,Surat,7,13077,3000,4.359,Critical,2
2026-02-18,ST,Surat,8,10451,3000,3.484,Critical,2
2026-02-18,ST,Surat,9,12582,3000,4.194,Critical,2
2026-02-18,ST,Surat,10,6642,3000,2.214,Critical,2
2026-02-18,ST,Surat,11,6751,3000,2.25,Critical,2
2026-02-18,ST,Surat,12,3338,3000,1.113,Critical,2
2026-02-18,ST,Surat,13,3692,3000,1.231,Critical,2
2026-02-18,ST,Surat,14,5250,3000,1.75,Critical,2
2026-02-18,ST,Surat,15,5295,3000,1.765,Critical,2
2026-02-18,ST,Surat,16,4785,3000,1.595,Critical,2
2026-02-18,ST,Surat,17,12618,3000,4.206,Critical,2
2026-02-18,ST,Surat,18,11969,3000,3.99,Critical,2
2026-02-18,ST,Surat,19,12536,3000,4.179,Critical,2
2026-02-18,ST,Surat,20,4807,3000,1.602,Critical,2
2026-02-18,ST,Surat,21,7997,3000,2.666,Critical,2
2026-02-18,ST,Surat,22,3227,3000,1.076,Critical,2
2026-02-18,ST,Surat,23,3175,3000,1.058,Critical,2
2026-02-18,BRC,Vadodara Junction,0,570,3500,0.163,Low,2
2026-02-18,BRC,Vadodara Junction,1,780,3500,0.223,Low,2
2026-02-18,BRC,Vadodara Junction,2,552,3500,0.158,Low,2
2026-02-18,BRC,Vadodara Junction,3,791,3500,0.226,Low,2
2026-02-18,BRC,Vadodara Junction,4,621,3500,0.177,Low,2
2026-02-18,BRC,Vadodara Junction,5,3175,3500,0.907,Critical,2
2026-02-18,BRC,Vadodara Junction,6,4376,3500,1.25,Critical,2
2026-02-18,BRC,Vadodara Junction,7,7745,3500,2.213,Critical,2
2026-02-18,BRC,Vadodara Junction,8,9906,3500,2.83,Critical,2
2026-02-18,BRC,Vadodara Junction,9,12374,3500,3.535,Critical,2
2026-02-18,BRC,Vadodara Junction,10,6503,3500,1.858,Critical,2
2026-02-18,BRC,Vadodara Junction,11,5021,3500,1.435,Critical,2
2026-02-18,BRC,Vadodara Junction,12,3970,3500,1.134,Critical,2
2026-02-18,BRC,Vadodara Junction,13,3504,3500,1.001,Critical,2
2026-02-18,BRC,Vadodara Junction,14,3380,3500,0.966,Critical,2
2026-02-18,BRC,Vadodara Junction,15,5815,3500,1.661,Critical,2
2026-02-18,BRC,Vadodara Junction,16,4625,3500,1.321,Critical,2
2026-02-18,BRC,Vadodara Junction,17,9777,3500,2.793,Critical,2
2026-02-18,BRC,Vadodara Junction,18,11627,3500,3.322,Critical,2
2026-02-18,BRC,Vadodara Junction,19,9555,3500,2.73,Critical,2
2026-02-18,BRC,Vadodara Junction,20,5049,3500,1.443,Critical,2
2026-02-18,BRC,Vadodara Junction,21,6265,3500,1.79,Critical,2
2026-02-18,BRC,Vadodara Junction,22,4067,3500,1.162,Critical,2
2026-02-18,BRC,Vadodara Junction,23,2967,3500,0.848,High,2
2026-02-18,RTM,Ratlam Junction,0,297,2500,0.119,Low,2
2026-02-18,RTM,Ratlam Junction,1,354,2500,0.142,Low,2
2026-02-18,RTM,Ratlam Junction,2,276,2500,0.11,Low,2
2026-02-18,RTM,Ratlam Junction,3,154,2500,0.062,Low,2
2026-02-18,RTM,Ratlam Junction,4,169,2500,0.068,Low,2
2026-02-18,RTM,Ratlam Junction,5,1362,2500,0.545,Moderate,2
2026-02-18,RTM,Ratlam Junction,6,1499,2500,0.6,Moderate,2
2026-02-18,RTM,Ratlam Junction,7,4495,2500,1.798,Critical,2
2026-02-18,RTM,Ratlam Junction,8,4724,2500,1.89,Critical,2
2026-02-18,RTM,Ratlam Junction,9,3386,2500,1.354,Critical,2
2026-02-18,RTM,Ratlam Junction,10,1848,2500,0.739,High,2
2026-02-18,RTM,Ratlam Junction,11,2392,2500,0.957,Critical,2
2026-02-18,RTM,Ratlam Junction,12,1100,2500,0.44,Moderate,2
2026-02-18,RTM,Ratlam Junction,13,1675,2500,0.67,Moderate,2
2026-02-18,RTM,Ratlam Junction,14,1603,2500,0.641,Moderate,2
2026-02-18,RTM,Ratlam Junction,15,2551,2500,1.02,Critical,2
2026-02-18,RTM,Ratlam Junction,16,1546,2500,0.618,Moderate,2
2026-02-18,RTM,Ratlam Junction,17,5820,2500,2.328,Critical,2
2026-02-18,RTM,Ratlam Junction,18,3812,2500,1.525,Critical,2
2026-02-18,RTM,Ratlam Junction,19,3994,2500,1.598,Critical,2
2026-02-18,RTM,Ratlam Junction,20,1960,2500,0.784,High,2
2026-02-18,RTM,Ratlam Junction,21,1702,2500,0.681,Moderate,2
2026-02-18,RTM,Ratlam Junction,22,1949,2500,0.78,High,2
2026-02-18,RTM,Ratlam Junction,23,1758,2500,0.703,High,2
2026-02-18,KOTA,Kota Junction,0,649,3000,0.216,Low,2
2026-02-18,KOTA,Kota Junction,1,337,3000,0.112,Low,2
2026-02-18,KOTA,Kota Junction,2,431,3000,0.144,Low,2
2026-02-18,KOTA,Kota Junction,3,242,3000,0.081,Low,2
2026-02-18,KOTA,Kota Junction,4,417,3000,0.139,Low,2
2026-02-18,KOTA,Kota Junction,5,1666,3000,0.555,Moderate,2
2026-02-18,KOTA,Kota Junction,6,2465,3000,0.822,High,2
2026-02-18,KOTA,Kota Junction,7,4869,3000,1.623,Critical,2
2026-02-18,KOTA,Kota Junction,8,7944,3000,2.648,Critical,2
2026-02-18,KOTA,Kota Junction,9,3962,3000,1.321,Critical,2
2026-02-18,KOTA,Kota Junction,10,3731,3000,1.244,Critical,2
2026-02-18,KOTA,Kota Junction,11,3133,3000,1.044,Critical,2
2026-02-18,KOTA,Kota Junction,12,2346,3000,0.782,High,2
2026-02-18,KOTA,Kota Junction,13,2658,3000,0.886,High,2
2026-02-18,KOTA,Kota Junction,14,1696,3000,0.565,Moderate,2
2026-02-18,KOTA,Kota Junction,15,2376,3000,0.792,High,2
2026-02-18,KOTA,Kota Junction,16,3869,3000,1.29,Critical,2
2026-02-18,KOTA,Kota Junction,17,6416,3000,2.139,Critical,2
2026-02-18,KOTA,Kota Junction,18,7485,3000,2.495,Critical,2
2026-02-18,KOTA,Kota Junction,19,6231,3000,2.077,Critical,2
2026-02-18,KOTA,Kota Junction,20,2334,3000,0.778,High,2
2026-02-18,KOTA,Kota Junction,21,3742,3000,1.247,Critical,2
2026-02-18,KOTA,Kota Junction,22,1635,3000,0.545,Moderate,2
2026-02-18,KOTA,Kota Junction,23,2826,3000,0.942,Critical,2
2026-02-18,SWM,Sawai Madhopur,0,166,2000,0.083,Low,2
2026-02-18,SWM,Sawai Madhopur,1,107,2000,0.053,Low,2
2026-02-18,SWM,Sawai Madhopur,2,253,2000,0.127,Low,2
2026-02-18,SWM,Sawai Madhopur,3,78,2000,0.039,Low,2
2026-02-18,SWM,Sawai Madhopur,4,223,2000,0.112,Low,2
2026-02-18,SWM,Sawai Madhopur,5,782,2000,0.391,Low,2
2026-02-18,SWM,Sawai Madhopur,6,1075,2000,0.537,Moderate,2
2026-02-18,SWM,Sawai Madhopur,7,2602,2000,1.301,Critical,2
2026-02-18,SWM,Sawai Madhopur,8,2046,2000,1.023,Critical,2
2026-02-18,SWM,Sawai Madhopur,9,2225,2000,1.113,Critical,2
2026-02-18,SWM,Sawai Madhopur,10,900,2000,0.45,Moderate,2
2026-02-18,SWM,Sawai Madhopur,11,1038,2000,0.519,Moderate,2
2026-02-18,SWM,Sawai Madhopur,12,1058,2000,0.529,Moderate,2
2026-02-18,SWM,Sawai Madhopur,13,858,2000,0.429,Moderate,2
2026-02-18,SWM,Sawai Madhopur,14,1044,2000,0.522,Moderate,2
2026-02-18,SWM,Sawai Madhopur,15,1195,2000,0.598,Moderate,2
2026-02-18,SWM,Sawai Madhopur,16,1233,2000,0.617,Moderate,2
2026-02-18,SWM,Sawai Madhopur,17,1611,2000,0.805,High,2
2026-02-18,SWM,Sawai Madhopur,18,2239,2000,1.119,Critical,2
2026-02-18,SWM,Sawai Madhopur,19,1795,2000,0.897,High,2
2026-02-18,SWM,Sawai Madhopur,20,1142,2000,0.571,Moderate,2
2026-02-18,SWM,Sawai Madhopur,21,1094,2000,0.547,Moderate,2
2026-02-18,SWM,Sawai Madhopur,22,870,2000,0.435,Moderate,2
2026-02-18,SWM,Sawai Madhopur,23,876,2000,0.438,Moderate,2
2026-02-18,MTJ,Mathura Junction,0,673,3000,0.224,Low,2
2026-02-18,MTJ,Mathura Junction,1,551,3000,0.184,Low,2
2026-02-18,MTJ,Mathura Junction,2,527,3000,0.176,Low,2
2026-02-18,MTJ,Mathura Junction,3,404,3000,0.135,Low,2
2026-02-18,MTJ,Mathura Junction,4,571,3000,0.19,Low,2
2026-02-18,MTJ,Mathura Junction,5,2176,3000,0.725,High,2
2026-02-18,MTJ,Mathura Junction,6,2200,3000,0.733,High,2
2026-02-18,MTJ,Mathura Junction,7,5146,3000,1.715,Critical,2
2026-02-18,MTJ,Mathura Junction,8,6117,3000,2.039,Critical,2
2026-02-18,MTJ,Mathura Junction,9,5785,3000,1.928,Critical,2
2026-02-18,MTJ,Mathura Junction,10,2668,3000,0.889,High,2
2026-02-18,MTJ,Mathura Junction,11,2783,3000,0.928,Critical,2
2026-02-18,MTJ,Mathura Junction,12,1912,3000,0.637,Moderate,2
2026-02-18,MTJ,Mathura Junction,13,2409,3000,0.803,High,2
2026-02-18,MTJ,Mathura Junction,14,1861,3000,0.62,Moderate,2
2026-02-18,MTJ,Mathura Junction,15,3198,3000,1.066,Critical,2
2026-02-18,MTJ,Mathura Junction,16,3328,3000,1.109,Critical,2
2026-02-18,MTJ,Mathura Junction,17,4059,3000,1.353,Critical,2
2026-02-18,MTJ,Mathura Junction,18,4840,3000,1.613,Critical,2
2026-02-18,MTJ,Mathura Junction,19,6565,3000,2.188,Critical,2
2026-02-18,MTJ,Mathura Junction,20,3297,3000,1.099,Critical,2
2026-02-18,MTJ,Mathura Junction,21,3115,3000,1.038,Critical,2
2026-02-18,MTJ,Mathura Junction,22,1920,3000,0.64,Moderate,2
2026-02-18,MTJ,Mathura Junction,23,2012,3000,0.671,Moderate,2
2026-02-18,NDLS,New Delhi,0,3329,8000,0.416,Moderate,2
2026-02-18,NDLS,New Delhi,1,2637,8000,0.33,Low,2
2026-02-18,NDLS,New Delhi,2,4417,8000,0.552,Moderate,2
2026-02-18,NDLS,New Delhi,3,3292,8000,0.411,Moderate,2
2026-02-18,NDLS,New Delhi,4,4503,8000,0.563,Moderate,2
2026-02-18,NDLS,New Delhi,5,17645,8000,2.206,Critical,2
2026-02-18,NDLS,New Delhi,6,19850,8000,2.481,Critical,2
2026-02-18,NDLS,New Delhi,7,59305,8000,7.413,Critical,2
2026-02-18,NDLS,New Delhi,8,47785,8000,5.973,Critical,2
2026-02-18,NDLS,New Delhi,9,51565,8000,6.446,Critical,2
2026-02-18,NDLS,New Delhi,10,26256,8000,3.282,Critical,2
2026-02-18,NDLS,New Delhi,11,24729,8000,3.091,Critical,2
2026-02-18,NDLS,New Delhi,12,13986,8000,1.748,Critical,2
2026-02-18,NDLS,New Delhi,13,19936,8000,2.492,Critical,2
2026-02-18,NDLS,New Delhi,14,14821,8000,1.853,Critical,2
2026-02-18,NDLS,New Delhi,15,21650,8000,2.706,Critical,2
2026-02-18,NDLS,New Delhi,16,22564,8000,2.821,Critical,2
2026-02-18,NDLS,New Delhi,17,44935,8000,5.617,Critical,2
2026-02-18,NDLS,New Delhi,18,53086,8000,6.636,Critical,2
2026-02-18,NDLS,New Delhi,19,54817,8000,6.852,Critical,2
2026-02-18,NDLS,New Delhi,20,27498,8000,3.437,Critical,2
2026-02-18,NDLS,New Delhi,21,31544,8000,3.943,Critical,2
2026-02-18,NDLS,New Delhi,22,20714,8000,2.589,Critical,2
2026-02-18,NDLS,New Delhi,23,13877,8000,1.735,Critical,2
2026-02-18,CSMT,Mumbai CSMT,0,3919,9000,0.435,Moderate,2
2026-02-18,CSMT,Mumbai CSMT,1,2259,9000,0.251,Low,2
2026-02-18,CSMT,Mumbai CSMT,2,2550,9000,0.283,Low,2
2026-02-18,CSMT,Mumbai CSMT,3,1412,9000,0.157,Low,2
2026-02-18,CSMT,Mumbai CSMT,4,3714,9000,0.413,Moderate,2
2026-02-18,CSMT,Mumbai CSMT,5,14017,9000,1.557,Critical,2
2026-02-18,CSMT,Mumbai CSMT,6,17024,9000,1.892,Critical,2
2026-02-18,CSMT,Mumbai CSMT,7,36535,9000,4.059,Critical,2
2026-02-18,CSMT,Mumbai CSMT,8,56561,9000,6.285,Critical,2
2026-02-18,CSMT,Mumbai CSMT,9,48706,9000,5.412,Critical,2
2026-02-18,CSMT,Mumbai CSMT,10,24585,9000,2.732,Critical,2
2026-02-18,CSMT,Mumbai CSMT,11,20114,9000,2.235,Critical,2
2026-02-18,CSMT,Mumbai CSMT,12,12811,9000,1.423,Critical,2
2026-02-18,CSMT,Mumbai CSMT,13,14027,9000,1.559,Critical,2
2026-02-18,CSMT,Mumbai CSMT,14,16912,9000,1.879,Critical,2
2026-02-18,CSMT,Mumbai CSMT,15,23044,9000,2.56,Critical,2
2026-02-18,CSMT,Mumbai CSMT,16,24208,9000,2.69,Critical,2
2026-02-18,CSMT,Mumbai CSMT,17,44985,9000,4.998,Critical,2
2026-02-18,CSMT,Mumbai CSMT,18,50773,9000,5.641,Critical,2
2026-02-18,CSMT,Mumbai CSMT,19,34090,9000,3.788,Critical,2
2026-02-18,CSMT,Mumbai CSMT,20,22114,9000,2.457,Critical,2
2026-02-18,CSMT,Mumbai CSMT,21,18945,9000,2.105,Critical,2
2026-02-18,CSMT,Mumbai CSMT,22,13892,9000,1.544,Critical,2
2026-02-18,CSMT,Mumbai CSMT,23,17216,9000,1.913,Critical,2
2026-02-18,KYN,Kalyan Junction,0,1249,4000,0.312,Low,2
2026-02-18,KYN,Kalyan Junction,1,747,4000,0.187,Low,2
2026-02-18,KYN,Kalyan Junction,2,936,4000,0.234,Low,2
2026-02-18,KYN,Kalyan Junction,3,836,4000,0.209,Low,2
2026-02-18,KYN,Kalyan Junction,4,509,4000,0.127,Low,2
2026-02-18,KYN,Kalyan Junction,5,3626,4000,0.906,Critical,2
2026-02-18,KYN,Kalyan Junction,6,3490,4000,0.873,High,2
2026-02-18,KYN,Kalyan Junction,7,14747,4000,3.687,Critical,2
2026-02-18,KYN,Kalyan Junction,8,10568,4000,2.642,Critical,2
2026-02-18,KYN,Kalyan Junction,9,12100,4000,3.025,Critical,2
2026-02-18,KYN,Kalyan Junction,10,5903,4000,1.476,Critical,2
2026-02-18,KYN,Kalyan Junction,11,6929,4000,1.732,Critical,2
2026-02-18,KYN,Kalyan Junction,12,3634,4000,0.908,Critical,2
2026-02-18,KYN,Kalyan Junction,13,3606,4000,0.901,Critical,2
2026-02-18,KYN,Kalyan Junction,14,3654,4000,0.913,Critical,2
2026-02-18,KYN,Kalyan Junction,15,6006,4000,1.502,Critical,2
2026-02-18,KYN,Kalyan Junction,16,5803,4000,1.451,Critical,2
2026-02-18,KYN,Kalyan Junction,17,9583,4000,2.396,Critical,2
2026-02-18,KYN,Kalyan Junction,18,12722,4000,3.18,Critical,2
2026-02-18,KYN,Kalyan Junction,19,9437,4000,2.359,Critical,2
2026-02-18,KYN,Kalyan Junction,20,6240,4000,1.56,Critical,2
2026-02-18,KYN,Kalyan Junction,21,5139,4000,1.285,Critical,2
2026-02-18,KYN,Kalyan Junction,22,3794,4000,0.949,Critical,2
2026-02-18,KYN,Kalyan Junction,23,3330,4000,0.833,High,2
2026-02-18,NMD,Nashik Road,0,478,2000,0.239,Low,2
2026-02-18,NMD,Nashik Road,1,559,2000,0.28,Low,2
2026-02-18,NMD,Nashik Road,2,339,2000,0.17,Low,2
2026-02-18,NMD,Nashik Road,3,145,2000,0.072,Low,2
2026-02-18,NMD,Nashik Road,4,374,2000,0.187,Low,2
2026-02-18,NMD,Nashik Road,5,1955,2000,0.978,Critical,2
2026-02-18,NMD,Nashik Road,6,1681,2000,0.841,High,2
2026-02-18,NMD,Nashik Road,7,6005,2000,3.002,Critical,2
2026-02-18,NMD,Nashik Road,8,5074,2000,2.537,Critical,2
2026-02-18,NMD,Nashik Road,9,4118,2000,2.059,Critical,2
2026-02-18,NMD,Nashik Road,10,2590,2000,1.295,Critical,2
2026-02-18,NMD,Nashik Road,11,2496,2000,1.248,Critical,2
2026-02-18,NMD,Nashik Road,12,1311,2000,0.655,Moderate,2
2026-02-18,NMD,Nashik Road,13,2062,2000,1.031,Critical,2
2026-02-18,NMD,Nashik Road,14,1597,2000,0.798,High,2
2026-02-18,NMD,Nashik Road,15,1988,2000,0.994,Critical,2
2026-02-18,NMD,Nashik Road,16,2117,2000,1.058,Critical,2
2026-02-18,NMD,Nashik Road,17,5005,2000,2.502,Critical,2
2026-02-18,NMD,Nashik Road,18,4204,2000,2.102,Critical,2
2026-02-18,NMD,Nashik Road,19,5492,2000,2.746,Critical,2
2026-02-18,NMD,Nashik Road,20,2702,2000,1.351,Critical,2
2026-02-18,NMD,Nashik Road,21,3382,2000,1.691,Critical,2
2026-02-18,NMD,Nashik Road,22,1371,2000,0.685,Moderate,2
2026-02-18,NMD,Nashik Road,23,1273,2000,0.636,Moderate,2
2026-02-18,MMR,Manmad Junction,0,353,2500,0.141,Low,2
2026-02-18,MMR,Manmad Junction,1,159,2500,0.064,Low,2
2026-02-18,MMR,Manmad Junction,2,265,2500,0.106,Low,2
2026-02-18,MMR,Manmad Junction,3,346,2500,0.138,Low,2
2026-02-18,MMR,Manmad Junction,4,341,2500,0.136,Low,2
2026-02-18,MMR,Manmad Junction,5,1533,2500,0.613,Moderate,2
2026-02-18,MMR,Manmad Junction,6,1231,2500,0.492,Moderate,2
2026-02-18,MMR,Manmad Junction,7,2440,2500,0.976,Critical,2
2026-02-18,MMR,Manmad Junction,8,4247,2500,1.699,Critical,2
2026-02-18,MMR,Manmad Junction,9,3853,2500,1.541,Critical,2
2026-02-18,MMR,Manmad Junction,10,2254,2500,0.902,Critical,2
2026-02-18,MMR,Manmad Junction,11,1751,2500,0.7,High,2
2026-02-18,MMR,Manmad Junction,12,1107,2500,0.443,Moderate,2
2026-02-18,MMR,Manmad Junction,13,1336,2500,0.534,Moderate,2
2026-02-18,MMR,Manmad Junction,14,1024,2500,0.41,Moderate,2
2026-02-18,MMR,Manmad Junction,15,1604,2500,0.642,Moderate,2
2026-02-18,MMR,Manmad Junction,16,1616,2500,0.646,Moderate,2
2026-02-18,MMR,Manmad Junction,17,2547,2500,1.019,Critical,2
2026-02-18,MMR,Manmad Junction,18,3942,2500,1.577,Critical,2
2026-02-18,MMR,Manmad Junction,19,2415,2500,0.966,Critical,2
2026-02-18,MMR,Manmad Junction,20,1449,2500,0.58,Moderate,2
2026-02-18,MMR,Manmad Junction,21,1454,2500,0.582,Moderate,2
2026-02-18,MMR,Manmad Junction,22,1658,2500,0.663,Moderate,2
2026-02-18,MMR,Manmad Junction,23,1294,2500,0.518,Moderate,2
2026-02-18,BSL,Bhusawal Junction,0,419,3000,0.14,Low,2
2026-02-18,BSL,Bhusawal Junction,1,227,3000,0.076,Low,2
2026-02-18,BSL,Bhusawal Junction,2,438,3000,0.146,Low,2
2026-02-18,BSL,Bhusawal Junction,3,416,3000,0.139,Low,2
2026-02-18,BSL,Bhusawal Junction,4,218,3000,0.073,Low,2
2026-02-18,BSL,Bhusawal Junction,5,2006,3000,0.669,Moderate,2
2026-02-18,BSL,Bhusawal Junction,6,2342,3000,0.781,High,2
2026-02-18,BSL,Bhusawal Junction,7,6149,3000,2.05,Critical,2
2026-02-18,BSL,Bhusawal Junction,8,6147,3000,2.049,Critical,2
2026-02-18,BSL,Bhusawal Junction,9,3471,3000,1.157,Critical,2
2026-02-18,BSL,Bhusawal Junction,10,2352,3000,0.784,High,2
2026-02-18,BSL,Bhusawal Junction,11,2393,3000,0.798,High,2
2026-02-18,BSL,Bhusawal Junction,12,1683,3000,0.561,Moderate,2
2026-02-18,BSL,Bhusawal Junction,13,1713,3000,0.571,Moderate,2
2026-02-18,BSL,Bhusawal Junction,14,1317,3000,0.439,Moderate,2
2026-02-18,BSL,Bhusawal Junction,15,3210,3000,1.07,Critical,2
2026-02-18,BSL,Bhusawal Junction,16,3411,3000,1.137,Critical,2
2026-02-18,BSL,Bhusawal Junction,17,3983,3000,1.328,Critical,2
2026-02-18,BSL,Bhusawal Junction,18,6542,3000,2.181,Critical,2
2026-02-18,BSL,Bhusawal Junction,19,4733,3000,1.578,Critical,2
2026-02-18,BSL,Bhusawal Junction,20,3106,3000,1.035,Critical,2
2026-02-18,BSL,Bhusawal Junction,21,2503,3000,0.834,High,2
2026-02-18,BSL,Bhusawal Junction,22,1471,3000,0.49,Moderate,2
2026-02-18,BSL,Bhusawal Junction,23,1837,3000,0.612,Moderate,2
2026-02-18,ET,Itarsi Junction,0,376,3500,0.107,Low,2
2026-02-18,ET,Itarsi Junction,1,356,3500,0.102,Low,2
2026-02-18,ET,Itarsi Junction,2,263,3500,0.075,Low,2
2026-02-18,ET,Itarsi Junction,3,341,3500,0.097,Low,2
2026-02-18,ET,Itarsi Junction,4,444,3500,0.127,Low,2
2026-02-18,ET,Itarsi Junction,5,1573,3500,0.449,Moderate,2
2026-02-18,ET,Itarsi Junction,6,1485,3500,0.424,Moderate,2
2026-02-18,ET,Itarsi Junction,7,5189,3500,1.483,Critical,2
2026-02-18,ET,Itarsi Junction,8,3938,3500,1.125,Critical,2
2026-02-18,ET,Itarsi Junction,9,4993,3500,1.427,Critical,2
2026-02-18,ET,Itarsi Junction,10,2140,3500,0.611,Moderate,2
2026-02-18,ET,Itarsi Junction,11,1713,3500,0.489,Moderate,2
2026-02-18,ET,Itarsi Junction,12,1567,3500,0.448,Moderate,2
2026-02-18,ET,Itarsi Junction,13,1492,3500,0.426,Moderate,2
2026-02-18,ET,Itarsi Junction,14,1998,3500,0.571,Moderate,2
2026-02-18,ET,Itarsi Junction,15,2994,3500,0.855,High,2
2026-02-18,ET,Itarsi Junction,16,1824,3500,0.521,Moderate,2
2026-02-18,ET,Itarsi Junction,17,4161,3500,1.189,Critical,2
2026-02-18,ET,Itarsi Junction,18,4129,3500,1.18,Critical,2
2026-02-18,ET,Itarsi Junction,19,4422,3500,1.263,Critical,2
2026-02-18,ET,Itarsi Junction,20,3120,3500,0.891,High,2
2026-02-18,ET,Itarsi Junction,21,2365,3500,0.676,Moderate,2
2026-02-18,ET,Itarsi Junction,22,1642,3500,0.469,Moderate,2
2026-02-18,ET,Itarsi Junction,23,2145,3500,0.613,Moderate,2
2026-02-18,BPL,Bhopal Junction,0,566,3000,0.189,Low,2
2026-02-18,BPL,Bhopal Junction,1,389,3000,0.13,Low,2
2026-02-18,BPL,Bhopal Junction,2,415,3000,0.138,Low,2
2026-02-18,BPL,Bhopal Junction,3,605,3000,0.202,Low,2
2026-02-18,BPL,Bhopal Junction,4,503,3000,0.168,Low,2
2026-02-18,BPL,Bhopal Junction,5,2871,3000,0.957,Critical,2
2026-02-18,BPL,Bhopal Junction,6,3334,3000,1.111,Critical,2
2026-02-18,BPL,Bhopal Junction,7,8854,3000,2.951,Critical,2
2026-02-18,BPL,Bhopal Junction,8,9001,3000,3.0,Critical,2
2026-02-18,BPL,Bhopal Junction,9,5888,3000,1.963,Critical,2
2026-02-18,BPL,Bhopal Junction,10,3910,3000,1.303,Critical,2
2026-02-18,BPL,Bhopal Junction,11,4083,3000,1.361,Critical,2
2026-02-18,BPL,Bhopal Junction,12,3061,3000,1.02,Critical,2
2026-02-18,BPL,Bhopal Junction,13,4050,3000,1.35,Critical,2
2026-02-18,BPL,Bhopal Junction,14,3613,3000,1.204,Critical,2
2026-02-18,BPL,Bhopal Junction,15,4473,3000,1.491,Critical,2
2026-02-18,BPL,Bhopal Junction,16,3589,3000,1.196,Critical,2
2026-02-18,BPL,Bhopal Junction,17,10201,3000,3.4,Critical,2
2026-02-18,BPL,Bhopal Junction,18,6530,3000,2.177,Critical,2
2026-02-18,BPL,Bhopal Junction,19,6973,3000,2.324,Critical,2
2026-02-18,BPL,Bhopal Junction,20,4343,3000,1.448,Critical,2
2026-02-18,BPL,Bhopal Junction,21,3690,3000,1.23,Critical,2
2026-02-18,BPL,Bhopal Junction,22,2593,3000,0.864,High,2
2026-02-18,BPL,Bhopal Junction,23,2716,3000,0.905,Critical,2
2026-02-18,JHS,Jhansi Junction,0,482,4000,0.12,Low,2
2026-02-18,JHS,Jhansi Junction,1,420,4000,0.105,Low,2
2026-02-18,JHS,Jhansi Junction,2,789,4000,0.197,Low,2
2026-02-18,JHS,Jhansi Junction,3,470,4000,0.117,Low,2
2026-02-18,JHS,Jhansi Junction,4,656,4000,0.164,Low,2
2026-02-18,JHS,Jhansi Junction,5,2097,4000,0.524,Moderate,2
2026-02-18,JHS,Jhansi Junction,6,1606,4000,0.402,Moderate,2
2026-02-18,JHS,Jhansi Junction,7,5953,4000,1.488,Critical,2
2026-02-18,JHS,Jhansi Junction,8,5275,4000,1.319,Critical,2
2026-02-18,JHS,Jhansi Junction,9,5406,4000,1.351,Critical,2
2026-02-18,JHS,Jhansi Junction,10,3813,4000,0.953,Critical,2
2026-02-18,JHS,Jhansi Junction,11,3826,4000,0.957,Critical,2
2026-02-18,JHS,Jhansi Junction,12,2121,4000,0.53,Moderate,2
2026-02-18,JHS,Jhansi Junction,13,1824,4000,0.456,Moderate,2
2026-02-18,JHS,Jhansi Junction,14,2097,4000,0.524,Moderate,2
2026-02-18,JHS,Jhansi Junction,15,3462,4000,0.866,High,2
2026-02-18,JHS,Jhansi Junction,16,4080,4000,1.02,Critical,2
2026-02-18,JHS,Jhansi Junction,17,7990,4000,1.998,Critical,2
2026-02-18,JHS,Jhansi Junction,18,4457,4000,1.114,Critical,2
2026-02-18,JHS,Jhansi Junction,19,5498,4000,1.375,Critical,2
2026-02-18,JHS,Jhansi Junction,20,2809,4000,0.702,High,2
2026-02-18,JHS,Jhansi Junction,21,3597,4000,0.899,High,2
2026-02-18,JHS,Jhansi Junction,22,2861,4000,0.715,High,2
2026-02-18,JHS,Jhansi Junction,23,2221,4000,0.555,Moderate,2
2026-02-18,GWL,Gwalior Junction,0,618,2500,0.247,Low,2
2026-02-18,GWL,Gwalior Junction,1,328,2500,0.131,Low,2
2026-02-18,GWL,Gwalior Junction,2,511,2500,0.204,Low,2
2026-02-18,GWL,Gwalior Junction,3,417,2500,0.167,Low,2
2026-02-18,GWL,Gwalior Junction,4,430,2500,0.172,Low,2
2026-02-18,GWL,Gwalior Junction,5,1625,2500,0.65,Moderate,2
2026-02-18,GWL,Gwalior Junction,6,1992,2500,0.797,High,2
2026-02-18,GWL,Gwalior Junction,7,4337,2500,1.735,Critical,2
2026-02-18,GWL,Gwalior Junction,8,5663,2500,2.265,Critical,2
2026-02-18,GWL,Gwalior Junction,9,6261,2500,2.504,Critical,2
2026-02-18,GWL,Gwalior Junction,10,3281,2500,1.312,Critical,2
2026-02-18,GWL,Gwalior Junction,11,3366,2500,1.346,Critical,2
2026-02-18,GWL,Gwalior Junction,12,1728,2500,0.691,Moderate,2
2026-02-18,GWL,Gwalior Junction,13,1628,2500,0.651,Moderate,2
2026-02-18,GWL,Gwalior Junction,14,2507,2500,1.003,Critical,2
2026-02-18,GWL,Gwalior Junction,15,3467,2500,1.387,Critical,2
2026-02-18,GWL,Gwalior Junction,16,2245,2500,0.898,High,2
2026-02-18,GWL,Gwalior Junction,17,5071,2500,2.028,Critical,2
2026-02-18,GWL,Gwalior Junction,18,5307,2500,2.123,Critical,2
2026-02-18,GWL,Gwalior Junction,19,3586,2500,1.434,Critical,2
2026-02-18,GWL,Gwalior Junction,20,3406,2500,1.362,Critical,2
2026-02-18,GWL,Gwalior Junction,21,2780,2500,1.112,Critical,2
2026-02-18,GWL,Gwalior Junction,22,1866,2500,0.746,High,2
2026-02-18,GWL,Gwalior Junction,23,2051,2500,0.82,High,2
2026-02-18,AGC,Agra Cantt,0,432,3000,0.144,Low,2
2026-02-18,AGC,Agra Cantt,1,517,3000,0.172,Low,2
2026-02-18,AGC,Agra Cantt,2,224,3000,0.075,Low,2
2026-02-18,AGC,Agra Cantt,3,495,3000,0.165,Low,2
2026-02-18,AGC,Agra Cantt,4,335,3000,0.112,Low,2
2026-02-18,AGC,Agra Cantt,5,2808,3000,0.936,Critical,2
2026-02-18,AGC,Agra Cantt,6,2504,3000,0.835,High,2
2026-02-18,AGC,Agra Cantt,7,5980,3000,1.993,Critical,2
2026-02-18,AGC,Agra Cantt,8,4519,3000,1.506,Critical,2
2026-02-18,AGC,Agra Cantt,9,6838,3000,2.279,Critical,2
2026-02-18,AGC,Agra Cantt,10,2897,3000,0.966,Critical,2
2026-02-18,AGC,Agra Cantt,11,3899,3000,1.3,Critical,2
2026-02-18,AGC,Agra Cantt,12,2490,3000,0.83,High,2
2026-02-18,AGC,Agra Cantt,13,2312,3000,0.771,High,2
2026-02-18,AGC,Agra Cantt,14,2782,3000,0.927,Critical,2
2026-02-18,AGC,Agra Cantt,15,3178,3000,1.059,Critical,2
2026-02-18,AGC,Agra Cantt,16,2485,3000,0.828,High,2
2026-02-18,AGC,Agra Cantt,17,5914,3000,1.971,Critical,2
2026-02-18,AGC,Agra Cantt,18,9294,3000,3.098,Critical,2
2026-02-18,AGC,Agra Cantt,19,8847,3000,2.949,Critical,2
2026-02-18,AGC,Agra Cantt,20,5038,3000,1.679,Critical,2
2026-02-18,AGC,Agra Cantt,21,4146,3000,1.382,Critical,2
2026-02-18,AGC,Agra Cantt,22,1842,3000,0.614,Moderate,2
2026-02-18,AGC,Agra Cantt,23,2903,3000,0.968,Critical,2
2026-02-17,MMCT,Mumbai Central,0,1971,4000,0.493,Moderate,1
2026-02-17,MMCT,Mumbai Central,1,1809,4000,0.452,Moderate,1
2026-02-17,MMCT,Mumbai Central,2,1490,4000,0.372,Low,1
2026-02-17,MMCT,Mumbai Central,3,1128,4000,0.282,Low,1
2026-02-17,MMCT,Mumbai Central,4,705,4000,0.176,Low,1
2026-02-17,MMCT,Mumbai Central,5,7248,4000,1.812,Critical,1
2026-02-17,MMCT,Mumbai Central,6,6913,4000,1.728,Critical,1
2026-02-17,MMCT,Mumbai Central,7,18901,4000,4.725,Critical,1
2026-02-17,MMCT,Mumbai Central,8,21989,4000,5.497,Critical,1
2026-02-17,MMCT,Mumbai Central,9,18704,4000,4.676,Critical,1
2026-02-17,MMCT,Mumbai Central,10,9763,4000,2.441,Critical,1
2026-02-17,MMCT,Mumbai Central,11,8565,4000,2.141,Critical,1
2026-02-17,MMCT,Mumbai Central,12,6342,4000,1.585,Critical,1
2026-02-17,MMCT,Mumbai Central,13,6059,4000,1.515,Critical,1
2026-02-17,MMCT,Mumbai Central,14,6310,4000,1.577,Critical,1
2026-02-17,MMCT,Mumbai Central,15,9606,4000,2.401,Critical,1
2026-02-17,MMCT,Mumbai Central,16,7595,4000,1.899,Critical,1
2026-02-17,MMCT,Mumbai Central,17,21472,4000,5.368,Critical,1
2026-02-17,MMCT,Mumbai Central,18,22807,4000,5.702,Critical,1
2026-02-17,MMCT,Mumbai Central,19,22939,4000,5.735,Critical,1
2026-02-17,MMCT,Mumbai Central,20,9330,4000,2.333,Critical,1
2026-02-17,MMCT,Mumbai Central,21,9095,4000,2.274,Critical,1
2026-02-17,MMCT,Mumbai Central,22,5956,4000,1.489,Critical,1
2026-02-17,MMCT,Mumbai Central,23,6481,4000,1.62,Critical,1
2026-02-17,BVI,Borivali,0,1108,3000,0.369,Low,1
2026-02-17,BVI,Borivali,1,812,3000,0.271,Low,1
2026-02-17,BVI,Borivali,2,501,3000,0.167,Low,1
2026-02-17,BVI,Borivali,3,638,3000,0.213,Low,1
2026-02-17,BVI,Borivali,4,791,3000,0.264,Low,1
2026-02-17,BVI,Borivali,5,4320,3000,1.44,Critical,1
2026-02-17,BVI,Borivali,6,3172,3000,1.057,Critical,1
2026-02-17,BVI,Borivali,7,12634,3000,4.211,Critical,1
2026-02-17,BVI,Borivali,8,10842,3000,3.614,Critical,1
2026-02-17,BVI,Borivali,9,7653,3000,2.551,Critical,1
2026-02-17,BVI,Borivali,10,6230,3000,2.077,Critical,1
2026-02-17,BVI,Borivali,11,4671,3000,1.557,Critical,1
2026-02-17,BVI,Borivali,12,3244,3000,1.081,Critical,1
2026-02-17,BVI,Borivali,13,2207,3000,0.736,High,1
2026-02-17,BVI,Borivali,14,2339,3000,0.78,High,1
2026-02-17,BVI,Borivali,15,6041,3000,2.014,Critical,1
2026-02-17,BVI,Borivali,16,3684,3000,1.228,Critical,1
2026-02-17,BVI,Borivali,17,6794,3000,2.265,Critical,1
2026-02-17,BVI,Borivali,18,10270,3000,3.423,Critical,1
2026-02-17,BVI,Borivali,19,8361,3000,2.787,Critical,1
2026-02-17,BVI,Borivali,20,6348,3000,2.116,Critical,1
2026-02-17,BVI,Borivali,21,6044,3000,2.015,Critical,1
2026-02-17,BVI,Borivali,22,3460,3000,1.153,Critical,1
2026-02-17,BVI,Borivali,23,3085,3000,1.028,Critical,1
2026-02-17,BL,Valsad,0,140,1500,0.093,Low,1
2026-02-17,BL,Valsad,1,113,1500,0.075,Low,1
2026-02-17,BL,Valsad,2,154,1500,0.103,Low,1
2026-02-17,BL,Valsad,3,123,1500,0.082,Low,1
2026-02-17,BL,Valsad,4,118,1500,0.079,Low,1
2026-02-17,BL,Valsad,5,722,1500,0.481,Moderate,1
2026-02-17,BL,Valsad,6,819,1500,0.546,Moderate,1
2026-02-17,BL,Valsad,7,2174,1500,1.449,Critical,1
2026-02-17,BL,Valsad,8,2184,1500,1.456,Critical,1
2026-02-17,BL,Valsad,9,1493,1500,0.995,Critical,1
2026-02-17,BL,Valsad,10,1092,1500,0.728,High,1
2026-02-17,BL,Valsad,11,1113,1500,0.742,High,1
2026-02-17,BL,Valsad,12,553,1500,0.369,Low,1
2026-02-17,BL,Valsad,13,546,1500,0.364,Low,1
2026-02-17,BL,Valsad,14,529,1500,0.353,Low,1
2026-02-17,BL,Valsad,15,1043,1500,0.695,Moderate,1
2026-02-17,BL,Valsad,16,892,1500,0.595,Moderate,1
2026-02-17,BL,Valsad,17,1710,1500,1.14,Critical,1
2026-02-17,BL,Valsad,18,1687,1500,1.125,Critical,1
2026-02-17,BL,Valsad,19,2027,1500,1.351,Critical,1
2026-02-17,BL,Valsad,20,732,1500,0.488,Moderate,1
2026-02-17,BL,Valsad,21,727,1500,0.485,Moderate,1
2026-02-17,BL,Valsad,22,765,1500,0.51,Moderate,1
2026-02-17,BL,Valsad,23,804,1500,0.536,Moderate,1
2026-02-17,ST,Surat,0,998,3000,0.333,Low,1
2026-02-17,ST,Surat,1,810,3000,0.27,Low,1
2026-02-17,ST,Surat,2,848,3000,0.283,Low,1
2026-02-17,ST,Surat,3,784,3000,0.261,Low,1
2026-02-17,ST,Surat,4,777,3000,0.259,Low,1
2026-02-17,ST,Surat,5,4371,3000,1.457,Critical,1
2026-02-17,ST,Surat,6,3953,3000,1.318,Critical,1
2026-02-17,ST,Surat,7,12739,3000,4.246,Critical,1
2026-02-17,ST,Surat,8,7927,3000,2.642,Critical,1
2026-02-17,ST,Surat,9,6832,3000,2.277,Critical,1
2026-02-17,ST,Surat,10,4815,3000,1.605,Critical,1
2026-02-17,ST,Surat,11,6440,3000,2.147,Critical,1
2026-02-17,ST,Surat,12,2597,3000,0.866,High,1
2026-02-17,ST,Surat,13,3053,3000,1.018,Critical,1
2026-02-17,ST,Surat,14,4817,3000,1.606,Critical,1
2026-02-17,ST,Surat,15,4709,3000,1.57,Critical,1
2026-02-17,ST,Surat,16,5477,3000,1.826,Critical,1
2026-02-17,ST,Surat,17,11213,3000,3.738,Critical,1
2026-02-17,ST,Surat,18,9060,3000,3.02,Critical,1
2026-02-17,ST,Surat,19,7764,3000,2.588,Critical,1
2026-02-17,ST,Surat,20,6439,3000,2.146,Critical,1
2026-02-17,ST,Surat,21,8182,3000,2.727,Critical,1
2026-02-17,ST,Surat,22,3089,3000,1.03,Critical,1
2026-02-17,ST,Surat,23,2997,3000,0.999,Critical,1
2026-02-17,BRC,Vadodara Junction,0,693,3500,0.198,Low,1
2026-02-17,BRC,Vadodara Junction,1,729,3500,0.208,Low,1
2026-02-17,BRC,Vadodara Junction,2,849,3500,0.243,Low,1
2026-02-17,BRC,Vadodara Junction,3,513,3500,0.147,Low,1
2026-02-17,BRC,Vadodara Junction,4,789,3500,0.225,Low,1
2026-02-17,BRC,Vadodara Junction,5,3304,3500,0.944,Critical,1
2026-02-17,BRC,Vadodara Junction,6,3963,3500,1.132,Critical,1
2026-02-17,BRC,Vadodara Junction,7,10745,3500,3.07,Critical,1
2026-02-17,BRC,Vadodara Junction,8,10892,3500,3.112,Critical,1
2026-02-17,BRC,Vadodara Junction,9,12418,3500,3.548,Critical,1
2026-02-17,BRC,Vadodara Junction,10,5303,3500,1.515,Critical,1
2026-02-17,BRC,Vadodara Junction,11,6540,3500,1.869,Critical,1
2026-02-17,BRC,Vadodara Junction,12,2492,3500,0.712,High,1
2026-02-17,BRC,Vadodara Junction,13,3324,3500,0.95,Critical,1
2026-02-17,BRC,Vadodara Junction,14,3368,3500,0.962,Critical,1
2026-02-17,BRC,Vadodara Junction,15,5850,3500,1.671,Critical,1
2026-02-17,BRC,Vadodara Junction,16,5553,3500,1.587,Critical,1
2026-02-17,BRC,Vadodara Junction,17,8883,3500,2.538,Critical,1
2026-02-17,BRC,Vadodara Junction,18,7666,3500,2.19,Critical,1
2026-02-17,BRC,Vadodara Junction,19,11087,3500,3.168,Critical,1
2026-02-17,BRC,Vadodara Junction,20,4583,3500,1.309,Critical,1
2026-02-17,BRC,Vadodara Junction,21,6113,3500,1.747,Critical,1
2026-02-17,BRC,Vadodara Junction,22,3956,3500,1.13,Critical,1
2026-02-17,BRC,Vadodara Junction,23,3662,3500,1.046,Critical,1
2026-02-17,RTM,Ratlam Junction,0,367,2500,0.147,Low,1
2026-02-17,RTM,Ratlam Junction,1,220,2500,0.088,Low,1
2026-02-17,RTM,Ratlam Junction,2,173,2500,0.069,Low,1
2026-02-17,RTM,Ratlam Junction,3,209,2500,0.084,Low,1
2026-02-17,RTM,Ratlam Junction,4,176,2500,0.07,Low,1
2026-02-17,RTM,Ratlam Junction,5,1407,2500,0.563,Moderate,1
2026-02-17,RTM,Ratlam Junction,6,1380,2500,0.552,Moderate,1
2026-02-17,RTM,Ratlam Junction,7,3062,2500,1.225,Critical,1
2026-02-17,RTM,Ratlam Junction,8,3016,2500,1.206,Critical,1
2026-02-17,RTM,Ratlam Junction,9,5287,2500,2.115,Critical,1
2026-02-17,RTM,Ratlam Junction,10,2530,2500,1.012,Critical,1
2026-02-17,RTM,Ratlam Junction,11,2467,2500,0.987,Critical,1
2026-02-17,RTM,Ratlam Junction,12,1352,2500,0.541,Moderate,1
2026-02-17,RTM,Ratlam Junction,13,1622,2500,0.649,Moderate,1
2026-02-17,RTM,Ratlam Junction,14,1418,2500,0.567,Moderate,1
2026-02-17,RTM,Ratlam Junction,15,2401,2500,0.96,Critical,1
2026-02-17,RTM,Ratlam Junction,16,1914,2500,0.766,High,1
2026-02-17,RTM,Ratlam Junction,17,3323,2500,1.329,Critical,1
2026-02-17,RTM,Ratlam Junction,18,4044,2500,1.618,Critical,1
2026-02-17,RTM,Ratlam Junction,19,3532,2500,1.413,Critical,1
2026-02-17,RTM,Ratlam Junction,20,1941,2500,0.776,High,1
2026-02-17,RTM,Ratlam Junction,21,2180,2500,0.872,High,1
2026-02-17,RTM,Ratlam Junction,22,1361,2500,0.544,Moderate,1
2026-02-17,RTM,Ratlam Junction,23,1369,2500,0.548,Moderate,1
2026-02-17,KOTA,Kota Junction,0,570,3000,0.19,Low,1
2026-02-17,KOTA,Kota Junction,1,504,3000,0.168,Low,1
2026-02-17,KOTA,Kota Junction,2,610,3000,0.203,Low,1
2026-02-17,KOTA,Kota Junction,3,390,3000,0.13,Low,1
2026-02-17,KOTA,Kota Junction,4,495,3000,0.165,Low,1
2026-02-17,KOTA,Kota Junction,5,2466,3000,0.822,High,1
2026-02-17,KOTA,Kota Junction,6,2126,3000,0.709,High,1
2026-02-17,KOTA,Kota Junction,7,6090,3000,2.03,Critical,1
2026-02-17,KOTA,Kota Junction,8,6066,3000,2.022,Critical,1
2026-02-17,KOTA,Kota Junction,9,4448,3000,1.483,Critical,1
2026-02-17,KOTA,Kota Junction,10,2527,3000,0.842,High,1
2026-02-17,KOTA,Kota Junction,11,4196,3000,1.399,Critical,1
2026-02-17,KOTA,Kota Junction,12,2281,3000,0.76,High,1
2026-02-17,KOTA,Kota Junction,13,1614,3000,0.538,Moderate,1
2026-02-17,KOTA,Kota Junction,14,2207,3000,0.736,High,1
2026-02-17,KOTA,Kota Junction,15,3321,3000,1.107,Critical,1
2026-02-17,KOTA,Kota Junction,16,2534,3000,0.845,High,1
2026-02-17,KOTA,Kota Junction,17,5899,3000,1.966,Critical,1
2026-02-17,KOTA,Kota Junction,18,4886,3000,1.629,Critical,1
2026-02-17,KOTA,Kota Junction,19,6880,3000,2.293,Critical,1
2026-02-17,KOTA,Kota Junction,20,2809,3000,0.936,Critical,1
2026-02-17,KOTA,Kota Junction,21,2822,3000,0.941,Critical,1
2026-02-17,KOTA,Kota Junction,22,2718,3000,0.906,Critical,1
2026-02-17,KOTA,Kota Junction,23,2098,3000,0.699,Moderate,1
2026-02-17,SWM,Sawai Madhopur,0,161,2000,0.081,Low,1
2026-02-17,SWM,Sawai Madhopur,1,152,2000,0.076,Low,1
2026-02-17,SWM,Sawai Madhopur,2,156,2000,0.078,Low,1
2026-02-17,SWM,Sawai Madhopur,3,133,2000,0.067,Low,1
2026-02-17,SWM,Sawai Madhopur,4,140,2000,0.07,Low,1
2026-02-17,SWM,Sawai Madhopur,5,841,2000,0.42,Moderate,1
2026-02-17,SWM,Sawai Madhopur,6,1068,2000,0.534,Moderate,1
2026-02-17,SWM,Sawai Madhopur,7,2310,2000,1.155,Critical,1
2026-02-17,SWM,Sawai Madhopur,8,1983,2000,0.992,Critical,1
2026-02-17,SWM,Sawai Madhopur,9,2349,2000,1.175,Critical,1
2026-02-17,SWM,Sawai Madhopur,10,1271,2000,0.635,Moderate,1
2026-02-17,SWM,Sawai Madhopur,11,1241,2000,0.621,Moderate,1
2026-02-17,SWM,Sawai Madhopur,12,817,2000,0.408,Moderate,1
2026-02-17,SWM,Sawai Madhopur,13,943,2000,0.471,Moderate,1
2026-02-17,SWM,Sawai Madhopur,14,817,2000,0.408,Moderate,1
2026-02-17,SWM,Sawai Madhopur,15,1036,2000,0.518,Moderate,1
2026-02-17,SWM,Sawai Madhopur,16,1131,2000,0.566,Moderate,1
2026-02-17,SWM,Sawai Madhopur,17,1864,2000,0.932,Critical,1
2026-02-17,SWM,Sawai Madhopur,18,2238,2000,1.119,Critical,1
2026-02-17,SWM,Sawai Madhopur,19,2563,2000,1.282,Critical,1
2026-02-17,SWM,Sawai Madhopur,20,1490,2000,0.745,High,1
2026-02-17,SWM,Sawai Madhopur,21,1151,2000,0.576,Moderate,1
2026-02-17,SWM,Sawai Madhopur,22,788,2000,0.394,Low,1
2026-02-17,SWM,Sawai Madhopur,23,737,2000,0.368,Low,1
2026-02-17,MTJ,Mathura Junction,0,227,3000,0.076,Low,1
2026-02-17,MTJ,Mathura Junction,1,419,3000,0.14,Low,1
2026-02-17,MTJ,Mathura Junction,2,455,3000,0.152,Low,1
2026-02-17,MTJ,Mathura Junction,3,480,3000,0.16,Low,1
2026-02-17,MTJ,Mathura Junction,4,353,3000,0.118,Low,1
2026-02-17,MTJ,Mathura Junction,5,2402,3000,0.801,High,1
2026-02-17,MTJ,Mathura Junction,6,2589,3000,0.863,High,1
2026-02-17,MTJ,Mathura Junction,7,6296,3000,2.099,Critical,1
2026-02-17,MTJ,Mathura Junction,8,5601,3000,1.867,Critical,1
2026-02-17,MTJ,Mathura Junction,9,5280,3000,1.76,Critical,1
2026-02-17,MTJ,Mathura Junction,10,3224,3000,1.075,Critical,1
2026-02-17,MTJ,Mathura Junction,11,4333,3000,1.444,Critical,1
2026-02-17,MTJ,Mathura Junction,12,1751,3000,0.584,Moderate,1
2026-02-17,MTJ,Mathura Junction,13,1751,3000,0.584,Moderate,1
2026-02-17,MTJ,Mathura Junction,14,2511,3000,0.837,High,1
2026-02-17,MTJ,Mathura Junction,15,2623,3000,0.874,High,1
2026-02-17,MTJ,Mathura Junction,16,2572,3000,0.857,High,1
2026-02-17,MTJ,Mathura Junction,17,4590,3000,1.53,Critical,1
2026-02-17,MTJ,Mathura Junction,18,8466,3000,2.822,Critical,1
2026-02-17,MTJ,Mathura Junction,19,4764,3000,1.588,Critical,1
2026-02-17,MTJ,Mathura Junction,20,4151,3000,1.384,Critical,1
2026-02-17,MTJ,Mathura Junction,21,3058,3000,1.019,Critical,1
2026-02-17,MTJ,Mathura Junction,22,2177,3000,0.726,High,1
2026-02-17,MTJ,Mathura Junction,23,2350,3000,0.783,High,1
2026-02-17,NDLS,New Delhi,0,3483,8000,0.435,Moderate,1
2026-02-17,NDLS,New Delhi,1,5378,8000,0.672,Moderate,1
2026-02-17,NDLS,New Delhi,2,4385,8000,0.548,Moderate,1
2026-02-17,NDLS,New Delhi,3,4678,8000,0.585,Moderate,1
2026-02-17,NDLS,New Delhi,4,3381,8000,0.423,Moderate,1
2026-02-17,NDLS,New Delhi,5,22253,8000,2.782,Critical,1
2026-02-17,NDLS,New Delhi,6,17368,8000,2.171,Critical,1
2026-02-17,NDLS,New Delhi,7,33278,8000,4.16,Critical,1
2026-02-17,NDLS,New Delhi,8,36056,8000,4.507,Critical,1
2026-02-17,NDLS,New Delhi,9,36364,8000,4.545,Critical,1
2026-02-17,NDLS,New Delhi,10,27467,8000,3.433,Critical,1
2026-02-17,NDLS,New Delhi,11,27430,8000,3.429,Critical,1
2026-02-17,NDLS,New Delhi,12,22860,8000,2.857,Critical,1
2026-02-17,NDLS,New Delhi,13,19977,8000,2.497,Critical,1
2026-02-17,NDLS,New Delhi,14,17840,8000,2.23,Critical,1
2026-02-17,NDLS,New Delhi,15,34925,8000,4.366,Critical,1
2026-02-17,NDLS,New Delhi,16,36796,8000,4.599,Critical,1
2026-02-17,NDLS,New Delhi,17,63634,8000,7.954,Critical,1
2026-02-17,NDLS,New Delhi,18,54630,8000,6.829,Critical,1
2026-02-17,NDLS,New Delhi,19,61854,8000,7.732,Critical,1
2026-02-17,NDLS,New Delhi,20,24699,8000,3.087,Critical,1
2026-02-17,NDLS,New Delhi,21,31221,8000,3.903,Critical,1
2026-02-17,NDLS,New Delhi,22,19268,8000,2.409,Critical,1
2026-02-17,NDLS,New Delhi,23,20348,8000,2.543,Critical,1
2026-02-17,CSMT,Mumbai CSMT,0,2454,9000,0.273,Low,1
2026-02-17,CSMT,Mumbai CSMT,1,2090,9000,0.232,Low,1
2026-02-17,CSMT,Mumbai CSMT,2,3324,9000,0.369,Low,1
2026-02-17,CSMT,Mumbai CSMT,3,2542,9000,0.282,Low,1
2026-02-17,CSMT,Mumbai CSMT,4,2132,9000,0.237,Low,1
2026-02-17,CSMT,Mumbai CSMT,5,15616,9000,1.735,Critical,1
2026-02-17,CSMT,Mumbai CSMT,6,12438,9000,1.382,Critical,1
2026-02-17,CSMT,Mumbai CSMT,7,34683,9000,3.854,Critical,1
2026-02-17,CSMT,Mumbai CSMT,8,37559,9000,4.173,Critical,1
2026-02-17,CSMT,Mumbai CSMT,9,31907,9000,3.545,Critical,1
2026-02-17,CSMT,Mumbai CSMT,10,17131,9000,1.903,Critical,1
2026-02-17,CSMT,Mumbai CSMT,11,20787,9000,2.31,Critical,1
2026-02-17,CSMT,Mumbai CSMT,12,17649,9000,1.961,Critical,1
2026-02-17,CSMT,Mumbai CSMT,13,13909,9000,1.545,Critical,1
2026-02-17,CSMT,Mumbai CSMT,14,11690,9000,1.299,Critical,1
2026-02-17,CSMT,Mumbai CSMT,15,15726,9000,1.747,Critical,1
2026-02-17,CSMT,Mumbai CSMT,16,19612,9000,2.179,Critical,1
2026-02-17,CSMT,Mumbai CSMT,17,34082,9000,3.787,Critical,1
2026-02-17,CSMT,Mumbai CSMT,18,35335,9000,3.926,Critical,1
2026-02-17,CSMT,Mumbai CSMT,19,42102,9000,4.678,Critical,1
2026-02-17,CSMT,Mumbai CSMT,20,24217,9000,2.691,Critical,1
2026-02-17,CSMT,Mumbai CSMT,21,23387,9000,2.599,Critical,1
2026-02-17,CSMT,Mumbai CSMT,22,15430,9000,1.714,Critical,1
2026-02-17,CSMT,Mumbai CSMT,23,10832,9000,1.204,Critical,1
2026-02-17,KYN,Kalyan Junction,0,660,4000,0.165,Low,1
2026-02-17,KYN,Kalyan Junction,1,1109,4000,0.277,Low,1
2026-02-17,KYN,Kalyan Junction,2,547,4000,0.137,Low,1
2026-02-17,KYN,Kalyan Junction,3,844,4000,0.211,Low,1
2026-02-17,KYN,Kalyan Junction,4,1042,4000,0.261,Low,1
2026-02-17,KYN,Kalyan Junction,5,3683,4000,0.921,Critical,1
2026-02-17,KYN,Kalyan Junction,6,3952,4000,0.988,Critical,1
2026-02-17,KYN,Kalyan Junction,7,12031,4000,3.008,Critical,1
2026-02-17,KYN,Kalyan Junction,8,14779,4000,3.695,Critical,1
2026-02-17,KYN,Kalyan Junction,9,16351,4000,4.088,Critical,1
2026-02-17,KYN,Kalyan Junction,10,5746,4000,1.437,Critical,1
2026-02-17,KYN,Kalyan Junction,11,6038,4000,1.51,Critical,1
2026-02-17,KYN,Kalyan Junction,12,3586,4000,0.896,High,1
2026-02-17,KYN,Kalyan Junction,13,4290,4000,1.073,Critical,1
2026-02-17,KYN,Kalyan Junction,14,4131,4000,1.033,Critical,1
2026-02-17,KYN,Kalyan Junction,15,7411,4000,1.853,Critical,1
2026-02-17,KYN,Kalyan Junction,16,6177,4000,1.544,Critical,1
2026-02-17,KYN,Kalyan Junction,17,12269,4000,3.067,Critical,1
2026-02-17,KYN,Kalyan Junction,18,13298,4000,3.325,Critical,1
2026-02-17,KYN,Kalyan Junction,19,12538,4000,3.135,Critical,1
2026-02-17,KYN,Kalyan Junction,20,7518,4000,1.879,Critical,1
2026-02-17,KYN,Kalyan Junction,21,5920,4000,1.48,Critical,1
2026-02-17,KYN,Kalyan Junction,22,3492,4000,0.873,High,1
2026-02-17,KYN,Kalyan Junction,23,5300,4000,1.325,Critical,1
2026-02-17,NMD,Nashik Road,0,252,2000,0.126,Low,1
2026-02-17,NMD,Nashik Road,1,207,2000,0.103,Low,1
2026-02-17,NMD,Nashik Road,2,252,2000,0.126,Low,1
2026-02-17,NMD,Nashik Road,3,278,2000,0.139,Low,1
2026-02-17,NMD,Nashik Road,4,418,2000,0.209,Low,1
2026-02-17,NMD,Nashik Road,5,1624,2000,0.812,High,1
2026-02-17,NMD,Nashik Road,6,1643,2000,0.822,High,1
2026-02-17,NMD,Nashik Road,7,4831,2000,2.416,Critical,1
2026-02-17,NMD,Nashik Road,8,5023,2000,2.511,Critical,1
2026-02-17,NMD,Nashik Road,9,4276,2000,2.138,Critical,1
2026-02-17,NMD,Nashik Road,10,2327,2000,1.163,Critical,1
2026-02-17,NMD,Nashik Road,11,2925,2000,1.462,Critical,1
2026-02-17,NMD,Nashik Road,12,1149,2000,0.575,Moderate,1
2026-02-17,NMD,Nashik Road,13,1634,2000,0.817,High,1
2026-02-17,NMD,Nashik Road,14,1987,2000,0.994,Critical,1
2026-02-17,NMD,Nashik Road,15,2700,2000,1.35,Critical,1
2026-02-17,NMD,Nashik Road,16,1737,2000,0.869,High,1
2026-02-17,NMD,Nashik Road,17,6576,2000,3.288,Critical,1
2026-02-17,NMD,Nashik Road,18,5871,2000,2.936,Critical,1
2026-02-17,NMD,Nashik Road,19,4398,2000,2.199,Critical,1
2026-02-17,NMD,Nashik Road,20,2109,2000,1.054,Critical,1
2026-02-17,NMD,Nashik Road,21,2293,2000,1.147,Critical,1
2026-02-17,NMD,Nashik Road,22,1778,2000,0.889,High,1
2026-02-17,NMD,Nashik Road,23,1507,2000,0.753,High,1
2026-02-17,MMR,Manmad Junction,0,271,2500,0.108,Low,1
2026-02-17,MMR,Manmad Junction,1,178,2500,0.071,Low,1
2026-02-17,MMR,Manmad Junction,2,128,2500,0.051,Low,1
2026-02-17,MMR,Manmad Junction,3,164,2500,0.066,Low,1
2026-02-17,MMR,Manmad Junction,4,325,2500,0.13,Low,1
2026-02-17,MMR,Manmad Junction,5,1179,2500,0.472,Moderate,1
2026-02-17,MMR,Manmad Junction,6,1165,2500,0.466,Moderate,1
2026-02-17,MMR,Manmad Junction,7,3692,2500,1.477,Critical,1
2026-02-17,MMR,Manmad Junction,8,4421,2500,1.768,Critical,1
2026-02-17,MMR,Manmad Junction,9,3482,2500,1.393,Critical,1
2026-02-17,MMR,Manmad Junction,10,1682,2500,0.673,Moderate,1
2026-02-17,MMR,Manmad Junction,11,1911,2500,0.764,High,1
2026-02-17,MMR,Manmad Junction,12,1111,2500,0.444,Moderate,1
2026-02-17,MMR,Manmad Junction,13,926,2500,0.37,Low,1
2026-02-17,MMR,Manmad Junction,14,1002,2500,0.401,Moderate,1
2026-02-17,MMR,Manmad Junction,15,1930,2500,0.772,High,1
2026-02-17,MMR,Manmad Junction,16,1702,2500,0.681,Moderate,1
2026-02-17,MMR,Manmad Junction,17,3966,2500,1.586,Critical,1
2026-02-17,MMR,Manmad Junction,18,3783,2500,1.513,Critical,1
2026-02-17,MMR,Manmad Junction,19,3170,2500,1.268,Critical,1
2026-02-17,MMR,Manmad Junction,20,2295,2500,0.918,Critical,1
2026-02-17,MMR,Manmad Junction,21,1435,2500,0.574,Moderate,1
2026-02-17,MMR,Manmad Junction,22,1426,2500,0.57,Moderate,1
2026-02-17,MMR,Manmad Junction,23,1489,2500,0.596,Moderate,1
2026-02-17,BSL,Bhusawal Junction,0,425,3000,0.142,Low,1
2026-02-17,BSL,Bhusawal Junction,1,492,3000,0.164,Low,1
2026-02-17,BSL,Bhusawal Junction,2,218,3000,0.073,Low,1
2026-02-17,BSL,Bhusawal Junction,3,263,3000,0.088,Low,1
2026-02-17,BSL,Bhusawal Junction,4,257,3000,0.086,Low,1
2026-02-17,BSL,Bhusawal Junction,5,2380,3000,0.793,High,1
2026-02-17,BSL,Bhusawal Junction,6,1923,3000,0.641,Moderate,1
2026-02-17,BSL,Bhusawal Junction,7,5797,3000,1.932,Critical,1
2026-02-17,BSL,Bhusawal Junction,8,5180,3000,1.727,Critical,1
2026-02-17,BSL,Bhusawal Junction,9,6447,3000,2.149,Critical,1
2026-02-17,BSL,Bhusawal Junction,10,1948,3000,0.649,Moderate,1
2026-02-17,BSL,Bhusawal Junction,11,2941,3000,0.98,Critical,1
2026-02-17,BSL,Bhusawal Junction,12,1796,3000,0.599,Moderate,1
2026-02-17,BSL,Bhusawal Junction,13,1531,3000,0.51,Moderate,1
2026-02-17,BSL,Bhusawal Junction,14,1919,3000,0.64,Moderate,1
2026-02-17,BSL,Bhusawal Junction,15,2956,3000,0.985,Critical,1
2026-02-17,BSL,Bhusawal Junction,16,3015,3000,1.005,Critical,1
2026-02-17,BSL,Bhusawal Junction,17,5326,3000,1.775,Critical,1
2026-02-17,BSL,Bhusawal Junction,18,4109,3000,1.37,Critical,1
2026-02-17,BSL,Bhusawal Junction,19,6359,3000,2.12,Critical,1
2026-02-17,BSL,Bhusawal Junction,20,2959,3000,0.986,Critical,1
2026-02-17,BSL,Bhusawal Junction,21,3386,3000,1.129,Critical,1
2026-02-17,BSL,Bhusawal Junction,22,2302,3000,0.767,High,1
2026-02-17,BSL,Bhusawal Junction,23,1810,3000,0.603,Moderate,1
2026-02-17,ET,Itarsi Junction,0,475,3500,0.136,Low,1
2026-02-17,ET,Itarsi Junction,1,364,3500,0.104,Low,1
2026-02-17,ET,Itarsi Junction,2,277,3500,0.079,Low,1
2026-02-17,ET,Itarsi Junction,3,163,3500,0.047,Low,1
2026-02-17,ET,Itarsi Junction,4,290,3500,0.083,Low,1
2026-02-17,ET,Itarsi Junction,5,1152,3500,0.329,Low,1
2026-02-17,ET,Itarsi Junction,6,1466,3500,0.419,Moderate,1
2026-02-17,ET,Itarsi Junction,7,3311,3500,0.946,Critical,1
2026-02-17,ET,Itarsi Junction,8,4091,3500,1.169,Critical,1
2026-02-17,ET,Itarsi Junction,9,5072,3500,1.449,Critical,1
2026-02-17,ET,Itarsi Junction,10,2689,3500,0.768,High,1
2026-02-17,ET,Itarsi Junction,11,2716,3500,0.776,High,1
2026-02-17,ET,Itarsi Junction,12,1310,3500,0.374,Low,1
2026-02-17,ET,Itarsi Junction,13,1392,3500,0.398,Low,1
2026-02-17,ET,Itarsi Junction,14,1634,3500,0.467,Moderate,1
2026-02-17,ET,Itarsi Junction,15,2384,3500,0.681,Moderate,1
2026-02-17,ET,Itarsi Junction,16,2915,3500,0.833,High,1
2026-02-17,ET,Itarsi Junction,17,5167,3500,1.476,Critical,1
2026-02-17,ET,Itarsi Junction,18,6321,3500,1.806,Critical,1
2026-02-17,ET,Itarsi Junction,19,3728,3500,1.065,Critical,1
2026-02-17,ET,Itarsi Junction,20,2585,3500,0.739,High,1
2026-02-17,ET,Itarsi Junction,21,2977,3500,0.851,High,1
2026-02-17,ET,Itarsi Junction,22,1876,3500,0.536,Moderate,1
2026-02-17,ET,Itarsi Junction,23,2265,3500,0.647,Moderate,1
2026-02-17,BPL,Bhopal Junction,0,686,3000,0.229,Low,1
2026-02-17,BPL,Bhopal Junction,1,891,3000,0.297,Low,1
2026-02-17,BPL,Bhopal Junction,2,461,3000,0.154,Low,1
2026-02-17,BPL,Bhopal Junction,3,329,3000,0.11,Low,1
2026-02-17,BPL,Bhopal Junction,4,465,3000,0.155,Low,1
2026-02-17,BPL,Bhopal Junction,5,2803,3000,0.934,Critical,1
2026-02-17,BPL,Bhopal Junction,6,2735,3000,0.912,Critical,1
2026-02-17,BPL,Bhopal Junction,7,7871,3000,2.624,Critical,1
2026-02-17,BPL,Bhopal Junction,8,8707,3000,2.902,Critical,1
2026-02-17,BPL,Bhopal Junction,9,8595,3000,2.865,Critical,1
2026-02-17,BPL,Bhopal Junction,10,3001,3000,1.0,Critical,1
2026-02-17,BPL,Bhopal Junction,11,5151,3000,1.717,Critical,1
2026-02-17,BPL,Bhopal Junction,12,3279,3000,1.093,Critical,1
2026-02-17,BPL,Bhopal Junction,13,2713,3000,0.904,Critical,1
2026-02-17,BPL,Bhopal Junction,14,2973,3000,0.991,Critical,1
2026-02-17,BPL,Bhopal Junction,15,4335,3000,1.445,Critical,1
2026-02-17,BPL,Bhopal Junction,16,3478,3000,1.159,Critical,1
2026-02-17,BPL,Bhopal Junction,17,7232,3000,2.411,Critical,1
2026-02-17,BPL,Bhopal Junction,18,8962,3000,2.987,Critical,1
2026-02-17,BPL,Bhopal Junction,19,5331,3000,1.777,Critical,1
2026-02-17,BPL,Bhopal Junction,20,3573,3000,1.191,Critical,1
2026-02-17,BPL,Bhopal Junction,21,4200,3000,1.4,Critical,1
2026-02-17,BPL,Bhopal Junction,22,3276,3000,1.092,Critical,1
2026-02-17,BPL,Bhopal Junction,23,3472,3000,1.157,Critical,1
2026-02-17,JHS,Jhansi Junction,0,523,4000,0.131,Low,1
2026-02-17,JHS,Jhansi Junction,1,339,4000,0.085,Low,1
2026-02-17,JHS,Jhansi Junction,2,498,4000,0.124,Low,1
2026-02-17,JHS,Jhansi Junction,3,334,4000,0.084,Low,1
2026-02-17,JHS,Jhansi Junction,4,223,4000,0.056,Low,1
2026-02-17,JHS,Jhansi Junction,5,2192,4000,0.548,Moderate,1
2026-02-17,JHS,Jhansi Junction,6,2281,4000,0.57,Moderate,1
2026-02-17,JHS,Jhansi Junction,7,6535,4000,1.634,Critical,1
2026-02-17,JHS,Jhansi Junction,8,6025,4000,1.506,Critical,1
2026-02-17,JHS,Jhansi Junction,9,5304,4000,1.326,Critical,1
2026-02-17,JHS,Jhansi Junction,10,3569,4000,0.892,High,1
2026-02-17,JHS,Jhansi Junction,11,3488,4000,0.872,High,1
2026-02-17,JHS,Jhansi Junction,12,2522,4000,0.63,Moderate,1
2026-02-17,JHS,Jhansi Junction,13,2312,4000,0.578,Moderate,1
2026-02-17,JHS,Jhansi Junction,14,2633,4000,0.658,Moderate,1
2026-02-17,JHS,Jhansi Junction,15,3047,4000,0.762,High,1
2026-02-17,JHS,Jhansi Junction,16,3484,4000,0.871,High,1
2026-02-17,JHS,Jhansi Junction,17,5998,4000,1.5,Critical,1
2026-02-17,JHS,Jhansi Junction,18,6087,4000,1.522,Critical,1
2026-02-17,JHS,Jhansi Junction,19,5289,4000,1.322,Critical,1
2026-02-17,JHS,Jhansi Junction,20,2813,4000,0.703,High,1
2026-02-17,JHS,Jhansi Junction,21,3408,4000,0.852,High,1
2026-02-17,JHS,Jhansi Junction,22,2758,4000,0.69,Moderate,1
2026-02-17,JHS,Jhansi Junction,23,2241,4000,0.56,Moderate,1
2026-02-17,GWL,Gwalior Junction,0,477,2500,0.191,Low,1
2026-02-17,GWL,Gwalior Junction,1,335,2500,0.134,Low,1
2026-02-17,GWL,Gwalior Junction,2,171,2500,0.068,Low,1
2026-02-17,GWL,Gwalior Junction,3,344,2500,0.138,Low,1
2026-02-17,GWL,Gwalior Junction,4,499,2500,0.2,Low,1
2026-02-17,GWL,Gwalior Junction,5,1487,2500,0.595,Moderate,1
2026-02-17,GWL,Gwalior Junction,6,1452,2500,0.581,Moderate,1
2026-02-17,GWL,Gwalior Junction,7,6936,2500,2.774,Critical,1
2026-02-17,GWL,Gwalior Junction,8,6852,2500,2.741,Critical,1
2026-02-17,GWL,Gwalior Junction,9,7089,2500,2.836,Critical,1
2026-02-17,GWL,Gwalior Junction,10,1831,2500,0.732,High,1
2026-02-17,GWL,Gwalior Junction,11,3204,2500,1.282,Critical,1
2026-02-17,GWL,Gwalior Junction,12,2047,2500,0.819,High,1
2026-02-17,GWL,Gwalior Junction,13,1741,2500,0.696,Moderate,1
2026-02-17,GWL,Gwalior Junction,14,1604,2500,0.642,Moderate,1
2026-02-17,GWL,Gwalior Junction,15,3582,2500,1.433,Critical,1
2026-02-17,GWL,Gwalior Junction,16,3562,2500,1.425,Critical,1
2026-02-17,GWL,Gwalior Junction,17,4680,2500,1.872,Critical,1
2026-02-17,GWL,Gwalior Junction,18,5533,2500,2.213,Critical,1
2026-02-17,GWL,Gwalior Junction,19,4282,2500,1.713,Critical,1
2026-02-17,GWL,Gwalior Junction,20,2603,2500,1.041,Critical,1
2026-02-17,GWL,Gwalior Junction,21,3600,2500,1.44,Critical,1
2026-02-17,GWL,Gwalior Junction,22,1813,2500,0.725,High,1
2026-02-17,GWL,Gwalior Junction,23,1919,2500,0.768,High,1
2026-02-17,AGC,Agra Cantt,0,376,3000,0.125,Low,1
2026-02-17,AGC,Agra Cantt,1,297,3000,0.099,Low,1
2026-02-17,AGC,Agra Cantt,2,739,3000,0.246,Low,1
2026-02-17,AGC,Agra Cantt,3,438,3000,0.146,Low,1
2026-02-17,AGC,Agra Cantt,4,406,3000,0.135,Low,1
2026-02-17,AGC,Agra Cantt,5,1739,3000,0.58,Moderate,1
2026-02-17,AGC,Agra Cantt,6,2341,3000,0.78,High,1
2026-02-17,AGC,Agra Cantt,7,8622,3000,2.874,Critical,1
2026-02-17,AGC,Agra Cantt,8,9321,3000,3.107,Critical,1
2026-02-17,AGC,Agra Cantt,9,8616,3000,2.872,Critical,1
2026-02-17,AGC,Agra Cantt,10,3611,3000,1.204,Critical,1
2026-02-17,AGC,Agra Cantt,11,3933,3000,1.311,Critical,1
2026-02-17,AGC,Agra Cantt,12,2037,3000,0.679,Moderate,1
2026-02-17,AGC,Agra Cantt,13,2635,3000,0.878,High,1
2026-02-17,AGC,Agra Cantt,14,2046,3000,0.682,Moderate,1
2026-02-17,AGC,Agra Cantt,15,4891,3000,1.63,Critical,1
2026-02-17,AGC,Agra Cantt,16,4963,3000,1.654,Critical,1
2026-02-17,AGC,Agra Cantt,17,5374,3000,1.791,Critical,1
2026-02-17,AGC,Agra Cantt,18,5143,3000,1.714,Critical,1
2026-02-17,AGC,Agra Cantt,19,9746,3000,3.249,Critical,1
2026-02-17,AGC,Agra Cantt,20,4005,3000,1.335,Critical,1
2026-02-17,AGC,Agra Cantt,21,3574,3000,1.191,Critical,1
2026-02-17,AGC,Agra Cantt,22,2094,3000,0.698,Moderate,1
2026-02-17,AGC,Agra Cantt,23,1990,3000,0.663,Moderate,1
2026-02-16,MMCT,Mumbai Central,0,1525,4000,0.381,Low,0
2026-02-16,MMCT,Mumbai Central,1,798,4000,0.2,Low,0
2026-02-16,MMCT,Mumbai Central,2,920,4000,0.23,Low,0
2026-02-16,MMCT,Mumbai Central,3,1691,4000,0.423,Moderate,0
2026-02-16,MMCT,Mumbai Central,4,873,4000,0.218,Low,0
2026-02-16,MMCT,Mumbai Central,5,7967,4000,1.992,Critical,0
2026-02-16,MMCT,Mumbai Central,6,6240,4000,1.56,Critical,0
2026-02-16,MMCT,Mumbai Central,7,19769,4000,4.942,Critical,0
2026-02-16,MMCT,Mumbai Central,8,18014,4000,4.503,Critical,0
2026-02-16,MMCT,Mumbai Central,9,19526,4000,4.881,Critical,0
2026-02-16,MMCT,Mumbai Central,10,9984,4000,2.496,Critical,0
2026-02-16,MMCT,Mumbai Central,11,8552,4000,2.138,Critical,0
2026-02-16,MMCT,Mumbai Central,12,5987,4000,1.497,Critical,0
2026-02-16,MMCT,Mumbai Central,13,8290,4000,2.072,Critical,0
2026-02-16,MMCT,Mumbai Central,14,7079,4000,1.77,Critical,0
2026-02-16,MMCT,Mumbai Central,15,6435,4000,1.609,Critical,0
2026-02-16,MMCT,Mumbai Central,16,8321,4000,2.08,Critical,0
2026-02-16,MMCT,Mumbai Central,17,16106,4000,4.027,Critical,0
2026-02-16,MMCT,Mumbai Central,18,17386,4000,4.346,Critical,0
2026-02-16,MMCT,Mumbai Central,19,14552,4000,3.638,Critical,0
2026-02-16,MMCT,Mumbai Central,20,10904,4000,2.726,Critical,0
2026-02-16,MMCT,Mumbai Central,21,9217,4000,2.304,Critical,0
2026-02-16,MMCT,Mumbai Central,22,7152,4000,1.788,Critical,0
2026-02-16,MMCT,Mumbai Central,23,4372,4000,1.093,Critical,0
2026-02-16,BVI,Borivali,0,570,3000,0.19,Low,0
2026-02-16,BVI,Borivali,1,330,3000,0.11,Low,0
2026-02-16,BVI,Borivali,2,332,3000,0.111,Low,0
2026-02-16,BVI,Borivali,3,856,3000,0.285,Low,0
2026-02-16,BVI,Borivali,4,615,3000,0.205,Low,0
2026-02-16,BVI,Borivali,5,2880,3000,0.96,Critical,0
2026-02-16,BVI,Borivali,6,3145,3000,1.048,Critical,0
2026-02-16,BVI,Borivali,7,9342,3000,3.114,Critical,0
2026-02-16,BVI,Borivali,8,9854,3000,3.285,Critical,0
2026-02-16,BVI,Borivali,9,8111,3000,2.704,Critical,0
2026-02-16,BVI,Borivali,10,5971,3000,1.99,Critical,0
2026-02-16,BVI,Borivali,11,3556,3000,1.185,Critical,0
2026-02-16,BVI,Borivali,12,3503,3000,1.168,Critical,0
2026-02-16,BVI,Borivali,13,2652,3000,0.884,High,0
2026-02-16,BVI,Borivali,14,3435,3000,1.145,Critical,0
2026-02-16,BVI,Borivali,15,3753,3000,1.251,Critical,0
2026-02-16,BVI,Borivali,16,5406,3000,1.802,Critical,0
2026-02-16,BVI,Borivali,17,8807,3000,2.936,Critical,0
2026-02-16,BVI,Borivali,18,6318,3000,2.106,Critical,0
2026-02-16,BVI,Borivali,19,10240,3000,3.413,Critical,0
2026-02-16,BVI,Borivali,20,4836,3000,1.612,Critical,0
2026-02-16,BVI,Borivali,21,4735,3000,1.578,Critical,0
2026-02-16,BVI,Borivali,22,3064,3000,1.021,Critical,0
2026-02-16,BVI,Borivali,23,2295,3000,0.765,High,0
2026-02-16,BL,Valsad,0,173,1500,0.115,Low,0
2026-02-16,BL,Valsad,1,106,1500,0.071,Low,0
2026-02-16,BL,Valsad,2,101,1500,0.067,Low,0
2026-02-16,BL,Valsad,3,80,1500,0.053,Low,0
2026-02-16,BL,Valsad,4,101,1500,0.067,Low,0
2026-02-16,BL,Valsad,5,640,1500,0.427,Moderate,0
2026-02-16,BL,Valsad,6,632,1500,0.421,Moderate,0
2026-02-16,BL,Valsad,7,1811,1500,1.207,Critical,0
2026-02-16,BL,Valsad,8,1269,1500,0.846,High,0
2026-02-16,BL,Valsad,9,1728,1500,1.152,Critical,0
2026-02-16,BL,Valsad,10,701,1500,0.467,Moderate,0
2026-02-16,BL,Valsad,11,610,1500,0.407,Moderate,0
2026-02-16,BL,Valsad,12,662,1500,0.441,Moderate,0
2026-02-16,BL,Valsad,13,601,1500,0.401,Moderate,0
2026-02-16,BL,Valsad,14,496,1500,0.331,Low,0
2026-02-16,BL,Valsad,15,698,1500,0.465,Moderate,0
2026-02-16,BL,Valsad,16,869,1500,0.579,Moderate,0
2026-02-16,BL,Valsad,17,2328,1500,1.552,Critical,0
2026-02-16,BL,Valsad,18,1319,1500,0.879,High,0
2026-02-16,BL,Valsad,19,1577,1500,1.051,Critical,0
2026-02-16,BL,Valsad,20,832,1500,0.555,Moderate,0
2026-02-16,BL,Valsad,21,992,1500,0.661,Moderate,0
2026-02-16,BL,Valsad,22,604,1500,0.403,Moderate,0
2026-02-16,BL,Valsad,23,540,1500,0.36,Low,0
2026-02-16,ST,Surat,0,1234,3000,0.411,Moderate,0
2026-02-16,ST,Surat,1,974,3000,0.325,Low,0
2026-02-16,ST,Surat,2,771,3000,0.257,Low,0
2026-02-16,ST,Surat,3,406,3000,0.135,Low,0
2026-02-16,ST,Surat,4,1038,3000,0.346,Low,0
2026-02-16,ST,Surat,5,4441,3000,1.48,Critical,0
2026-02-16,ST,Surat,6,3918,3000,1.306,Critical,0
2026-02-16,ST,Surat,7,12933,3000,4.311,Critical,0
2026-02-16,ST,Surat,8,10861,3000,3.62,Critical,0
2026-02-16,ST,Surat,9,12068,3000,4.023,Critical,0
2026-02-16,ST,Surat,10,4389,3000,1.463,Critical,0
2026-02-16,ST,Surat,11,4370,3000,1.457,Critical,0
2026-02-16,ST,Surat,12,2939,3000,0.98,Critical,0
2026-02-16,ST,Surat,13,3511,3000,1.17,Critical,0
2026-02-16,ST,Surat,14,3310,3000,1.103,Critical,0
2026-02-16,ST,Surat,15,6173,3000,2.058,Critical,0
2026-02-16,ST,Surat,16,6319,3000,2.106,Critical,0
2026-02-16,ST,Surat,17,9264,3000,3.088,Critical,0
2026-02-16,ST,Surat,18,9073,3000,3.024,Critical,0
2026-02-16,ST,Surat,19,10180,3000,3.393,Critical,0
2026-02-16,ST,Surat,20,4668,3000,1.556,Critical,0
2026-02-16,ST,Surat,21,4801,3000,1.6,Critical,0
2026-02-16,ST,Surat,22,4216,3000,1.405,Critical,0
2026-02-16,ST,Surat,23,4487,3000,1.496,Critical,0
2026-02-16,BRC,Vadodara Junction,0,483,3500,0.138,Low,0
2026-02-16,BRC,Vadodara Junction,1,703,3500,0.201,Low,0
2026-02-16,BRC,Vadodara Junction,2,811,3500,0.232,Low,0
2026-02-16,BRC,Vadodara Junction,3,517,3500,0.148,Low,0
2026-02-16,BRC,Vadodara Junction,4,922,3500,0.263,Low,0
2026-02-16,BRC,Vadodara Junction,5,4500,3500,1.286,Critical,0
2026-02-16,BRC,Vadodara Junction,6,2866,3500,0.819,High,0
2026-02-16,BRC,Vadodara Junction,7,13462,3500,3.846,Critical,0
2026-02-16,BRC,Vadodara Junction,8,8264,3500,2.361,Critical,0
2026-02-16,BRC,Vadodara Junction,9,9710,3500,2.774,Critical,0
2026-02-16,BRC,Vadodara Junction,10,4006,3500,1.145,Critical,0
2026-02-16,BRC,Vadodara Junction,11,4346,3500,1.242,Critical,0
2026-02-16,BRC,Vadodara Junction,12,3173,3500,0.907,Critical,0
2026-02-16,BRC,Vadodara Junction,13,4371,3500,1.249,Critical,0
2026-02-16,BRC,Vadodara Junction,14,3006,3500,0.859,High,0
2026-02-16,BRC,Vadodara Junction,15,7484,3500,2.138,Critical,0
2026-02-16,BRC,Vadodara Junction,16,4129,3500,1.18,Critical,0
2026-02-16,BRC,Vadodara Junction,17,11941,3500,3.412,Critical,0
2026-02-16,BRC,Vadodara Junction,18,8130,3500,2.323,Critical,0
2026-02-16,BRC,Vadodara Junction,19,11157,3500,3.188,Critical,0
2026-02-16,BRC,Vadodara Junction,20,4544,3500,1.298,Critical,0
2026-02-16,BRC,Vadodara Junction,21,4185,3500,1.196,Critical,0
2026-02-16,BRC,Vadodara Junction,22,2624,3500,0.75,High,0
2026-02-16,BRC,Vadodara Junction,23,3320,3500,0.949,Critical,0
2026-02-16,RTM,Ratlam Junction,0,287,2500,0.115,Low,0
2026-02-16,RTM,Ratlam Junction,1,320,2500,0.128,Low,0
2026-02-16,RTM,Ratlam Junction,2,453,2500,0.181,Low,0
2026-02-16,RTM,Ratlam Junction,3,408,2500,0.163,Low,0
2026-02-16,RTM,Ratlam Junction,4,312,2500,0.125,Low,0
2026-02-16,RTM,Ratlam Junction,5,1296,2500,0.518,Moderate,0
2026-02-16,RTM,Ratlam Junction,6,1204,2500,0.482,Moderate,0
2026-02-16,RTM,Ratlam Junction,7,4649,2500,1.86,Critical,0
2026-02-16,RTM,Ratlam Junction,8,3914,2500,1.566,Critical,0
2026-02-16,RTM,Ratlam Junction,9,5230,2500,2.092,Critical,0
2026-02-16,RTM,Ratlam Junction,10,1994,2500,0.798,High,0
2026-02-16,RTM,Ratlam Junction,11,1561,2500,0.624,Moderate,0
2026-02-16,RTM,Ratlam Junction,12,1185,2500,0.474,Moderate,0
2026-02-16,RTM,Ratlam Junction,13,1478,2500,0.591,Moderate,0
2026-02-16,RTM,Ratlam Junction,14,1338,2500,0.535,Moderate,0
2026-02-16,RTM,Ratlam Junction,15,1960,2500,0.784,High,0
2026-02-16,RTM,Ratlam Junction,16,2580,2500,1.032,Critical,0
2026-02-16,RTM,Ratlam Junction,17,3238,2500,1.295,Critical,0
2026-02-16,RTM,Ratlam Junction,18,4600,2500,1.84,Critical,0
2026-02-16,RTM,Ratlam Junction,19,2503,2500,1.001,Critical,0
2026-02-16,RTM,Ratlam Junction,20,2078,2500,0.831,High,0
2026-02-16,RTM,Ratlam Junction,21,1470,2500,0.588,Moderate,0
2026-02-16,RTM,Ratlam Junction,22,1321,2500,0.528,Moderate,0
2026-02-16,RTM,Ratlam Junction,23,1117,2500,0.447,Moderate,0
2026-02-16,KOTA,Kota Junction,0,299,3000,0.1,Low,0
2026-02-16,KOTA,Kota Junction,1,524,3000,0.175,Low,0
2026-02-16,KOTA,Kota Junction,2,529,3000,0.176,Low,0
2026-02-16,KOTA,Kota Junction,3,402,3000,0.134,Low,0
2026-02-16,KOTA,Kota Junction,4,342,3000,0.114,Low,0
2026-02-16,KOTA,Kota Junction,5,1688,3000,0.563,Moderate,0
2026-02-16,KOTA,Kota Junction,6,2565,3000,0.855,High,0
2026-02-16,KOTA,Kota Junction,7,4743,3000,1.581,Critical,0
2026-02-16,KOTA,Kota Junction,8,5848,3000,1.949,Critical,0
2026-02-16,KOTA,Kota Junction,9,5091,3000,1.697,Critical,0
2026-02-16,KOTA,Kota Junction,10,2695,3000,0.898,High,0
2026-02-16,KOTA,Kota Junction,11,3528,3000,1.176,Critical,0
2026-02-16,KOTA,Kota Junction,12,1489,3000,0.496,Moderate,0
2026-02-16,KOTA,Kota Junction,13,1946,3000,0.649,Moderate,0
2026-02-16,KOTA,Kota Junction,14,2231,3000,0.744,High,0
2026-02-16,KOTA,Kota Junction,15,3667,3000,1.222,Critical,0
2026-02-16,KOTA,Kota Junction,16,2717,3000,0.906,Critical,0
2026-02-16,KOTA,Kota Junction,17,5278,3000,1.759,Critical,0
2026-02-16,KOTA,Kota Junction,18,4875,3000,1.625,Critical,0
2026-02-16,KOTA,Kota Junction,19,8055,3000,2.685,Critical,0
2026-02-16,KOTA,Kota Junction,20,2610,3000,0.87,High,0
2026-02-16,KOTA,Kota Junction,21,4142,3000,1.381,Critical,0
2026-02-16,KOTA,Kota Junction,22,2306,3000,0.769,High,0
2026-02-16,KOTA,Kota Junction,23,2289,3000,0.763,High,0
2026-02-16,SWM,Sawai Madhopur,0,220,2000,0.11,Low,0
2026-02-16,SWM,Sawai Madhopur,1,196,2000,0.098,Low,0
2026-02-16,SWM,Sawai Madhopur,2,170,2000,0.085,Low,0
2026-02-16,SWM,Sawai Madhopur,3,111,2000,0.056,Low,0
2026-02-16,SWM,Sawai Madhopur,4,209,2000,0.104,Low,0
2026-02-16,SWM,Sawai Madhopur,5,1053,2000,0.526,Moderate,0
2026-02-16,SWM,Sawai Madhopur,6,1028,2000,0.514,Moderate,0
2026-02-16,SWM,Sawai Madhopur,7,2835,2000,1.417,Critical,0
2026-02-16,SWM,Sawai Madhopur,8,2727,2000,1.363,Critical,0
2026-02-16,SWM,Sawai Madhopur,9,2412,2000,1.206,Critical,0
2026-02-16,SWM,Sawai Madhopur,10,1197,2000,0.599,Moderate,0
2026-02-16,SWM,Sawai Madhopur,11,1492,2000,0.746,High,0
2026-02-16,SWM,Sawai Madhopur,12,751,2000,0.376,Low,0
2026-02-16,SWM,Sawai Madhopur,13,918,2000,0.459,Moderate,0
2026-02-16,SWM,Sawai Madhopur,14,899,2000,0.45,Moderate,0
2026-02-16,SWM,Sawai Madhopur,15,1578,2000,0.789,High,0
2026-02-16,SWM,Sawai Madhopur,16,1491,2000,0.746,High,0
2026-02-16,SWM,Sawai Madhopur,17,2245,2000,1.123,Critical,0
2026-02-16,SWM,Sawai Madhopur,18,2039,2000,1.02,Critical,0
2026-02-16,SWM,Sawai Madhopur,19,2756,2000,1.378,Critical,0
2026-02-16,SWM,Sawai Madhopur,20,1136,2000,0.568,Moderate,0
2026-02-16,SWM,Sawai Madhopur,21,1592,2000,0.796,High,0
2026-02-16,SWM,Sawai Madhopur,22,834,2000,0.417,Moderate,0
2026-02-16,SWM,Sawai Madhopur,23,778,2000,0.389,Low,0
2026-02-16,MTJ,Mathura Junction,0,605,3000,0.202,Low,0
2026-02-16,MTJ,Mathura Junction,1,258,3000,0.086,Low,0
2026-02-16,MTJ,Mathura Junction,2,604,3000,0.201,Low,0
2026-02-16,MTJ,Mathura Junction,3,456,3000,0.152,Low,0
2026-02-16,MTJ,Mathura Junction,4,378,3000,0.126,Low,0
2026-02-16,MTJ,Mathura Junction,5,3137,3000,1.046,Critical,0
2026-02-16,MTJ,Mathura Junction,6,1880,3000,0.627,Moderate,0
2026-02-16,MTJ,Mathura Junction,7,4812,3000,1.604,Critical,0
2026-02-16,MTJ,Mathura Junction,8,8805,3000,2.935,Critical,0
2026-02-16,MTJ,Mathura Junction,9,8779,3000,2.926,Critical,0
2026-02-16,MTJ,Mathura Junction,10,3044,3000,1.015,Critical,0
2026-02-16,MTJ,Mathura Junction,11,4049,3000,1.35,Critical,0
2026-02-16,MTJ,Mathura Junction,12,2062,3000,0.687,Moderate,0
2026-02-16,MTJ,Mathura Junction,13,3074,3000,1.025,Critical,0
2026-02-16,MTJ,Mathura Junction,14,1695,3000,0.565,Moderate,0
2026-02-16,MTJ,Mathura Junction,15,2886,3000,0.962,Critical,0
2026-02-16,MTJ,Mathura Junction,16,4371,3000,1.457,Critical,0
2026-02-16,MTJ,Mathura Junction,17,5058,3000,1.686,Critical,0
2026-02-16,MTJ,Mathura Junction,18,4956,3000,1.652,Critical,0
2026-02-16,MTJ,Mathura Junction,19,5297,3000,1.766,Critical,0
2026-02-16,MTJ,Mathura Junction,20,3529,3000,1.176,Critical,0
2026-02-16,MTJ,Mathura Junction,21,3624,3000,1.208,Critical,0
2026-02-16,MTJ,Mathura Junction,22,2256,3000,0.752,High,0
2026-02-16,MTJ,Mathura Junction,23,2422,3000,0.807,High,0
2026-02-16,NDLS,New Delhi,0,4802,8000,0.6,Moderate,0
2026-02-16,NDLS,New Delhi,1,3727,8000,0.466,Moderate,0
2026-02-16,NDLS,New Delhi,2,2712,8000,0.339,Low,0
2026-02-16,NDLS,New Delhi,3,3085,8000,0.386,Low,0
2026-02-16,NDLS,New Delhi,4,2457,8000,0.307,Low,0
2026-02-16,NDLS,New Delhi,5,20230,8000,2.529,Critical,0
2026-02-16,NDLS,New Delhi,6,22862,8000,2.858,Critical,0
2026-02-16,NDLS,New Delhi,7,44205,8000,5.526,Critical,0
2026-02-16,NDLS,New Delhi,8,47725,8000,5.966,Critical,0
2026-02-16,NDLS,New Delhi,9,52164,8000,6.521,Critical,0
2026-02-16,NDLS,New Delhi,10,39025,8000,4.878,Critical,0
2026-02-16,NDLS,New Delhi,11,23071,8000,2.884,Critical,0
2026-02-16,NDLS,New Delhi,12,17053,8000,2.132,Critical,0
2026-02-16,NDLS,New Delhi,13,20998,8000,2.625,Critical,0
2026-02-16,NDLS,New Delhi,14,14798,8000,1.85,Critical,0
2026-02-16,NDLS,New Delhi,15,31708,8000,3.963,Critical,0
2026-02-16,NDLS,New Delhi,16,29367,8000,3.671,Critical,0
2026-02-16,NDLS,New Delhi,17,38471,8000,4.809,Critical,0
2026-02-16,NDLS,New Delhi,18,46864,8000,5.858,Critical,0
2026-02-16,NDLS,New Delhi,19,71365,8000,8.921,Critical,0
2026-02-16,NDLS,New Delhi,20,26589,8000,3.324,Critical,0
2026-02-16,NDLS,New Delhi,21,22625,8000,2.828,Critical,0
2026-02-16,NDLS,New Delhi,22,18051,8000,2.256,Critical,0
2026-02-16,NDLS,New Delhi,23,14463,8000,1.808,Critical,0
2026-02-16,CSMT,Mumbai CSMT,0,4050,9000,0.45,Moderate,0
2026-02-16,CSMT,Mumbai CSMT,1,1940,9000,0.216,Low,0
2026-02-16,CSMT,Mumbai CSMT,2,1746,9000,0.194,Low,0
2026-02-16,CSMT,Mumbai CSMT,3,2643,9000,0.294,Low,0
2026-02-16,CSMT,Mumbai CSMT,4,2936,9000,0.326,Low,0
2026-02-16,CSMT,Mumbai CSMT,5,19628,9000,2.181,Critical,0
2026-02-16,CSMT,Mumbai CSMT,6,16739,9000,1.86,Critical,0
2026-02-16,CSMT,Mumbai CSMT,7,39315,9000,4.368,Critical,0
2026-02-16,CSMT,Mumbai CSMT,8,43405,9000,4.823,Critical,0
2026-02-16,CSMT,Mumbai CSMT,9,46007,9000,5.112,Critical,0
2026-02-16,CSMT,Mumbai CSMT,10,25745,9000,2.861,Critical,0
2026-02-16,CSMT,Mumbai CSMT,11,24413,9000,2.713,Critical,0
2026-02-16,CSMT,Mumbai CSMT,12,14258,9000,1.584,Critical,0
2026-02-16,CSMT,Mumbai CSMT,13,12308,9000,1.368,Critical,0
2026-02-16,CSMT,Mumbai CSMT,14,14130,9000,1.57,Critical,0
2026-02-16,CSMT,Mumbai CSMT,15,28472,9000,3.164,Critical,0
2026-02-16,CSMT,Mumbai CSMT,16,22704,9000,2.523,Critical,0
2026-02-16,CSMT,Mumbai CSMT,17,29348,9000,3.261,Critical,0
2026-02-16,CSMT,Mumbai CSMT,18,44878,9000,4.986,Critical,0
2026-02-16,CSMT,Mumbai CSMT,19,46944,9000,5.216,Critical,0
2026-02-16,CSMT,Mumbai CSMT,20,26076,9000,2.897,Critical,0
2026-02-16,CSMT,Mumbai CSMT,21,27855,9000,3.095,Critical,0
2026-02-16,CSMT,Mumbai CSMT,22,11528,9000,1.281,Critical,0
2026-02-16,CSMT,Mumbai CSMT,23,13758,9000,1.529,Critical,0
2026-02-16,KYN,Kalyan Junction,0,909,4000,0.227,Low,0
2026-02-16,KYN,Kalyan Junction,1,378,4000,0.095,Low,0
2026-02-16,KYN,Kalyan Junction,2,554,4000,0.139,Low,0
2026-02-16,KYN,Kalyan Junction,3,670,4000,0.168,Low,0
2026-02-16,KYN,Kalyan Junction,4,1290,4000,0.323,Low,0
2026-02-16,KYN,Kalyan Junction,5,4158,4000,1.04,Critical,0
2026-02-16,KYN,Kalyan Junction,6,4199,4000,1.05,Critical,0
2026-02-16,KYN,Kalyan Junction,7,11006,4000,2.752,Critical,0
2026-02-16,KYN,Kalyan Junction,8,10032,4000,2.508,Critical,0
2026-02-16,KYN,Kalyan Junction,9,8602,4000,2.151,Critical,0
2026-02-16,KYN,Kalyan Junction,10,6020,4000,1.505,Critical,0
2026-02-16,KYN,Kalyan Junction,11,6517,4000,1.629,Critical,0
2026-02-16,KYN,Kalyan Junction,12,3583,4000,0.896,High,0
2026-02-16,KYN,Kalyan Junction,13,3176,4000,0.794,High,0
2026-02-16,KYN,Kalyan Junction,14,4476,4000,1.119,Critical,0
2026-02-16,KYN,Kalyan Junction,15,6993,4000,1.748,Critical,0
2026-02-16,KYN,Kalyan Junction,16,6018,4000,1.504,Critical,0
2026-02-16,KYN,Kalyan Junction,17,10360,4000,2.59,Critical,0
2026-02-16,KYN,Kalyan Junction,18,7945,4000,1.986,Critical,0
2026-02-16,KYN,Kalyan Junction,19,14229,4000,3.557,Critical,0
2026-02-16,KYN,Kalyan Junction,20,6306,4000,1.577,Critical,0
2026-02-16,KYN,Kalyan Junction,21,4376,4000,1.094,Critical,0
2026-02-16,KYN,Kalyan Junction,22,3775,4000,0.944,Critical,0
2026-02-16,KYN,Kalyan Junction,23,4358,4000,1.089,Critical,0
2026-02-16,NMD,Nashik Road,0,258,2000,0.129,Low,0
2026-02-16,NMD,Nashik Road,1,340,2000,0.17,Low,0
2026-02-16,NMD,Nashik Road,2,423,2000,0.211,Low,0
2026-02-16,NMD,Nashik Road,3,444,2000,0.222,Low,0
2026-02-16,NMD,Nashik Road,4,526,2000,0.263,Low,0
2026-02-16,NMD,Nashik Road,5,1760,2000,0.88,High,0
2026-02-16,NMD,Nashik Road,6,2030,2000,1.015,Critical,0
2026-02-16,NMD,Nashik Road,7,4103,2000,2.051,Critical,0
2026-02-16,NMD,Nashik Road,8,5157,2000,2.579,Critical,0
2026-02-16,NMD,Nashik Road,9,4862,2000,2.431,Critical,0
2026-02-16,NMD,Nashik Road,10,1877,2000,0.939,Critical,0
2026-02-16,NMD,Nashik Road,11,2611,2000,1.306,Critical,0
2026-02-16,NMD,Nashik Road,12,2119,2000,1.06,Critical,0
2026-02-16,NMD,Nashik Road,13,1634,2000,0.817,High,0
2026-02-16,NMD,Nashik Road,14,1844,2000,0.922,Critical,0
2026-02-16,NMD,Nashik Road,15,2741,2000,1.371,Critical,0
2026-02-16,NMD,Nashik Road,16,3080,2000,1.54,Critical,0
2026-02-16,NMD,Nashik Road,17,4993,2000,2.497,Critical,0
2026-02-16,NMD,Nashik Road,18,4797,2000,2.398,Critical,0
2026-02-16,NMD,Nashik Road,19,3023,2000,1.512,Critical,0
2026-02-16,NMD,Nashik Road,20,2153,2000,1.077,Critical,0
2026-02-16,NMD,Nashik Road,21,3285,2000,1.643,Critical,0
2026-02-16,NMD,Nashik Road,22,1830,2000,0.915,Critical,0
2026-02-16,NMD,Nashik Road,23,1652,2000,0.826,High,0
2026-02-16,MMR,Manmad Junction,0,346,2500,0.138,Low,0
2026-02-16,MMR,Manmad Junction,1,284,2500,0.114,Low,0
2026-02-16,MMR,Manmad Junction,2,199,2500,0.08,Low,0
2026-02-16,MMR,Manmad Junction,3,308,2500,0.123,Low,0
2026-02-16,MMR,Manmad Junction,4,440,2500,0.176,Low,0
2026-02-16,MMR,Manmad Junction,5,1148,2500,0.459,Moderate,0
2026-02-16,MMR,Manmad Junction,6,1113,2500,0.445,Moderate,0
2026-02-16,MMR,Manmad Junction,7,4909,2500,1.964,Critical,0
2026-02-16,MMR,Manmad Junction,8,3118,2500,1.247,Critical,0
2026-02-16,MMR,Manmad Junction,9,3852,2500,1.541,Critical,0
2026-02-16,MMR,Manmad Junction,10,2042,2500,0.817,High,0
2026-02-16,MMR,Manmad Junction,11,1612,2500,0.645,Moderate,0
2026-02-16,MMR,Manmad Junction,12,1107,2500,0.443,Moderate,0
2026-02-16,MMR,Manmad Junction,13,1078,2500,0.431,Moderate,0
2026-02-16,MMR,Manmad Junction,14,918,2500,0.367,Low,0
2026-02-16,MMR,Manmad Junction,15,1728,2500,0.691,Moderate,0
2026-02-16,MMR,Manmad Junction,16,1689,2500,0.676,Moderate,0
2026-02-16,MMR,Manmad Junction,17,4251,2500,1.7,Critical,0
2026-02-16,MMR,Manmad Junction,18,3572,2500,1.429,Critical,0
2026-02-16,MMR,Manmad Junction,19,2798,2500,1.119,Critical,0
2026-02-16,MMR,Manmad Junction,20,2030,2500,0.812,High,0
2026-02-16,MMR,Manmad Junction,21,1484,2500,0.594,Moderate,0
2026-02-16,MMR,Manmad Junction,22,1261,2500,0.504,Moderate,0
2026-02-16,MMR,Manmad Junction,23,1127,2500,0.451,Moderate,0
2026-02-16,BSL,Bhusawal Junction,0,253,3000,0.084,Low,0
2026-02-16,BSL,Bhusawal Junction,1,532,3000,0.177,Low,0
2026-02-16,BSL,Bhusawal Junction,2,445,3000,0.148,Low,0
2026-02-16,BSL,Bhusawal Junction,3,506,3000,0.169,Low,0
2026-02-16,BSL,Bhusawal Junction,4,232,3000,0.077,Low,0
2026-02-16,BSL,Bhusawal Junction,5,1863,3000,0.621,Moderate,0
2026-02-16,BSL,Bhusawal Junction,6,2641,3000,0.88,High,0
2026-02-16,BSL,Bhusawal Junction,7,5420,3000,1.807,Critical,0
2026-02-16,BSL,Bhusawal Junction,8,6528,3000,2.176,Critical,0
2026-02-16,BSL,Bhusawal Junction,9,5880,3000,1.96,Critical,0
2026-02-16,BSL,Bhusawal Junction,10,3063,3000,1.021,Critical,0
2026-02-16,BSL,Bhusawal Junction,11,2947,3000,0.982,Critical,0
2026-02-16,BSL,Bhusawal Junction,12,1765,3000,0.588,Moderate,0
2026-02-16,BSL,Bhusawal Junction,13,1531,3000,0.51,Moderate,0
2026-02-16,BSL,Bhusawal Junction,14,1320,3000,0.44,Moderate,0
2026-02-16,BSL,Bhusawal Junction,15,2511,3000,0.837,High,0
2026-02-16,BSL,Bhusawal Junction,16,3479,3000,1.16,Critical,0
2026-02-16,BSL,Bhusawal Junction,17,3919,3000,1.306,Critical,0
2026-02-16,BSL,Bhusawal Junction,18,3895,3000,1.298,Critical,0
2026-02-16,BSL,Bhusawal Junction,19,4636,3000,1.545,Critical,0
2026-02-16,BSL,Bhusawal Junction,20,2033,3000,0.678,Moderate,0
2026-02-16,BSL,Bhusawal Junction,21,2898,3000,0.966,Critical,0
2026-02-16,BSL,Bhusawal Junction,22,1335,3000,0.445,Moderate,0
2026-02-16,BSL,Bhusawal Junction,23,1513,3000,0.504,Moderate,0
2026-02-16,ET,Itarsi Junction,0,191,3500,0.055,Low,0
2026-02-16,ET,Itarsi Junction,1,197,3500,0.056,Low,0
2026-02-16,ET,Itarsi Junction,2,201,3500,0.057,Low,0
2026-02-16,ET,Itarsi Junction,3,356,3500,0.102,Low,0
2026-02-16,ET,Itarsi Junction,4,302,3500,0.086,Low,0
2026-02-16,ET,Itarsi Junction,5,1243,3500,0.355,Low,0
2026-02-16,ET,Itarsi Junction,6,1884,3500,0.538,Moderate,0
2026-02-16,ET,Itarsi Junction,7,2904,3500,0.83,High,0
2026-02-16,ET,Itarsi Junction,8,5115,3500,1.461,Critical,0
2026-02-16,ET,Itarsi Junction,9,5038,3500,1.439,Critical,0
2026-02-16,ET,Itarsi Junction,10,2156,3500,0.616,Moderate,0
2026-02-16,ET,Itarsi Junction,11,3006,3500,0.859,High,0
2026-02-16,ET,Itarsi Junction,12,2121,3500,0.606,Moderate,0
2026-02-16,ET,Itarsi Junction,13,1903,3500,0.544,Moderate,0
2026-02-16,ET,Itarsi Junction,14,1470,3500,0.42,Moderate,0
2026-02-16,ET,Itarsi Junction,15,2344,3500,0.67,Moderate,0
2026-02-16,ET,Itarsi Junction,16,3036,3500,0.867,High,0
2026-02-16,ET,Itarsi Junction,17,4864,3500,1.39,Critical,0
2026-02-16,ET,Itarsi Junction,18,3520,3500,1.006,Critical,0
2026-02-16,ET,Itarsi Junction,19,3985,3500,1.139,Critical,0
2026-02-16,ET,Itarsi Junction,20,3041,3500,0.869,High,0
2026-02-16,ET,Itarsi Junction,21,2712,3500,0.775,High,0
2026-02-16,ET,Itarsi Junction,22,2135,3500,0.61,Moderate,0
2026-02-16,ET,Itarsi Junction,23,1686,3500,0.482,Moderate,0
2026-02-16,BPL,Bhopal Junction,0,594,3000,0.198,Low,0
2026-02-16,BPL,Bhopal Junction,1,525,3000,0.175,Low,0
2026-02-16,BPL,Bhopal Junction,2,428,3000,0.143,Low,0
2026-02-16,BPL,Bhopal Junction,3,538,3000,0.179,Low,0
2026-02-16,BPL,Bhopal Junction,4,944,3000,0.315,Low,0
2026-02-16,BPL,Bhopal Junction,5,3530,3000,1.177,Critical,0
2026-02-16,BPL,Bhopal Junction,6,3617,3000,1.206,Critical,0
2026-02-16,BPL,Bhopal Junction,7,10222,3000,3.407,Critical,0
2026-02-16,BPL,Bhopal Junction,8,6235,3000,2.078,Critical,0
2026-02-16,BPL,Bhopal Junction,9,9803,3000,3.268,Critical,0
2026-02-16,BPL,Bhopal Junction,10,5151,3000,1.717,Critical,0
2026-02-16,BPL,Bhopal Junction,11,4844,3000,1.615,Critical,0
2026-02-16,BPL,Bhopal Junction,12,2190,3000,0.73,High,0
2026-02-16,BPL,Bhopal Junction,13,3093,3000,1.031,Critical,0
2026-02-16,BPL,Bhopal Junction,14,2249,3000,0.75,High,0
2026-02-16,BPL,Bhopal Junction,15,5600,3000,1.867,Critical,0
2026-02-16,BPL,Bhopal Junction,16,5780,3000,1.927,Critical,0
2026-02-16,BPL,Bhopal Junction,17,8276,3000,2.759,Critical,0
2026-02-16,BPL,Bhopal Junction,18,7689,3000,2.563,Critical,0
2026-02-16,BPL,Bhopal Junction,19,9666,3000,3.222,Critical,0
2026-02-16,BPL,Bhopal Junction,20,4704,3000,1.568,Critical,0
2026-02-16,BPL,Bhopal Junction,21,5298,3000,1.766,Critical,0
2026-02-16,BPL,Bhopal Junction,22,1985,3000,0.662,Moderate,0
2026-02-16,BPL,Bhopal Junction,23,2783,3000,0.928,Critical,0
2026-02-16,JHS,Jhansi Junction,0,358,4000,0.089,Low,0
2026-02-16,JHS,Jhansi Junction,1,404,4000,0.101,Low,0
2026-02-16,JHS,Jhansi Junction,2,424,4000,0.106,Low,0
2026-02-16,JHS,Jhansi Junction,3,237,4000,0.059,Low,0
2026-02-16,JHS,Jhansi Junction,4,288,4000,0.072,Low,0
2026-02-16,JHS,Jhansi Junction,5,2192,4000,0.548,Moderate,0
2026-02-16,JHS,Jhansi Junction,6,2165,4000,0.541,Moderate,0
2026-02-16,JHS,Jhansi Junction,7,5927,4000,1.482,Critical,0
2026-02-16,JHS,Jhansi Junction,8,8575,4000,2.144,Critical,0
2026-02-16,JHS,Jhansi Junction,9,5486,4000,1.371,Critical,0
2026-02-16,JHS,Jhansi Junction,10,2892,4000,0.723,High,0
2026-02-16,JHS,Jhansi Junction,11,4697,4000,1.174,Critical,0
2026-02-16,JHS,Jhansi Junction,12,2653,4000,0.663,Moderate,0
2026-02-16,JHS,Jhansi Junction,13,2173,4000,0.543,Moderate,0
2026-02-16,JHS,Jhansi Junction,14,2513,4000,0.628,Moderate,0
2026-02-16,JHS,Jhansi Junction,15,2750,4000,0.688,Moderate,0
2026-02-16,JHS,Jhansi Junction,16,3301,4000,0.825,High,0
2026-02-16,JHS,Jhansi Junction,17,7254,4000,1.813,Critical,0
2026-02-16,JHS,Jhansi Junction,18,4207,4000,1.052,Critical,0
2026-02-16,JHS,Jhansi Junction,19,7801,4000,1.95,Critical,0
2026-02-16,JHS,Jhansi Junction,20,4749,4000,1.187,Critical,0
2026-02-16,JHS,Jhansi Junction,21,3324,4000,0.831,High,0
2026-02-16,JHS,Jhansi Junction,22,2083,4000,0.521,Moderate,0
2026-02-16,JHS,Jhansi Junction,23,2655,4000,0.664,Moderate,0
2026-02-16,GWL,Gwalior Junction,0,502,2500,0.201,Low,0
2026-02-16,GWL,Gwalior Junction,1,467,2500,0.187,Low,0
2026-02-16,GWL,Gwalior Junction,2,416,2500,0.166,Low,0
2026-02-16,GWL,Gwalior Junction,3,262,2500,0.105,Low,0
2026-02-16,GWL,Gwalior Junction,4,351,2500,0.14,Low,0
2026-02-16,GWL,Gwalior Junction,5,1945,2500,0.778,High,0
2026-02-16,GWL,Gwalior Junction,6,1983,2500,0.793,High,0
2026-02-16,GWL,Gwalior Junction,7,4624,2500,1.85,Critical,0
2026-02-16,GWL,Gwalior Junction,8,6611,2500,2.644,Critical,0
2026-02-16,GWL,Gwalior Junction,9,5168,2500,2.067,Critical,0
2026-02-16,GWL,Gwalior Junction,10,2809,2500,1.124,Critical,0
2026-02-16,GWL,Gwalior Junction,11,3128,2500,1.251,Critical,0
2026-02-16,GWL,Gwalior Junction,12,1839,2500,0.736,High,0
2026-02-16,GWL,Gwalior Junction,13,1450,2500,0.58,Moderate,0
2026-02-16,GWL,Gwalior Junction,14,1538,2500,0.615,Moderate,0
2026-02-16,GWL,Gwalior Junction,15,2387,2500,0.955,Critical,0
2026-02-16,GWL,Gwalior Junction,16,3725,2500,1.49,Critical,0
2026-02-16,GWL,Gwalior Junction,17,6076,2500,2.43,Critical,0
2026-02-16,GWL,Gwalior Junction,18,3570,2500,1.428,Critical,0
2026-02-16,GWL,Gwalior Junction,19,3710,2500,1.484,Critical,0
2026-02-16,GWL,Gwalior Junction,20,2580,2500,1.032,Critical,0
2026-02-16,GWL,Gwalior Junction,21,2045,2500,0.818,High,0
2026-02-16,GWL,Gwalior Junction,22,1504,2500,0.602,Moderate,0
2026-02-16,GWL,Gwalior Junction,23,2264,2500,0.906,Critical,0
2026-02-16,AGC,Agra Cantt,0,853,3000,0.284,Low,0
2026-02-16,AGC,Agra Cantt,1,580,3000,0.193,Low,0
2026-02-16,AGC,Agra Cantt,2,318,3000,0.106,Low,0
2026-02-16,AGC,Agra Cantt,3,581,3000,0.194,Low,0
2026-02-16,AGC,Agra Cantt,4,439,3000,0.146,Low,0
2026-02-16,AGC,Agra Cantt,5,2027,3000,0.676,Moderate,0
2026-02-16,AGC,Agra Cantt,6,2445,3000,0.815,High,0
2026-02-16,AGC,Agra Cantt,7,7580,3000,2.527,Critical,0
2026-02-16,AGC,Agra Cantt,8,5406,3000,1.802,Critical,0
2026-02-16,AGC,Agra Cantt,9,6653,3000,2.218,Critical,0
2026-02-16,AGC,Agra Cantt,10,3792,3000,1.264,Critical,0
2026-02-16,AGC,Agra Cantt,11,2920,3000,0.973,Critical,0
2026-02-16,AGC,Agra Cantt,12,2371,3000,0.79,High,0
2026-02-16,AGC,Agra Cantt,13,1953,3000,0.651,Moderate,0
2026-02-16,AGC,Agra Cantt,14,1972,3000,0.657,Moderate,0
2026-02-16,AGC,Agra Cantt,15,3712,3000,1.237,Critical,0
2026-02-16,AGC,Agra Cantt,16,4976,3000,1.659,Critical,0
2026-02-16,AGC,Agra Cantt,17,5719,3000,1.906,Critical,0
2026-02-16,AGC,Agra Cantt,18,5572,3000,1.857,Critical,0
2026-02-16,AGC,Agra Cantt,19,8673,3000,2.891,Critical,0
2026-02-16,AGC,Agra Cantt,20,3093,3000,1.031,Critical,0
2026-02-16,AGC,Agra Cantt,21,3055,3000,1.018,Critical,0
2026-02-16,AGC,Agra Cantt,22,2143,3000,0.714,High,0
2026-02-16,AGC,Agra Cantt,23,2394,3000,0.798,High,0
2026-02-15,MMCT,Mumbai Central,0,675,4000,0.169,Low,6
2026-02-15,MMCT,Mumbai Central,1,1489,4000,0.372,Low,6
2026-02-15,MMCT,Mumbai Central,2,1238,4000,0.309,Low,6
2026-02-15,MMCT,Mumbai Central,3,1302,4000,0.326,Low,6
2026-02-15,MMCT,Mumbai Central,4,838,4000,0.209,Low,6
2026-02-15,MMCT,Mumbai Central,5,5369,4000,1.342,Critical,6
2026-02-15,MMCT,Mumbai Central,6,7778,4000,1.944,Critical,6
2026-02-15,MMCT,Mumbai Central,7,14527,4000,3.632,Critical,6
2026-02-15,MMCT,Mumbai Central,8,14013,4000,3.503,Critical,6
2026-02-15,MMCT,Mumbai Central,9,19036,4000,4.759,Critical,6
2026-02-15,MMCT,Mumbai Central,10,11270,4000,2.817,Critical,6
2026-02-15,MMCT,Mumbai Central,11,9820,4000,2.455,Critical,6
2026-02-15,MMCT,Mumbai Central,12,6143,4000,1.536,Critical,6
2026-02-15,MMCT,Mumbai Central,13,4905,4000,1.226,Critical,6
2026-02-15,MMCT,Mumbai Central,14,5931,4000,1.483,Critical,6
2026-02-15,MMCT,Mumbai Central,15,10695,4000,2.674,Critical,6
2026-02-15,MMCT,Mumbai Central,16,10378,4000,2.595,Critical,6
2026-02-15,MMCT,Mumbai Central,17,19078,4000,4.769,Critical,6
2026-02-15,MMCT,Mumbai Central,18,14617,4000,3.654,Critical,6
2026-02-15,MMCT,Mumbai Central,19,16523,4000,4.131,Critical,6
2026-02-15,MMCT,Mumbai Central,20,10097,4000,2.524,Critical,6
2026-02-15,MMCT,Mumbai Central,21,9662,4000,2.416,Critical,6
2026-02-15,MMCT,Mumbai Central,22,5512,4000,1.378,Critical,6
2026-02-15,MMCT,Mumbai Central,23,7601,4000,1.9,Critical,6
2026-02-15,BVI,Borivali,0,778,3000,0.259,Low,6
2026-02-15,BVI,Borivali,1,968,3000,0.323,Low,6
2026-02-15,BVI,Borivali,2,533,3000,0.178,Low,6
2026-02-15,BVI,Borivali,3,977,3000,0.326,Low,6
2026-02-15,BVI,Borivali,4,674,3000,0.225,Low,6
2026-02-15,BVI,Borivali,5,3986,3000,1.329,Critical,6
2026-02-15,BVI,Borivali,6,3077,3000,1.026,Critical,6
2026-02-15,BVI,Borivali,7,9426,3000,3.142,Critical,6
2026-02-15,BVI,Borivali,8,9016,3000,3.005,Critical,6
2026-02-15,BVI,Borivali,9,8234,3000,2.745,Critical,6
2026-02-15,BVI,Borivali,10,4578,3000,1.526,Critical,6
2026-02-15,BVI,Borivali,11,3998,3000,1.333,Critical,6
2026-02-15,BVI,Borivali,12,4051,3000,1.35,Critical,6
2026-02-15,BVI,Borivali,13,3231,3000,1.077,Critical,6
2026-02-15,BVI,Borivali,14,2696,3000,0.899,High,6
2026-02-15,BVI,Borivali,15,4491,3000,1.497,Critical,6
2026-02-15,BVI,Borivali,16,5816,3000,1.939,Critical,6
2026-02-15,BVI,Borivali,17,6244,3000,2.081,Critical,6
2026-02-15,BVI,Borivali,18,9761,3000,3.254,Critical,6
2026-02-15,BVI,Borivali,19,10112,3000,3.371,Critical,6
2026-02-15,BVI,Borivali,20,5043,3000,1.681,Critical,6
2026-02-15,BVI,Borivali,21,3934,3000,1.311,Critical,6
2026-02-15,BVI,Borivali,22,4574,3000,1.525,Critical,6
2026-02-15,BVI,Borivali,23,4112,3000,1.371,Critical,6
2026-02-15,BL,Valsad,0,159,1500,0.106,Low,6
2026-02-15,BL,Valsad,1,71,1500,0.047,Low,6
2026-02-15,BL,Valsad,2,85,1500,0.057,Low,6
2026-02-15,BL,Valsad,3,118,1500,0.079,Low,6
2026-02-15,BL,Valsad,4,162,1500,0.108,Low,6
2026-02-15,BL,Valsad,5,566,1500,0.377,Low,6
2026-02-15,BL,Valsad,6,629,1500,0.419,Moderate,6
2026-02-15,BL,Valsad,7,1254,1500,0.836,High,6
2026-02-15,BL,Valsad,8,1496,1500,0.997,Critical,6
2026-02-15,BL,Valsad,9,2007,1500,1.338,Critical,6
2026-02-15,BL,Valsad,10,891,1500,0.594,Moderate,6
2026-02-15,BL,Valsad,11,1123,1500,0.749,High,6
2026-02-15,BL,Valsad,12,553,1500,0.369,Low,6
2026-02-15,BL,Valsad,13,607,1500,0.405,Moderate,6
2026-02-15,BL,Valsad,14,579,1500,0.386,Low,6
2026-02-15,BL,Valsad,15,1131,1500,0.754,High,6
2026-02-15,BL,Valsad,16,699,1500,0.466,Moderate,6
2026-02-15,BL,Valsad,17,2090,1500,1.393,Critical,6
2026-02-15,BL,Valsad,18,1395,1500,0.93,Critical,6
2026-02-15,BL,Valsad,19,1828,1500,1.219,Critical,6
2026-02-15,BL,Valsad,20,1255,1500,0.837,High,6
2026-02-15,BL,Valsad,21,756,1500,0.504,Moderate,6
2026-02-15,BL,Valsad,22,696,1500,0.464,Moderate,6
2026-02-15,BL,Valsad,23,564,1500,0.376,Low,6
2026-02-15,ST,Surat,0,1118,3000,0.373,Low,6
2026-02-15,ST,Surat,1,458,3000,0.153,Low,6
2026-02-15,ST,Surat,2,912,3000,0.304,Low,6
2026-02-15,ST,Surat,3,808,3000,0.269,Low,6
2026-02-15,ST,Surat,4,612,3000,0.204,Low,6
2026-02-15,ST,Surat,5,3672,3000,1.224,Critical,6
2026-02-15,ST,Surat,6,4565,3000,1.522,Critical,6
2026-02-15,ST,Surat,7,12877,3000,4.292,Critical,6
2026-02-15,ST,Surat,8,8361,3000,2.787,Critical,6
2026-02-15,ST,Surat,9,9842,3000,3.281,Critical,6
2026-02-15,ST,Surat,10,5869,3000,1.956,Critical,6
2026-02-15,ST,Surat,11,7001,3000,2.334,Critical,6
2026-02-15,ST,Surat,12,5269,3000,1.756,Critical,6
2026-02-15,ST,Surat,13,3398,3000,1.133,Critical,6
2026-02-15,ST,Surat,14,2781,3000,0.927,Critical,6
2026-02-15,ST,Surat,15,5328,3000,1.776,Critical,6
2026-02-15,ST,Surat,16,5536,3000,1.845,Critical,6
2026-02-15,ST,Surat,17,10361,3000,3.454,Critical,6
2026-02-15,ST,Surat,18,8801,3000,2.934,Critical,6
2026-02-15,ST,Surat,19,9944,3000,3.315,Critical,6
2026-02-15,ST,Surat,20,4947,3000,1.649,Critical,6
2026-02-15,ST,Surat,21,5922,3000,1.974,Critical,6
2026-02-15,ST,Surat,22,4657,3000,1.552,Critical,6
2026-02-15,ST,Surat,23,3361,3000,1.12,Critical,6
2026-02-15,BRC,Vadodara Junction,0,675,3500,0.193,Low,6
2026-02-15,BRC,Vadodara Junction,1,992,3500,0.283,Low,6
2026-02-15,BRC,Vadodara Junction,2,717,3500,0.205,Low,6
2026-02-15,BRC,Vadodara Junction,3,734,3500,0.21,Low,6
2026-02-15,BRC,Vadodara Junction,4,857,3500,0.245,Low,6
2026-02-15,BRC,Vadodara Junction,5,2597,3500,0.742,High,6
2026-02-15,BRC,Vadodara Junction,6,4716,3500,1.347,Critical,6
2026-02-15,BRC,Vadodara Junction,7,12595,3500,3.599,Critical,6
2026-02-15,BRC,Vadodara Junction,8,10463,3500,2.989,Critical,6
2026-02-15,BRC,Vadodara Junction,9,8335,3500,2.381,Critical,6
2026-02-15,BRC,Vadodara Junction,10,5134,3500,1.467,Critical,6
2026-02-15,BRC,Vadodara Junction,11,5561,3500,1.589,Critical,6
2026-02-15,BRC,Vadodara Junction,12,2930,3500,0.837,High,6
2026-02-15,BRC,Vadodara Junction,13,3319,3500,0.948,Critical,6
2026-02-15,BRC,Vadodara Junction,14,2988,3500,0.854,High,6
2026-02-15,BRC,Vadodara Junction,15,4403,3500,1.258,Critical,6
2026-02-15,BRC,Vadodara Junction,16,6103,3500,1.744,Critical,6
2026-02-15,BRC,Vadodara Junction,17,9162,3500,2.618,Critical,6
2026-02-15,BRC,Vadodara Junction,18,11451,3500,3.272,Critical,6
2026-02-15,BRC,Vadodara Junction,19,12419,3500,3.548,Critical,6
2026-02-15,BRC,Vadodara Junction,20,5354,3500,1.53,Critical,6
2026-02-15,BRC,Vadodara Junction,21,7326,3500,2.093,Critical,6
2026-02-15,BRC,Vadodara Junction,22,4258,3500,1.217,Critical,6
2026-02-15,BRC,Vadodara Junction,23,4257,3500,1.216,Critical,6
2026-02-15,RTM,Ratlam Junction,0,371,2500,0.148,Low,6
2026-02-15,RTM,Ratlam Junction,1,382,2500,0.153,Low,6
2026-02-15,RTM,Ratlam Junction,2,154,2500,0.062,Low,6
2026-02-15,RTM,Ratlam Junction,3,193,2500,0.077,Low,6
2026-02-15,RTM,Ratlam Junction,4,138,2500,0.055,Low,6
2026-02-15,RTM,Ratlam Junction,5,2057,2500,0.823,High,6
2026-02-15,RTM,Ratlam Junction,6,1362,2500,0.545,Moderate,6
2026-02-15,RTM,Ratlam Junction,7,5498,2500,2.199,Critical,6
2026-02-15,RTM,Ratlam Junction,8,4946,2500,1.978,Critical,6
2026-02-15,RTM,Ratlam Junction,9,4433,2500,1.773,Critical,6
2026-02-15,RTM,Ratlam Junction,10,2400,2500,0.96,Critical,6
2026-02-15,RTM,Ratlam Junction,11,2701,2500,1.08,Critical,6
2026-02-15,RTM,Ratlam Junction,12,1180,2500,0.472,Moderate,6
2026-02-15,RTM,Ratlam Junction,13,1114,2500,0.446,Moderate,6
2026-02-15,RTM,Ratlam Junction,14,1471,2500,0.588,Moderate,6
2026-02-15,RTM,Ratlam Junction,15,1629,2500,0.652,Moderate,6
2026-02-15,RTM,Ratlam Junction,16,1628,2500,0.651,Moderate,6
2026-02-15,RTM,Ratlam Junction,17,3578,2500,1.431,Critical,6
2026-02-15,RTM,Ratlam Junction,18,4586,2500,1.834,Critical,6
2026-02-15,RTM,Ratlam Junction,19,5411,2500,2.164,Critical,6
2026-02-15,RTM,Ratlam Junction,20,2464,2500,0.986,Critical,6
2026-02-15,RTM,Ratlam Junction,21,2531,2500,1.012,Critical,6
2026-02-15,RTM,Ratlam Junction,22,1386,2500,0.554,Moderate,6
2026-02-15,RTM,Ratlam Junction,23,1450,2500,0.58,Moderate,6
2026-02-15,KOTA,Kota Junction,0,367,3000,0.122,Low,6
2026-02-15,KOTA,Kota Junction,1,528,3000,0.176,Low,6
2026-02-15,KOTA,Kota Junction,2,325,3000,0.108,Low,6
2026-02-15,KOTA,Kota Junction,3,455,3000,0.152,Low,6
2026-02-15,KOTA,Kota Junction,4,532,3000,0.177,Low,6
2026-02-15,KOTA,Kota Junction,5,1594,3000,0.531,Moderate,6
2026-02-15,KOTA,Kota Junction,6,1760,3000,0.587,Moderate,6
2026-02-15,KOTA,Kota Junction,7,8228,3000,2.743,Critical,6
2026-02-15,KOTA,Kota Junction,8,5815,3000,1.938,Critical,6
2026-02-15,KOTA,Kota Junction,9,6822,3000,2.274,Critical,6
2026-02-15,KOTA,Kota Junction,10,2716,3000,0.905,Critical,6
2026-02-15,KOTA,Kota Junction,11,3018,3000,1.006,Critical,6
2026-02-15,KOTA,Kota Junction,12,1993,3000,0.664,Moderate,6
2026-02-15,KOTA,Kota Junction,13,2199,3000,0.733,High,6
2026-02-15,KOTA,Kota Junction,14,2462,3000,0.821,High,6
2026-02-15,KOTA,Kota Junction,15,2784,3000,0.928,Critical,6
2026-02-15,KOTA,Kota Junction,16,3517,3000,1.172,Critical,6
2026-02-15,KOTA,Kota Junction,17,5137,3000,1.712,Critical,6
2026-02-15,KOTA,Kota Junction,18,5433,3000,1.811,Critical,6
2026-02-15,KOTA,Kota Junction,19,7856,3000,2.619,Critical,6
2026-02-15,KOTA,Kota Junction,20,2859,3000,0.953,Critical,6
2026-02-15,KOTA,Kota Junction,21,3402,3000,1.134,Critical,6
2026-02-15,KOTA,Kota Junction,22,2607,3000,0.869,High,6
2026-02-15,KOTA,Kota Junction,23,2191,3000,0.73,High,6
2026-02-15,SWM,Sawai Madhopur,0,155,2000,0.077,Low,6
2026-02-15,SWM,Sawai Madhopur,1,91,2000,0.045,Low,6
2026-02-15,SWM,Sawai Madhopur,2,213,2000,0.106,Low,6
2026-02-15,SWM,Sawai Madhopur,3,77,2000,0.038,Low,6
2026-02-15,SWM,Sawai Madhopur,4,158,2000,0.079,Low,6
2026-02-15,SWM,Sawai Madhopur,5,766,2000,0.383,Low,6
2026-02-15,SWM,Sawai Madhopur,6,942,2000,0.471,Moderate,6
2026-02-15,SWM,Sawai Madhopur,7,2482,2000,1.241,Critical,6
2026-02-15,SWM,Sawai Madhopur,8,3012,2000,1.506,Critical,6
2026-02-15,SWM,Sawai Madhopur,9,2329,2000,1.165,Critical,6
2026-02-15,SWM,Sawai Madhopur,10,974,2000,0.487,Moderate,6
2026-02-15,SWM,Sawai Madhopur,11,1526,2000,0.763,High,6
2026-02-15,SWM,Sawai Madhopur,12,872,2000,0.436,Moderate,6
2026-02-15,SWM,Sawai Madhopur,13,690,2000,0.345,Low,6
2026-02-15,SWM,Sawai Madhopur,14,814,2000,0.407,Moderate,6
2026-02-15,SWM,Sawai Madhopur,15,1022,2000,0.511,Moderate,6
2026-02-15,SWM,Sawai Madhopur,16,1242,2000,0.621,Moderate,6
2026-02-15,SWM,Sawai Madhopur,17,2518,2000,1.259,Critical,6
2026-02-15,SWM,Sawai Madhopur,18,2058,2000,1.029,Critical,6
2026-02-15,SWM,Sawai Madhopur,19,1906,2000,0.953,Critical,6
2026-02-15,SWM,Sawai Madhopur,20,1311,2000,0.655,Moderate,6
2026-02-15,SWM,Sawai Madhopur,21,929,2000,0.465,Moderate,6
2026-02-15,SWM,Sawai Madhopur,22,887,2000,0.444,Moderate,6
2026-02-15,SWM,Sawai Madhopur,23,856,2000,0.428,Moderate,6
2026-02-15,MTJ,Mathura Junction,0,278,3000,0.093,Low,6
2026-02-15,MTJ,Mathura Junction,1,222,3000,0.074,Low,6
2026-02-15,MTJ,Mathura Junction,2,524,3000,0.175,Low,6
2026-02-15,MTJ,Mathura Junction,3,740,3000,0.247,Low,6
2026-02-15,MTJ,Mathura Junction,4,243,3000,0.081,Low,6
2026-02-15,MTJ,Mathura Junction,5,1901,3000,0.634,Moderate,6
2026-02-15,MTJ,Mathura Junction,6,2543,3000,0.848,High,6
2026-02-15,MTJ,Mathura Junction,7,6394,3000,2.131,Critical,6
2026-02-15,MTJ,Mathura Junction,8,6625,3000,2.208,Critical,6
2026-02-15,MTJ,Mathura Junction,9,6248,3000,2.083,Critical,6
2026-02-15,MTJ,Mathura Junction,10,3302,3000,1.101,Critical,6
2026-02-15,MTJ,Mathura Junction,11,4285,3000,1.428,Critical,6
2026-02-15,MTJ,Mathura Junction,12,2485,3000,0.828,High,6
2026-02-15,MTJ,Mathura Junction,13,1783,3000,0.594,Moderate,6
2026-02-15,MTJ,Mathura Junction,14,3045,3000,1.015,Critical,6
2026-02-15,MTJ,Mathura Junction,15,3546,3000,1.182,Critical,6
2026-02-15,MTJ,Mathura Junction,16,4048,3000,1.349,Critical,6
2026-02-15,MTJ,Mathura Junction,17,8437,3000,2.812,Critical,6
2026-02-15,MTJ,Mathura Junction,18,6287,3000,2.096,Critical,6
2026-02-15,MTJ,Mathura Junction,19,4633,3000,1.544,Critical,6
2026-02-15,MTJ,Mathura Junction,20,3224,3000,1.075,Critical,6
2026-02-15,MTJ,Mathura Junction,21,3266,3000,1.089,Critical,6
2026-02-15,MTJ,Mathura Junction,22,2092,3000,0.697,Moderate,6
2026-02-15,MTJ,Mathura Junction,23,3134,3000,1.045,Critical,6
2026-02-15,NDLS,New Delhi,0,2973,8000,0.372,Low,6
2026-02-15,NDLS,New Delhi,1,1987,8000,0.248,Low,6
2026-02-15,NDLS,New Delhi,2,2247,8000,0.281,Low,6
2026-02-15,NDLS,New Delhi,3,3557,8000,0.445,Moderate,6
2026-02-15,NDLS,New Delhi,4,2097,8000,0.262,Low,6
2026-02-15,NDLS,New Delhi,5,15635,8000,1.954,Critical,6
2026-02-15,NDLS,New Delhi,6,22483,8000,2.81,Critical,6
2026-02-15,NDLS,New Delhi,7,42323,8000,5.29,Critical,6
2026-02-15,NDLS,New Delhi,8,47965,8000,5.996,Critical,6
2026-02-15,NDLS,New Delhi,9,58167,8000,7.271,Critical,6
2026-02-15,NDLS,New Delhi,10,24922,8000,3.115,Critical,6
2026-02-15,NDLS,New Delhi,11,29987,8000,3.748,Critical,6
2026-02-15,NDLS,New Delhi,12,16016,8000,2.002,Critical,6
2026-02-15,NDLS,New Delhi,13,18279,8000,2.285,Critical,6
2026-02-15,NDLS,New Delhi,14,23716,8000,2.965,Critical,6
2026-02-15,NDLS,New Delhi,15,24932,8000,3.116,Critical,6
2026-02-15,NDLS,New Delhi,16,24729,8000,3.091,Critical,6
2026-02-15,NDLS,New Delhi,17,46542,8000,5.818,Critical,6
2026-02-15,NDLS,New Delhi,18,51909,8000,6.489,Critical,6
2026-02-15,NDLS,New Delhi,19,48875,8000,6.109,Critical,6
2026-02-15,NDLS,New Delhi,20,28710,8000,3.589,Critical,6
2026-02-15,NDLS,New Delhi,21,34125,8000,4.266,Critical,6
2026-02-15,NDLS,New Delhi,22,14621,8000,1.828,Critical,6
2026-02-15,NDLS,New Delhi,23,20996,8000,2.624,Critical,6
2026-02-15,CSMT,Mumbai CSMT,0,2053,9000,0.228,Low,6
2026-02-15,CSMT,Mumbai CSMT,1,2539,9000,0.282,Low,6
2026-02-15,CSMT,Mumbai CSMT,2,1728,9000,0.192,Low,6
2026-02-15,CSMT,Mumbai CSMT,3,1546,9000,0.172,Low,6
2026-02-15,CSMT,Mumbai CSMT,4,3104,9000,0.345,Low,6
2026-02-15,CSMT,Mumbai CSMT,5,13722,9000,1.525,Critical,6
2026-02-15,CSMT,Mumbai CSMT,6,11141,9000,1.238,Critical,6
2026-02-15,CSMT,Mumbai CSMT,7,45723,9000,5.08,Critical,6
2026-02-15,CSMT,Mumbai CSMT,8,32429,9000,3.603,Critical,6
2026-02-15,CSMT,Mumbai CSMT,9,36357,9000,4.04,Critical,6
2026-02-15,CSMT,Mumbai CSMT,10,16081,9000,1.787,Critical,6
2026-02-15,CSMT,Mumbai CSMT,11,21971,9000,2.441,Critical,6
2026-02-15,CSMT,Mumbai CSMT,12,17255,9000,1.917,Critical,6
2026-02-15,CSMT,Mumbai CSMT,13,10472,9000,1.164,Critical,6
2026-02-15,CSMT,Mumbai CSMT,14,16201,9000,1.8,Critical,6
2026-02-15,CSMT,Mumbai CSMT,15,27441,9000,3.049,Critical,6
2026-02-15,CSMT,Mumbai CSMT,16,21867,9000,2.43,Critical,6
2026-02-15,CSMT,Mumbai CSMT,17,36389,9000,4.043,Critical,6
2026-02-15,CSMT,Mumbai CSMT,18,37206,9000,4.134,Critical,6
2026-02-15,CSMT,Mumbai CSMT,19,31850,9000,3.539,Critical,6
2026-02-15,CSMT,Mumbai CSMT,20,26348,9000,2.928,Critical,6
2026-02-15,CSMT,Mumbai CSMT,21,19425,9000,2.158,Critical,6
2026-02-15,CSMT,Mumbai CSMT,22,12272,9000,1.364,Critical,6
2026-02-15,CSMT,Mumbai CSMT,23,13525,9000,1.503,Critical,6
2026-02-15,KYN,Kalyan Junction,0,1060,4000,0.265,Low,6
2026-02-15,KYN,Kalyan Junction,1,491,4000,0.123,Low,6
2026-02-15,KYN,Kalyan Junction,2,1027,4000,0.257,Low,6
2026-02-15,KYN,Kalyan Junction,3,1069,4000,0.267,Low,6
2026-02-15,KYN,Kalyan Junction,4,672,4000,0.168,Low,6
2026-02-15,KYN,Kalyan Junction,5,4275,4000,1.069,Critical,6
2026-02-15,KYN,Kalyan Junction,6,4328,4000,1.082,Critical,6
2026-02-15,KYN,Kalyan Junction,7,8541,4000,2.135,Critical,6
2026-02-15,KYN,Kalyan Junction,8,9462,4000,2.365,Critical,6
2026-02-15,KYN,Kalyan Junction,9,10333,4000,2.583,Critical,6
2026-02-15,KYN,Kalyan Junction,10,5859,4000,1.465,Critical,6
2026-02-15,KYN,Kalyan Junction,11,6540,4000,1.635,Critical,6
2026-02-15,KYN,Kalyan Junction,12,5161,4000,1.29,Critical,6
2026-02-15,KYN,Kalyan Junction,13,4018,4000,1.004,Critical,6
2026-02-15,KYN,Kalyan Junction,14,3894,4000,0.974,Critical,6
2026-02-15,KYN,Kalyan Junction,15,6804,4000,1.701,Critical,6
2026-02-15,KYN,Kalyan Junction,16,4127,4000,1.032,Critical,6
2026-02-15,KYN,Kalyan Junction,17,11839,4000,2.96,Critical,6
2026-02-15,KYN,Kalyan Junction,18,8980,4000,2.245,Critical,6
2026-02-15,KYN,Kalyan Junction,19,8840,4000,2.21,Critical,6
2026-02-15,KYN,Kalyan Junction,20,7021,4000,1.755,Critical,6
2026-02-15,KYN,Kalyan Junction,21,5884,4000,1.471,Critical,6
2026-02-15,KYN,Kalyan Junction,22,5450,4000,1.363,Critical,6
2026-02-15,KYN,Kalyan Junction,23,4466,4000,1.117,Critical,6
2026-02-15,NMD,Nashik Road,0,355,2000,0.177,Low,6
2026-02-15,NMD,Nashik Road,1,404,2000,0.202,Low,6
2026-02-15,NMD,Nashik Road,2,539,2000,0.27,Low,6
2026-02-15,NMD,Nashik Road,3,447,2000,0.224,Low,6
2026-02-15,NMD,Nashik Road,4,412,2000,0.206,Low,6
2026-02-15,NMD,Nashik Road,5,2047,2000,1.024,Critical,6
2026-02-15,NMD,Nashik Road,6,1570,2000,0.785,High,6
2026-02-15,NMD,Nashik Road,7,4362,2000,2.181,Critical,6
2026-02-15,NMD,Nashik Road,8,4449,2000,2.224,Critical,6
2026-02-15,NMD,Nashik Road,9,5179,2000,2.59,Critical,6
2026-02-15,NMD,Nashik Road,10,2684,2000,1.342,Critical,6
2026-02-15,NMD,Nashik Road,11,3223,2000,1.611,Critical,6
2026-02-15,NMD,Nashik Road,12,1636,2000,0.818,High,6
2026-02-15,NMD,Nashik Road,13,2279,2000,1.139,Critical,6
2026-02-15,NMD,Nashik Road,14,1396,2000,0.698,Moderate,6
2026-02-15,NMD,Nashik Road,15,2493,2000,1.246,Critical,6
2026-02-15,NMD,Nashik Road,16,2553,2000,1.276,Critical,6
2026-02-15,NMD,Nashik Road,17,5095,2000,2.547,Critical,6
2026-02-15,NMD,Nashik Road,18,5278,2000,2.639,Critical,6
2026-02-15,NMD,Nashik Road,19,3984,2000,1.992,Critical,6
2026-02-15,NMD,Nashik Road,20,2876,2000,1.438,Critical,6
2026-02-15,NMD,Nashik Road,21,2298,2000,1.149,Critical,6
2026-02-15,NMD,Nashik Road,22,1689,2000,0.845,High,6
2026-02-15,NMD,Nashik Road,23,1529,2000,0.764,High,6
2026-02-15,MMR,Manmad Junction,0,145,2500,0.058,Low,6
2026-02-15,MMR,Manmad Junction,1,186,2500,0.074,Low,6
2026-02-15,MMR,Manmad Junction,2,135,2500,0.054,Low,6
2026-02-15,MMR,Manmad Junction,3,220,2500,0.088,Low,6
2026-02-15,MMR,Manmad Junction,4,208,2500,0.083,Low,6
2026-02-15,MMR,Manmad Junction,5,1229,2500,0.492,Moderate,6
2026-02-15,MMR,Manmad Junction,6,1406,2500,0.562,Moderate,6
2026-02-15,MMR,Manmad Junction,7,2201,2500,0.88,High,6
2026-02-15,MMR,Manmad Junction,8,3783,2500,1.513,Critical,6
2026-02-15,MMR,Manmad Junction,9,2508,2500,1.003,Critical,6
2026-02-15,MMR,Manmad Junction,10,1563,2500,0.625,Moderate,6
2026-02-15,MMR,Manmad Junction,11,2128,2500,0.851,High,6
2026-02-15,MMR,Manmad Junction,12,1207,2500,0.483,Moderate,6
2026-02-15,MMR,Manmad Junction,13,1097,2500,0.439,Moderate,6
2026-02-15,MMR,Manmad Junction,14,1019,2500,0.408,Moderate,6
2026-02-15,MMR,Manmad Junction,15,1505,2500,0.602,Moderate,6
2026-02-15,MMR,Manmad Junction,16,1715,2500,0.686,Moderate,6
2026-02-15,MMR,Manmad Junction,17,2455,2500,0.982,Critical,6
2026-02-15,MMR,Manmad Junction,18,3456,2500,1.382,Critical,6
2026-02-15,MMR,Manmad Junction,19,3814,2500,1.526,Critical,6
2026-02-15,MMR,Manmad Junction,20,1952,2500,0.781,High,6
2026-02-15,MMR,Manmad Junction,21,1744,2500,0.698,Moderate,6
2026-02-15,MMR,Manmad Junction,22,1724,2500,0.69,Moderate,6
2026-02-15,MMR,Manmad Junction,23,872,2500,0.349,Low,6
2026-02-15,BSL,Bhusawal Junction,0,344,3000,0.115,Low,6
2026-02-15,BSL,Bhusawal Junction,1,437,3000,0.146,Low,6
2026-02-15,BSL,Bhusawal Junction,2,204,3000,0.068,Low,6
2026-02-15,BSL,Bhusawal Junction,3,250,3000,0.083,Low,6
2026-02-15,BSL,Bhusawal Junction,4,247,3000,0.082,Low,6
2026-02-15,BSL,Bhusawal Junction,5,1783,3000,0.594,Moderate,6
2026-02-15,BSL,Bhusawal Junction,6,1803,3000,0.601,Moderate,6
2026-02-15,BSL,Bhusawal Junction,7,3511,3000,1.17,Critical,6
2026-02-15,BSL,Bhusawal Junction,8,4930,3000,1.643,Critical,6
2026-02-15,BSL,Bhusawal Junction,9,4638,3000,1.546,Critical,6
2026-02-15,BSL,Bhusawal Junction,10,2529,3000,0.843,High,6
2026-02-15,BSL,Bhusawal Junction,11,3363,3000,1.121,Critical,6
2026-02-15,BSL,Bhusawal Junction,12,1872,3000,0.624,Moderate,6
2026-02-15,BSL,Bhusawal Junction,13,1653,3000,0.551,Moderate,6
2026-02-15,BSL,Bhusawal Junction,14,1578,3000,0.526,Moderate,6
2026-02-15,BSL,Bhusawal Junction,15,2658,3000,0.886,High,6
2026-02-15,BSL,Bhusawal Junction,16,2451,3000,0.817,High,6
2026-02-15,BSL,Bhusawal Junction,17,4916,3000,1.639,Critical,6
2026-02-15,BSL,Bhusawal Junction,18,6056,3000,2.019,Critical,6
2026-02-15,BSL,Bhusawal Junction,19,3671,3000,1.224,Critical,6
2026-02-15,BSL,Bhusawal Junction,20,2864,3000,0.955,Critical,6
2026-02-15,BSL,Bhusawal Junction,21,2522,3000,0.841,High,6
2026-02-15,BSL,Bhusawal Junction,22,2067,3000,0.689,Moderate,6
2026-02-15,BSL,Bhusawal Junction,23,2014,3000,0.671,Moderate,6
2026-02-15,ET,Itarsi Junction,0,227,3500,0.065,Low,6
2026-02-15,ET,Itarsi Junction,1,371,3500,0.106,Low,6
2026-02-15,ET,Itarsi Junction,2,469,3500,0.134,Low,6
2026-02-15,ET,Itarsi Junction,3,238,3500,0.068,Low,6
2026-02-15,ET,Itarsi Junction,4,369,3500,0.105,Low,6
2026-02-15,ET,Itarsi Junction,5,1410,3500,0.403,Moderate,6
2026-02-15,ET,Itarsi Junction,6,1763,3500,0.504,Moderate,6
2026-02-15,ET,Itarsi Junction,7,5672,3500,1.621,Critical,6
2026-02-15,ET,Itarsi Junction,8,3594,3500,1.027,Critical,6
2026-02-15,ET,Itarsi Junction,9,3102,3500,0.886,High,6
2026-02-15,ET,Itarsi Junction,10,2370,3500,0.677,Moderate,6
2026-02-15,ET,Itarsi Junction,11,2400,3500,0.686,Moderate,6
2026-02-15,ET,Itarsi Junction,12,1685,3500,0.481,Moderate,6
2026-02-15,ET,Itarsi Junction,13,1595,3500,0.456,Moderate,6
2026-02-15,ET,Itarsi Junction,14,1554,3500,0.444,Moderate,6
2026-02-15,ET,Itarsi Junction,15,2244,3500,0.641,Moderate,6
2026-02-15,ET,Itarsi Junction,16,2794,3500,0.798,High,6
2026-02-15,ET,Itarsi Junction,17,5023,3500,1.435,Critical,6
2026-02-15,ET,Itarsi Junction,18,4975,3500,1.421,Critical,6
2026-02-15,ET,Itarsi Junction,19,4418,3500,1.262,Critical,6
2026-02-15,ET,Itarsi Junction,20,2682,3500,0.766,High,6
2026-02-15,ET,Itarsi Junction,21,2432,3500,0.695,Moderate,6
2026-02-15,ET,Itarsi Junction,22,1502,3500,0.429,Moderate,6
2026-02-15,ET,Itarsi Junction,23,1817,3500,0.519,Moderate,6
2026-02-15,BPL,Bhopal Junction,0,656,3000,0.219,Low,6
2026-02-15,BPL,Bhopal Junction,1,520,3000,0.173,Low,6
2026-02-15,BPL,Bhopal Junction,2,343,3000,0.114,Low,6
2026-02-15,BPL,Bhopal Junction,3,808,3000,0.269,Low,6
2026-02-15,BPL,Bhopal Junction,4,674,3000,0.225,Low,6
2026-02-15,BPL,Bhopal Junction,5,3017,3000,1.006,Critical,6
2026-02-15,BPL,Bhopal Junction,6,2492,3000,0.831,High,6
2026-02-15,BPL,Bhopal Junction,7,9752,3000,3.251,Critical,6
2026-02-15,BPL,Bhopal Junction,8,6844,3000,2.281,Critical,6
2026-02-15,BPL,Bhopal Junction,9,6868,3000,2.289,Critical,6
2026-02-15,BPL,Bhopal Junction,10,3904,3000,1.301,Critical,6
2026-02-15,BPL,Bhopal Junction,11,3503,3000,1.168,Critical,6
2026-02-15,BPL,Bhopal Junction,12,3047,3000,1.016,Critical,6
2026-02-15,BPL,Bhopal Junction,13,2483,3000,0.828,High,6
2026-02-15,BPL,Bhopal Junction,14,2788,3000,0.929,Critical,6
2026-02-15,BPL,Bhopal Junction,15,4343,3000,1.448,Critical,6
2026-02-15,BPL,Bhopal Junction,16,5315,3000,1.772,Critical,6
2026-02-15,BPL,Bhopal Junction,17,8280,3000,2.76,Critical,6
2026-02-15,BPL,Bhopal Junction,18,6625,3000,2.208,Critical,6
2026-02-15,BPL,Bhopal Junction,19,9065,3000,3.022,Critical,6
2026-02-15,BPL,Bhopal Junction,20,4148,3000,1.383,Critical,6
2026-02-15,BPL,Bhopal Junction,21,4868,3000,1.623,Critical,6
2026-02-15,BPL,Bhopal Junction,22,2441,3000,0.814,High,6
2026-02-15,BPL,Bhopal Junction,23,2785,3000,0.928,Critical,6
2026-02-15,JHS,Jhansi Junction,0,518,4000,0.13,Low,6
2026-02-15,JHS,Jhansi Junction,1,279,4000,0.07,Low,6
2026-02-15,JHS,Jhansi Junction,2,566,4000,0.141,Low,6
2026-02-15,JHS,Jhansi Junction,3,514,4000,0.129,Low,6
2026-02-15,JHS,Jhansi Junction,4,384,4000,0.096,Low,6
2026-02-15,JHS,Jhansi Junction,5,2203,4000,0.551,Moderate,6
2026-02-15,JHS,Jhansi Junction,6,1973,4000,0.493,Moderate,6
2026-02-15,JHS,Jhansi Junction,7,6005,4000,1.501,Critical,6
2026-02-15,JHS,Jhansi Junction,8,5420,4000,1.355,Critical,6
2026-02-15,JHS,Jhansi Junction,9,8734,4000,2.183,Critical,6
2026-02-15,JHS,Jhansi Junction,10,2814,4000,0.704,High,6
2026-02-15,JHS,Jhansi Junction,11,4351,4000,1.088,Critical,6
2026-02-15,JHS,Jhansi Junction,12,2478,4000,0.62,Moderate,6
2026-02-15,JHS,Jhansi Junction,13,2409,4000,0.602,Moderate,6
2026-02-15,JHS,Jhansi Junction,14,2179,4000,0.545,Moderate,6
2026-02-15,JHS,Jhansi Junction,15,3900,4000,0.975,Critical,6
2026-02-15,JHS,Jhansi Junction,16,4323,4000,1.081,Critical,6
2026-02-15,JHS,Jhansi Junction,17,3914,4000,0.979,Critical,6
2026-02-15,JHS,Jhansi Junction,18,6762,4000,1.69,Critical,6
2026-02-15,JHS,Jhansi Junction,19,7268,4000,1.817,Critical,6
2026-02-15,JHS,Jhansi Junction,20,4083,4000,1.021,Critical,6
2026-02-15,JHS,Jhansi Junction,21,4924,4000,1.231,Critical,6
2026-02-15,JHS,Jhansi Junction,22,2270,4000,0.568,Moderate,6
2026-02-15,JHS,Jhansi Junction,23,2568,4000,0.642,Moderate,6
2026-02-15,GWL,Gwalior Junction,0,526,2500,0.21,Low,6
2026-02-15,GWL,Gwalior Junction,1,467,2500,0.187,Low,6
2026-02-15,GWL,Gwalior Junction,2,534,2500,0.214,Low,6
2026-02-15,GWL,Gwalior Junction,3,406,2500,0.162,Low,6
2026-02-15,GWL,Gwalior Junction,4,371,2500,0.148,Low,6
2026-02-15,GWL,Gwalior Junction,5,1513,2500,0.605,Moderate,6
2026-02-15,GWL,Gwalior Junction,6,1818,2500,0.727,High,6
2026-02-15,GWL,Gwalior Junction,7,5727,2500,2.291,Critical,6
2026-02-15,GWL,Gwalior Junction,8,5208,2500,2.083,Critical,6
2026-02-15,GWL,Gwalior Junction,9,4183,2500,1.673,Critical,6
2026-02-15,GWL,Gwalior Junction,10,3409,2500,1.364,Critical,6
2026-02-15,GWL,Gwalior Junction,11,1947,2500,0.779,High,6
2026-02-15,GWL,Gwalior Junction,12,2277,2500,0.911,Critical,6
2026-02-15,GWL,Gwalior Junction,13,1813,2500,0.725,High,6
2026-02-15,GWL,Gwalior Junction,14,1817,2500,0.727,High,6
2026-02-15,GWL,Gwalior Junction,15,2907,2500,1.163,Critical,6
2026-02-15,GWL,Gwalior Junction,16,2594,2500,1.038,Critical,6
2026-02-15,GWL,Gwalior Junction,17,4135,2500,1.654,Critical,6
2026-02-15,GWL,Gwalior Junction,18,6239,2500,2.496,Critical,6
2026-02-15,GWL,Gwalior Junction,19,5578,2500,2.231,Critical,6
2026-02-15,GWL,Gwalior Junction,20,2562,2500,1.025,Critical,6
2026-02-15,GWL,Gwalior Junction,21,3416,2500,1.366,Critical,6
2026-02-15,GWL,Gwalior Junction,22,2284,2500,0.914,Critical,6
2026-02-15,GWL,Gwalior Junction,23,1714,2500,0.686,Moderate,6
2026-02-15,AGC,Agra Cantt,0,699,3000,0.233,Low,6
2026-02-15,AGC,Agra Cantt,1,639,3000,0.213,Low,6
2026-02-15,AGC,Agra Cantt,2,427,3000,0.142,Low,6
2026-02-15,AGC,Agra Cantt,3,533,3000,0.178,Low,6
2026-02-15,AGC,Agra Cantt,4,373,3000,0.124,Low,6
2026-02-15,AGC,Agra Cantt,5,2218,3000,0.739,High,6
2026-02-15,AGC,Agra Cantt,6,2403,3000,0.801,High,6
2026-02-15,AGC,Agra Cantt,7,5716,3000,1.905,Critical,6
2026-02-15,AGC,Agra Cantt,8,8635,3000,2.878,Critical,6
2026-02-15,AGC,Agra Cantt,9,8800,3000,2.933,Critical,6
2026-02-15,AGC,Agra Cantt,10,3296,3000,1.099,Critical,6
2026-02-15,AGC,Agra Cantt,11,4396,3000,1.465,Critical,6
2026-02-15,AGC,Agra Cantt,12,3089,3000,1.03,Critical,6
2026-02-15,AGC,Agra Cantt,13,2196,3000,0.732,High,6
2026-02-15,AGC,Agra Cantt,14,2512,3000,0.837,High,6
2026-02-15,AGC,Agra Cantt,15,4756,3000,1.585,Critical,6
2026-02-15,AGC,Agra Cantt,16,3630,3000,1.21,Critical,6
2026-02-15,AGC,Agra Cantt,17,6884,3000,2.295,Critical,6
2026-02-15,AGC,Agra Cantt,18,7948,3000,2.649,Critical,6
2026-02-15,AGC,Agra Cantt,19,8081,3000,2.694,Critical,6
2026-02-15,AGC,Agra Cantt,20,3202,3000,1.067,Critical,6
2026-02-15,AGC,Agra Cantt,21,5160,3000,1.72,Critical,6
2026-02-15,AGC,Agra Cantt,22,3419,3000,1.14,Critical,6
2026-02-15,AGC,Agra Cantt,23,3062,3000,1.021,Critical,6
2026-02-14,MMCT,Mumbai Central,0,895,4000,0.224,Low,5
2026-02-14,MMCT,Mumbai Central,1,718,4000,0.179,Low,5
2026-02-14,MMCT,Mumbai Central,2,1337,4000,0.334,Low,5
2026-02-14,MMCT,Mumbai Central,3,840,4000,0.21,Low,5
2026-02-14,MMCT,Mumbai Central,4,704,4000,0.176,Low,5
2026-02-14,MMCT,Mumbai Central,5,4877,4000,1.219,Critical,5
2026-02-14,MMCT,Mumbai Central,6,7119,4000,1.78,Critical,5
2026-02-14,MMCT,Mumbai Central,7,13775,4000,3.444,Critical,5
2026-02-14,MMCT,Mumbai Central,8,14158,4000,3.539,Critical,5
2026-02-14,MMCT,Mumbai Central,9,21374,4000,5.343,Critical,5
2026-02-14,MMCT,Mumbai Central,10,10884,4000,2.721,Critical,5
2026-02-14,MMCT,Mumbai Central,11,12143,4000,3.036,Critical,5
2026-02-14,MMCT,Mumbai Central,12,5512,4000,1.378,Critical,5
2026-02-14,MMCT,Mumbai Central,13,8607,4000,2.152,Critical,5
2026-02-14,MMCT,Mumbai Central,14,6439,4000,1.61,Critical,5
2026-02-14,MMCT,Mumbai Central,15,7067,4000,1.767,Critical,5
2026-02-14,MMCT,Mumbai Central,16,10422,4000,2.606,Critical,5
2026-02-14,MMCT,Mumbai Central,17,16338,4000,4.085,Critical,5
2026-02-14,MMCT,Mumbai Central,18,15522,4000,3.881,Critical,5
2026-02-14,MMCT,Mumbai Central,19,15830,4000,3.958,Critical,5
2026-02-14,MMCT,Mumbai Central,20,10787,4000,2.697,Critical,5
2026-02-14,MMCT,Mumbai Central,21,9512,4000,2.378,Critical,5
2026-02-14,MMCT,Mumbai Central,22,6442,4000,1.611,Critical,5
2026-02-14,MMCT,Mumbai Central,23,6851,4000,1.713,Critical,5
2026-02-14,BVI,Borivali,0,446,3000,0.149,Low,5
2026-02-14,BVI,Borivali,1,1018,3000,0.339,Low,5
2026-02-14,BVI,Borivali,2,657,3000,0.219,Low,5
2026-02-14,BVI,Borivali,3,652,3000,0.217,Low,5
2026-02-14,BVI,Borivali,4,627,3000,0.209,Low,5
2026-02-14,BVI,Borivali,5,3991,3000,1.33,Critical,5
2026-02-14,BVI,Borivali,6,3743,3000,1.248,Critical,5
2026-02-14,BVI,Borivali,7,6520,3000,2.173,Critical,5
2026-02-14,BVI,Borivali,8,8232,3000,2.744,Critical,5
2026-02-14,BVI,Borivali,9,12465,3000,4.155,Critical,5
2026-02-14,BVI,Borivali,10,6769,3000,2.256,Critical,5
2026-02-14,BVI,Borivali,11,5353,3000,1.784,Critical,5
2026-02-14,BVI,Borivali,12,2309,3000,0.77,High,5
2026-02-14,BVI,Borivali,13,4364,3000,1.455,Critical,5
2026-02-14,BVI,Borivali,14,3084,3000,1.028,Critical,5
2026-02-14,BVI,Borivali,15,4352,3000,1.451,Critical,5
2026-02-14,BVI,Borivali,16,5071,3000,1.69,Critical,5
2026-02-14,BVI,Borivali,17,9985,3000,3.328,Critical,5
2026-02-14,BVI,Borivali,18,12821,3000,4.274,Critical,5
2026-02-14,BVI,Borivali,19,11000,3000,3.667,Critical,5
2026-02-14,BVI,Borivali,20,4977,3000,1.659,Critical,5
2026-02-14,BVI,Borivali,21,5814,3000,1.938,Critical,5
2026-02-14,BVI,Borivali,22,3309,3000,1.103,Critical,5
2026-02-14,BVI,Borivali,23,3334,3000,1.111,Critical,5
2026-02-14,BL,Valsad,0,149,1500,0.099,Low,5
2026-02-14,BL,Valsad,1,98,1500,0.065,Low,5
2026-02-14,BL,Valsad,2,139,1500,0.093,Low,5
2026-02-14,BL,Valsad,3,99,1500,0.066,Low,5
2026-02-14,BL,Valsad,4,164,1500,0.109,Low,5
2026-02-14,BL,Valsad,5,619,1500,0.413,Moderate,5
2026-02-14,BL,Valsad,6,524,1500,0.349,Low,5
2026-02-14,BL,Valsad,7,1408,1500,0.939,Critical,5
2026-02-14,BL,Valsad,8,1732,1500,1.155,Critical,5
2026-02-14,BL,Valsad,9,1834,1500,1.223,Critical,5
2026-02-14,BL,Valsad,10,1166,1500,0.777,High,5
2026-02-14,BL,Valsad,11,1062,1500,0.708,High,5
2026-02-14,BL,Valsad,12,586,1500,0.391,Low,5
2026-02-14,BL,Valsad,13,434,1500,0.289,Low,5
2026-02-14,BL,Valsad,14,460,1500,0.307,Low,5
2026-02-14,BL,Valsad,15,1092,1500,0.728,High,5
2026-02-14,BL,Valsad,16,735,1500,0.49,Moderate,5
2026-02-14,BL,Valsad,17,1663,1500,1.109,Critical,5
2026-02-14,BL,Valsad,18,1731,1500,1.154,Critical,5
2026-02-14,BL,Valsad,19,1374,1500,0.916,Critical,5
2026-02-14,BL,Valsad,20,924,1500,0.616,Moderate,5
2026-02-14,BL,Valsad,21,696,1500,0.464,Moderate,5
2026-02-14,BL,Valsad,22,727,1500,0.485,Moderate,5
2026-02-14,BL,Valsad,23,689,1500,0.459,Moderate,5
2026-02-14,ST,Surat,0,613,3000,0.204,Low,5
2026-02-14,ST,Surat,1,1083,3000,0.361,Low,5
2026-02-14,ST,Surat,2,579,3000,0.193,Low,5
2026-02-14,ST,Surat,3,922,3000,0.307,Low,5
2026-02-14,ST,Surat,4,469,3000,0.156,Low,5
2026-02-14,ST,Surat,5,3941,3000,1.314,Critical,5
2026-02-14,ST,Surat,6,3869,3000,1.29,Critical,5
2026-02-14,ST,Surat,7,15259,3000,5.086,Critical,5
2026-02-14,ST,Surat,8,10027,3000,3.342,Critical,5
2026-02-14,ST,Surat,9,9353,3000,3.118,Critical,5
2026-02-14,ST,Surat,10,7188,3000,2.396,Critical,5
2026-02-14,ST,Surat,11,5845,3000,1.948,Critical,5
2026-02-14,ST,Surat,12,3887,3000,1.296,Critical,5
2026-02-14,ST,Surat,13,4280,3000,1.427,Critical,5
2026-02-14,ST,Surat,14,2796,3000,0.932,Critical,5
2026-02-14,ST,Surat,15,5444,3000,1.815,Critical,5
2026-02-14,ST,Surat,16,5250,3000,1.75,Critical,5
2026-02-14,ST,Surat,17,9608,3000,3.203,Critical,5
2026-02-14,ST,Surat,18,14112,3000,4.704,Critical,5
2026-02-14,ST,Surat,19,9661,3000,3.22,Critical,5
2026-02-14,ST,Surat,20,7234,3000,2.411,Critical,5
2026-02-14,ST,Surat,21,7575,3000,2.525,Critical,5
2026-02-14,ST,Surat,22,4572,3000,1.524,Critical,5
2026-02-14,ST,Surat,23,2984,3000,0.995,Critical,5
2026-02-14,BRC,Vadodara Junction,0,788,3500,0.225,Low,5
2026-02-14,BRC,Vadodara Junction,1,446,3500,0.127,Low,5
2026-02-14,BRC,Vadodara Junction,2,399,3500,0.114,Low,5
2026-02-14,BRC,Vadodara Junction,3,418,3500,0.119,Low,5
2026-02-14,BRC,Vadodara Junction,4,774,3500,0.221,Low,5
2026-02-14,BRC,Vadodara Junction,5,3595,3500,1.027,Critical,5
2026-02-14,BRC,Vadodara Junction,6,3353,3500,0.958,Critical,5
2026-02-14,BRC,Vadodara Junction,7,7137,3500,2.039,Critical,5
2026-02-14,BRC,Vadodara Junction,8,9760,3500,2.789,Critical,5
2026-02-14,BRC,Vadodara Junction,9,8106,3500,2.316,Critical,5
2026-02-14,BRC,Vadodara Junction,10,4057,3500,1.159,Critical,5
2026-02-14,BRC,Vadodara Junction,11,4680,3500,1.337,Critical,5
2026-02-14,BRC,Vadodara Junction,12,3566,3500,1.019,Critical,5
2026-02-14,BRC,Vadodara Junction,13,2940,3500,0.84,High,5
2026-02-14,BRC,Vadodara Junction,14,2665,3500,0.761,High,5
2026-02-14,BRC,Vadodara Junction,15,6345,3500,1.813,Critical,5
2026-02-14,BRC,Vadodara Junction,16,4853,3500,1.387,Critical,5
2026-02-14,BRC,Vadodara Junction,17,10705,3500,3.059,Critical,5
2026-02-14,BRC,Vadodara Junction,18,6971,3500,1.992,Critical,5
2026-02-14,BRC,Vadodara Junction,19,10940,3500,3.126,Critical,5
2026-02-14,BRC,Vadodara Junction,20,4772,3500,1.363,Critical,5
2026-02-14,BRC,Vadodara Junction,21,3555,3500,1.016,Critical,5
2026-02-14,BRC,Vadodara Junction,22,2785,3500,0.796,High,5
2026-02-14,BRC,Vadodara Junction,23,4158,3500,1.188,Critical,5
2026-02-14,RTM,Ratlam Junction,0,220,2500,0.088,Low,5
2026-02-14,RTM,Ratlam Junction,1,317,2500,0.127,Low,5
2026-02-14,RTM,Ratlam Junction,2,262,2500,0.105,Low,5
2026-02-14,RTM,Ratlam Junction,3,393,2500,0.157,Low,5
2026-02-14,RTM,Ratlam Junction,4,265,2500,0.106,Low,5
2026-02-14,RTM,Ratlam Junction,5,1576,2500,0.63,Moderate,5
2026-02-14,RTM,Ratlam Junction,6,1432,2500,0.573,Moderate,5
2026-02-14,RTM,Ratlam Junction,7,4418,2500,1.767,Critical,5
2026-02-14,RTM,Ratlam Junction,8,4910,2500,1.964,Critical,5
2026-02-14,RTM,Ratlam Junction,9,5311,2500,2.124,Critical,5
2026-02-14,RTM,Ratlam Junction,10,2191,2500,0.876,High,5
2026-02-14,RTM,Ratlam Junction,11,2109,2500,0.844,High,5
2026-02-14,RTM,Ratlam Junction,12,1594,2500,0.638,Moderate,5
2026-02-14,RTM,Ratlam Junction,13,1096,2500,0.438,Moderate,5
2026-02-14,RTM,Ratlam Junction,14,1144,2500,0.458,Moderate,5
2026-02-14,RTM,Ratlam Junction,15,2987,2500,1.195,Critical,5
2026-02-14,RTM,Ratlam Junction,16,1973,2500,0.789,High,5
2026-02-14,RTM,Ratlam Junction,17,2689,2500,1.076,Critical,5
2026-02-14,RTM,Ratlam Junction,18,4596,2500,1.838,Critical,5
2026-02-14,RTM,Ratlam Junction,19,4426,2500,1.77,Critical,5
2026-02-14,RTM,Ratlam Junction,20,1788,2500,0.715,High,5
2026-02-14,RTM,Ratlam Junction,21,2308,2500,0.923,Critical,5
2026-02-14,RTM,Ratlam Junction,22,1340,2500,0.536,Moderate,5
2026-02-14,RTM,Ratlam Junction,23,1959,2500,0.784,High,5
2026-02-14,KOTA,Kota Junction,0,629,3000,0.21,Low,5
2026-02-14,KOTA,Kota Junction,1,503,3000,0.168,Low,5
2026-02-14,KOTA,Kota Junction,2,458,3000,0.153,Low,5
2026-02-14,KOTA,Kota Junction,3,386,3000,0.129,Low,5
2026-02-14,KOTA,Kota Junction,4,438,3000,0.146,Low,5
2026-02-14,KOTA,Kota Junction,5,2592,3000,0.864,High,5
2026-02-14,KOTA,Kota Junction,6,1921,3000,0.64,Moderate,5
2026-02-14,KOTA,Kota Junction,7,8505,3000,2.835,Critical,5
2026-02-14,KOTA,Kota Junction,8,4870,3000,1.623,Critical,5
2026-02-14,KOTA,Kota Junction,9,7389,3000,2.463,Critical,5
2026-02-14,KOTA,Kota Junction,10,3036,3000,1.012,Critical,5
2026-02-14,KOTA,Kota Junction,11,3766,3000,1.255,Critical,5
2026-02-14,KOTA,Kota Junction,12,1443,3000,0.481,Moderate,5
2026-02-14,KOTA,Kota Junction,13,2056,3000,0.685,Moderate,5
2026-02-14,KOTA,Kota Junction,14,2732,3000,0.911,Critical,5
2026-02-14,KOTA,Kota Junction,15,2513,3000,0.838,High,5
2026-02-14,KOTA,Kota Junction,16,3353,3000,1.118,Critical,5
2026-02-14,KOTA,Kota Junction,17,5760,3000,1.92,Critical,5
2026-02-14,KOTA,Kota Junction,18,4524,3000,1.508,Critical,5
2026-02-14,KOTA,Kota Junction,19,6156,3000,2.052,Critical,5
2026-02-14,KOTA,Kota Junction,20,2359,3000,0.786,High,5
2026-02-14,KOTA,Kota Junction,21,2709,3000,0.903,Critical,5
2026-02-14,KOTA,Kota Junction,22,2154,3000,0.718,High,5
2026-02-14,KOTA,Kota Junction,23,2028,3000,0.676,Moderate,5
2026-02-14,SWM,Sawai Madhopur,0,105,2000,0.052,Low,5
2026-02-14,SWM,Sawai Madhopur,1,96,2000,0.048,Low,5
2026-02-14,SWM,Sawai Madhopur,2,275,2000,0.138,Low,5
2026-02-14,SWM,Sawai Madhopur,3,230,2000,0.115,Low,5
2026-02-14,SWM,Sawai Madhopur,4,211,2000,0.105,Low,5
2026-02-14,SWM,Sawai Madhopur,5,754,2000,0.377,Low,5
2026-02-14,SWM,Sawai Madhopur,6,622,2000,0.311,Low,5
2026-02-14,SWM,Sawai Madhopur,7,2312,2000,1.156,Critical,5
2026-02-14,SWM,Sawai Madhopur,8,2690,2000,1.345,Critical,5
2026-02-14,SWM,Sawai Madhopur,9,2477,2000,1.238,Critical,5
2026-02-14,SWM,Sawai Madhopur,10,1131,2000,0.566,Moderate,5
2026-02-14,SWM,Sawai Madhopur,11,1392,2000,0.696,Moderate,5
2026-02-14,SWM,Sawai Madhopur,12,865,2000,0.432,Moderate,5
2026-02-14,SWM,Sawai Madhopur,13,950,2000,0.475,Moderate,5
2026-02-14,SWM,Sawai Madhopur,14,918,2000,0.459,Moderate,5
2026-02-14,SWM,Sawai Madhopur,15,1401,2000,0.701,High,5
2026-02-14,SWM,Sawai Madhopur,16,1594,2000,0.797,High,5
2026-02-14,SWM,Sawai Madhopur,17,1924,2000,0.962,Critical,5
2026-02-14,SWM,Sawai Madhopur,18,1760,2000,0.88,High,5
2026-02-14,SWM,Sawai Madhopur,19,2210,2000,1.105,Critical,5
2026-02-14,SWM,Sawai Madhopur,20,1224,2000,0.612,Moderate,5
2026-02-14,SWM,Sawai Madhopur,21,1188,2000,0.594,Moderate,5
2026-02-14,SWM,Sawai Madhopur,22,927,2000,0.464,Moderate,5
2026-02-14,SWM,Sawai Madhopur,23,1025,2000,0.512,Moderate,5
2026-02-14,MTJ,Mathura Junction,0,346,3000,0.115,Low,5
2026-02-14,MTJ,Mathura Junction,1,579,3000,0.193,Low,5
2026-02-14,MTJ,Mathura Junction,2,323,3000,0.108,Low,5
2026-02-14,MTJ,Mathura Junction,3,430,3000,0.143,Low,5
2026-02-14,MTJ,Mathura Junction,4,566,3000,0.189,Low,5
2026-02-14,MTJ,Mathura Junction,5,2039,3000,0.68,Moderate,5
2026-02-14,MTJ,Mathura Junction,6,2563,3000,0.854,High,5
2026-02-14,MTJ,Mathura Junction,7,5526,3000,1.842,Critical,5
2026-02-14,MTJ,Mathura Junction,8,6414,3000,2.138,Critical,5
2026-02-14,MTJ,Mathura Junction,9,8043,3000,2.681,Critical,5
2026-02-14,MTJ,Mathura Junction,10,3384,3000,1.128,Critical,5
2026-02-14,MTJ,Mathura Junction,11,3228,3000,1.076,Critical,5
2026-02-14,MTJ,Mathura Junction,12,2298,3000,0.766,High,5
2026-02-14,MTJ,Mathura Junction,13,2448,3000,0.816,High,5
2026-02-14,MTJ,Mathura Junction,14,2062,3000,0.687,Moderate,5
2026-02-14,MTJ,Mathura Junction,15,3077,3000,1.026,Critical,5
2026-02-14,MTJ,Mathura Junction,16,4534,3000,1.511,Critical,5
2026-02-14,MTJ,Mathura Junction,17,5403,3000,1.801,Critical,5
2026-02-14,MTJ,Mathura Junction,18,6126,3000,2.042,Critical,5
2026-02-14,MTJ,Mathura Junction,19,7142,3000,2.381,Critical,5
2026-02-14,MTJ,Mathura Junction,20,3537,3000,1.179,Critical,5
2026-02-14,MTJ,Mathura Junction,21,3457,3000,1.152,Critical,5
2026-02-14,MTJ,Mathura Junction,22,1946,3000,0.649,Moderate,5
2026-02-14,MTJ,Mathura Junction,23,2482,3000,0.827,High,5
2026-02-14,NDLS,New Delhi,0,4869,8000,0.609,Moderate,5
2026-02-14,NDLS,New Delhi,1,4546,8000,0.568,Moderate,5
2026-02-14,NDLS,New Delhi,2,5176,8000,0.647,Moderate,5
2026-02-14,NDLS,New Delhi,3,4710,8000,0.589,Moderate,5
2026-02-14,NDLS,New Delhi,4,2283,8000,0.285,Low,5
2026-02-14,NDLS,New Delhi,5,23224,8000,2.903,Critical,5
2026-02-14,NDLS,New Delhi,6,21436,8000,2.679,Critical,5
2026-02-14,NDLS,New Delhi,7,59439,8000,7.43,Critical,5
2026-02-14,NDLS,New Delhi,8,56148,8000,7.019,Critical,5
2026-02-14,NDLS,New Delhi,9,52288,8000,6.536,Critical,5
2026-02-14,NDLS,New Delhi,10,29471,8000,3.684,Critical,5
2026-02-14,NDLS,New Delhi,11,30344,8000,3.793,Critical,5
2026-02-14,NDLS,New Delhi,12,24252,8000,3.031,Critical,5
2026-02-14,NDLS,New Delhi,13,19081,8000,2.385,Critical,5
2026-02-14,NDLS,New Delhi,14,21942,8000,2.743,Critical,5
2026-02-14,NDLS,New Delhi,15,23956,8000,2.994,Critical,5
2026-02-14,NDLS,New Delhi,16,21811,8000,2.726,Critical,5
2026-02-14,NDLS,New Delhi,17,59856,8000,7.482,Critical,5
2026-02-14,NDLS,New Delhi,18,44091,8000,5.511,Critical,5
2026-02-14,NDLS,New Delhi,19,56678,8000,7.085,Critical,5
2026-02-14,NDLS,New Delhi,20,30358,8000,3.795,Critical,5
2026-02-14,NDLS,New Delhi,21,35020,8000,4.378,Critical,5
2026-02-14,NDLS,New Delhi,22,16601,8000,2.075,Critical,5
2026-02-14,NDLS,New Delhi,23,14112,8000,1.764,Critical,5
2026-02-14,CSMT,Mumbai CSMT,0,2984,9000,0.332,Low,5
2026-02-14,CSMT,Mumbai CSMT,1,2513,9000,0.279,Low,5
2026-02-14,CSMT,Mumbai CSMT,2,3808,9000,0.423,Moderate,5
2026-02-14,CSMT,Mumbai CSMT,3,1735,9000,0.193,Low,5
2026-02-14,CSMT,Mumbai CSMT,4,3913,9000,0.435,Moderate,5
2026-02-14,CSMT,Mumbai CSMT,5,14882,9000,1.654,Critical,5
2026-02-14,CSMT,Mumbai CSMT,6,13130,9000,1.459,Critical,5
2026-02-14,CSMT,Mumbai CSMT,7,38706,9000,4.301,Critical,5
2026-02-14,CSMT,Mumbai CSMT,8,40678,9000,4.52,Critical,5
2026-02-14,CSMT,Mumbai CSMT,9,45716,9000,5.08,Critical,5
2026-02-14,CSMT,Mumbai CSMT,10,16047,9000,1.783,Critical,5
2026-02-14,CSMT,Mumbai CSMT,11,22239,9000,2.471,Critical,5
2026-02-14,CSMT,Mumbai CSMT,12,11547,9000,1.283,Critical,5
2026-02-14,CSMT,Mumbai CSMT,13,10001,9000,1.111,Critical,5
2026-02-14,CSMT,Mumbai CSMT,14,12382,9000,1.376,Critical,5
2026-02-14,CSMT,Mumbai CSMT,15,22777,9000,2.531,Critical,5
2026-02-14,CSMT,Mumbai CSMT,16,20030,9000,2.226,Critical,5
2026-02-14,CSMT,Mumbai CSMT,17,28561,9000,3.173,Critical,5
2026-02-14,CSMT,Mumbai CSMT,18,45275,9000,5.031,Critical,5
2026-02-14,CSMT,Mumbai CSMT,19,40077,9000,4.453,Critical,5
2026-02-14,CSMT,Mumbai CSMT,20,18903,9000,2.1,Critical,5
2026-02-14,CSMT,Mumbai CSMT,21,22393,9000,2.488,Critical,5
2026-02-14,CSMT,Mumbai CSMT,22,13534,9000,1.504,Critical,5
2026-02-14,CSMT,Mumbai CSMT,23,15541,9000,1.727,Critical,5
2026-02-14,KYN,Kalyan Junction,0,929,4000,0.232,Low,5
2026-02-14,KYN,Kalyan Junction,1,794,4000,0.199,Low,5
2026-02-14,KYN,Kalyan Junction,2,1142,4000,0.285,Low,5
2026-02-14,KYN,Kalyan Junction,3,665,4000,0.166,Low,5
2026-02-14,KYN,Kalyan Junction,4,690,4000,0.172,Low,5
2026-02-14,KYN,Kalyan Junction,5,3712,4000,0.928,Critical,5
2026-02-14,KYN,Kalyan Junction,6,3921,4000,0.98,Critical,5
2026-02-14,KYN,Kalyan Junction,7,9448,4000,2.362,Critical,5
2026-02-14,KYN,Kalyan Junction,8,11019,4000,2.755,Critical,5
2026-02-14,KYN,Kalyan Junction,9,14370,4000,3.592,Critical,5
2026-02-14,KYN,Kalyan Junction,10,6052,4000,1.513,Critical,5
2026-02-14,KYN,Kalyan Junction,11,6177,4000,1.544,Critical,5
2026-02-14,KYN,Kalyan Junction,12,4815,4000,1.204,Critical,5
2026-02-14,KYN,Kalyan Junction,13,3630,4000,0.907,Critical,5
2026-02-14,KYN,Kalyan Junction,14,3663,4000,0.916,Critical,5
2026-02-14,KYN,Kalyan Junction,15,7621,4000,1.905,Critical,5
2026-02-14,KYN,Kalyan Junction,16,4929,4000,1.232,Critical,5
2026-02-14,KYN,Kalyan Junction,17,14386,4000,3.596,Critical,5
2026-02-14,KYN,Kalyan Junction,18,10773,4000,2.693,Critical,5
2026-02-14,KYN,Kalyan Junction,19,12193,4000,3.048,Critical,5
2026-02-14,KYN,Kalyan Junction,20,6050,4000,1.512,Critical,5
2026-02-14,KYN,Kalyan Junction,21,4979,4000,1.245,Critical,5
2026-02-14,KYN,Kalyan Junction,22,4935,4000,1.234,Critical,5
2026-02-14,KYN,Kalyan Junction,23,5200,4000,1.3,Critical,5
2026-02-14,NMD,Nashik Road,0,449,2000,0.225,Low,5
2026-02-14,NMD,Nashik Road,1,426,2000,0.213,Low,5
2026-02-14,NMD,Nashik Road,2,309,2000,0.154,Low,5
2026-02-14,NMD,Nashik Road,3,210,2000,0.105,Low,5
2026-02-14,NMD,Nashik Road,4,186,2000,0.093,Low,5
2026-02-14,NMD,Nashik Road,5,1207,2000,0.604,Moderate,5
2026-02-14,NMD,Nashik Road,6,1569,2000,0.784,High,5
2026-02-14,NMD,Nashik Road,7,6665,2000,3.333,Critical,5
2026-02-14,NMD,Nashik Road,8,4643,2000,2.321,Critical,5
2026-02-14,NMD,Nashik Road,9,3332,2000,1.666,Critical,5
2026-02-14,NMD,Nashik Road,10,2196,2000,1.098,Critical,5
2026-02-14,NMD,Nashik Road,11,2903,2000,1.452,Critical,5
2026-02-14,NMD,Nashik Road,12,1894,2000,0.947,Critical,5
2026-02-14,NMD,Nashik Road,13,1413,2000,0.707,High,5
2026-02-14,NMD,Nashik Road,14,1920,2000,0.96,Critical,5
2026-02-14,NMD,Nashik Road,15,2362,2000,1.181,Critical,5
2026-02-14,NMD,Nashik Road,16,2163,2000,1.081,Critical,5
2026-02-14,NMD,Nashik Road,17,3242,2000,1.621,Critical,5
2026-02-14,NMD,Nashik Road,18,4198,2000,2.099,Critical,5
2026-02-14,NMD,Nashik Road,19,3018,2000,1.509,Critical,5
2026-02-14,NMD,Nashik Road,20,1937,2000,0.969,Critical,5
2026-02-14,NMD,Nashik Road,21,2878,2000,1.439,Critical,5
2026-02-14,NMD,Nashik Road,22,1968,2000,0.984,Critical,5
2026-02-14,NMD,Nashik Road,23,1483,2000,0.742,High,5
2026-02-14,MMR,Manmad Junction,0,268,2500,0.107,Low,5
2026-02-14,MMR,Manmad Junction,1,274,2500,0.11,Low,5
2026-02-14,MMR,Manmad Junction,2,241,2500,0.096,Low,5
2026-02-14,MMR,Manmad Junction,3,141,2500,0.056,Low,5
2026-02-14,MMR,Manmad Junction,4,166,2500,0.066,Low,5
2026-02-14,MMR,Manmad Junction,5,1537,2500,0.615,Moderate,5
2026-02-14,MMR,Manmad Junction,6,1366,2500,0.546,Moderate,5
2026-02-14,MMR,Manmad Junction,7,3720,2500,1.488,Critical,5
2026-02-14,MMR,Manmad Junction,8,3944,2500,1.578,Critical,5
2026-02-14,MMR,Manmad Junction,9,2747,2500,1.099,Critical,5
2026-02-14,MMR,Manmad Junction,10,1716,2500,0.686,Moderate,5
2026-02-14,MMR,Manmad Junction,11,1433,2500,0.573,Moderate,5
2026-02-14,MMR,Manmad Junction,12,1214,2500,0.486,Moderate,5
2026-02-14,MMR,Manmad Junction,13,1383,2500,0.553,Moderate,5
2026-02-14,MMR,Manmad Junction,14,940,2500,0.376,Low,5
2026-02-14,MMR,Manmad Junction,15,1909,2500,0.764,High,5
2026-02-14,MMR,Manmad Junction,16,2328,2500,0.931,Critical,5
2026-02-14,MMR,Manmad Junction,17,3506,2500,1.402,Critical,5
2026-02-14,MMR,Manmad Junction,18,2363,2500,0.945,Critical,5
2026-02-14,MMR,Manmad Junction,19,2166,2500,0.866,High,5
2026-02-14,MMR,Manmad Junction,20,1523,2500,0.609,Moderate,5
2026-02-14,MMR,Manmad Junction,21,1883,2500,0.753,High,5
2026-02-14,MMR,Manmad Junction,22,1484,2500,0.594,Moderate,5
2026-02-14,MMR,Manmad Junction,23,1482,2500,0.593,Moderate,5
2026-02-14,BSL,Bhusawal Junction,0,308,3000,0.103,Low,5
2026-02-14,BSL,Bhusawal Junction,1,314,3000,0.105,Low,5
2026-02-14,BSL,Bhusawal Junction,2,416,3000,0.139,Low,5
2026-02-14,BSL,Bhusawal Junction,3,283,3000,0.094,Low,5
2026-02-14,BSL,Bhusawal Junction,4,231,3000,0.077,Low,5
2026-02-14,BSL,Bhusawal Junction,5,1771,3000,0.59,Moderate,5
2026-02-14,BSL,Bhusawal Junction,6,1361,3000,0.454,Moderate,5
2026-02-14,BSL,Bhusawal Junction,7,4223,3000,1.408,Critical,5
2026-02-14,BSL,Bhusawal Junction,8,3427,3000,1.142,Critical,5
2026-02-14,BSL,Bhusawal Junction,9,5433,3000,1.811,Critical,5
2026-02-14,BSL,Bhusawal Junction,10,3239,3000,1.08,Critical,5
2026-02-14,BSL,Bhusawal Junction,11,3462,3000,1.154,Critical,5
2026-02-14,BSL,Bhusawal Junction,12,2081,3000,0.694,Moderate,5
2026-02-14,BSL,Bhusawal Junction,13,1629,3000,0.543,Moderate,5
2026-02-14,BSL,Bhusawal Junction,14,2009,3000,0.67,Moderate,5
2026-02-14,BSL,Bhusawal Junction,15,2609,3000,0.87,High,5
2026-02-14,BSL,Bhusawal Junction,16,3865,3000,1.288,Critical,5
2026-02-14,BSL,Bhusawal Junction,17,5891,3000,1.964,Critical,5
2026-02-14,BSL,Bhusawal Junction,18,4415,3000,1.472,Critical,5
2026-02-14,BSL,Bhusawal Junction,19,6377,3000,2.126,Critical,5
2026-02-14,BSL,Bhusawal Junction,20,2027,3000,0.676,Moderate,5
2026-02-14,BSL,Bhusawal Junction,21,1880,3000,0.627,Moderate,5
2026-02-14,BSL,Bhusawal Junction,22,2053,3000,0.684,Moderate,5
2026-02-14,BSL,Bhusawal Junction,23,1511,3000,0.504,Moderate,5
2026-02-14,ET,Itarsi Junction,0,292,3500,0.083,Low,5
2026-02-14,ET,Itarsi Junction,1,463,3500,0.132,Low,5
2026-02-14,ET,Itarsi Junction,2,441,3500,0.126,Low,5
2026-02-14,ET,Itarsi Junction,3,412,3500,0.118,Low,5
2026-02-14,ET,Itarsi Junction,4,377,3500,0.108,Low,5
2026-02-14,ET,Itarsi Junction,5,1810,3500,0.517,Moderate,5
2026-02-14,ET,Itarsi Junction,6,1592,3500,0.455,Moderate,5
2026-02-14,ET,Itarsi Junction,7,5395,3500,1.541,Critical,5
2026-02-14,ET,Itarsi Junction,8,3700,3500,1.057,Critical,5
2026-02-14,ET,Itarsi Junction,9,5697,3500,1.628,Critical,5
2026-02-14,ET,Itarsi Junction,10,3028,3500,0.865,High,5
2026-02-14,ET,Itarsi Junction,11,2378,3500,0.679,Moderate,5
2026-02-14,ET,Itarsi Junction,12,1496,3500,0.427,Moderate,5
2026-02-14,ET,Itarsi Junction,13,1639,3500,0.468,Moderate,5
2026-02-14,ET,Itarsi Junction,14,1582,3500,0.452,Moderate,5
2026-02-14,ET,Itarsi Junction,15,2432,3500,0.695,Moderate,5
2026-02-14,ET,Itarsi Junction,16,2759,3500,0.788,High,5
2026-02-14,ET,Itarsi Junction,17,5255,3500,1.501,Critical,5
2026-02-14,ET,Itarsi Junction,18,5603,3500,1.601,Critical,5
2026-02-14,ET,Itarsi Junction,19,3802,3500,1.086,Critical,5
2026-02-14,ET,Itarsi Junction,20,2129,3500,0.608,Moderate,5
2026-02-14,ET,Itarsi Junction,21,2483,3500,0.709,High,5
2026-02-14,ET,Itarsi Junction,22,1774,3500,0.507,Moderate,5
2026-02-14,ET,Itarsi Junction,23,1799,3500,0.514,Moderate,5
2026-02-14,BPL,Bhopal Junction,0,308,3000,0.103,Low,5
2026-02-14,BPL,Bhopal Junction,1,512,3000,0.171,Low,5
2026-02-14,BPL,Bhopal Junction,2,620,3000,0.207,Low,5
2026-02-14,BPL,Bhopal Junction,3,843,3000,0.281,Low,5
2026-02-14,BPL,Bhopal Junction,4,342,3000,0.114,Low,5
2026-02-14,BPL,Bhopal Junction,5,3196,3000,1.065,Critical,5
2026-02-14,BPL,Bhopal Junction,6,3885,3000,1.295,Critical,5
2026-02-14,BPL,Bhopal Junction,7,6364,3000,2.121,Critical,5
2026-02-14,BPL,Bhopal Junction,8,5852,3000,1.951,Critical,5
2026-02-14,BPL,Bhopal Junction,9,10388,3000,3.463,Critical,5
2026-02-14,BPL,Bhopal Junction,10,4724,3000,1.575,Critical,5
2026-02-14,BPL,Bhopal Junction,11,3005,3000,1.002,Critical,5
2026-02-14,BPL,Bhopal Junction,12,2305,3000,0.768,High,5
2026-02-14,BPL,Bhopal Junction,13,2989,3000,0.996,Critical,5
2026-02-14,BPL,Bhopal Junction,14,2424,3000,0.808,High,5
2026-02-14,BPL,Bhopal Junction,15,5353,3000,1.784,Critical,5
2026-02-14,BPL,Bhopal Junction,16,4477,3000,1.492,Critical,5
2026-02-14,BPL,Bhopal Junction,17,8724,3000,2.908,Critical,5
2026-02-14,BPL,Bhopal Junction,18,6207,3000,2.069,Critical,5
2026-02-14,BPL,Bhopal Junction,19,9024,3000,3.008,Critical,5
2026-02-14,BPL,Bhopal Junction,20,4871,3000,1.624,Critical,5
2026-02-14,BPL,Bhopal Junction,21,4394,3000,1.465,Critical,5
2026-02-14,BPL,Bhopal Junction,22,2388,3000,0.796,High,5
2026-02-14,BPL,Bhopal Junction,23,2255,3000,0.752,High,5
2026-02-14,JHS,Jhansi Junction,0,291,4000,0.073,Low,5
2026-02-14,JHS,Jhansi Junction,1,349,4000,0.087,Low,5
2026-02-14,JHS,Jhansi Junction,2,551,4000,0.138,Low,5
2026-02-14,JHS,Jhansi Junction,3,255,4000,0.064,Low,5
2026-02-14,JHS,Jhansi Junction,4,294,4000,0.073,Low,5
2026-02-14,JHS,Jhansi Junction,5,2363,4000,0.591,Moderate,5
2026-02-14,JHS,Jhansi Junction,6,2165,4000,0.541,Moderate,5
2026-02-14,JHS,Jhansi Junction,7,7813,4000,1.953,Critical,5
2026-02-14,JHS,Jhansi Junction,8,7561,4000,1.89,Critical,5
2026-02-14,JHS,Jhansi Junction,9,7651,4000,1.913,Critical,5
2026-02-14,JHS,Jhansi Junction,10,4598,4000,1.149,Critical,5
2026-02-14,JHS,Jhansi Junction,11,3233,4000,0.808,High,5
2026-02-14,JHS,Jhansi Junction,12,2053,4000,0.513,Moderate,5
2026-02-14,JHS,Jhansi Junction,13,2883,4000,0.721,High,5
2026-02-14,JHS,Jhansi Junction,14,2756,4000,0.689,Moderate,5
2026-02-14,JHS,Jhansi Junction,15,2987,4000,0.747,High,5
2026-02-14,JHS,Jhansi Junction,16,4012,4000,1.003,Critical,5
2026-02-14,JHS,Jhansi Junction,17,4868,4000,1.217,Critical,5
2026-02-14,JHS,Jhansi Junction,18,7231,4000,1.808,Critical,5
2026-02-14,JHS,Jhansi Junction,19,5325,4000,1.331,Critical,5
2026-02-14,JHS,Jhansi Junction,20,3117,4000,0.779,High,5
2026-02-14,JHS,Jhansi Junction,21,3040,4000,0.76,High,5
2026-02-14,JHS,Jhansi Junction,22,2062,4000,0.515,Moderate,5
2026-02-14,JHS,Jhansi Junction,23,2202,4000,0.55,Moderate,5
2026-02-14,GWL,Gwalior Junction,0,441,2500,0.176,Low,5
2026-02-14,GWL,Gwalior Junction,1,462,2500,0.185,Low,5
2026-02-14,GWL,Gwalior Junction,2,433,2500,0.173,Low,5
2026-02-14,GWL,Gwalior Junction,3,309,2500,0.124,Low,5
2026-02-14,GWL,Gwalior Junction,4,501,2500,0.2,Low,5
2026-02-14,GWL,Gwalior Junction,5,2153,2500,0.861,High,5
2026-02-14,GWL,Gwalior Junction,6,1778,2500,0.711,High,5
2026-02-14,GWL,Gwalior Junction,7,6384,2500,2.554,Critical,5
2026-02-14,GWL,Gwalior Junction,8,5900,2500,2.36,Critical,5
2026-02-14,GWL,Gwalior Junction,9,4140,2500,1.656,Critical,5
2026-02-14,GWL,Gwalior Junction,10,3590,2500,1.436,Critical,5
2026-02-14,GWL,Gwalior Junction,11,2607,2500,1.043,Critical,5
2026-02-14,GWL,Gwalior Junction,12,1870,2500,0.748,High,5
2026-02-14,GWL,Gwalior Junction,13,2192,2500,0.877,High,5
2026-02-14,GWL,Gwalior Junction,14,1827,2500,0.731,High,5
2026-02-14,GWL,Gwalior Junction,15,2885,2500,1.154,Critical,5
2026-02-14,GWL,Gwalior Junction,16,2853,2500,1.141,Critical,5
2026-02-14,GWL,Gwalior Junction,17,7636,2500,3.054,Critical,5
2026-02-14,GWL,Gwalior Junction,18,4213,2500,1.685,Critical,5
2026-02-14,GWL,Gwalior Junction,19,4477,2500,1.791,Critical,5
2026-02-14,GWL,Gwalior Junction,20,2570,2500,1.028,Critical,5
2026-02-14,GWL,Gwalior Junction,21,2787,2500,1.115,Critical,5
2026-02-14,GWL,Gwalior Junction,22,2148,2500,0.859,High,5
2026-02-14,GWL,Gwalior Junction,23,2189,2500,0.876,High,5
2026-02-14,AGC,Agra Cantt,0,560,3000,0.187,Low,5
2026-02-14,AGC,Agra Cantt,1,577,3000,0.192,Low,5
2026-02-14,AGC,Agra Cantt,2,658,3000,0.219,Low,5
2026-02-14,AGC,Agra Cantt,3,531,3000,0.177,Low,5
2026-02-14,AGC,Agra Cantt,4,318,3000,0.106,Low,5
2026-02-14,AGC,Agra Cantt,5,2493,3000,0.831,High,5
2026-02-14,AGC,Agra Cantt,6,2776,3000,0.925,Critical,5
2026-02-14,AGC,Agra Cantt,7,8055,3000,2.685,Critical,5
2026-02-14,AGC,Agra Cantt,8,6422,3000,2.141,Critical,5
2026-02-14,AGC,Agra Cantt,9,6297,3000,2.099,Critical,5
2026-02-14,AGC,Agra Cantt,10,3057,3000,1.019,Critical,5
2026-02-14,AGC,Agra Cantt,11,3196,3000,1.065,Critical,5
2026-02-14,AGC,Agra Cantt,12,3183,3000,1.061,Critical,5
2026-02-14,AGC,Agra Cantt,13,3029,3000,1.01,Critical,5
2026-02-14,AGC,Agra Cantt,14,2351,3000,0.784,High,5
2026-02-14,AGC,Agra Cantt,15,3559,3000,1.186,Critical,5
2026-02-14,AGC,Agra Cantt,16,3764,3000,1.255,Critical,5
2026-02-14,AGC,Agra Cantt,17,8402,3000,2.801,Critical,5
2026-02-14,AGC,Agra Cantt,18,10326,3000,3.442,Critical,5
2026-02-14,AGC,Agra Cantt,19,6700,3000,2.233,Critical,5
2026-02-14,AGC,Agra Cantt,20,4529,3000,1.51,Critical,5
2026-02-14,AGC,Agra Cantt,21,4198,3000,1.399,Critical,5
2026-02-14,AGC,Agra Cantt,22,2847,3000,0.949,Critical,5
2026-02-14,AGC,Agra Cantt,23,1815,3000,0.605,Moderate,5
2026-02-13,MMCT,Mumbai Central,0,1724,4000,0.431,Moderate,4
2026-02-13,MMCT,Mumbai Central,1,932,4000,0.233,Low,4
2026-02-13,MMCT,Mumbai Central,2,1773,4000,0.443,Moderate,4
2026-02-13,MMCT,Mumbai Central,3,1485,4000,0.371,Low,4
2026-02-13,MMCT,Mumbai Central,4,951,4000,0.238,Low,4
2026-02-13,MMCT,Mumbai Central,5,5895,4000,1.474,Critical,4
2026-02-13,MMCT,Mumbai Central,6,5548,4000,1.387,Critical,4
2026-02-13,MMCT,Mumbai Central,7,15700,4000,3.925,Critical,4
2026-02-13,MMCT,Mumbai Central,8,16175,4000,4.044,Critical,4
2026-02-13,MMCT,Mumbai Central,9,15529,4000,3.882,Critical,4
2026-02-13,MMCT,Mumbai Central,10,6405,4000,1.601,Critical,4
2026-02-13,MMCT,Mumbai Central,11,9520,4000,2.38,Critical,4
2026-02-13,MMCT,Mumbai Central,12,6506,4000,1.627,Critical,4
2026-02-13,MMCT,Mumbai Central,13,7880,4000,1.97,Critical,4
2026-02-13,MMCT,Mumbai Central,14,6028,4000,1.507,Critical,4
2026-02-13,MMCT,Mumbai Central,15,8562,4000,2.14,Critical,4
2026-02-13,MMCT,Mumbai Central,16,9459,4000,2.365,Critical,4
2026-02-13,MMCT,Mumbai Central,17,17458,4000,4.364,Critical,4
2026-02-13,MMCT,Mumbai Central,18,16452,4000,4.113,Critical,4
2026-02-13,MMCT,Mumbai Central,19,17487,4000,4.372,Critical,4
2026-02-13,MMCT,Mumbai Central,20,8438,4000,2.11,Critical,4
2026-02-13,MMCT,Mumbai Central,21,8251,4000,2.063,Critical,4
2026-02-13,MMCT,Mumbai Central,22,6437,4000,1.609,Critical,4
2026-02-13,MMCT,Mumbai Central,23,5787,4000,1.447,Critical,4
2026-02-13,BVI,Borivali,0,534,3000,0.178,Low,4
2026-02-13,BVI,Borivali,1,598,3000,0.199,Low,4
2026-02-13,BVI,Borivali,2,562,3000,0.187,Low,4
2026-02-13,BVI,Borivali,3,649,3000,0.216,Low,4
2026-02-13,BVI,Borivali,4,514,3000,0.171,Low,4
2026-02-13,BVI,Borivali,5,3365,3000,1.122,Critical,4
2026-02-13,BVI,Borivali,6,3753,3000,1.251,Critical,4
2026-02-13,BVI,Borivali,7,10348,3000,3.449,Critical,4
2026-02-13,BVI,Borivali,8,10704,3000,3.568,Critical,4
2026-02-13,BVI,Borivali,9,7325,3000,2.442,Critical,4
2026-02-13,BVI,Borivali,10,5396,3000,1.799,Critical,4
2026-02-13,BVI,Borivali,11,5883,3000,1.961,Critical,4
2026-02-13,BVI,Borivali,12,3470,3000,1.157,Critical,4
2026-02-13,BVI,Borivali,13,3406,3000,1.135,Critical,4
2026-02-13,BVI,Borivali,14,3281,3000,1.094,Critical,4
2026-02-13,BVI,Borivali,15,4108,3000,1.369,Critical,4
2026-02-13,BVI,Borivali,16,4965,3000,1.655,Critical,4
2026-02-13,BVI,Borivali,17,7081,3000,2.36,Critical,4
2026-02-13,BVI,Borivali,18,11331,3000,3.777,Critical,4
2026-02-13,BVI,Borivali,19,5890,3000,1.963,Critical,4
2026-02-13,BVI,Borivali,20,6441,3000,2.147,Critical,4
2026-02-13,BVI,Borivali,21,5606,3000,1.869,Critical,4
2026-02-13,BVI,Borivali,22,2358,3000,0.786,High,4
2026-02-13,BVI,Borivali,23,3845,3000,1.282,Critical,4
2026-02-13,BL,Valsad,0,70,1500,0.047,Low,4
2026-02-13,BL,Valsad,1,132,1500,0.088,Low,4
2026-02-13,BL,Valsad,2,154,1500,0.103,Low,4
2026-02-13,BL,Valsad,3,62,1500,0.041,Low,4
2026-02-13,BL,Valsad,4,93,1500,0.062,Low,4
2026-02-13,BL,Valsad,5,561,1500,0.374,Low,4
2026-02-13,BL,Valsad,6,740,1500,0.493,Moderate,4
2026-02-13,BL,Valsad,7,2037,1500,1.358,Critical,4
2026-02-13,BL,Valsad,8,1824,1500,1.216,Critical,4
2026-02-13,BL,Valsad,9,2178,1500,1.452,Critical,4
2026-02-13,BL,Valsad,10,1194,1500,0.796,High,4
2026-02-13,BL,Valsad,11,839,1500,0.559,Moderate,4
2026-02-13,BL,Valsad,12,736,1500,0.491,Moderate,4
2026-02-13,BL,Valsad,13,673,1500,0.449,Moderate,4
2026-02-13,BL,Valsad,14,532,1500,0.355,Low,4
2026-02-13,BL,Valsad,15,838,1500,0.559,Moderate,4
2026-02-13,BL,Valsad,16,1174,1500,0.783,High,4
2026-02-13,BL,Valsad,17,1839,1500,1.226,Critical,4
2026-02-13,BL,Valsad,18,1532,1500,1.021,Critical,4
2026-02-13,BL,Valsad,19,2521,1500,1.681,Critical,4
2026-02-13,BL,Valsad,20,795,1500,0.53,Moderate,4
2026-02-13,BL,Valsad,21,794,1500,0.529,Moderate,4
2026-02-13,BL,Valsad,22,485,1500,0.323,Low,4
2026-02-13,BL,Valsad,23,678,1500,0.452,Moderate,4
2026-02-13,ST,Surat,0,1130,3000,0.377,Low,4
2026-02-13,ST,Surat,1,736,3000,0.245,Low,4
2026-02-13,ST,Surat,2,612,3000,0.204,Low,4
2026-02-13,ST,Surat,3,937,3000,0.312,Low,4
2026-02-13,ST,Surat,4,1224,3000,0.408,Moderate,4
2026-02-13,ST,Surat,5,3376,3000,1.125,Critical,4
2026-02-13,ST,Surat,6,3303,3000,1.101,Critical,4
2026-02-13,ST,Surat,7,8446,3000,2.815,Critical,4
2026-02-13,ST,Surat,8,7102,3000,2.367,Critical,4
2026-02-13,ST,Surat,9,10202,3000,3.401,Critical,4
2026-02-13,ST,Surat,10,5675,3000,1.892,Critical,4
2026-02-13,ST,Surat,11,4772,3000,1.591,Critical,4
2026-02-13,ST,Surat,12,3763,3000,1.254,Critical,4
2026-02-13,ST,Surat,13,4681,3000,1.56,Critical,4
2026-02-13,ST,Surat,14,2579,3000,0.86,High,4
2026-02-13,ST,Surat,15,5773,3000,1.924,Critical,4
2026-02-13,ST,Surat,16,5742,3000,1.914,Critical,4
2026-02-13,ST,Surat,17,10414,3000,3.471,Critical,4
2026-02-13,ST,Surat,18,11096,3000,3.699,Critical,4
2026-02-13,ST,Surat,19,8746,3000,2.915,Critical,4
2026-02-13,ST,Surat,20,5805,3000,1.935,Critical,4
2026-02-13,ST,Surat,21,4989,3000,1.663,Critical,4
2026-02-13,ST,Surat,22,3657,3000,1.219,Critical,4
2026-02-13,ST,Surat,23,3676,3000,1.225,Critical,4
2026-02-13,BRC,Vadodara Junction,0,759,3500,0.217,Low,4
2026-02-13,BRC,Vadodara Junction,1,713,3500,0.204,Low,4
2026-02-13,BRC,Vadodara Junction,2,566,3500,0.162,Low,4
2026-02-13,BRC,Vadodara Junction,3,1004,3500,0.287,Low,4
2026-02-13,BRC,Vadodara Junction,4,1250,3500,0.357,Low,4
2026-02-13,BRC,Vadodara Junction,5,4306,3500,1.23,Critical,4
2026-02-13,BRC,Vadodara Junction,6,3264,3500,0.933,Critical,4
2026-02-13,BRC,Vadodara Junction,7,9210,3500,2.631,Critical,4
2026-02-13,BRC,Vadodara Junction,8,8617,3500,2.462,Critical,4
2026-02-13,BRC,Vadodara Junction,9,7983,3500,2.281,Critical,4
2026-02-13,BRC,Vadodara Junction,10,4039,3500,1.154,Critical,4
2026-02-13,BRC,Vadodara Junction,11,6070,3500,1.734,Critical,4
2026-02-13,BRC,Vadodara Junction,12,4229,3500,1.208,Critical,4
2026-02-13,BRC,Vadodara Junction,13,2788,3500,0.797,High,4
2026-02-13,BRC,Vadodara Junction,14,2908,3500,0.831,High,4
2026-02-13,BRC,Vadodara Junction,15,4410,3500,1.26,Critical,4
2026-02-13,BRC,Vadodara Junction,16,6262,3500,1.789,Critical,4
2026-02-13,BRC,Vadodara Junction,17,9904,3500,2.83,Critical,4
2026-02-13,BRC,Vadodara Junction,18,12061,3500,3.446,Critical,4
2026-02-13,BRC,Vadodara Junction,19,9925,3500,2.836,Critical,4
2026-02-13,BRC,Vadodara Junction,20,6969,3500,1.991,Critical,4
2026-02-13,BRC,Vadodara Junction,21,5754,3500,1.644,Critical,4
2026-02-13,BRC,Vadodara Junction,22,4071,3500,1.163,Critical,4
2026-02-13,BRC,Vadodara Junction,23,4920,3500,1.406,Critical,4
2026-02-13,RTM,Ratlam Junction,0,349,2500,0.14,Low,4
2026-02-13,RTM,Ratlam Junction,1,477,2500,0.191,Low,4
2026-02-13,RTM,Ratlam Junction,2,440,2500,0.176,Low,4
2026-02-13,RTM,Ratlam Junction,3,222,2500,0.089,Low,4
2026-02-13,RTM,Ratlam Junction,4,278,2500,0.111,Low,4
2026-02-13,RTM,Ratlam Junction,5,1819,2500,0.728,High,4
2026-02-13,RTM,Ratlam Junction,6,1323,2500,0.529,Moderate,4
2026-02-13,RTM,Ratlam Junction,7,3600,2500,1.44,Critical,4
2026-02-13,RTM,Ratlam Junction,8,4923,2500,1.969,Critical,4
2026-02-13,RTM,Ratlam Junction,9,3248,2500,1.299,Critical,4
2026-02-13,RTM,Ratlam Junction,10,2541,2500,1.016,Critical,4
2026-02-13,RTM,Ratlam Junction,11,1948,2500,0.779,High,4
2026-02-13,RTM,Ratlam Junction,12,1599,2500,0.64,Moderate,4
2026-02-13,RTM,Ratlam Junction,13,1175,2500,0.47,Moderate,4
2026-02-13,RTM,Ratlam Junction,14,1910,2500,0.764,High,4
2026-02-13,RTM,Ratlam Junction,15,2999,2500,1.2,Critical,4
2026-02-13,RTM,Ratlam Junction,16,2057,2500,0.823,High,4
2026-02-13,RTM,Ratlam Junction,17,3613,2500,1.445,Critical,4
2026-02-13,RTM,Ratlam Junction,18,3658,2500,1.463,Critical,4
2026-02-13,RTM,Ratlam Junction,19,2816,2500,1.126,Critical,4
2026-02-13,RTM,Ratlam Junction,20,2370,2500,0.948,Critical,4
2026-02-13,RTM,Ratlam Junction,21,2038,2500,0.815,High,4
2026-02-13,RTM,Ratlam Junction,22,1416,2500,0.566,Moderate,4
2026-02-13,RTM,Ratlam Junction,23,1389,2500,0.556,Moderate,4
2026-02-13,KOTA,Kota Junction,0,473,3000,0.158,Low,4
2026-02-13,KOTA,Kota Junction,1,187,3000,0.062,Low,4
2026-02-13,KOTA,Kota Junction,2,217,3000,0.072,Low,4
2026-02-13,KOTA,Kota Junction,3,437,3000,0.146,Low,4
2026-02-13,KOTA,Kota Junction,4,251,3000,0.084,Low,4
2026-02-13,KOTA,Kota Junction,5,2006,3000,0.669,Moderate,4
2026-02-13,KOTA,Kota Junction,6,1928,3000,0.643,Moderate,4
2026-02-13,KOTA,Kota Junction,7,7319,3000,2.44,Critical,4
2026-02-13,KOTA,Kota Junction,8,6900,3000,2.3,Critical,4
2026-02-13,KOTA,Kota Junction,9,4363,3000,1.454,Critical,4
2026-02-13,KOTA,Kota Junction,10,3019,3000,1.006,Critical,4
2026-02-13,KOTA,Kota Junction,11,3178,3000,1.059,Critical,4
2026-02-13,KOTA,Kota Junction,12,2597,3000,0.866,High,4
2026-02-13,KOTA,Kota Junction,13,1948,3000,0.649,Moderate,4
2026-02-13,KOTA,Kota Junction,14,1893,3000,0.631,Moderate,4
2026-02-13,KOTA,Kota Junction,15,2446,3000,0.815,High,4
2026-02-13,KOTA,Kota Junction,16,3181,3000,1.06,Critical,4
2026-02-13,KOTA,Kota Junction,17,7217,3000,2.406,Critical,4
2026-02-13,KOTA,Kota Junction,18,4115,3000,1.372,Critical,4
2026-02-13,KOTA,Kota Junction,19,4020,3000,1.34,Critical,4
2026-02-13,KOTA,Kota Junction,20,3223,3000,1.074,Critical,4
2026-02-13,KOTA,Kota Junction,21,3117,3000,1.039,Critical,4
2026-02-13,KOTA,Kota Junction,22,2089,3000,0.696,Moderate,4
2026-02-13,KOTA,Kota Junction,23,2402,3000,0.801,High,4
2026-02-13,SWM,Sawai Madhopur,0,172,2000,0.086,Low,4
2026-02-13,SWM,Sawai Madhopur,1,194,2000,0.097,Low,4
2026-02-13,SWM,Sawai Madhopur,2,197,2000,0.099,Low,4
2026-02-13,SWM,Sawai Madhopur,3,87,2000,0.043,Low,4
2026-02-13,SWM,Sawai Madhopur,4,94,2000,0.047,Low,4
2026-02-13,SWM,Sawai Madhopur,5,1019,2000,0.509,Moderate,4
2026-02-13,SWM,Sawai Madhopur,6,724,2000,0.362,Low,4
2026-02-13,SWM,Sawai Madhopur,7,2070,2000,1.035,Critical,4
2026-02-13,SWM,Sawai Madhopur,8,3175,2000,1.587,Critical,4
2026-02-13,SWM,Sawai Madhopur,9,2913,2000,1.456,Critical,4
2026-02-13,SWM,Sawai Madhopur,10,1416,2000,0.708,High,4
2026-02-13,SWM,Sawai Madhopur,11,925,2000,0.463,Moderate,4
2026-02-13,SWM,Sawai Madhopur,12,786,2000,0.393,Low,4
2026-02-13,SWM,Sawai Madhopur,13,907,2000,0.454,Moderate,4
2026-02-13,SWM,Sawai Madhopur,14,1068,2000,0.534,Moderate,4
2026-02-13,SWM,Sawai Madhopur,15,866,2000,0.433,Moderate,4
2026-02-13,SWM,Sawai Madhopur,16,1210,2000,0.605,Moderate,4
2026-02-13,SWM,Sawai Madhopur,17,2032,2000,1.016,Critical,4
2026-02-13,SWM,Sawai Madhopur,18,1956,2000,0.978,Critical,4
2026-02-13,SWM,Sawai Madhopur,19,1944,2000,0.972,Critical,4
2026-02-13,SWM,Sawai Madhopur,20,1435,2000,0.718,High,4
2026-02-13,SWM,Sawai Madhopur,21,910,2000,0.455,Moderate,4
2026-02-13,SWM,Sawai Madhopur,22,945,2000,0.472,Moderate,4
2026-02-13,SWM,Sawai Madhopur,23,1018,2000,0.509,Moderate,4
2026-02-13,MTJ,Mathura Junction,0,423,3000,0.141,Low,4
2026-02-13,MTJ,Mathura Junction,1,468,3000,0.156,Low,4
2026-02-13,MTJ,Mathura Junction,2,250,3000,0.083,Low,4
2026-02-13,MTJ,Mathura Junction,3,253,3000,0.084,Low,4
2026-02-13,MTJ,Mathura Junction,4,358,3000,0.119,Low,4
2026-02-13,MTJ,Mathura Junction,5,2202,3000,0.734,High,4
2026-02-13,MTJ,Mathura Junction,6,2062,3000,0.687,Moderate,4
2026-02-13,MTJ,Mathura Junction,7,5184,3000,1.728,Critical,4
2026-02-13,MTJ,Mathura Junction,8,4114,3000,1.371,Critical,4
2026-02-13,MTJ,Mathura Junction,9,6206,3000,2.069,Critical,4
2026-02-13,MTJ,Mathura Junction,10,2664,3000,0.888,High,4
2026-02-13,MTJ,Mathura Junction,11,4471,3000,1.49,Critical,4
2026-02-13,MTJ,Mathura Junction,12,1918,3000,0.639,Moderate,4
2026-02-13,MTJ,Mathura Junction,13,2514,3000,0.838,High,4
2026-02-13,MTJ,Mathura Junction,14,2211,3000,0.737,High,4
2026-02-13,MTJ,Mathura Junction,15,4747,3000,1.582,Critical,4
2026-02-13,MTJ,Mathura Junction,16,3024,3000,1.008,Critical,4
2026-02-13,MTJ,Mathura Junction,17,5689,3000,1.896,Critical,4
2026-02-13,MTJ,Mathura Junction,18,4592,3000,1.531,Critical,4
2026-02-13,MTJ,Mathura Junction,19,7224,3000,2.408,Critical,4
2026-02-13,MTJ,Mathura Junction,20,4211,3000,1.404,Critical,4
2026-02-13,MTJ,Mathura Junction,21,2800,3000,0.933,Critical,4
2026-02-13,MTJ,Mathura Junction,22,1730,3000,0.577,Moderate,4
2026-02-13,MTJ,Mathura Junction,23,2533,3000,0.844,High,4
2026-02-13,NDLS,New Delhi,0,3631,8000,0.454,Moderate,4
2026-02-13,NDLS,New Delhi,1,3415,8000,0.427,Moderate,4
2026-02-13,NDLS,New Delhi,2,3422,8000,0.428,Moderate,4
2026-02-13,NDLS,New Delhi,3,5200,8000,0.65,Moderate,4
2026-02-13,NDLS,New Delhi,4,2676,8000,0.335,Low,4
2026-02-13,NDLS,New Delhi,5,19612,8000,2.451,Critical,4
2026-02-13,NDLS,New Delhi,6,22195,8000,2.774,Critical,4
2026-02-13,NDLS,New Delhi,7,50184,8000,6.273,Critical,4
2026-02-13,NDLS,New Delhi,8,67209,8000,8.401,Critical,4
2026-02-13,NDLS,New Delhi,9,38177,8000,4.772,Critical,4
2026-02-13,NDLS,New Delhi,10,22712,8000,2.839,Critical,4
2026-02-13,NDLS,New Delhi,11,24667,8000,3.083,Critical,4
2026-02-13,NDLS,New Delhi,12,19241,8000,2.405,Critical,4
2026-02-13,NDLS,New Delhi,13,17725,8000,2.216,Critical,4
2026-02-13,NDLS,New Delhi,14,24520,8000,3.065,Critical,4
2026-02-13,NDLS,New Delhi,15,33322,8000,4.165,Critical,4
2026-02-13,NDLS,New Delhi,16,30721,8000,3.84,Critical,4
2026-02-13,NDLS,New Delhi,17,49818,8000,6.227,Critical,4
2026-02-13,NDLS,New Delhi,18,57710,8000,7.214,Critical,4
2026-02-13,NDLS,New Delhi,19,56481,8000,7.06,Critical,4
2026-02-13,NDLS,New Delhi,20,27976,8000,3.497,Critical,4
2026-02-13,NDLS,New Delhi,21,33235,8000,4.154,Critical,4
2026-02-13,NDLS,New Delhi,22,16862,8000,2.108,Critical,4
2026-02-13,NDLS,New Delhi,23,16639,8000,2.08,Critical,4
2026-02-13,CSMT,Mumbai CSMT,0,2030,9000,0.226,Low,4
2026-02-13,CSMT,Mumbai CSMT,1,3224,9000,0.358,Low,4
2026-02-13,CSMT,Mumbai CSMT,2,3298,9000,0.366,Low,4
2026-02-13,CSMT,Mumbai CSMT,3,2262,9000,0.251,Low,4
2026-02-13,CSMT,Mumbai CSMT,4,2396,9000,0.266,Low,4
2026-02-13,CSMT,Mumbai CSMT,5,12598,9000,1.4,Critical,4
2026-02-13,CSMT,Mumbai CSMT,6,16891,9000,1.877,Critical,4
2026-02-13,CSMT,Mumbai CSMT,7,37518,9000,4.169,Critical,4
2026-02-13,CSMT,Mumbai CSMT,8,36950,9000,4.106,Critical,4
2026-02-13,CSMT,Mumbai CSMT,9,46537,9000,5.171,Critical,4
2026-02-13,CSMT,Mumbai CSMT,10,28143,9000,3.127,Critical,4
2026-02-13,CSMT,Mumbai CSMT,11,20548,9000,2.283,Critical,4
2026-02-13,CSMT,Mumbai CSMT,12,11376,9000,1.264,Critical,4
2026-02-13,CSMT,Mumbai CSMT,13,11392,9000,1.266,Critical,4
2026-02-13,CSMT,Mumbai CSMT,14,13373,9000,1.486,Critical,4
2026-02-13,CSMT,Mumbai CSMT,15,24543,9000,2.727,Critical,4
2026-02-13,CSMT,Mumbai CSMT,16,20123,9000,2.236,Critical,4
2026-02-13,CSMT,Mumbai CSMT,17,39201,9000,4.356,Critical,4
2026-02-13,CSMT,Mumbai CSMT,18,43340,9000,4.816,Critical,4
2026-02-13,CSMT,Mumbai CSMT,19,39855,9000,4.428,Critical,4
2026-02-13,CSMT,Mumbai CSMT,20,21780,9000,2.42,Critical,4
2026-02-13,CSMT,Mumbai CSMT,21,22873,9000,2.541,Critical,4
2026-02-13,CSMT,Mumbai CSMT,22,13692,9000,1.521,Critical,4
2026-02-13,CSMT,Mumbai CSMT,23,16903,9000,1.878,Critical,4
2026-02-13,KYN,Kalyan Junction,0,491,4000,0.123,Low,4
2026-02-13,KYN,Kalyan Junction,1,988,4000,0.247,Low,4
2026-02-13,KYN,Kalyan Junction,2,592,4000,0.148,Low,4
2026-02-13,KYN,Kalyan Junction,3,1213,4000,0.303,Low,4
2026-02-13,KYN,Kalyan Junction,4,455,4000,0.114,Low,4
2026-02-13,KYN,Kalyan Junction,5,5108,4000,1.277,Critical,4
2026-02-13,KYN,Kalyan Junction,6,3731,4000,0.933,Critical,4
2026-02-13,KYN,Kalyan Junction,7,13592,4000,3.398,Critical,4
2026-02-13,KYN,Kalyan Junction,8,10285,4000,2.571,Critical,4
2026-02-13,KYN,Kalyan Junction,9,7380,4000,1.845,Critical,4
2026-02-13,KYN,Kalyan Junction,10,7328,4000,1.832,Critical,4
2026-02-13,KYN,Kalyan Junction,11,5907,4000,1.477,Critical,4
2026-02-13,KYN,Kalyan Junction,12,5256,4000,1.314,Critical,4
2026-02-13,KYN,Kalyan Junction,13,2942,4000,0.736,High,4
2026-02-13,KYN,Kalyan Junction,14,4291,4000,1.073,Critical,4
2026-02-13,KYN,Kalyan Junction,15,5310,4000,1.327,Critical,4
2026-02-13,KYN,Kalyan Junction,16,5469,4000,1.367,Critical,4
2026-02-13,KYN,Kalyan Junction,17,10393,4000,2.598,Critical,4
2026-02-13,KYN,Kalyan Junction,18,9184,4000,2.296,Critical,4
2026-02-13,KYN,Kalyan Junction,19,13904,4000,3.476,Critical,4
2026-02-13,KYN,Kalyan Junction,20,6297,4000,1.574,Critical,4
2026-02-13,KYN,Kalyan Junction,21,6341,4000,1.585,Critical,4
2026-02-13,KYN,Kalyan Junction,22,4540,4000,1.135,Critical,4
2026-02-13,KYN,Kalyan Junction,23,2931,4000,0.733,High,4
2026-02-13,NMD,Nashik Road,0,263,2000,0.132,Low,4
2026-02-13,NMD,Nashik Road,1,155,2000,0.077,Low,4
2026-02-13,NMD,Nashik Road,2,327,2000,0.164,Low,4
2026-02-13,NMD,Nashik Road,3,481,2000,0.24,Low,4
2026-02-13,NMD,Nashik Road,4,425,2000,0.212,Low,4
2026-02-13,NMD,Nashik Road,5,1804,2000,0.902,Critical,4
2026-02-13,NMD,Nashik Road,6,1812,2000,0.906,Critical,4
2026-02-13,NMD,Nashik Road,7,5947,2000,2.974,Critical,4
2026-02-13,NMD,Nashik Road,8,5721,2000,2.861,Critical,4
2026-02-13,NMD,Nashik Road,9,3620,2000,1.81,Critical,4
2026-02-13,NMD,Nashik Road,10,2415,2000,1.208,Critical,4
2026-02-13,NMD,Nashik Road,11,2656,2000,1.328,Critical,4
2026-02-13,NMD,Nashik Road,12,2343,2000,1.171,Critical,4
2026-02-13,NMD,Nashik Road,13,2021,2000,1.01,Critical,4
2026-02-13,NMD,Nashik Road,14,1890,2000,0.945,Critical,4
2026-02-13,NMD,Nashik Road,15,2691,2000,1.345,Critical,4
2026-02-13,NMD,Nashik Road,16,3215,2000,1.607,Critical,4
2026-02-13,NMD,Nashik Road,17,6702,2000,3.351,Critical,4
2026-02-13,NMD,Nashik Road,18,3828,2000,1.914,Critical,4
2026-02-13,NMD,Nashik Road,19,5512,2000,2.756,Critical,4
2026-02-13,NMD,Nashik Road,20,2483,2000,1.242,Critical,4
2026-02-13,NMD,Nashik Road,21,2980,2000,1.49,Critical,4
2026-02-13,NMD,Nashik Road,22,1441,2000,0.721,High,4
2026-02-13,NMD,Nashik Road,23,1506,2000,0.753,High,4
2026-02-13,MMR,Manmad Junction,0,167,2500,0.067,Low,4
2026-02-13,MMR,Manmad Junction,1,143,2500,0.057,Low,4
2026-02-13,MMR,Manmad Junction,2,336,2500,0.134,Low,4
2026-02-13,MMR,Manmad Junction,3,299,2500,0.12,Low,4
2026-02-13,MMR,Manmad Junction,4,358,2500,0.143,Low,4
2026-02-13,MMR,Manmad Junction,5,1135,2500,0.454,Moderate,4
2026-02-13,MMR,Manmad Junction,6,1153,2500,0.461,Moderate,4
2026-02-13,MMR,Manmad Junction,7,2886,2500,1.154,Critical,4
2026-02-13,MMR,Manmad Junction,8,3447,2500,1.379,Critical,4
2026-02-13,MMR,Manmad Junction,9,4431,2500,1.772,Critical,4
2026-02-13,MMR,Manmad Junction,10,1455,2500,0.582,Moderate,4
2026-02-13,MMR,Manmad Junction,11,1645,2500,0.658,Moderate,4
2026-02-13,MMR,Manmad Junction,12,1104,2500,0.442,Moderate,4
2026-02-13,MMR,Manmad Junction,13,900,2500,0.36,Low,4
2026-02-13,MMR,Manmad Junction,14,803,2500,0.321,Low,4
2026-02-13,MMR,Manmad Junction,15,1844,2500,0.738,High,4
2026-02-13,MMR,Manmad Junction,16,1464,2500,0.586,Moderate,4
2026-02-13,MMR,Manmad Junction,17,2294,2500,0.918,Critical,4
2026-02-13,MMR,Manmad Junction,18,5010,2500,2.004,Critical,4
2026-02-13,MMR,Manmad Junction,19,2618,2500,1.047,Critical,4
2026-02-13,MMR,Manmad Junction,20,1897,2500,0.759,High,4
2026-02-13,MMR,Manmad Junction,21,1986,2500,0.794,High,4
2026-02-13,MMR,Manmad Junction,22,1190,2500,0.476,Moderate,4
2026-02-13,MMR,Manmad Junction,23,1041,2500,0.416,Moderate,4
2026-02-13,BSL,Bhusawal Junction,0,305,3000,0.102,Low,4
2026-02-13,BSL,Bhusawal Junction,1,553,3000,0.184,Low,4
2026-02-13,BSL,Bhusawal Junction,2,244,3000,0.081,Low,4
2026-02-13,BSL,Bhusawal Junction,3,377,3000,0.126,Low,4
2026-02-13,BSL,Bhusawal Junction,4,261,3000,0.087,Low,4
2026-02-13,BSL,Bhusawal Junction,5,1356,3000,0.452,Moderate,4
2026-02-13,BSL,Bhusawal Junction,6,2111,3000,0.704,High,4
2026-02-13,BSL,Bhusawal Junction,7,5483,3000,1.828,Critical,4
2026-02-13,BSL,Bhusawal Junction,8,4415,3000,1.472,Critical,4
2026-02-13,BSL,Bhusawal Junction,9,7536,3000,2.512,Critical,4
2026-02-13,BSL,Bhusawal Junction,10,3039,3000,1.013,Critical,4
2026-02-13,BSL,Bhusawal Junction,11,3478,3000,1.159,Critical,4
2026-02-13,BSL,Bhusawal Junction,12,1898,3000,0.633,Moderate,4
2026-02-13,BSL,Bhusawal Junction,13,1860,3000,0.62,Moderate,4
2026-02-13,BSL,Bhusawal Junction,14,2299,3000,0.766,High,4
2026-02-13,BSL,Bhusawal Junction,15,2750,3000,0.917,Critical,4
2026-02-13,BSL,Bhusawal Junction,16,3354,3000,1.118,Critical,4
2026-02-13,BSL,Bhusawal Junction,17,5268,3000,1.756,Critical,4
2026-02-13,BSL,Bhusawal Junction,18,4193,3000,1.398,Critical,4
2026-02-13,BSL,Bhusawal Junction,19,4104,3000,1.368,Critical,4
2026-02-13,BSL,Bhusawal Junction,20,2237,3000,0.746,High,4
2026-02-13,BSL,Bhusawal Junction,21,2566,3000,0.855,High,4
2026-02-13,BSL,Bhusawal Junction,22,1925,3000,0.642,Moderate,4
2026-02-13,BSL,Bhusawal Junction,23,1925,3000,0.642,Moderate,4
2026-02-13,ET,Itarsi Junction,0,308,3500,0.088,Low,4
2026-02-13,ET,Itarsi Junction,1,235,3500,0.067,Low,4
2026-02-13,ET,Itarsi Junction,2,279,3500,0.08,Low,4
2026-02-13,ET,Itarsi Junction,3,186,3500,0.053,Low,4
2026-02-13,ET,Itarsi Junction,4,270,3500,0.077,Low,4
2026-02-13,ET,Itarsi Junction,5,1763,3500,0.504,Moderate,4
2026-02-13,ET,Itarsi Junction,6,1590,3500,0.454,Moderate,4
2026-02-13,ET,Itarsi Junction,7,5728,3500,1.637,Critical,4
2026-02-13,ET,Itarsi Junction,8,4131,3500,1.18,Critical,4
2026-02-13,ET,Itarsi Junction,9,4285,3500,1.224,Critical,4
2026-02-13,ET,Itarsi Junction,10,2373,3500,0.678,Moderate,4
2026-02-13,ET,Itarsi Junction,11,1836,3500,0.525,Moderate,4
2026-02-13,ET,Itarsi Junction,12,1794,3500,0.513,Moderate,4
2026-02-13,ET,Itarsi Junction,13,1698,3500,0.485,Moderate,4
2026-02-13,ET,Itarsi Junction,14,1480,3500,0.423,Moderate,4
2026-02-13,ET,Itarsi Junction,15,2885,3500,0.824,High,4
2026-02-13,ET,Itarsi Junction,16,2237,3500,0.639,Moderate,4
2026-02-13,ET,Itarsi Junction,17,5642,3500,1.612,Critical,4
2026-02-13,ET,Itarsi Junction,18,3146,3500,0.899,High,4
2026-02-13,ET,Itarsi Junction,19,4856,3500,1.387,Critical,4
2026-02-13,ET,Itarsi Junction,20,2683,3500,0.767,High,4
2026-02-13,ET,Itarsi Junction,21,2667,3500,0.762,High,4
2026-02-13,ET,Itarsi Junction,22,1395,3500,0.399,Low,4
2026-02-13,ET,Itarsi Junction,23,1719,3500,0.491,Moderate,4
2026-02-13,BPL,Bhopal Junction,0,754,3000,0.251,Low,4
2026-02-13,BPL,Bhopal Junction,1,392,3000,0.131,Low,4
2026-02-13,BPL,Bhopal Junction,2,597,3000,0.199,Low,4
2026-02-13,BPL,Bhopal Junction,3,498,3000,0.166,Low,4
2026-02-13,BPL,Bhopal Junction,4,277,3000,0.092,Low,4
2026-02-13,BPL,Bhopal Junction,5,3048,3000,1.016,Critical,4
2026-02-13,BPL,Bhopal Junction,6,3021,3000,1.007,Critical,4
2026-02-13,BPL,Bhopal Junction,7,8449,3000,2.816,Critical,4
2026-02-13,BPL,Bhopal Junction,8,9149,3000,3.05,Critical,4
2026-02-13,BPL,Bhopal Junction,9,5505,3000,1.835,Critical,4
2026-02-13,BPL,Bhopal Junction,10,5093,3000,1.698,Critical,4
2026-02-13,BPL,Bhopal Junction,11,4517,3000,1.506,Critical,4
2026-02-13,BPL,Bhopal Junction,12,2945,3000,0.982,Critical,4
2026-02-13,BPL,Bhopal Junction,13,3620,3000,1.207,Critical,4
2026-02-13,BPL,Bhopal Junction,14,2616,3000,0.872,High,4
2026-02-13,BPL,Bhopal Junction,15,4454,3000,1.485,Critical,4
2026-02-13,BPL,Bhopal Junction,16,5400,3000,1.8,Critical,4
2026-02-13,BPL,Bhopal Junction,17,6785,3000,2.262,Critical,4
2026-02-13,BPL,Bhopal Junction,18,5670,3000,1.89,Critical,4
2026-02-13,BPL,Bhopal Junction,19,8697,3000,2.899,Critical,4
2026-02-13,BPL,Bhopal Junction,20,4544,3000,1.515,Critical,4
2026-02-13,BPL,Bhopal Junction,21,4561,3000,1.52,Critical,4
2026-02-13,BPL,Bhopal Junction,22,2200,3000,0.733,High,4
2026-02-13,BPL,Bhopal Junction,23,2966,3000,0.989,Critical,4
2026-02-13,JHS,Jhansi Junction,0,298,4000,0.074,Low,4
2026-02-13,JHS,Jhansi Junction,1,622,4000,0.155,Low,4
2026-02-13,JHS,Jhansi Junction,2,629,4000,0.157,Low,4
2026-02-13,JHS,Jhansi Junction,3,448,4000,0.112,Low,4
2026-02-13,JHS,Jhansi Junction,4,750,4000,0.188,Low,4
2026-02-13,JHS,Jhansi Junction,5,2642,4000,0.66,Moderate,4
2026-02-13,JHS,Jhansi Junction,6,1956,4000,0.489,Moderate,4
2026-02-13,JHS,Jhansi Junction,7,9167,4000,2.292,Critical,4
2026-02-13,JHS,Jhansi Junction,8,6649,4000,1.662,Critical,4
2026-02-13,JHS,Jhansi Junction,9,6803,4000,1.701,Critical,4
2026-02-13,JHS,Jhansi Junction,10,3037,4000,0.759,High,4
2026-02-13,JHS,Jhansi Junction,11,4152,4000,1.038,Critical,4
2026-02-13,JHS,Jhansi Junction,12,2472,4000,0.618,Moderate,4
2026-02-13,JHS,Jhansi Junction,13,2444,4000,0.611,Moderate,4
2026-02-13,JHS,Jhansi Junction,14,2178,4000,0.544,Moderate,4
2026-02-13,JHS,Jhansi Junction,15,3130,4000,0.782,High,4
2026-02-13,JHS,Jhansi Junction,16,3191,4000,0.798,High,4
2026-02-13,JHS,Jhansi Junction,17,7742,4000,1.935,Critical,4
2026-02-13,JHS,Jhansi Junction,18,5377,4000,1.344,Critical,4
2026-02-13,JHS,Jhansi Junction,19,6057,4000,1.514,Critical,4
2026-02-13,JHS,Jhansi Junction,20,2984,4000,0.746,High,4
2026-02-13,JHS,Jhansi Junction,21,4073,4000,1.018,Critical,4
2026-02-13,JHS,Jhansi Junction,22,1708,4000,0.427,Moderate,4
2026-02-13,JHS,Jhansi Junction,23,1956,4000,0.489,Moderate,4
2026-02-13,GWL,Gwalior Junction,0,255,2500,0.102,Low,4
2026-02-13,GWL,Gwalior Junction,1,482,2500,0.193,Low,4
2026-02-13,GWL,Gwalior Junction,2,328,2500,0.131,Low,4
2026-02-13,GWL,Gwalior Junction,3,244,2500,0.098,Low,4
2026-02-13,GWL,Gwalior Junction,4,313,2500,0.125,Low,4
2026-02-13,GWL,Gwalior Junction,5,1382,2500,0.553,Moderate,4
2026-02-13,GWL,Gwalior Junction,6,1395,2500,0.558,Moderate,4
2026-02-13,GWL,Gwalior Junction,7,4726,2500,1.89,Critical,4
2026-02-13,GWL,Gwalior Junction,8,5105,2500,2.042,Critical,4
2026-02-13,GWL,Gwalior Junction,9,5043,2500,2.017,Critical,4
2026-02-13,GWL,Gwalior Junction,10,3149,2500,1.26,Critical,4
2026-02-13,GWL,Gwalior Junction,11,1942,2500,0.777,High,4
2026-02-13,GWL,Gwalior Junction,12,2185,2500,0.874,High,4
2026-02-13,GWL,Gwalior Junction,13,2065,2500,0.826,High,4
2026-02-13,GWL,Gwalior Junction,14,1425,2500,0.57,Moderate,4
2026-02-13,GWL,Gwalior Junction,15,2737,2500,1.095,Critical,4
2026-02-13,GWL,Gwalior Junction,16,3109,2500,1.244,Critical,4
2026-02-13,GWL,Gwalior Junction,17,6244,2500,2.498,Critical,4
2026-02-13,GWL,Gwalior Junction,18,4421,2500,1.768,Critical,4
2026-02-13,GWL,Gwalior Junction,19,5239,2500,2.096,Critical,4
2026-02-13,GWL,Gwalior Junction,20,2739,2500,1.096,Critical,4
2026-02-13,GWL,Gwalior Junction,21,3623,2500,1.449,Critical,4
2026-02-13,GWL,Gwalior Junction,22,1777,2500,0.711,High,4
2026-02-13,GWL,Gwalior Junction,23,1528,2500,0.611,Moderate,4
2026-02-13,AGC,Agra Cantt,0,600,3000,0.2,Low,4
2026-02-13,AGC,Agra Cantt,1,492,3000,0.164,Low,4
2026-02-13,AGC,Agra Cantt,2,252,3000,0.084,Low,4
2026-02-13,AGC,Agra Cantt,3,600,3000,0.2,Low,4
2026-02-13,AGC,Agra Cantt,4,476,3000,0.159,Low,4
2026-02-13,AGC,Agra Cantt,5,2047,3000,0.682,Moderate,4
2026-02-13,AGC,Agra Cantt,6,3573,3000,1.191,Critical,4
2026-02-13,AGC,Agra Cantt,7,6824,3000,2.275,Critical,4
2026-02-13,AGC,Agra Cantt,8,7143,3000,2.381,Critical,4
2026-02-13,AGC,Agra Cantt,9,4971,3000,1.657,Critical,4
2026-02-13,AGC,Agra Cantt,10,4995,3000,1.665,Critical,4
2026-02-13,AGC,Agra Cantt,11,3488,3000,1.163,Critical,4
2026-02-13,AGC,Agra Cantt,12,2587,3000,0.862,High,4
2026-02-13,AGC,Agra Cantt,13,2466,3000,0.822,High,4
2026-02-13,AGC,Agra Cantt,14,2484,3000,0.828,High,4
2026-02-13,AGC,Agra Cantt,15,3795,3000,1.265,Critical,4
2026-02-13,AGC,Agra Cantt,16,4140,3000,1.38,Critical,4
2026-02-13,AGC,Agra Cantt,17,6058,3000,2.019,Critical,4
2026-02-13,AGC,Agra Cantt,18,6120,3000,2.04,Critical,4
2026-02-13,AGC,Agra Cantt,19,7093,3000,2.364,Critical,4
2026-02-13,AGC,Agra Cantt,20,4266,3000,1.422,Critical,4
2026-02-13,AGC,Agra Cantt,21,3528,3000,1.176,Critical,4
2026-02-13,AGC,Agra Cantt,22,2055,3000,0.685,Moderate,4
2026-02-13,AGC,Agra Cantt,23,2170,3000,0.723,High,4
2026-02-12,MMCT,Mumbai Central,0,1495,4000,0.374,Low,3
2026-02-12,MMCT,Mumbai Central,1,927,4000,0.232,Low,3
2026-02-12,MMCT,Mumbai Central,2,1061,4000,0.265,Low,3
2026-02-12,MMCT,Mumbai Central,3,1052,4000,0.263,Low,3
2026-02-12,MMCT,Mumbai Central,4,1139,4000,0.285,Low,3
2026-02-12,MMCT,Mumbai Central,5,6683,4000,1.671,Critical,3
2026-02-12,MMCT,Mumbai Central,6,5198,4000,1.3,Critical,3
2026-02-12,MMCT,Mumbai Central,7,14989,4000,3.747,Critical,3
2026-02-12,MMCT,Mumbai Central,8,18825,4000,4.706,Critical,3
2026-02-12,MMCT,Mumbai Central,9,24635,4000,6.159,Critical,3
2026-02-12,MMCT,Mumbai Central,10,11685,4000,2.921,Critical,3
2026-02-12,MMCT,Mumbai Central,11,9665,4000,2.416,Critical,3
2026-02-12,MMCT,Mumbai Central,12,6778,4000,1.694,Critical,3
2026-02-12,MMCT,Mumbai Central,13,5158,4000,1.29,Critical,3
2026-02-12,MMCT,Mumbai Central,14,6887,4000,1.722,Critical,3
2026-02-12,MMCT,Mumbai Central,15,9313,4000,2.328,Critical,3
2026-02-12,MMCT,Mumbai Central,16,6782,4000,1.696,Critical,3
2026-02-12,MMCT,Mumbai Central,17,20331,4000,5.083,Critical,3
2026-02-12,MMCT,Mumbai Central,18,15498,4000,3.874,Critical,3
2026-02-12,MMCT,Mumbai Central,19,17617,4000,4.404,Critical,3
2026-02-12,MMCT,Mumbai Central,20,13201,4000,3.3,Critical,3
2026-02-12,MMCT,Mumbai Central,21,8389,4000,2.097,Critical,3
2026-02-12,MMCT,Mumbai Central,22,6645,4000,1.661,Critical,3
2026-02-12,MMCT,Mumbai Central,23,7488,4000,1.872,Critical,3
2026-02-12,BVI,Borivali,0,700,3000,0.233,Low,3
2026-02-12,BVI,Borivali,1,325,3000,0.108,Low,3
2026-02-12,BVI,Borivali,2,640,3000,0.213,Low,3
2026-02-12,BVI,Borivali,3,772,3000,0.257,Low,3
2026-02-12,BVI,Borivali,4,802,3000,0.267,Low,3
2026-02-12,BVI,Borivali,5,2632,3000,0.877,High,3
2026-02-12,BVI,Borivali,6,3987,3000,1.329,Critical,3
2026-02-12,BVI,Borivali,7,8073,3000,2.691,Critical,3
2026-02-12,BVI,Borivali,8,6383,3000,2.128,Critical,3
2026-02-12,BVI,Borivali,9,6241,3000,2.08,Critical,3
2026-02-12,BVI,Borivali,10,5185,3000,1.728,Critical,3
2026-02-12,BVI,Borivali,11,4196,3000,1.399,Critical,3
2026-02-12,BVI,Borivali,12,3993,3000,1.331,Critical,3
2026-02-12,BVI,Borivali,13,3706,3000,1.235,Critical,3
2026-02-12,BVI,Borivali,14,3678,3000,1.226,Critical,3
2026-02-12,BVI,Borivali,15,4427,3000,1.476,Critical,3
2026-02-12,BVI,Borivali,16,6568,3000,2.189,Critical,3
2026-02-12,BVI,Borivali,17,11112,3000,3.704,Critical,3
2026-02-12,BVI,Borivali,18,8326,3000,2.775,Critical,3
2026-02-12,BVI,Borivali,19,7982,3000,2.661,Critical,3
2026-02-12,BVI,Borivali,20,5178,3000,1.726,Critical,3
2026-02-12,BVI,Borivali,21,5999,3000,2.0,Critical,3
2026-02-12,BVI,Borivali,22,4528,3000,1.509,Critical,3
2026-02-12,BVI,Borivali,23,2586,3000,0.862,High,3
2026-02-12,BL,Valsad,0,218,1500,0.145,Low,3
2026-02-12,BL,Valsad,1,88,1500,0.059,Low,3
2026-02-12,BL,Valsad,2,70,1500,0.047,Low,3
2026-02-12,BL,Valsad,3,68,1500,0.045,Low,3
2026-02-12,BL,Valsad,4,92,1500,0.061,Low,3
2026-02-12,BL,Valsad,5,485,1500,0.323,Low,3
2026-02-12,BL,Valsad,6,606,1500,0.404,Moderate,3
2026-02-12,BL,Valsad,7,1837,1500,1.225,Critical,3
2026-02-12,BL,Valsad,8,1480,1500,0.987,Critical,3
2026-02-12,BL,Valsad,9,1558,1500,1.039,Critical,3
2026-02-12,BL,Valsad,10,978,1500,0.652,Moderate,3
2026-02-12,BL,Valsad,11,615,1500,0.41,Moderate,3
2026-02-12,BL,Valsad,12,443,1500,0.295,Low,3
2026-02-12,BL,Valsad,13,642,1500,0.428,Moderate,3
2026-02-12,BL,Valsad,14,591,1500,0.394,Low,3
2026-02-12,BL,Valsad,15,773,1500,0.515,Moderate,3
2026-02-12,BL,Valsad,16,1099,1500,0.733,High,3
2026-02-12,BL,Valsad,17,1629,1500,1.086,Critical,3
2026-02-12,BL,Valsad,18,1537,1500,1.025,Critical,3
2026-02-12,BL,Valsad,19,1838,1500,1.225,Critical,3
2026-02-12,BL,Valsad,20,970,1500,0.647,Moderate,3
2026-02-12,BL,Valsad,21,864,1500,0.576,Moderate,3
2026-02-12,BL,Valsad,22,502,1500,0.335,Low,3
2026-02-12,BL,Valsad,23,577,1500,0.385,Low,3
2026-02-12,ST,Surat,0,1093,3000,0.364,Low,3
2026-02-12,ST,Surat,1,1061,3000,0.354,Low,3
2026-02-12,ST,Surat,2,679,3000,0.226,Low,3
2026-02-12,ST,Surat,3,532,3000,0.177,Low,3
2026-02-12,ST,Surat,4,1057,3000,0.352,Low,3
2026-02-12,ST,Surat,5,3129,3000,1.043,Critical,3
2026-02-12,ST,Surat,6,3002,3000,1.001,Critical,3
2026-02-12,ST,Surat,7,12459,3000,4.153,Critical,3
2026-02-12,ST,Surat,8,9052,3000,3.017,Critical,3
2026-02-12,ST,Surat,9,9082,3000,3.027,Critical,3
2026-02-12,ST,Surat,10,6369,3000,2.123,Critical,3
2026-02-12,ST,Surat,11,6842,3000,2.281,Critical,3
2026-02-12,ST,Surat,12,3750,3000,1.25,Critical,3
2026-02-12,ST,Surat,13,5276,3000,1.759,Critical,3
2026-02-12,ST,Surat,14,3847,3000,1.282,Critical,3
2026-02-12,ST,Surat,15,6471,3000,2.157,Critical,3
2026-02-12,ST,Surat,16,5504,3000,1.835,Critical,3
2026-02-12,ST,Surat,17,7740,3000,2.58,Critical,3
2026-02-12,ST,Surat,18,11275,3000,3.758,Critical,3
2026-02-12,ST,Surat,19,8523,3000,2.841,Critical,3
2026-02-12,ST,Surat,20,6747,3000,2.249,Critical,3
2026-02-12,ST,Surat,21,5099,3000,1.7,Critical,3
2026-02-12,ST,Surat,22,2816,3000,0.939,Critical,3
2026-02-12,ST,Surat,23,4272,3000,1.424,Critical,3
2026-02-12,BRC,Vadodara Junction,0,827,3500,0.236,Low,3
2026-02-12,BRC,Vadodara Junction,1,637,3500,0.182,Low,3
2026-02-12,BRC,Vadodara Junction,2,312,3500,0.089,Low,3
2026-02-12,BRC,Vadodara Junction,3,953,3500,0.272,Low,3
2026-02-12,BRC,Vadodara Junction,4,602,3500,0.172,Low,3
2026-02-12,BRC,Vadodara Junction,5,3010,3500,0.86,High,3
2026-02-12,BRC,Vadodara Junction,6,4119,3500,1.177,Critical,3
2026-02-12,BRC,Vadodara Junction,7,10215,3500,2.919,Critical,3
2026-02-12,BRC,Vadodara Junction,8,8669,3500,2.477,Critical,3
2026-02-12,BRC,Vadodara Junction,9,6094,3500,1.741,Critical,3
2026-02-12,BRC,Vadodara Junction,10,4007,3500,1.145,Critical,3
2026-02-12,BRC,Vadodara Junction,11,5136,3500,1.467,Critical,3
2026-02-12,BRC,Vadodara Junction,12,3764,3500,1.075,Critical,3
2026-02-12,BRC,Vadodara Junction,13,3435,3500,0.981,Critical,3
2026-02-12,BRC,Vadodara Junction,14,3059,3500,0.874,High,3
2026-02-12,BRC,Vadodara Junction,15,6809,3500,1.945,Critical,3
2026-02-12,BRC,Vadodara Junction,16,4444,3500,1.27,Critical,3
2026-02-12,BRC,Vadodara Junction,17,9191,3500,2.626,Critical,3
2026-02-12,BRC,Vadodara Junction,18,9838,3500,2.811,Critical,3
2026-02-12,BRC,Vadodara Junction,19,10971,3500,3.135,Critical,3
2026-02-12,BRC,Vadodara Junction,20,6903,3500,1.972,Critical,3
2026-02-12,BRC,Vadodara Junction,21,4743,3500,1.355,Critical,3
2026-02-12,BRC,Vadodara Junction,22,3698,3500,1.057,Critical,3
2026-02-12,BRC,Vadodara Junction,23,3809,3500,1.088,Critical,3
2026-02-12,RTM,Ratlam Junction,0,389,2500,0.156,Low,3
2026-02-12,RTM,Ratlam Junction,1,368,2500,0.147,Low,3
2026-02-12,RTM,Ratlam Junction,2,355,2500,0.142,Low,3
2026-02-12,RTM,Ratlam Junction,3,296,2500,0.118,Low,3
2026-02-12,RTM,Ratlam Junction,4,217,2500,0.087,Low,3
2026-02-12,RTM,Ratlam Junction,5,2051,2500,0.82,High,3
2026-02-12,RTM,Ratlam Junction,6,1226,2500,0.49,Moderate,3
2026-02-12,RTM,Ratlam Junction,7,5148,2500,2.059,Critical,3
2026-02-12,RTM,Ratlam Junction,8,4744,2500,1.898,Critical,3
2026-02-12,RTM,Ratlam Junction,9,2556,2500,1.022,Critical,3
2026-02-12,RTM,Ratlam Junction,10,1786,2500,0.714,High,3
2026-02-12,RTM,Ratlam Junction,11,2764,2500,1.106,Critical,3
2026-02-12,RTM,Ratlam Junction,12,1079,2500,0.432,Moderate,3
2026-02-12,RTM,Ratlam Junction,13,1502,2500,0.601,Moderate,3
2026-02-12,RTM,Ratlam Junction,14,1249,2500,0.5,Moderate,3
2026-02-12,RTM,Ratlam Junction,15,1906,2500,0.762,High,3
2026-02-12,RTM,Ratlam Junction,16,2512,2500,1.005,Critical,3
2026-02-12,RTM,Ratlam Junction,17,5078,2500,2.031,Critical,3
2026-02-12,RTM,Ratlam Junction,18,3120,2500,1.248,Critical,3
2026-02-12,RTM,Ratlam Junction,19,2962,2500,1.185,Critical,3
2026-02-12,RTM,Ratlam Junction,20,1650,2500,0.66,Moderate,3
2026-02-12,RTM,Ratlam Junction,21,2068,2500,0.827,High,3
2026-02-12,RTM,Ratlam Junction,22,1877,2500,0.751,High,3
2026-02-12,RTM,Ratlam Junction,23,1641,2500,0.656,Moderate,3
2026-02-12,KOTA,Kota Junction,0,245,3000,0.082,Low,3
2026-02-12,KOTA,Kota Junction,1,422,3000,0.141,Low,3
2026-02-12,KOTA,Kota Junction,2,220,3000,0.073,Low,3
2026-02-12,KOTA,Kota Junction,3,205,3000,0.068,Low,3
2026-02-12,KOTA,Kota Junction,4,252,3000,0.084,Low,3
2026-02-12,KOTA,Kota Junction,5,1668,3000,0.556,Moderate,3
2026-02-12,KOTA,Kota Junction,6,2205,3000,0.735,High,3
2026-02-12,KOTA,Kota Junction,7,3794,3000,1.265,Critical,3
2026-02-12,KOTA,Kota Junction,8,4213,3000,1.404,Critical,3
2026-02-12,KOTA,Kota Junction,9,7678,3000,2.559,Critical,3
2026-02-12,KOTA,Kota Junction,10,2295,3000,0.765,High,3
2026-02-12,KOTA,Kota Junction,11,3031,3000,1.01,Critical,3
2026-02-12,KOTA,Kota Junction,12,2037,3000,0.679,Moderate,3
2026-02-12,KOTA,Kota Junction,13,2047,3000,0.682,Moderate,3
2026-02-12,KOTA,Kota Junction,14,2821,3000,0.94,Critical,3
2026-02-12,KOTA,Kota Junction,15,3732,3000,1.244,Critical,3
2026-02-12,KOTA,Kota Junction,16,2448,3000,0.816,High,3
2026-02-12,KOTA,Kota Junction,17,6862,3000,2.287,Critical,3
2026-02-12,KOTA,Kota Junction,18,4668,3000,1.556,Critical,3
2026-02-12,KOTA,Kota Junction,19,7016,3000,2.339,Critical,3
2026-02-12,KOTA,Kota Junction,20,3093,3000,1.031,Critical,3
2026-02-12,KOTA,Kota Junction,21,2779,3000,0.926,Critical,3
2026-02-12,KOTA,Kota Junction,22,2571,3000,0.857,High,3
2026-02-12,KOTA,Kota Junction,23,2694,3000,0.898,High,3
2026-02-12,SWM,Sawai Madhopur,0,144,2000,0.072,Low,3
2026-02-12,SWM,Sawai Madhopur,1,155,2000,0.077,Low,3
2026-02-12,SWM,Sawai Madhopur,2,107,2000,0.053,Low,3
2026-02-12,SWM,Sawai Madhopur,3,156,2000,0.078,Low,3
2026-02-12,SWM,Sawai Madhopur,4,236,2000,0.118,Low,3
2026-02-12,SWM,Sawai Madhopur,5,853,2000,0.426,Moderate,3
2026-02-12,SWM,Sawai Madhopur,6,845,2000,0.422,Moderate,3
2026-02-12,SWM,Sawai Madhopur,7,2149,2000,1.075,Critical,3
2026-02-12,SWM,Sawai Madhopur,8,2826,2000,1.413,Critical,3
2026-02-12,SWM,Sawai Madhopur,9,2179,2000,1.089,Critical,3
2026-02-12,SWM,Sawai Madhopur,10,1412,2000,0.706,High,3
2026-02-12,SWM,Sawai Madhopur,11,946,2000,0.473,Moderate,3
2026-02-12,SWM,Sawai Madhopur,12,819,2000,0.409,Moderate,3
2026-02-12,SWM,Sawai Madhopur,13,712,2000,0.356,Low,3
2026-02-12,SWM,Sawai Madhopur,14,818,2000,0.409,Moderate,3
2026-02-12,SWM,Sawai Madhopur,15,1252,2000,0.626,Moderate,3
2026-02-12,SWM,Sawai Madhopur,16,1037,2000,0.518,Moderate,3
2026-02-12,SWM,Sawai Madhopur,17,3052,2000,1.526,Critical,3
2026-02-12,SWM,Sawai Madhopur,18,2500,2000,1.25,Critical,3
2026-02-12,SWM,Sawai Madhopur,19,2355,2000,1.177,Critical,3
2026-02-12,SWM,Sawai Madhopur,20,971,2000,0.485,Moderate,3
2026-02-12,SWM,Sawai Madhopur,21,1103,2000,0.551,Moderate,3
2026-02-12,SWM,Sawai Madhopur,22,699,2000,0.349,Low,3
2026-02-12,SWM,Sawai Madhopur,23,735,2000,0.367,Low,3
2026-02-12,MTJ,Mathura Junction,0,594,3000,0.198,Low,3
2026-02-12,MTJ,Mathura Junction,1,623,3000,0.208,Low,3
2026-02-12,MTJ,Mathura Junction,2,316,3000,0.105,Low,3
2026-02-12,MTJ,Mathura Junction,3,527,3000,0.176,Low,3
2026-02-12,MTJ,Mathura Junction,4,508,3000,0.169,Low,3
2026-02-12,MTJ,Mathura Junction,5,2181,3000,0.727,High,3
2026-02-12,MTJ,Mathura Junction,6,2865,3000,0.955,Critical,3
2026-02-12,MTJ,Mathura Junction,7,7370,3000,2.457,Critical,3
2026-02-12,MTJ,Mathura Junction,8,5319,3000,1.773,Critical,3
2026-02-12,MTJ,Mathura Junction,9,5788,3000,1.929,Critical,3
2026-02-12,MTJ,Mathura Junction,10,2778,3000,0.926,Critical,3
2026-02-12,MTJ,Mathura Junction,11,3185,3000,1.062,Critical,3
2026-02-12,MTJ,Mathura Junction,12,2414,3000,0.805,High,3
2026-02-12,MTJ,Mathura Junction,13,2160,3000,0.72,High,3
2026-02-12,MTJ,Mathura Junction,14,2623,3000,0.874,High,3
2026-02-12,MTJ,Mathura Junction,15,3225,3000,1.075,Critical,3
2026-02-12,MTJ,Mathura Junction,16,2895,3000,0.965,Critical,3
2026-02-12,MTJ,Mathura Junction,17,7346,3000,2.449,Critical,3
2026-02-12,MTJ,Mathura Junction,18,4932,3000,1.644,Critical,3
2026-02-12,MTJ,Mathura Junction,19,7702,3000,2.567,Critical,3
2026-02-12,MTJ,Mathura Junction,20,3698,3000,1.233,Critical,3
2026-02-12,MTJ,Mathura Junction,21,3184,3000,1.061,Critical,3
2026-02-12,MTJ,Mathura Junction,22,2807,3000,0.936,Critical,3
2026-02-12,MTJ,Mathura Junction,23,1786,3000,0.595,Moderate,3
2026-02-12,NDLS,New Delhi,0,4892,8000,0.612,Moderate,3
2026-02-12,NDLS,New Delhi,1,3743,8000,0.468,Moderate,3
2026-02-12,NDLS,New Delhi,2,1815,8000,0.227,Low,3
2026-02-12,NDLS,New Delhi,3,2813,8000,0.352,Low,3
2026-02-12,NDLS,New Delhi,4,2409,8000,0.301,Low,3
2026-02-12,NDLS,New Delhi,5,19266,8000,2.408,Critical,3
2026-02-12,NDLS,New Delhi,6,23110,8000,2.889,Critical,3
2026-02-12,NDLS,New Delhi,7,50406,8000,6.301,Critical,3
2026-02-12,NDLS,New Delhi,8,52490,8000,6.561,Critical,3
2026-02-12,NDLS,New Delhi,9,62269,8000,7.784,Critical,3
2026-02-12,NDLS,New Delhi,10,34944,8000,4.368,Critical,3
2026-02-12,NDLS,New Delhi,11,22360,8000,2.795,Critical,3
2026-02-12,NDLS,New Delhi,12,17502,8000,2.188,Critical,3
2026-02-12,NDLS,New Delhi,13,12987,8000,1.623,Critical,3
2026-02-12,NDLS,New Delhi,14,16659,8000,2.082,Critical,3
2026-02-12,NDLS,New Delhi,15,24460,8000,3.058,Critical,3
2026-02-12,NDLS,New Delhi,16,26817,8000,3.352,Critical,3
2026-02-12,NDLS,New Delhi,17,52020,8000,6.503,Critical,3
2026-02-12,NDLS,New Delhi,18,43355,8000,5.419,Critical,3
2026-02-12,NDLS,New Delhi,19,56868,8000,7.109,Critical,3
2026-02-12,NDLS,New Delhi,20,28920,8000,3.615,Critical,3
2026-02-12,NDLS,New Delhi,21,33929,8000,4.241,Critical,3
2026-02-12,NDLS,New Delhi,22,20255,8000,2.532,Critical,3
2026-02-12,NDLS,New Delhi,23,21692,8000,2.712,Critical,3
2026-02-12,CSMT,Mumbai CSMT,0,4668,9000,0.519,Moderate,3
2026-02-12,CSMT,Mumbai CSMT,1,2090,9000,0.232,Low,3
2026-02-12,CSMT,Mumbai CSMT,2,2216,9000,0.246,Low,3
2026-02-12,CSMT,Mumbai CSMT,3,3754,9000,0.417,Moderate,3
2026-02-12,CSMT,Mumbai CSMT,4,2004,9000,0.223,Low,3
2026-02-12,CSMT,Mumbai CSMT,5,15459,9000,1.718,Critical,3
2026-02-12,CSMT,Mumbai CSMT,6,13368,9000,1.485,Critical,3
2026-02-12,CSMT,Mumbai CSMT,7,50280,9000,5.587,Critical,3
2026-02-12,CSMT,Mumbai CSMT,8,35684,9000,3.965,Critical,3
2026-02-12,CSMT,Mumbai CSMT,9,31713,9000,3.524,Critical,3
2026-02-12,CSMT,Mumbai CSMT,10,27487,9000,3.054,Critical,3
2026-02-12,CSMT,Mumbai CSMT,11,17912,9000,1.99,Critical,3
2026-02-12,CSMT,Mumbai CSMT,12,14385,9000,1.598,Critical,3
2026-02-12,CSMT,Mumbai CSMT,13,18294,9000,2.033,Critical,3
2026-02-12,CSMT,Mumbai CSMT,14,19951,9000,2.217,Critical,3
2026-02-12,CSMT,Mumbai CSMT,15,25002,9000,2.778,Critical,3
2026-02-12,CSMT,Mumbai CSMT,16,16900,9000,1.878,Critical,3
2026-02-12,CSMT,Mumbai CSMT,17,23998,9000,2.666,Critical,3
2026-02-12,CSMT,Mumbai CSMT,18,46210,9000,5.134,Critical,3
2026-02-12,CSMT,Mumbai CSMT,19,37633,9000,4.181,Critical,3
2026-02-12,CSMT,Mumbai CSMT,20,15979,9000,1.775,Critical,3
2026-02-12,CSMT,Mumbai CSMT,21,23210,9000,2.579,Critical,3
2026-02-12,CSMT,Mumbai CSMT,22,11010,9000,1.223,Critical,3
2026-02-12,CSMT,Mumbai CSMT,23,18072,9000,2.008,Critical,3
2026-02-12,KYN,Kalyan Junction,0,1277,4000,0.319,Low,3
2026-02-12,KYN,Kalyan Junction,1,1053,4000,0.263,Low,3
2026-02-12,KYN,Kalyan Junction,2,1021,4000,0.255,Low,3
2026-02-12,KYN,Kalyan Junction,3,679,4000,0.17,Low,3
2026-02-12,KYN,Kalyan Junction,4,698,4000,0.174,Low,3
2026-02-12,KYN,Kalyan Junction,5,4206,4000,1.052,Critical,3
2026-02-12,KYN,Kalyan Junction,6,3648,4000,0.912,Critical,3
2026-02-12,KYN,Kalyan Junction,7,10300,4000,2.575,Critical,3
2026-02-12,KYN,Kalyan Junction,8,12409,4000,3.102,Critical,3
2026-02-12,KYN,Kalyan Junction,9,9131,4000,2.283,Critical,3
2026-02-12,KYN,Kalyan Junction,10,7842,4000,1.96,Critical,3
2026-02-12,KYN,Kalyan Junction,11,6108,4000,1.527,Critical,3
2026-02-12,KYN,Kalyan Junction,12,4116,4000,1.029,Critical,3
2026-02-12,KYN,Kalyan Junction,13,3710,4000,0.927,Critical,3
2026-02-12,KYN,Kalyan Junction,14,5282,4000,1.321,Critical,3
2026-02-12,KYN,Kalyan Junction,15,5061,4000,1.265,Critical,3
2026-02-12,KYN,Kalyan Junction,16,7541,4000,1.885,Critical,3
2026-02-12,KYN,Kalyan Junction,17,10957,4000,2.739,Critical,3
2026-02-12,KYN,Kalyan Junction,18,11376,4000,2.844,Critical,3
2026-02-12,KYN,Kalyan Junction,19,11274,4000,2.818,Critical,3
2026-02-12,KYN,Kalyan Junction,20,8831,4000,2.208,Critical,3
2026-02-12,KYN,Kalyan Junction,21,6158,4000,1.54,Critical,3
2026-02-12,KYN,Kalyan Junction,22,4990,4000,1.248,Critical,3
2026-02-12,KYN,Kalyan Junction,23,4372,4000,1.093,Critical,3
2026-02-12,NMD,Nashik Road,0,392,2000,0.196,Low,3
2026-02-12,NMD,Nashik Road,1,259,2000,0.13,Low,3
2026-02-12,NMD,Nashik Road,2,249,2000,0.124,Low,3
2026-02-12,NMD,Nashik Road,3,550,2000,0.275,Low,3
2026-02-12,NMD,Nashik Road,4,441,2000,0.221,Low,3
2026-02-12,NMD,Nashik Road,5,1759,2000,0.879,High,3
2026-02-12,NMD,Nashik Road,6,1511,2000,0.755,High,3
2026-02-12,NMD,Nashik Road,7,3288,2000,1.644,Critical,3
2026-02-12,NMD,Nashik Road,8,4639,2000,2.32,Critical,3
2026-02-12,NMD,Nashik Road,9,5534,2000,2.767,Critical,3
2026-02-12,NMD,Nashik Road,10,2361,2000,1.181,Critical,3
2026-02-12,NMD,Nashik Road,11,3181,2000,1.591,Critical,3
2026-02-12,NMD,Nashik Road,12,1680,2000,0.84,High,3
2026-02-12,NMD,Nashik Road,13,1595,2000,0.797,High,3
2026-02-12,NMD,Nashik Road,14,1700,2000,0.85,High,3
2026-02-12,NMD,Nashik Road,15,2205,2000,1.103,Critical,3
2026-02-12,NMD,Nashik Road,16,2123,2000,1.062,Critical,3
2026-02-12,NMD,Nashik Road,17,4674,2000,2.337,Critical,3
2026-02-12,NMD,Nashik Road,18,3432,2000,1.716,Critical,3
2026-02-12,NMD,Nashik Road,19,4550,2000,2.275,Critical,3
2026-02-12,NMD,Nashik Road,20,2953,2000,1.476,Critical,3
2026-02-12,NMD,Nashik Road,21,2636,2000,1.318,Critical,3
2026-02-12,NMD,Nashik Road,22,2258,2000,1.129,Critical,3
2026-02-12,NMD,Nashik Road,23,1713,2000,0.857,High,3
2026-02-12,MMR,Manmad Junction,0,268,2500,0.107,Low,3
2026-02-12,MMR,Manmad Junction,1,174,2500,0.07,Low,3
2026-02-12,MMR,Manmad Junction,2,176,2500,0.07,Low,3
2026-02-12,MMR,Manmad Junction,3,262,2500,0.105,Low,3
2026-02-12,MMR,Manmad Junction,4,389,2500,0.156,Low,3
2026-02-12,MMR,Manmad Junction,5,1396,2500,0.558,Moderate,3
2026-02-12,MMR,Manmad Junction,6,1318,2500,0.527,Moderate,3
2026-02-12,MMR,Manmad Junction,7,2821,2500,1.128,Critical,3
2026-02-12,MMR,Manmad Junction,8,3413,2500,1.365,Critical,3
2026-02-12,MMR,Manmad Junction,9,3355,2500,1.342,Critical,3
2026-02-12,MMR,Manmad Junction,10,1768,2500,0.707,High,3
2026-02-12,MMR,Manmad Junction,11,2016,2500,0.806,High,3
2026-02-12,MMR,Manmad Junction,12,1562,2500,0.625,Moderate,3
2026-02-12,MMR,Manmad Junction,13,941,2500,0.376,Low,3
2026-02-12,MMR,Manmad Junction,14,1306,2500,0.522,Moderate,3
2026-02-12,MMR,Manmad Junction,15,1764,2500,0.706,High,3
2026-02-12,MMR,Manmad Junction,16,1524,2500,0.61,Moderate,3
2026-02-12,MMR,Manmad Junction,17,3089,2500,1.236,Critical,3
2026-02-12,MMR,Manmad Junction,18,4138,2500,1.655,Critical,3
2026-02-12,MMR,Manmad Junction,19,3492,2500,1.397,Critical,3
2026-02-12,MMR,Manmad Junction,20,2022,2500,0.809,High,3
2026-02-12,MMR,Manmad Junction,21,2327,2500,0.931,Critical,3
2026-02-12,MMR,Manmad Junction,22,1048,2500,0.419,Moderate,3
2026-02-12,MMR,Manmad Junction,23,1031,2500,0.412,Moderate,3
2026-02-12,BSL,Bhusawal Junction,0,255,3000,0.085,Low,3
2026-02-12,BSL,Bhusawal Junction,1,427,3000,0.142,Low,3
2026-02-12,BSL,Bhusawal Junction,2,526,3000,0.175,Low,3
2026-02-12,BSL,Bhusawal Junction,3,293,3000,0.098,Low,3
2026-02-12,BSL,Bhusawal Junction,4,312,3000,0.104,Low,3
2026-02-12,BSL,Bhusawal Junction,5,1996,3000,0.665,Moderate,3
2026-02-12,BSL,Bhusawal Junction,6,2040,3000,0.68,Moderate,3
2026-02-12,BSL,Bhusawal Junction,7,4866,3000,1.622,Critical,3
2026-02-12,BSL,Bhusawal Junction,8,6232,3000,2.077,Critical,3
2026-02-12,BSL,Bhusawal Junction,9,5442,3000,1.814,Critical,3
2026-02-12,BSL,Bhusawal Junction,10,2836,3000,0.945,Critical,3
2026-02-12,BSL,Bhusawal Junction,11,3395,3000,1.132,Critical,3
2026-02-12,BSL,Bhusawal Junction,12,1771,3000,0.59,Moderate,3
2026-02-12,BSL,Bhusawal Junction,13,1783,3000,0.594,Moderate,3
2026-02-12,BSL,Bhusawal Junction,14,2235,3000,0.745,High,3
2026-02-12,BSL,Bhusawal Junction,15,2506,3000,0.835,High,3
2026-02-12,BSL,Bhusawal Junction,16,2364,3000,0.788,High,3
2026-02-12,BSL,Bhusawal Junction,17,4128,3000,1.376,Critical,3
2026-02-12,BSL,Bhusawal Junction,18,6279,3000,2.093,Critical,3
2026-02-12,BSL,Bhusawal Junction,19,6886,3000,2.295,Critical,3
2026-02-12,BSL,Bhusawal Junction,20,2289,3000,0.763,High,3
2026-02-12,BSL,Bhusawal Junction,21,3600,3000,1.2,Critical,3
2026-02-12,BSL,Bhusawal Junction,22,1511,3000,0.504,Moderate,3
2026-02-12,BSL,Bhusawal Junction,23,1732,3000,0.577,Moderate,3
2026-02-12,ET,Itarsi Junction,0,218,3500,0.062,Low,3
2026-02-12,ET,Itarsi Junction,1,383,3500,0.109,Low,3
2026-02-12,ET,Itarsi Junction,2,262,3500,0.075,Low,3
2026-02-12,ET,Itarsi Junction,3,342,3500,0.098,Low,3
2026-02-12,ET,Itarsi Junction,4,202,3500,0.058,Low,3
2026-02-12,ET,Itarsi Junction,5,1677,3500,0.479,Moderate,3
2026-02-12,ET,Itarsi Junction,6,1551,3500,0.443,Moderate,3
2026-02-12,ET,Itarsi Junction,7,4352,3500,1.243,Critical,3
2026-02-12,ET,Itarsi Junction,8,5042,3500,1.441,Critical,3
2026-02-12,ET,Itarsi Junction,9,4385,3500,1.253,Critical,3
2026-02-12,ET,Itarsi Junction,10,2366,3500,0.676,Moderate,3
2026-02-12,ET,Itarsi Junction,11,2351,3500,0.672,Moderate,3
2026-02-12,ET,Itarsi Junction,12,2130,3500,0.609,Moderate,3
2026-02-12,ET,Itarsi Junction,13,1417,3500,0.405,Moderate,3
2026-02-12,ET,Itarsi Junction,14,1819,3500,0.52,Moderate,3
2026-02-12,ET,Itarsi Junction,15,2351,3500,0.672,Moderate,3
2026-02-12,ET,Itarsi Junction,16,3047,3500,0.871,High,3
2026-02-12,ET,Itarsi Junction,17,4215,3500,1.204,Critical,3
2026-02-12,ET,Itarsi Junction,18,5671,3500,1.62,Critical,3
2026-02-12,ET,Itarsi Junction,19,6214,3500,1.775,Critical,3
2026-02-12,ET,Itarsi Junction,20,2152,3500,0.615,Moderate,3
2026-02-12,ET,Itarsi Junction,21,3083,3500,0.881,High,3
2026-02-12,ET,Itarsi Junction,22,1913,3500,0.547,Moderate,3
2026-02-12,ET,Itarsi Junction,23,1103,3500,0.315,Low,3
2026-02-12,BPL,Bhopal Junction,0,731,3000,0.244,Low,3
2026-02-12,BPL,Bhopal Junction,1,531,3000,0.177,Low,3
2026-02-12,BPL,Bhopal Junction,2,349,3000,0.116,Low,3
2026-02-12,BPL,Bhopal Junction,3,607,3000,0.202,Low,3
2026-02-12,BPL,Bhopal Junction,4,795,3000,0.265,Low,3
2026-02-12,BPL,Bhopal Junction,5,2427,3000,0.809,High,3
2026-02-12,BPL,Bhopal Junction,6,2836,3000,0.945,Critical,3
2026-02-12,BPL,Bhopal Junction,7,9068,3000,3.023,Critical,3
2026-02-12,BPL,Bhopal Junction,8,11037,3000,3.679,Critical,3
2026-02-12,BPL,Bhopal Junction,9,10857,3000,3.619,Critical,3
2026-02-12,BPL,Bhopal Junction,10,4632,3000,1.544,Critical,3
2026-02-12,BPL,Bhopal Junction,11,4107,3000,1.369,Critical,3
2026-02-12,BPL,Bhopal Junction,12,2359,3000,0.786,High,3
2026-02-12,BPL,Bhopal Junction,13,3375,3000,1.125,Critical,3
2026-02-12,BPL,Bhopal Junction,14,3097,3000,1.032,Critical,3
2026-02-12,BPL,Bhopal Junction,15,4565,3000,1.522,Critical,3
2026-02-12,BPL,Bhopal Junction,16,3693,3000,1.231,Critical,3
2026-02-12,BPL,Bhopal Junction,17,6925,3000,2.308,Critical,3
2026-02-12,BPL,Bhopal Junction,18,6538,3000,2.179,Critical,3
2026-02-12,BPL,Bhopal Junction,19,8559,3000,2.853,Critical,3
2026-02-12,BPL,Bhopal Junction,20,4195,3000,1.398,Critical,3
2026-02-12,BPL,Bhopal Junction,21,3642,3000,1.214,Critical,3
2026-02-12,BPL,Bhopal Junction,22,2648,3000,0.883,High,3
2026-02-12,BPL,Bhopal Junction,23,2305,3000,0.768,High,3
2026-02-12,JHS,Jhansi Junction,0,313,4000,0.078,Low,3
2026-02-12,JHS,Jhansi Junction,1,664,4000,0.166,Low,3
2026-02-12,JHS,Jhansi Junction,2,606,4000,0.151,Low,3
2026-02-12,JHS,Jhansi Junction,3,449,4000,0.112,Low,3
2026-02-12,JHS,Jhansi Junction,4,468,4000,0.117,Low,3
2026-02-12,JHS,Jhansi Junction,5,2785,4000,0.696,Moderate,3
2026-02-12,JHS,Jhansi Junction,6,3226,4000,0.806,High,3
2026-02-12,JHS,Jhansi Junction,7,8035,4000,2.009,Critical,3
2026-02-12,JHS,Jhansi Junction,8,5427,4000,1.357,Critical,3
2026-02-12,JHS,Jhansi Junction,9,4724,4000,1.181,Critical,3
2026-02-12,JHS,Jhansi Junction,10,3623,4000,0.906,Critical,3
2026-02-12,JHS,Jhansi Junction,11,3285,4000,0.821,High,3
2026-02-12,JHS,Jhansi Junction,12,2633,4000,0.658,Moderate,3
2026-02-12,JHS,Jhansi Junction,13,1927,4000,0.482,Moderate,3
2026-02-12,JHS,Jhansi Junction,14,1679,4000,0.42,Moderate,3
2026-02-12,JHS,Jhansi Junction,15,3295,4000,0.824,High,3
2026-02-12,JHS,Jhansi Junction,16,2772,4000,0.693,Moderate,3
2026-02-12,JHS,Jhansi Junction,17,4129,4000,1.032,Critical,3
2026-02-12,JHS,Jhansi Junction,18,4750,4000,1.188,Critical,3
2026-02-12,JHS,Jhansi Junction,19,5239,4000,1.31,Critical,3
2026-02-12,JHS,Jhansi Junction,20,4355,4000,1.089,Critical,3
2026-02-12,JHS,Jhansi Junction,21,3243,4000,0.811,High,3
2026-02-12,JHS,Jhansi Junction,22,2188,4000,0.547,Moderate,3
2026-02-12,JHS,Jhansi Junction,23,2205,4000,0.551,Moderate,3
2026-02-12,GWL,Gwalior Junction,0,271,2500,0.108,Low,3
2026-02-12,GWL,Gwalior Junction,1,354,2500,0.142,Low,3
2026-02-12,GWL,Gwalior Junction,2,328,2500,0.131,Low,3
2026-02-12,GWL,Gwalior Junction,3,476,2500,0.19,Low,3
2026-02-12,GWL,Gwalior Junction,4,637,2500,0.255,Low,3
2026-02-12,GWL,Gwalior Junction,5,2294,2500,0.918,Critical,3
2026-02-12,GWL,Gwalior Junction,6,1475,2500,0.59,Moderate,3
2026-02-12,GWL,Gwalior Junction,7,6528,2500,2.611,Critical,3
2026-02-12,GWL,Gwalior Junction,8,4262,2500,1.705,Critical,3
2026-02-12,GWL,Gwalior Junction,9,5435,2500,2.174,Critical,3
2026-02-12,GWL,Gwalior Junction,10,2366,2500,0.946,Critical,3
2026-02-12,GWL,Gwalior Junction,11,2524,2500,1.01,Critical,3
2026-02-12,GWL,Gwalior Junction,12,1753,2500,0.701,High,3
2026-02-12,GWL,Gwalior Junction,13,1904,2500,0.762,High,3
2026-02-12,GWL,Gwalior Junction,14,1653,2500,0.661,Moderate,3
2026-02-12,GWL,Gwalior Junction,15,3546,2500,1.418,Critical,3
2026-02-12,GWL,Gwalior Junction,16,3357,2500,1.343,Critical,3
2026-02-12,GWL,Gwalior Junction,17,5901,2500,2.36,Critical,3
2026-02-12,GWL,Gwalior Junction,18,7180,2500,2.872,Critical,3
2026-02-12,GWL,Gwalior Junction,19,4486,2500,1.794,Critical,3
2026-02-12,GWL,Gwalior Junction,20,2400,2500,0.96,Critical,3
2026-02-12,GWL,Gwalior Junction,21,2378,2500,0.951,Critical,3
2026-02-12,GWL,Gwalior Junction,22,2484,2500,0.994,Critical,3
2026-02-12,GWL,Gwalior Junction,23,1591,2500,0.636,Moderate,3
2026-02-12,AGC,Agra Cantt,0,418,3000,0.139,Low,3
2026-02-12,AGC,Agra Cantt,1,369,3000,0.123,Low,3
2026-02-12,AGC,Agra Cantt,2,588,3000,0.196,Low,3
2026-02-12,AGC,Agra Cantt,3,403,3000,0.134,Low,3
2026-02-12,AGC,Agra Cantt,4,652,3000,0.217,Low,3
2026-02-12,AGC,Agra Cantt,5,3168,3000,1.056,Critical,3
2026-02-12,AGC,Agra Cantt,6,2422,3000,0.807,High,3
2026-02-12,AGC,Agra Cantt,7,5168,3000,1.723,Critical,3
2026-02-12,AGC,Agra Cantt,8,7591,3000,2.53,Critical,3
2026-02-12,AGC,Agra Cantt,9,9060,3000,3.02,Critical,3
2026-02-12,AGC,Agra Cantt,10,4449,3000,1.483,Critical,3
2026-02-12,AGC,Agra Cantt,11,4753,3000,1.584,Critical,3
2026-02-12,AGC,Agra Cantt,12,2231,3000,0.744,High,3
2026-02-12,AGC,Agra Cantt,13,2955,3000,0.985,Critical,3
2026-02-12,AGC,Agra Cantt,14,3094,3000,1.031,Critical,3
2026-02-12,AGC,Agra Cantt,15,4419,3000,1.473,Critical,3
2026-02-12,AGC,Agra Cantt,16,3622,3000,1.207,Critical,3
2026-02-12,AGC,Agra Cantt,17,7349,3000,2.45,Critical,3
2026-02-12,AGC,Agra Cantt,18,7642,3000,2.547,Critical,3
2026-02-12,AGC,Agra Cantt,19,6176,3000,2.059,Critical,3
2026-02-12,AGC,Agra Cantt,20,3095,3000,1.032,Critical,3
2026-02-12,AGC,Agra Cantt,21,2890,3000,0.963,Critical,3
2026-02-12,AGC,Agra Cantt,22,2492,3000,0.831,High,3
2026-02-12,AGC,Agra Cantt,23,2241,3000,0.747,High,3
2026-02-11,MMCT,Mumbai Central,0,585,4000,0.146,Low,2
2026-02-11,MMCT,Mumbai Central,1,1310,4000,0.328,Low,2
2026-02-11,MMCT,Mumbai Central,2,1604,4000,0.401,Moderate,2
2026-02-11,MMCT,Mumbai Central,3,1682,4000,0.42,Moderate,2
2026-02-11,MMCT,Mumbai Central,4,681,4000,0.17,Low,2
2026-02-11,MMCT,Mumbai Central,5,6272,4000,1.568,Critical,2
2026-02-11,MMCT,Mumbai Central,6,6785,4000,1.696,Critical,2
2026-02-11,MMCT,Mumbai Central,7,14925,4000,3.731,Critical,2
2026-02-11,MMCT,Mumbai Central,8,11209,4000,2.802,Critical,2
2026-02-11,MMCT,Mumbai Central,9,22581,4000,5.645,Critical,2
2026-02-11,MMCT,Mumbai Central,10,11037,4000,2.759,Critical,2
2026-02-11,MMCT,Mumbai Central,11,12220,4000,3.055,Critical,2
2026-02-11,MMCT,Mumbai Central,12,5553,4000,1.388,Critical,2
2026-02-11,MMCT,Mumbai Central,13,5896,4000,1.474,Critical,2
2026-02-11,MMCT,Mumbai Central,14,5344,4000,1.336,Critical,2
2026-02-11,MMCT,Mumbai Central,15,10187,4000,2.547,Critical,2
2026-02-11,MMCT,Mumbai Central,16,7799,4000,1.95,Critical,2
2026-02-11,MMCT,Mumbai Central,17,19567,4000,4.892,Critical,2
2026-02-11,MMCT,Mumbai Central,18,21854,4000,5.463,Critical,2
2026-02-11,MMCT,Mumbai Central,19,19278,4000,4.819,Critical,2
2026-02-11,MMCT,Mumbai Central,20,8696,4000,2.174,Critical,2
2026-02-11,MMCT,Mumbai Central,21,12634,4000,3.159,Critical,2
2026-02-11,MMCT,Mumbai Central,22,6171,4000,1.543,Critical,2
2026-02-11,MMCT,Mumbai Central,23,6109,4000,1.527,Critical,2
2026-02-11,BVI,Borivali,0,496,3000,0.165,Low,2
2026-02-11,BVI,Borivali,1,745,3000,0.248,Low,2
2026-02-11,BVI,Borivali,2,1060,3000,0.353,Low,2
2026-02-11,BVI,Borivali,3,468,3000,0.156,Low,2
2026-02-11,BVI,Borivali,4,603,3000,0.201,Low,2
2026-02-11,BVI,Borivali,5,3602,3000,1.201,Critical,2
2026-02-11,BVI,Borivali,6,3099,3000,1.033,Critical,2
2026-02-11,BVI,Borivali,7,10166,3000,3.389,Critical,2
2026-02-11,BVI,Borivali,8,12951,3000,4.317,Critical,2
2026-02-11,BVI,Borivali,9,8906,3000,2.969,Critical,2
2026-02-11,BVI,Borivali,10,5414,3000,1.805,Critical,2
2026-02-11,BVI,Borivali,11,4688,3000,1.563,Critical,2
2026-02-11,BVI,Borivali,12,3158,3000,1.053,Critical,2
2026-02-11,BVI,Borivali,13,2270,3000,0.757,High,2
2026-02-11,BVI,Borivali,14,3424,3000,1.141,Critical,2
2026-02-11,BVI,Borivali,15,6482,3000,2.161,Critical,2
2026-02-11,BVI,Borivali,16,4718,3000,1.573,Critical,2
2026-02-11,BVI,Borivali,17,7377,3000,2.459,Critical,2
2026-02-11,BVI,Borivali,18,9194,3000,3.065,Critical,2
2026-02-11,BVI,Borivali,19,9844,3000,3.281,Critical,2
2026-02-11,BVI,Borivali,20,3902,3000,1.301,Critical,2
2026-02-11,BVI,Borivali,21,4973,3000,1.658,Critical,2
2026-02-11,BVI,Borivali,22,2626,3000,0.875,High,2
2026-02-11,BVI,Borivali,23,3360,3000,1.12,Critical,2
2026-02-11,BL,Valsad,0,108,1500,0.072,Low,2
2026-02-11,BL,Valsad,1,96,1500,0.064,Low,2
2026-02-11,BL,Valsad,2,171,1500,0.114,Low,2
2026-02-11,BL,Valsad,3,117,1500,0.078,Low,2
2026-02-11,BL,Valsad,4,52,1500,0.035,Low,2
2026-02-11,BL,Valsad,5,594,1500,0.396,Low,2
2026-02-11,BL,Valsad,6,831,1500,0.554,Moderate,2
2026-02-11,BL,Valsad,7,1838,1500,1.225,Critical,2
2026-02-11,BL,Valsad,8,2135,1500,1.423,Critical,2
2026-02-11,BL,Valsad,9,2143,1500,1.429,Critical,2
2026-02-11,BL,Valsad,10,828,1500,0.552,Moderate,2
2026-02-11,BL,Valsad,11,927,1500,0.618,Moderate,2
2026-02-11,BL,Valsad,12,474,1500,0.316,Low,2
2026-02-11,BL,Valsad,13,677,1500,0.451,Moderate,2
2026-02-11,BL,Valsad,14,857,1500,0.571,Moderate,2
2026-02-11,BL,Valsad,15,790,1500,0.527,Moderate,2
2026-02-11,BL,Valsad,16,911,1500,0.607,Moderate,2
2026-02-11,BL,Valsad,17,2123,1500,1.415,Critical,2
2026-02-11,BL,Valsad,18,1738,1500,1.159,Critical,2
2026-02-11,BL,Valsad,19,1970,1500,1.313,Critical,2
2026-02-11,BL,Valsad,20,790,1500,0.527,Moderate,2
2026-02-11,BL,Valsad,21,722,1500,0.481,Moderate,2
2026-02-11,BL,Valsad,22,588,1500,0.392,Low,2
2026-02-11,BL,Valsad,23,550,1500,0.367,Low,2
2026-02-11,ST,Surat,0,725,3000,0.242,Low,2
2026-02-11,ST,Surat,1,804,3000,0.268,Low,2
2026-02-11,ST,Surat,2,974,3000,0.325,Low,2
2026-02-11,ST,Surat,3,1206,3000,0.402,Moderate,2
2026-02-11,ST,Surat,4,1264,3000,0.421,Moderate,2
2026-02-11,ST,Surat,5,4818,3000,1.606,Critical,2
2026-02-11,ST,Surat,6,3344,3000,1.115,Critical,2
2026-02-11,ST,Surat,7,10928,3000,3.643,Critical,2
2026-02-11,ST,Surat,8,11556,3000,3.852,Critical,2
2026-02-11,ST,Surat,9,12688,3000,4.229,Critical,2
2026-02-11,ST,Surat,10,5295,3000,1.765,Critical,2
2026-02-11,ST,Surat,11,5053,3000,1.684,Critical,2
2026-02-11,ST,Surat,12,4834,3000,1.611,Critical,2
2026-02-11,ST,Surat,13,4436,3000,1.479,Critical,2
2026-02-11,ST,Surat,14,4000,3000,1.333,Critical,2
2026-02-11,ST,Surat,15,5775,3000,1.925,Critical,2
2026-02-11,ST,Surat,16,5569,3000,1.856,Critical,2
2026-02-11,ST,Surat,17,12189,3000,4.063,Critical,2
2026-02-11,ST,Surat,18,14314,3000,4.771,Critical,2
2026-02-11,ST,Surat,19,10128,3000,3.376,Critical,2
2026-02-11,ST,Surat,20,4493,3000,1.498,Critical,2
2026-02-11,ST,Surat,21,6287,3000,2.096,Critical,2
2026-02-11,ST,Surat,22,3246,3000,1.082,Critical,2
2026-02-11,ST,Surat,23,4669,3000,1.556,Critical,2
2026-02-11,BRC,Vadodara Junction,0,510,3500,0.146,Low,2
2026-02-11,BRC,Vadodara Junction,1,1100,3500,0.314,Low,2
2026-02-11,BRC,Vadodara Junction,2,591,3500,0.169,Low,2
2026-02-11,BRC,Vadodara Junction,3,855,3500,0.244,Low,2
2026-02-11,BRC,Vadodara Junction,4,1001,3500,0.286,Low,2
2026-02-11,BRC,Vadodara Junction,5,4457,3500,1.273,Critical,2
2026-02-11,BRC,Vadodara Junction,6,4241,3500,1.212,Critical,2
2026-02-11,BRC,Vadodara Junction,7,11837,3500,3.382,Critical,2
2026-02-11,BRC,Vadodara Junction,8,9128,3500,2.608,Critical,2
2026-02-11,BRC,Vadodara Junction,9,9028,3500,2.579,Critical,2
2026-02-11,BRC,Vadodara Junction,10,5508,3500,1.574,Critical,2
2026-02-11,BRC,Vadodara Junction,11,4408,3500,1.259,Critical,2
2026-02-11,BRC,Vadodara Junction,12,4039,3500,1.154,Critical,2
2026-02-11,BRC,Vadodara Junction,13,3827,3500,1.093,Critical,2
2026-02-11,BRC,Vadodara Junction,14,2814,3500,0.804,High,2
2026-02-11,BRC,Vadodara Junction,15,5020,3500,1.434,Critical,2
2026-02-11,BRC,Vadodara Junction,16,5460,3500,1.56,Critical,2
2026-02-11,BRC,Vadodara Junction,17,9315,3500,2.661,Critical,2
2026-02-11,BRC,Vadodara Junction,18,9629,3500,2.751,Critical,2
2026-02-11,BRC,Vadodara Junction,19,10416,3500,2.976,Critical,2
2026-02-11,BRC,Vadodara Junction,20,4382,3500,1.252,Critical,2
2026-02-11,BRC,Vadodara Junction,21,5897,3500,1.685,Critical,2
2026-02-11,BRC,Vadodara Junction,22,2479,3500,0.708,High,2
2026-02-11,BRC,Vadodara Junction,23,3297,3500,0.942,Critical,2
2026-02-11,RTM,Ratlam Junction,0,215,2500,0.086,Low,2
2026-02-11,RTM,Ratlam Junction,1,396,2500,0.158,Low,2
2026-02-11,RTM,Ratlam Junction,2,159,2500,0.064,Low,2
2026-02-11,RTM,Ratlam Junction,3,455,2500,0.182,Low,2
2026-02-11,RTM,Ratlam Junction,4,237,2500,0.095,Low,2
2026-02-11,RTM,Ratlam Junction,5,1680,2500,0.672,Moderate,2
2026-02-11,RTM,Ratlam Junction,6,1359,2500,0.544,Moderate,2
2026-02-11,RTM,Ratlam Junction,7,4563,2500,1.825,Critical,2
2026-02-11,RTM,Ratlam Junction,8,3578,2500,1.431,Critical,2
2026-02-11,RTM,Ratlam Junction,9,4370,2500,1.748,Critical,2
2026-02-11,RTM,Ratlam Junction,10,2553,2500,1.021,Critical,2
2026-02-11,RTM,Ratlam Junction,11,2574,2500,1.03,Critical,2
2026-02-11,RTM,Ratlam Junction,12,1586,2500,0.634,Moderate,2
2026-02-11,RTM,Ratlam Junction,13,1266,2500,0.506,Moderate,2
2026-02-11,RTM,Ratlam Junction,14,1928,2500,0.771,High,2
2026-02-11,RTM,Ratlam Junction,15,1963,2500,0.785,High,2
2026-02-11,RTM,Ratlam Junction,16,2384,2500,0.954,Critical,2
2026-02-11,RTM,Ratlam Junction,17,4701,2500,1.88,Critical,2
2026-02-11,RTM,Ratlam Junction,18,4052,2500,1.621,Critical,2
2026-02-11,RTM,Ratlam Junction,19,4411,2500,1.764,Critical,2
2026-02-11,RTM,Ratlam Junction,20,1957,2500,0.783,High,2
2026-02-11,RTM,Ratlam Junction,21,2634,2500,1.054,Critical,2
2026-02-11,RTM,Ratlam Junction,22,1806,2500,0.722,High,2
2026-02-11,RTM,Ratlam Junction,23,1537,2500,0.615,Moderate,2
2026-02-11,KOTA,Kota Junction,0,685,3000,0.228,Low,2
2026-02-11,KOTA,Kota Junction,1,252,3000,0.084,Low,2
2026-02-11,KOTA,Kota Junction,2,715,3000,0.238,Low,2
2026-02-11,KOTA,Kota Junction,3,636,3000,0.212,Low,2
2026-02-11,KOTA,Kota Junction,4,241,3000,0.08,Low,2
2026-02-11,KOTA,Kota Junction,5,2533,3000,0.844,High,2
2026-02-11,KOTA,Kota Junction,6,2215,3000,0.738,High,2
2026-02-11,KOTA,Kota Junction,7,4213,3000,1.404,Critical,2
2026-02-11,KOTA,Kota Junction,8,5512,3000,1.837,Critical,2
2026-02-11,KOTA,Kota Junction,9,7444,3000,2.481,Critical,2
2026-02-11,KOTA,Kota Junction,10,3082,3000,1.027,Critical,2
2026-02-11,KOTA,Kota Junction,11,2914,3000,0.971,Critical,2
2026-02-11,KOTA,Kota Junction,12,2163,3000,0.721,High,2
2026-02-11,KOTA,Kota Junction,13,1669,3000,0.556,Moderate,2
2026-02-11,KOTA,Kota Junction,14,1746,3000,0.582,Moderate,2
2026-02-11,KOTA,Kota Junction,15,3082,3000,1.027,Critical,2
2026-02-11,KOTA,Kota Junction,16,3574,3000,1.191,Critical,2
2026-02-11,KOTA,Kota Junction,17,4492,3000,1.497,Critical,2
2026-02-11,KOTA,Kota Junction,18,5382,3000,1.794,Critical,2
2026-02-11,KOTA,Kota Junction,19,7894,3000,2.631,Critical,2
2026-02-11,KOTA,Kota Junction,20,3163,3000,1.054,Critical,2
2026-02-11,KOTA,Kota Junction,21,4148,3000,1.383,Critical,2
2026-02-11,KOTA,Kota Junction,22,1794,3000,0.598,Moderate,2
2026-02-11,KOTA,Kota Junction,23,1946,3000,0.649,Moderate,2
2026-02-11,SWM,Sawai Madhopur,0,111,2000,0.056,Low,2
2026-02-11,SWM,Sawai Madhopur,1,121,2000,0.06,Low,2
2026-02-11,SWM,Sawai Madhopur,2,108,2000,0.054,Low,2
2026-02-11,SWM,Sawai Madhopur,3,115,2000,0.058,Low,2
2026-02-11,SWM,Sawai Madhopur,4,211,2000,0.105,Low,2
2026-02-11,SWM,Sawai Madhopur,5,675,2000,0.338,Low,2
2026-02-11,SWM,Sawai Madhopur,6,944,2000,0.472,Moderate,2
2026-02-11,SWM,Sawai Madhopur,7,1520,2000,0.76,High,2
2026-02-11,SWM,Sawai Madhopur,8,2083,2000,1.042,Critical,2
2026-02-11,SWM,Sawai Madhopur,9,1571,2000,0.785,High,2
2026-02-11,SWM,Sawai Madhopur,10,1059,2000,0.529,Moderate,2
2026-02-11,SWM,Sawai Madhopur,11,1380,2000,0.69,Moderate,2
2026-02-11,SWM,Sawai Madhopur,12,661,2000,0.331,Low,2
2026-02-11,SWM,Sawai Madhopur,13,830,2000,0.415,Moderate,2
2026-02-11,SWM,Sawai Madhopur,14,699,2000,0.349,Low,2
2026-02-11,SWM,Sawai Madhopur,15,1106,2000,0.553,Moderate,2
2026-02-11,SWM,Sawai Madhopur,16,986,2000,0.493,Moderate,2
2026-02-11,SWM,Sawai Madhopur,17,2424,2000,1.212,Critical,2
2026-02-11,SWM,Sawai Madhopur,18,1544,2000,0.772,High,2
2026-02-11,SWM,Sawai Madhopur,19,2355,2000,1.177,Critical,2
2026-02-11,SWM,Sawai Madhopur,20,982,2000,0.491,Moderate,2
2026-02-11,SWM,Sawai Madhopur,21,1490,2000,0.745,High,2
2026-02-11,SWM,Sawai Madhopur,22,858,2000,0.429,Moderate,2
2026-02-11,SWM,Sawai Madhopur,23,731,2000,0.365,Low,2
2026-02-11,MTJ,Mathura Junction,0,661,3000,0.22,Low,2
2026-02-11,MTJ,Mathura Junction,1,270,3000,0.09,Low,2
2026-02-11,MTJ,Mathura Junction,2,675,3000,0.225,Low,2
2026-02-11,MTJ,Mathura Junction,3,551,3000,0.184,Low,2
2026-02-11,MTJ,Mathura Junction,4,751,3000,0.25,Low,2
2026-02-11,MTJ,Mathura Junction,5,2478,3000,0.826,High,2
2026-02-11,MTJ,Mathura Junction,6,2506,3000,0.835,High,2
2026-02-11,MTJ,Mathura Junction,7,5818,3000,1.939,Critical,2
2026-02-11,MTJ,Mathura Junction,8,8092,3000,2.697,Critical,2
2026-02-11,MTJ,Mathura Junction,9,5833,3000,1.944,Critical,2
2026-02-11,MTJ,Mathura Junction,10,3397,3000,1.132,Critical,2
2026-02-11,MTJ,Mathura Junction,11,3340,3000,1.113,Critical,2
2026-02-11,MTJ,Mathura Junction,12,3039,3000,1.013,Critical,2
2026-02-11,MTJ,Mathura Junction,13,2540,3000,0.847,High,2
2026-02-11,MTJ,Mathura Junction,14,2349,3000,0.783,High,2
2026-02-11,MTJ,Mathura Junction,15,3076,3000,1.025,Critical,2
2026-02-11,MTJ,Mathura Junction,16,3989,3000,1.33,Critical,2
2026-02-11,MTJ,Mathura Junction,17,6370,3000,2.123,Critical,2
2026-02-11,MTJ,Mathura Junction,18,6945,3000,2.315,Critical,2
2026-02-11,MTJ,Mathura Junction,19,4847,3000,1.616,Critical,2
2026-02-11,MTJ,Mathura Junction,20,3413,3000,1.138,Critical,2
2026-02-11,MTJ,Mathura Junction,21,3586,3000,1.195,Critical,2
2026-02-11,MTJ,Mathura Junction,22,2044,3000,0.681,Moderate,2
2026-02-11,MTJ,Mathura Junction,23,2321,3000,0.774,High,2
2026-02-11,NDLS,New Delhi,0,2819,8000,0.352,Low,2
2026-02-11,NDLS,New Delhi,1,6065,8000,0.758,High,2
2026-02-11,NDLS,New Delhi,2,2223,8000,0.278,Low,2
2026-02-11,NDLS,New Delhi,3,2078,8000,0.26,Low,2
2026-02-11,NDLS,New Delhi,4,2377,8000,0.297,Low,2
2026-02-11,NDLS,New Delhi,5,23637,8000,2.955,Critical,2
2026-02-11,NDLS,New Delhi,6,22874,8000,2.859,Critical,2
2026-02-11,NDLS,New Delhi,7,46105,8000,5.763,Critical,2
2026-02-11,NDLS,New Delhi,8,43501,8000,5.438,Critical,2
2026-02-11,NDLS,New Delhi,9,45072,8000,5.634,Critical,2
2026-02-11,NDLS,New Delhi,10,28997,8000,3.625,Critical,2
2026-02-11,NDLS,New Delhi,11,26330,8000,3.291,Critical,2
2026-02-11,NDLS,New Delhi,12,15225,8000,1.903,Critical,2
2026-02-11,NDLS,New Delhi,13,21297,8000,2.662,Critical,2
2026-02-11,NDLS,New Delhi,14,23076,8000,2.885,Critical,2
2026-02-11,NDLS,New Delhi,15,30712,8000,3.839,Critical,2
2026-02-11,NDLS,New Delhi,16,26841,8000,3.355,Critical,2
2026-02-11,NDLS,New Delhi,17,45953,8000,5.744,Critical,2
2026-02-11,NDLS,New Delhi,18,59068,8000,7.383,Critical,2
2026-02-11,NDLS,New Delhi,19,46104,8000,5.763,Critical,2
2026-02-11,NDLS,New Delhi,20,30847,8000,3.856,Critical,2
2026-02-11,NDLS,New Delhi,21,36266,8000,4.533,Critical,2
2026-02-11,NDLS,New Delhi,22,21673,8000,2.709,Critical,2
2026-02-11,NDLS,New Delhi,23,15480,8000,1.935,Critical,2
2026-02-11,CSMT,Mumbai CSMT,0,1779,9000,0.198,Low,2
2026-02-11,CSMT,Mumbai CSMT,1,4016,9000,0.446,Moderate,2
2026-02-11,CSMT,Mumbai CSMT,2,3340,9000,0.371,Low,2
2026-02-11,CSMT,Mumbai CSMT,3,3423,9000,0.38,Low,2
2026-02-11,CSMT,Mumbai CSMT,4,4400,9000,0.489,Moderate,2
2026-02-11,CSMT,Mumbai CSMT,5,19790,9000,2.199,Critical,2
2026-02-11,CSMT,Mumbai CSMT,6,19196,9000,2.133,Critical,2
2026-02-11,CSMT,Mumbai CSMT,7,44759,9000,4.973,Critical,2
2026-02-11,CSMT,Mumbai CSMT,8,43251,9000,4.806,Critical,2
2026-02-11,CSMT,Mumbai CSMT,9,27493,9000,3.055,Critical,2
2026-02-11,CSMT,Mumbai CSMT,10,19523,9000,2.169,Critical,2
2026-02-11,CSMT,Mumbai CSMT,11,20439,9000,2.271,Critical,2
2026-02-11,CSMT,Mumbai CSMT,12,12961,9000,1.44,Critical,2
2026-02-11,CSMT,Mumbai CSMT,13,11966,9000,1.33,Critical,2
2026-02-11,CSMT,Mumbai CSMT,14,15706,9000,1.745,Critical,2
2026-02-11,CSMT,Mumbai CSMT,15,26696,9000,2.966,Critical,2
2026-02-11,CSMT,Mumbai CSMT,16,16851,9000,1.872,Critical,2
2026-02-11,CSMT,Mumbai CSMT,17,47959,9000,5.329,Critical,2
2026-02-11,CSMT,Mumbai CSMT,18,47004,9000,5.223,Critical,2
2026-02-11,CSMT,Mumbai CSMT,19,34320,9000,3.813,Critical,2
2026-02-11,CSMT,Mumbai CSMT,20,16211,9000,1.801,Critical,2
2026-02-11,CSMT,Mumbai CSMT,21,16060,9000,1.784,Critical,2
2026-02-11,CSMT,Mumbai CSMT,22,13141,9000,1.46,Critical,2
2026-02-11,CSMT,Mumbai CSMT,23,13869,9000,1.541,Critical,2
2026-02-11,KYN,Kalyan Junction,0,808,4000,0.202,Low,2
2026-02-11,KYN,Kalyan Junction,1,371,4000,0.093,Low,2
2026-02-11,KYN,Kalyan Junction,2,1217,4000,0.304,Low,2
2026-02-11,KYN,Kalyan Junction,3,645,4000,0.161,Low,2
2026-02-11,KYN,Kalyan Junction,4,648,4000,0.162,Low,2
2026-02-11,KYN,Kalyan Junction,5,3065,4000,0.766,High,2
2026-02-11,KYN,Kalyan Junction,6,3885,4000,0.971,Critical,2
2026-02-11,KYN,Kalyan Junction,7,10304,4000,2.576,Critical,2
2026-02-11,KYN,Kalyan Junction,8,12298,4000,3.075,Critical,2
2026-02-11,KYN,Kalyan Junction,9,16105,4000,4.026,Critical,2
2026-02-11,KYN,Kalyan Junction,10,5852,4000,1.463,Critical,2
2026-02-11,KYN,Kalyan Junction,11,6628,4000,1.657,Critical,2
2026-02-11,KYN,Kalyan Junction,12,4212,4000,1.053,Critical,2
2026-02-11,KYN,Kalyan Junction,13,3751,4000,0.938,Critical,2
2026-02-11,KYN,Kalyan Junction,14,4665,4000,1.166,Critical,2
2026-02-11,KYN,Kalyan Junction,15,5127,4000,1.282,Critical,2
2026-02-11,KYN,Kalyan Junction,16,6117,4000,1.529,Critical,2
2026-02-11,KYN,Kalyan Junction,17,9506,4000,2.377,Critical,2
2026-02-11,KYN,Kalyan Junction,18,12093,4000,3.023,Critical,2
2026-02-11,KYN,Kalyan Junction,19,12944,4000,3.236,Critical,2
2026-02-11,KYN,Kalyan Junction,20,6288,4000,1.572,Critical,2
2026-02-11,KYN,Kalyan Junction,21,6402,4000,1.601,Critical,2
2026-02-11,KYN,Kalyan Junction,22,5255,4000,1.314,Critical,2
2026-02-11,KYN,Kalyan Junction,23,3873,4000,0.968,Critical,2
2026-02-11,NMD,Nashik Road,0,464,2000,0.232,Low,2
2026-02-11,NMD,Nashik Road,1,434,2000,0.217,Low,2
2026-02-11,NMD,Nashik Road,2,218,2000,0.109,Low,2
2026-02-11,NMD,Nashik Road,3,302,2000,0.151,Low,2
2026-02-11,NMD,Nashik Road,4,348,2000,0.174,Low,2
2026-02-11,NMD,Nashik Road,5,1463,2000,0.732,High,2
2026-02-11,NMD,Nashik Road,6,1117,2000,0.558,Moderate,2
2026-02-11,NMD,Nashik Road,7,4377,2000,2.188,Critical,2
2026-02-11,NMD,Nashik Road,8,6296,2000,3.148,Critical,2
2026-02-11,NMD,Nashik Road,9,4966,2000,2.483,Critical,2
2026-02-11,NMD,Nashik Road,10,2372,2000,1.186,Critical,2
2026-02-11,NMD,Nashik Road,11,1928,2000,0.964,Critical,2
2026-02-11,NMD,Nashik Road,12,1562,2000,0.781,High,2
2026-02-11,NMD,Nashik Road,13,1430,2000,0.715,High,2
2026-02-11,NMD,Nashik Road,14,1380,2000,0.69,Moderate,2
2026-02-11,NMD,Nashik Road,15,2550,2000,1.275,Critical,2
2026-02-11,NMD,Nashik Road,16,2931,2000,1.466,Critical,2
2026-02-11,NMD,Nashik Road,17,4767,2000,2.384,Critical,2
2026-02-11,NMD,Nashik Road,18,6576,2000,3.288,Critical,2
2026-02-11,NMD,Nashik Road,19,6080,2000,3.04,Critical,2
2026-02-11,NMD,Nashik Road,20,1818,2000,0.909,Critical,2
2026-02-11,NMD,Nashik Road,21,3270,2000,1.635,Critical,2
2026-02-11,NMD,Nashik Road,22,1240,2000,0.62,Moderate,2
2026-02-11,NMD,Nashik Road,23,1402,2000,0.701,High,2
2026-02-11,MMR,Manmad Junction,0,293,2500,0.117,Low,2
2026-02-11,MMR,Manmad Junction,1,296,2500,0.118,Low,2
2026-02-11,MMR,Manmad Junction,2,305,2500,0.122,Low,2
2026-02-11,MMR,Manmad Junction,3,146,2500,0.058,Low,2
2026-02-11,MMR,Manmad Junction,4,297,2500,0.119,Low,2
2026-02-11,MMR,Manmad Junction,5,1214,2500,0.486,Moderate,2
2026-02-11,MMR,Manmad Junction,6,1264,2500,0.506,Moderate,2
2026-02-11,MMR,Manmad Junction,7,4667,2500,1.867,Critical,2
2026-02-11,MMR,Manmad Junction,8,4442,2500,1.777,Critical,2
2026-02-11,MMR,Manmad Junction,9,2547,2500,1.019,Critical,2
2026-02-11,MMR,Manmad Junction,10,1716,2500,0.686,Moderate,2
2026-02-11,MMR,Manmad Junction,11,1602,2500,0.641,Moderate,2
2026-02-11,MMR,Manmad Junction,12,1225,2500,0.49,Moderate,2
2026-02-11,MMR,Manmad Junction,13,1236,2500,0.494,Moderate,2
2026-02-11,MMR,Manmad Junction,14,1089,2500,0.436,Moderate,2
2026-02-11,MMR,Manmad Junction,15,1461,2500,0.584,Moderate,2
2026-02-11,MMR,Manmad Junction,16,1946,2500,0.778,High,2
2026-02-11,MMR,Manmad Junction,17,3127,2500,1.251,Critical,2
2026-02-11,MMR,Manmad Junction,18,3994,2500,1.598,Critical,2
2026-02-11,MMR,Manmad Junction,19,3691,2500,1.476,Critical,2
2026-02-11,MMR,Manmad Junction,20,1722,2500,0.689,Moderate,2
2026-02-11,MMR,Manmad Junction,21,2104,2500,0.842,High,2
2026-02-11,MMR,Manmad Junction,22,916,2500,0.366,Low,2
2026-02-11,MMR,Manmad Junction,23,1291,2500,0.516,Moderate,2
2026-02-11,BSL,Bhusawal Junction,0,412,3000,0.137,Low,2
2026-02-11,BSL,Bhusawal Junction,1,581,3000,0.194,Low,2
2026-02-11,BSL,Bhusawal Junction,2,330,3000,0.11,Low,2
2026-02-11,BSL,Bhusawal Junction,3,428,3000,0.143,Low,2
2026-02-11,BSL,Bhusawal Junction,4,192,3000,0.064,Low,2
2026-02-11,BSL,Bhusawal Junction,5,1643,3000,0.548,Moderate,2
2026-02-11,BSL,Bhusawal Junction,6,1731,3000,0.577,Moderate,2
2026-02-11,BSL,Bhusawal Junction,7,4672,3000,1.557,Critical,2
2026-02-11,BSL,Bhusawal Junction,8,4900,3000,1.633,Critical,2
2026-02-11,BSL,Bhusawal Junction,9,4783,3000,1.594,Critical,2
2026-02-11,BSL,Bhusawal Junction,10,2186,3000,0.729,High,2
2026-02-11,BSL,Bhusawal Junction,11,3860,3000,1.287,Critical,2
2026-02-11,BSL,Bhusawal Junction,12,2029,3000,0.676,Moderate,2
2026-02-11,BSL,Bhusawal Junction,13,1644,3000,0.548,Moderate,2
2026-02-11,BSL,Bhusawal Junction,14,1712,3000,0.571,Moderate,2
2026-02-11,BSL,Bhusawal Junction,15,3001,3000,1.0,Critical,2
2026-02-11,BSL,Bhusawal Junction,16,2842,3000,0.947,Critical,2
2026-02-11,BSL,Bhusawal Junction,17,5135,3000,1.712,Critical,2
2026-02-11,BSL,Bhusawal Junction,18,5741,3000,1.914,Critical,2
2026-02-11,BSL,Bhusawal Junction,19,4727,3000,1.576,Critical,2
2026-02-11,BSL,Bhusawal Junction,20,3090,3000,1.03,Critical,2
2026-02-11,BSL,Bhusawal Junction,21,3198,3000,1.066,Critical,2
2026-02-11,BSL,Bhusawal Junction,22,1766,3000,0.589,Moderate,2
2026-02-11,BSL,Bhusawal Junction,23,1318,3000,0.439,Moderate,2
2026-02-11,ET,Itarsi Junction,0,403,3500,0.115,Low,2
2026-02-11,ET,Itarsi Junction,1,239,3500,0.068,Low,2
2026-02-11,ET,Itarsi Junction,2,383,3500,0.109,Low,2
2026-02-11,ET,Itarsi Junction,3,205,3500,0.059,Low,2
2026-02-11,ET,Itarsi Junction,4,349,3500,0.1,Low,2
2026-02-11,ET,Itarsi Junction,5,1643,3500,0.469,Moderate,2
2026-02-11,ET,Itarsi Junction,6,1531,3500,0.437,Moderate,2
2026-02-11,ET,Itarsi Junction,7,3234,3500,0.924,Critical,2
2026-02-11,ET,Itarsi Junction,8,3689,3500,1.054,Critical,2
2026-02-11,ET,Itarsi Junction,9,4314,3500,1.233,Critical,2
2026-02-11,ET,Itarsi Junction,10,2576,3500,0.736,High,2
2026-02-11,ET,Itarsi Junction,11,2697,3500,0.771,High,2
2026-02-11,ET,Itarsi Junction,12,1208,3500,0.345,Low,2
2026-02-11,ET,Itarsi Junction,13,2309,3500,0.66,Moderate,2
2026-02-11,ET,Itarsi Junction,14,1744,3500,0.498,Moderate,2
2026-02-11,ET,Itarsi Junction,15,1759,3500,0.503,Moderate,2
2026-02-11,ET,Itarsi Junction,16,1757,3500,0.502,Moderate,2
2026-02-11,ET,Itarsi Junction,17,3997,3500,1.142,Critical,2
2026-02-11,ET,Itarsi Junction,18,4509,3500,1.288,Critical,2
2026-02-11,ET,Itarsi Junction,19,5584,3500,1.595,Critical,2
2026-02-11,ET,Itarsi Junction,20,2208,3500,0.631,Moderate,2
2026-02-11,ET,Itarsi Junction,21,2777,3500,0.793,High,2
2026-02-11,ET,Itarsi Junction,22,1923,3500,0.549,Moderate,2
2026-02-11,ET,Itarsi Junction,23,1773,3500,0.507,Moderate,2
2026-02-11,BPL,Bhopal Junction,0,798,3000,0.266,Low,2
2026-02-11,BPL,Bhopal Junction,1,579,3000,0.193,Low,2
2026-02-11,BPL,Bhopal Junction,2,927,3000,0.309,Low,2
2026-02-11,BPL,Bhopal Junction,3,368,3000,0.123,Low,2
2026-02-11,BPL,Bhopal Junction,4,330,3000,0.11,Low,2
2026-02-11,BPL,Bhopal Junction,5,3339,3000,1.113,Critical,2
2026-02-11,BPL,Bhopal Junction,6,2676,3000,0.892,High,2
2026-02-11,BPL,Bhopal Junction,7,8718,3000,2.906,Critical,2
2026-02-11,BPL,Bhopal Junction,8,8918,3000,2.973,Critical,2
2026-02-11,BPL,Bhopal Junction,9,11059,3000,3.686,Critical,2
2026-02-11,BPL,Bhopal Junction,10,6013,3000,2.004,Critical,2
2026-02-11,BPL,Bhopal Junction,11,4404,3000,1.468,Critical,2
2026-02-11,BPL,Bhopal Junction,12,2056,3000,0.685,Moderate,2
2026-02-11,BPL,Bhopal Junction,13,3280,3000,1.093,Critical,2
2026-02-11,BPL,Bhopal Junction,14,2365,3000,0.788,High,2
2026-02-11,BPL,Bhopal Junction,15,3605,3000,1.202,Critical,2
2026-02-11,BPL,Bhopal Junction,16,4255,3000,1.418,Critical,2
2026-02-11,BPL,Bhopal Junction,17,10049,3000,3.35,Critical,2
2026-02-11,BPL,Bhopal Junction,18,7960,3000,2.653,Critical,2
2026-02-11,BPL,Bhopal Junction,19,6434,3000,2.145,Critical,2
2026-02-11,BPL,Bhopal Junction,20,4090,3000,1.363,Critical,2
2026-02-11,BPL,Bhopal Junction,21,5159,3000,1.72,Critical,2
2026-02-11,BPL,Bhopal Junction,22,3642,3000,1.214,Critical,2
2026-02-11,BPL,Bhopal Junction,23,3927,3000,1.309,Critical,2
2026-02-11,JHS,Jhansi Junction,0,414,4000,0.103,Low,2
2026-02-11,JHS,Jhansi Junction,1,330,4000,0.083,Low,2
2026-02-11,JHS,Jhansi Junction,2,549,4000,0.137,Low,2
2026-02-11,JHS,Jhansi Junction,3,702,4000,0.175,Low,2
2026-02-11,JHS,Jhansi Junction,4,454,4000,0.114,Low,2
2026-02-11,JHS,Jhansi Junction,5,1903,4000,0.476,Moderate,2
2026-02-11,JHS,Jhansi Junction,6,2135,4000,0.534,Moderate,2
2026-02-11,JHS,Jhansi Junction,7,5043,4000,1.261,Critical,2
2026-02-11,JHS,Jhansi Junction,8,7207,4000,1.802,Critical,2
2026-02-11,JHS,Jhansi Junction,9,6573,4000,1.643,Critical,2
2026-02-11,JHS,Jhansi Junction,10,3168,4000,0.792,High,2
2026-02-11,JHS,Jhansi Junction,11,2553,4000,0.638,Moderate,2
2026-02-11,JHS,Jhansi Junction,12,2407,4000,0.602,Moderate,2
2026-02-11,JHS,Jhansi Junction,13,2044,4000,0.511,Moderate,2
2026-02-11,JHS,Jhansi Junction,14,2422,4000,0.606,Moderate,2
2026-02-11,JHS,Jhansi Junction,15,3699,4000,0.925,Critical,2
2026-02-11,JHS,Jhansi Junction,16,3373,4000,0.843,High,2
2026-02-11,JHS,Jhansi Junction,17,5133,4000,1.283,Critical,2
2026-02-11,JHS,Jhansi Junction,18,4779,4000,1.195,Critical,2
2026-02-11,JHS,Jhansi Junction,19,6893,4000,1.723,Critical,2
2026-02-11,JHS,Jhansi Junction,20,3439,4000,0.86,High,2
2026-02-11,JHS,Jhansi Junction,21,3491,4000,0.873,High,2
2026-02-11,JHS,Jhansi Junction,22,2307,4000,0.577,Moderate,2
2026-02-11,JHS,Jhansi Junction,23,1887,4000,0.472,Moderate,2
2026-02-11,GWL,Gwalior Junction,0,616,2500,0.246,Low,2
2026-02-11,GWL,Gwalior Junction,1,233,2500,0.093,Low,2
2026-02-11,GWL,Gwalior Junction,2,459,2500,0.184,Low,2
2026-02-11,GWL,Gwalior Junction,3,354,2500,0.142,Low,2
2026-02-11,GWL,Gwalior Junction,4,475,2500,0.19,Low,2
2026-02-11,GWL,Gwalior Junction,5,2049,2500,0.82,High,2
2026-02-11,GWL,Gwalior Junction,6,2125,2500,0.85,High,2
2026-02-11,GWL,Gwalior Junction,7,4902,2500,1.961,Critical,2
2026-02-11,GWL,Gwalior Junction,8,5373,2500,2.149,Critical,2
2026-02-11,GWL,Gwalior Junction,9,6437,2500,2.575,Critical,2
2026-02-11,GWL,Gwalior Junction,10,2546,2500,1.018,Critical,2
2026-02-11,GWL,Gwalior Junction,11,2688,2500,1.075,Critical,2
2026-02-11,GWL,Gwalior Junction,12,1641,2500,0.656,Moderate,2
2026-02-11,GWL,Gwalior Junction,13,2094,2500,0.838,High,2
2026-02-11,GWL,Gwalior Junction,14,1584,2500,0.634,Moderate,2
2026-02-11,GWL,Gwalior Junction,15,2533,2500,1.013,Critical,2
2026-02-11,GWL,Gwalior Junction,16,3449,2500,1.38,Critical,2
2026-02-11,GWL,Gwalior Junction,17,3081,2500,1.232,Critical,2
2026-02-11,GWL,Gwalior Junction,18,6198,2500,2.479,Critical,2
2026-02-11,GWL,Gwalior Junction,19,3488,2500,1.395,Critical,2
2026-02-11,GWL,Gwalior Junction,20,2677,2500,1.071,Critical,2
2026-02-11,GWL,Gwalior Junction,21,3022,2500,1.209,Critical,2
2026-02-11,GWL,Gwalior Junction,22,2203,2500,0.881,High,2
2026-02-11,GWL,Gwalior Junction,23,1672,2500,0.669,Moderate,2
2026-02-11,AGC,Agra Cantt,0,718,3000,0.239,Low,2
2026-02-11,AGC,Agra Cantt,1,584,3000,0.195,Low,2
2026-02-11,AGC,Agra Cantt,2,400,3000,0.133,Low,2
2026-02-11,AGC,Agra Cantt,3,398,3000,0.133,Low,2
2026-02-11,AGC,Agra Cantt,4,213,3000,0.071,Low,2
2026-02-11,AGC,Agra Cantt,5,2071,3000,0.69,Moderate,2
2026-02-11,AGC,Agra Cantt,6,2395,3000,0.798,High,2
2026-02-11,AGC,Agra Cantt,7,5368,3000,1.789,Critical,2
2026-02-11,AGC,Agra Cantt,8,6590,3000,2.197,Critical,2
2026-02-11,AGC,Agra Cantt,9,5397,3000,1.799,Critical,2
2026-02-11,AGC,Agra Cantt,10,3308,3000,1.103,Critical,2
2026-02-11,AGC,Agra Cantt,11,3970,3000,1.323,Critical,2
2026-02-11,AGC,Agra Cantt,12,1939,3000,0.646,Moderate,2
2026-02-11,AGC,Agra Cantt,13,2554,3000,0.851,High,2
2026-02-11,AGC,Agra Cantt,14,2507,3000,0.836,High,2
2026-02-11,AGC,Agra Cantt,15,3325,3000,1.108,Critical,2
2026-02-11,AGC,Agra Cantt,16,3960,3000,1.32,Critical,2
2026-02-11,AGC,Agra Cantt,17,4843,3000,1.614,Critical,2
2026-02-11,AGC,Agra Cantt,18,4599,3000,1.533,Critical,2
2026-02-11,AGC,Agra Cantt,19,4964,3000,1.655,Critical,2
2026-02-11,AGC,Agra Cantt,20,4081,3000,1.36,Critical,2
2026-02-11,AGC,Agra Cantt,21,4370,3000,1.457,Critical,2
2026-02-11,AGC,Agra Cantt,22,2925,3000,0.975,Critical,2
2026-02-11,AGC,Agra Cantt,23,2078,3000,0.693,Moderate,2
